"","p_val","avg_log2FC","pct.1","pct.2","p_val_adj","cluster","gene"
"ABCA6",0,1.4630986318479,0.936,0.7,0,"0","ABCA6"
"XIST",0,1.25989711065941,0.886,0.46,0,"0","XIST"
"RANBP17",0,1.17290945074097,0.785,0.614,0,"0","RANBP17"
"LURAP1L-AS1",0,1.09236966513838,0.823,0.597,0,"0","LURAP1L-AS1"
"GPC5",0,1.02837325650676,0.614,0.519,0,"0","GPC5"
"ENPP6",0,0.904354558404049,0.657,0.552,0,"0","ENPP6"
"KCTD8",0,0.818730894335983,0.822,0.675,0,"0","KCTD8"
"ZDHHC20",0,0.814826257017277,0.933,0.818,0,"0","ZDHHC20"
"LINC00609",0,0.799353597735188,0.947,0.767,0,"0","LINC00609"
"S100B",0,0.741813346579216,0.699,0.549,0,"0","S100B"
"AC026316.5",0,0.735354402342039,0.968,0.856,0,"0","AC026316.5"
"DPYSL5",0,0.688620126122869,0.795,0.703,0,"0","DPYSL5"
"SLC5A11",0,0.681463491362242,0.827,0.678,0,"0","SLC5A11"
"NKAIN2",0,0.533762279861648,0.994,0.903,0,"0","NKAIN2"
"ST6GALNAC3",0,0.527062964945681,0.904,0.802,0,"0","ST6GALNAC3"
"PLP1",0,0.510602517347476,0.99,0.951,0,"0","PLP1"
"LRP2",1.47306211251387e-304,0.604715900385366,0.845,0.747,2.94612422502774e-301,"0","LRP2"
"SPP1",1.91132891064756e-285,0.475450800645411,0.813,0.687,3.82265782129512e-282,"0","SPP1"
"PCSK6",2.19014708695342e-269,0.503610932008175,0.922,0.841,4.38029417390685e-266,"0","PCSK6"
"ABCA9",5.30144958473693e-266,0.772036331097982,0.602,0.556,1.06028991694739e-262,"0","ABCA9"
"ACTN2",5.16820530791932e-248,0.682161559370335,0.651,0.571,1.03364106158386e-244,"0","ACTN2"
"TUBA1A",2.39596558406563e-240,0.505398246872126,0.771,0.65,4.79193116813125e-237,"0","TUBA1A"
"AFF3",1.53000774541862e-236,0.893752281789868,0.638,0.589,3.06001549083724e-233,"0","AFF3"
"COL18A1",1.2560459535649e-234,0.784340296315511,0.622,0.571,2.51209190712981e-231,"0","COL18A1"
"SLC25A29",3.20845756941822e-234,0.628464360229338,0.637,0.539,6.41691513883643e-231,"0","SLC25A29"
"KIRREL3",5.05147984191215e-233,0.33618259122813,0.965,0.854,1.01029596838243e-229,"0","KIRREL3"
"ANKRD18A",1.59491515885823e-231,0.728075525789485,0.644,0.566,3.18983031771646e-228,"0","ANKRD18A"
"RYR2",2.19878039383646e-226,0.589780888869299,0.658,0.554,4.39756078767291e-223,"0","RYR2"
"NEGR1",8.9928191578022e-217,0.497317459337535,0.765,0.671,1.79856383156044e-213,"0","NEGR1"
"BCL2",5.15977056158984e-214,0.550774081701613,0.746,0.657,1.03195411231797e-210,"0","BCL2"
"MOBP",4.77618460683203e-211,0.30342195517772,0.964,0.876,9.55236921366407e-208,"0","MOBP"
"CYP7B1",3.39004378200468e-202,0.622772340143713,0.664,0.568,6.78008756400935e-199,"0","CYP7B1"
"AC027117.2",2.48118486131326e-189,0.61667021075361,0.539,0.49,4.96236972262653e-186,"0","AC027117.2"
"CNTNAP4",1.05386632464017e-162,0.291417662607192,0.839,0.747,2.10773264928034e-159,"0","CNTNAP4"
"CALN1",3.73559882582779e-156,0.569964583691098,0.7,0.671,7.47119765165558e-153,"0","CALN1"
"LMCD1-AS1",7.82933978930297e-144,0.300458896635933,0.785,0.693,1.56586795786059e-140,"0","LMCD1-AS1"
"APOD",9.88941725097314e-141,0.375281347695064,0.632,0.52,1.97788345019463e-137,"0","APOD"
"B2M",1.22199840279152e-139,0.257955229792558,0.661,0.536,2.44399680558304e-136,"0","B2M"
"LINC01505",1.3809675687911e-127,0.404223249163291,0.625,0.571,2.76193513758221e-124,"0","LINC01505"
"PHACTR1",1.09652151242071e-116,0.409125212893384,0.708,0.666,2.19304302484142e-113,"0","PHACTR1"
"CNTNAP3",9.28022816755844e-116,0.600254801482431,0.47,0.449,1.85604563351169e-112,"0","CNTNAP3"
"AGMO",1.47243119062012e-109,0.507395503055756,0.49,0.445,2.94486238124023e-106,"0","AGMO"
"AC090502.1",1.36928852507158e-108,0.358385479446132,0.623,0.553,2.73857705014316e-105,"0","AC090502.1"
"PDE4D",2.39257451411146e-108,0.281404958870424,0.705,0.631,4.78514902822291e-105,"0","PDE4D"
"MYRIP",3.11965579883952e-106,0.555618845262877,0.62,0.601,6.23931159767904e-103,"0","MYRIP"
"FSTL5",3.89480466423515e-103,0.493531258319123,0.436,0.428,7.78960932847029e-100,"0","FSTL5"
"CDKN1C",1.04806229525723e-99,0.518795839089379,0.496,0.429,2.09612459051446e-96,"0","CDKN1C"
"KANK4",1.25042596128914e-99,0.375083818688619,0.401,0.364,2.50085192257829e-96,"0","KANK4"
"MAGEC3",5.93301170564356e-97,0.545071443068719,0.553,0.52,1.18660234112871e-93,"0","MAGEC3"
"MYLK",4.24944457230975e-93,0.595740691960764,0.472,0.422,8.49888914461951e-90,"0","MYLK"
"TMPRSS5",1.53756165525502e-90,0.276195268953578,0.53,0.473,3.07512331051004e-87,"0","TMPRSS5"
"CFTR",2.37024393849833e-82,0.330520674863782,0.4,0.362,4.74048787699666e-79,"0","CFTR"
"RAD51B",1.15609594311835e-81,0.339401042041252,0.621,0.565,2.3121918862367e-78,"0","RAD51B"
"CDH8",5.19048282941208e-81,0.501364380628164,0.568,0.555,1.03809656588242e-77,"0","CDH8"
"LINC02511",2.32775031821751e-80,0.513987764771208,0.418,0.402,4.65550063643502e-77,"0","LINC02511"
"TMEM178A",5.59479767086823e-80,0.422276884661356,0.45,0.453,1.11895953417365e-76,"0","TMEM178A"
"MT3",1.41464959919446e-75,0.262029763666888,0.39,0.32,2.82929919838892e-72,"0","MT3"
"SORL1",2.09957152533301e-75,0.387960992133169,0.656,0.663,4.19914305066602e-72,"0","SORL1"
"ADAMTS18",4.45117838946069e-75,0.275878813385258,0.595,0.555,8.90235677892139e-72,"0","ADAMTS18"
"LHFPL6",7.04220533424915e-68,0.335719694774779,0.488,0.443,1.40844106684983e-64,"0","LHFPL6"
"PLD5",2.68287369195526e-66,0.35720459184549,0.622,0.588,5.36574738391051e-63,"0","PLD5"
"AL662796.1",8.85466883375127e-64,0.396918189048993,0.491,0.478,1.77093376675025e-60,"0","AL662796.1"
"POT1-AS1",6.04291756105792e-61,0.484771851578605,0.48,0.462,1.20858351221158e-57,"0","POT1-AS1"
"UBA6-AS1",2.56488717015843e-49,0.256975045779853,0.431,0.404,5.12977434031686e-46,"0","UBA6-AS1"
"PLEKHG1",7.69243744844055e-46,0.443655364905842,0.43,0.434,1.53848748968811e-42,"0","PLEKHG1"
"SCRG1",2.31968784169954e-38,0.33091445913044,0.347,0.329,4.63937568339909e-35,"0","SCRG1"
"P3H2",3.95505048675135e-38,0.421535485506946,0.45,0.472,7.9101009735027e-35,"0","P3H2"
"AC007364.1",1.04513666688679e-37,0.265375488117296,0.482,0.479,2.09027333377359e-34,"0","AC007364.1"
"ABHD5",3.93696598812651e-35,0.365497030843029,0.435,0.446,7.87393197625302e-32,"0","ABHD5"
"CPXM2",1.69751089865368e-34,0.425015521531857,0.377,0.381,3.39502179730737e-31,"0","CPXM2"
"FGD4",2.58811279992744e-26,0.30258011698349,0.464,0.485,5.17622559985488e-23,"0","FGD4"
"SETBP1",1.17620652178267e-24,0.295525629979501,0.492,0.523,2.35241304356533e-21,"0","SETBP1"
"LGR4",4.12672609962715e-24,0.357654596515996,0.569,0.607,8.2534521992543e-21,"0","LGR4"
"AC010884.1",1.31316044510382e-23,0.337407354603319,0.396,0.428,2.62632089020764e-20,"0","AC010884.1"
"RELN",1.45739836127679e-23,0.285241434940536,0.486,0.488,2.91479672255358e-20,"0","RELN"
"NPTX2",2.25448587281585e-22,0.302159713922208,0.39,0.402,4.5089717456317e-19,"0","NPTX2"
"ADAMTS19",6.6223479964086e-20,0.29022771732584,0.439,0.459,1.32446959928172e-16,"0","ADAMTS19"
"DHCR24",1.01560673737411e-18,0.389008128614717,0.39,0.413,2.03121347474822e-15,"0","DHCR24"
"AC112206.2",2.59658775685035e-16,0.260272926717392,0.378,0.413,5.1931755137007e-13,"0","AC112206.2"
"TOX3",1.42907980855653e-14,0.3713562644384,0.463,0.512,2.85815961711306e-11,"0","TOX3"
"FBXO32",3.34628674004704e-14,0.266145108785951,0.521,0.56,6.69257348009408e-11,"0","FBXO32"
"GULP1",2.19446862636663e-12,0.309024995046716,0.447,0.484,4.38893725273326e-09,"0","GULP1"
"USH1C",4.17491743141961e-12,0.394152124103353,0.294,0.305,8.34983486283921e-09,"0","USH1C"
"LGALS1",7.84121737186182e-11,0.289108199187333,0.285,0.314,1.56824347437236e-07,"0","LGALS1"
"MBOAT1",4.17704315894353e-06,0.274325564410726,0.383,0.441,0.00835408631788705,"0","MBOAT1"
"SGCZ",0.000173612737818533,0.495259705911968,0.471,0.515,0.347225475637066,"0","SGCZ"
"MT-ND3",0,1.10337713930255,0.902,0.529,0,"1","MT-ND3"
"MT-CO2",0,1.06696067611743,0.922,0.594,0,"1","MT-CO2"
"CRYAB",0,0.893742187195425,0.965,0.796,0,"1","CRYAB"
"MT-ATP6",0,0.832502673514393,0.852,0.54,0,"1","MT-ATP6"
"HSPA1A",0,0.801202784088978,0.98,0.799,0,"1","HSPA1A"
"MT-ND4",0,0.717812028015806,0.854,0.518,0,"1","MT-ND4"
"MT-CO3",0,0.688682951887499,0.836,0.555,0,"1","MT-CO3"
"PLXDC2",0,0.630943250411804,0.905,0.656,0,"1","PLXDC2"
"SPP11",0,0.610903690727674,0.843,0.686,0,"1","SPP1"
"RELN1",0,0.600338407432281,0.708,0.471,0,"1","RELN"
"PLP11",0,0.596014450175514,0.998,0.951,0,"1","PLP1"
"DYSF",0,0.580836896654239,0.734,0.488,0,"1","DYSF"
"MT-ND2",0,0.546968625968321,0.778,0.486,0,"1","MT-ND2"
"FTL",0,0.538965966167008,0.814,0.599,0,"1","FTL"
"HSPA1B",0,0.412314087463519,0.793,0.586,0,"1","HSPA1B"
"LINC02240",0,0.406738237860446,0.669,0.473,0,"1","LINC02240"
"AC090518.1",0,0.300138589137761,0.622,0.439,0,"1","AC090518.1"
"CA2",2.71035894755286e-288,0.672353721117599,0.746,0.528,5.42071789510571e-285,"1","CA2"
"C9orf153",1.57905304691779e-278,0.305864613238036,0.585,0.399,3.15810609383557e-275,"1","C9orf153"
"LINC01608",2.022291195004e-253,0.430801377768991,0.835,0.605,4.044582390008e-250,"1","LINC01608"
"TMPRSS51",7.6681775040507e-242,0.387015653024396,0.656,0.464,1.53363550081014e-238,"1","TMPRSS5"
"BAALC-AS1",4.4561324617305e-195,0.254704256120511,0.545,0.363,8.912264923461e-192,"1","BAALC-AS1"
"CHRM5",1.24086740191816e-194,0.328084825091122,0.567,0.365,2.48173480383632e-191,"1","CHRM5"
"ZNF365",6.47592587043432e-193,0.620564213510267,0.767,0.562,1.29518517408686e-189,"1","ZNF365"
"MT-ND1",3.90688276178516e-188,0.347477369020432,0.653,0.462,7.81376552357033e-185,"1","MT-ND1"
"TUBA1A1",1.04315742666923e-186,0.430499883749698,0.802,0.649,2.08631485333846e-183,"1","TUBA1A"
"AZGP1",5.35007118394033e-184,0.553740454773949,0.473,0.279,1.07001423678807e-180,"1","AZGP1"
"APOD1",4.44318657132926e-183,0.410577174103736,0.711,0.515,8.88637314265853e-180,"1","APOD"
"UBB",1.07171382984409e-173,0.338464769100083,0.753,0.574,2.14342765968818e-170,"1","UBB"
"LAMA2",5.28286390711594e-159,0.460496781062187,0.61,0.425,1.05657278142319e-155,"1","LAMA2"
"LRRC7",5.20776113838782e-149,0.290343711998821,0.912,0.744,1.04155222767756e-145,"1","LRRC7"
"CD9",7.58643041491946e-142,0.522108808524869,0.716,0.583,1.51728608298389e-138,"1","CD9"
"LINC00844",9.05637034655161e-130,0.681515081434803,0.507,0.303,1.81127406931032e-126,"1","LINC00844"
"TUBA1B",3.34327173465033e-123,0.470522837437205,0.534,0.357,6.68654346930067e-120,"1","TUBA1B"
"TMSB4X",2.00696605655033e-88,0.350374193955658,0.561,0.407,4.01393211310065e-85,"1","TMSB4X"
"FCHSD2",4.59044984906474e-81,0.253563450496789,0.779,0.607,9.18089969812948e-78,"1","FCHSD2"
"OPALIN",4.45110302875153e-78,0.289764542084871,0.573,0.416,8.90220605750306e-75,"1","OPALIN"
"HHIP",2.14835138600783e-77,0.290338422948567,0.712,0.582,4.29670277201566e-74,"1","HHIP"
"PEA15",2.09614986260961e-45,0.405510172553727,0.426,0.3,4.19229972521923e-42,"1","PEA15"
"PRDX1",3.11192199677397e-41,0.388495205571091,0.492,0.374,6.22384399354794e-38,"1","PRDX1"
"MT31",2.15817777243111e-37,0.414690144514657,0.436,0.317,4.31635554486222e-34,"1","MT3"
"SPARC",1.38549492062981e-34,0.314906613553413,0.391,0.275,2.77098984125963e-31,"1","SPARC"
"RNASE1",1.04033068548328e-31,0.287609785583003,0.48,0.386,2.08066137096656e-28,"1","RNASE1"
"CDKN1C1",9.18683257243182e-31,0.419794436097258,0.509,0.429,1.83736651448637e-27,"1","CDKN1C"
"CLU",1.23284980984313e-28,0.289410817943363,0.465,0.359,2.46569961968626e-25,"1","CLU"
"NPTX21",2.28891766677566e-18,0.313372050720463,0.465,0.396,4.57783533355133e-15,"1","NPTX2"
"NDUFB2",3.94309711583578e-09,0.273977042539753,0.36,0.282,7.88619423167155e-06,"1","NDUFB2"
"RPL7",2.41015993664899e-05,0.424014743245377,0.353,0.269,0.0482031987329798,"1","RPL7"
"DBI",0.00167645446632206,0.348711492690132,0.33,0.259,1,"1","DBI"
"LINC015051",0,1.40278347250438,0.765,0.563,0,"2","LINC01505"
"CNTNAP41",0,1.14044435817387,0.969,0.74,0,"2","CNTNAP4"
"LMCD1-AS11",0,1.12038439092515,0.914,0.686,0,"2","LMCD1-AS1"
"KIRREL31",0,1.0639623589453,0.996,0.855,0,"2","KIRREL3"
"MOBP1",0,1.06365667756365,0.994,0.876,0,"2","MOBP"
"UNC5C",0,1.05812652035705,0.997,0.869,0,"2","UNC5C"
"AC090502.11",0,1.00960919552267,0.761,0.545,0,"2","AC090502.1"
"CALN11",0,1.00339728981229,0.808,0.665,0,"2","CALN1"
"LINC006091",0,0.988409926124183,0.982,0.769,0,"2","LINC00609"
"NKAIN21",0,0.987604638679064,1,0.905,0,"2","NKAIN2"
"PDE4D1",0,0.978894595859505,0.861,0.623,0,"2","PDE4D"
"KCTD81",0,0.969190014686867,0.874,0.675,0,"2","KCTD8"
"PPP2R2B",0,0.895728420490968,0.996,0.898,0,"2","PPP2R2B"
"CDH81",0,0.885495640264136,0.677,0.548,0,"2","CDH8"
"HS3ST5",0,0.871798949227154,0.835,0.602,0,"2","HS3ST5"
"ADAMTS181",0,0.828238399921821,0.726,0.548,0,"2","ADAMTS18"
"RYR21",0,0.761309351074267,0.71,0.553,0,"2","RYR2"
"PALM2",0,0.74917126724374,0.807,0.634,0,"2","PALM2"
"AC098829.1",0,0.720479285578064,0.635,0.487,0,"2","AC098829.1"
"ST6GALNAC31",0,0.713000528422115,0.958,0.801,0,"2","ST6GALNAC3"
"BCL21",0,0.709023564379893,0.789,0.656,0,"2","BCL2"
"AC087564.1",0,0.705003011184503,0.706,0.548,0,"2","AC087564.1"
"HDAC2-AS2",0,0.66020532150725,0.914,0.727,0,"2","HDAC2-AS2"
"DPYSL51",0,0.649577153974093,0.851,0.702,0,"2","DPYSL5"
"AC026316.51",0,0.62224142610438,0.974,0.858,0,"2","AC026316.5"
"NLGN4Y",0,0.598560589398221,0.678,0.519,0,"2","NLGN4Y"
"FHIT",0,0.57673847033333,0.925,0.803,0,"2","FHIT"
"NEGR11",5.68908604533572e-306,0.609284575034637,0.814,0.67,1.13781720906714e-302,"2","NEGR1"
"LRP21",5.8525940958685e-286,0.458954309235797,0.886,0.746,1.1705188191737e-282,"2","LRP2"
"PDE1A",3.32377857775831e-283,0.560435200266354,0.797,0.643,6.64755715551662e-280,"2","PDE1A"
"SGCD",1.42423546295193e-251,0.521003704408882,0.757,0.624,2.84847092590386e-248,"2","SGCD"
"LINC01182",2.91314103118045e-250,0.807783087457322,0.463,0.363,5.82628206236091e-247,"2","LINC01182"
"HHIP1",4.77188487676377e-248,0.433024730335336,0.786,0.579,9.54376975352754e-245,"2","HHIP"
"BCAS1",2.26339111825789e-244,0.289737001384956,0.951,0.831,4.52678223651578e-241,"2","BCAS1"
"ENPP61",4.4420105083761e-241,0.578238042772773,0.643,0.555,8.8840210167522e-238,"2","ENPP6"
"AC027117.21",5.57823495575326e-240,0.792807917120441,0.573,0.488,1.11564699115065e-236,"2","AC027117.2"
"RAD51B1",1.27712479826542e-239,0.671315335545108,0.694,0.562,2.55424959653084e-236,"2","RAD51B"
"LINC01170",2.83206520911401e-236,0.751760244665115,0.635,0.502,5.66413041822802e-233,"2","LINC01170"
"IQCJ-SCHIP1",4.85317420056611e-231,0.620009384160501,0.686,0.565,9.70634840113223e-228,"2","IQCJ-SCHIP1"
"C5orf17",1.11506744158453e-221,1.1280458539807,0.505,0.458,2.23013488316906e-218,"2","C5orf17"
"ENOX2",6.63886201329955e-217,0.580549448292131,0.589,0.459,1.32777240265991e-213,"2","ENOX2"
"ASTN2",2.80979137208195e-210,0.370766923566553,0.816,0.655,5.6195827441639e-207,"2","ASTN2"
"RANBP171",6.19292502724301e-203,0.433384044280067,0.693,0.624,1.2385850054486e-199,"2","RANBP17"
"NAV3",4.75443667988869e-200,0.309271776918385,0.753,0.613,9.50887335977738e-197,"2","NAV3"
"SLC5A111",3.40803852718699e-188,0.405797121906064,0.8,0.683,6.81607705437397e-185,"2","SLC5A11"
"AC012593.1",1.67187428996481e-186,0.702442842800354,0.592,0.481,3.34374857992962e-183,"2","AC012593.1"
"AGMO1",1.85006707618565e-175,0.681966673100651,0.506,0.445,3.7001341523713e-172,"2","AGMO"
"CYP7B11",1.14581419069876e-159,0.546115702223443,0.663,0.57,2.29162838139753e-156,"2","CYP7B1"
"TRIM59",1.90579802892711e-158,0.354980202736057,0.303,0.219,3.81159605785422e-155,"2","TRIM59"
"CEMIP",3.18012090434494e-152,0.438211186853209,0.385,0.355,6.36024180868988e-149,"2","CEMIP"
"AL589740.1",1.18786397612135e-149,0.471865315182039,0.688,0.605,2.37572795224271e-146,"2","AL589740.1"
"MYRIP1",5.22265209031398e-146,0.46219290439436,0.639,0.601,1.0445304180628e-142,"2","MYRIP"
"LDLRAD4",9.48162260896715e-142,0.255296376278932,0.665,0.556,1.89632452179343e-138,"2","LDLRAD4"
"ACTN21",1.87231083318279e-130,0.404087722739552,0.632,0.574,3.74462166636558e-127,"2","ACTN2"
"AKIRIN1",1.55592617094597e-124,0.282950883293032,0.525,0.449,3.11185234189194e-121,"2","AKIRIN1"
"LINC00877",1.25896586063111e-120,0.544873391116775,0.572,0.524,2.51793172126222e-117,"2","LINC00877"
"LINC025111",2.99890988457088e-111,0.594396671693487,0.422,0.403,5.99781976914177e-108,"2","LINC02511"
"ATG10",2.00417403966759e-108,0.483720894671011,0.48,0.418,4.00834807933517e-105,"2","ATG10"
"AFF31",2.77699182944919e-106,0.554143891596733,0.601,0.593,5.55398365889838e-103,"2","AFF3"
"CC2D2B",3.34952372391108e-105,0.434372124996161,0.393,0.385,6.69904744782216e-102,"2","CC2D2B"
"AL354809.1",1.14459880666578e-88,0.550471942660698,0.534,0.493,2.28919761333156e-85,"2","AL354809.1"
"LINC01376",1.93768618325823e-87,0.494668376119015,0.361,0.333,3.87537236651646e-84,"2","LINC01376"
"AP000282.1",1.64708391451987e-84,0.583415092528381,0.469,0.44,3.29416782903974e-81,"2","AP000282.1"
"DPH6",1.61193887283865e-82,0.369392894234275,0.477,0.429,3.2238777456773e-79,"2","DPH6"
"AC025159.1",9.41406217894695e-81,0.338544792472448,0.59,0.545,1.88281243578939e-77,"2","AC025159.1"
"AC007364.11",1.09838289225908e-80,0.567827661035812,0.506,0.477,2.19676578451816e-77,"2","AC007364.1"
"PLEKHG11",5.13629971396289e-76,0.270817242434327,0.443,0.433,1.02725994279258e-72,"2","PLEKHG1"
"EXT1",4.97278264904942e-75,0.472019008974588,0.546,0.509,9.94556529809885e-72,"2","EXT1"
"GNA14",1.45272572583447e-73,0.403764364452016,0.367,0.374,2.90545145166894e-70,"2","GNA14"
"FGD41",4.54761733948177e-73,0.335046390412115,0.507,0.482,9.09523467896355e-70,"2","FGD4"
"KCNAB1",5.21163437783326e-70,0.361685000713291,0.527,0.478,1.04232687556665e-66,"2","KCNAB1"
"STPG2",5.80810298269375e-68,0.457931293735362,0.493,0.471,1.16162059653875e-64,"2","STPG2"
"INPP4B",2.50940998000509e-64,0.322039042235608,0.332,0.328,5.01881996001019e-61,"2","INPP4B"
"TSHR",9.64354979703163e-64,0.425100293262373,0.368,0.379,1.92870995940633e-60,"2","TSHR"
"AC007262.2",7.55377000036506e-63,0.642569868273796,0.403,0.388,1.51075400007301e-59,"2","AC007262.2"
"FBXL17",8.81407719366261e-63,0.318866675526355,0.477,0.441,1.76281543873252e-59,"2","FBXL17"
"AC233296.1",1.22282881561479e-61,0.494018743006061,0.426,0.414,2.44565763122958e-58,"2","AC233296.1"
"CFTR1",4.16877311419584e-60,0.356179197956575,0.379,0.365,8.33754622839167e-57,"2","CFTR"
"CENPP",1.01330832569209e-59,0.411282699955764,0.399,0.379,2.02661665138419e-56,"2","CENPP"
"AC078881.1",2.0968818990402e-59,0.526695139885397,0.41,0.401,4.1937637980804e-56,"2","AC078881.1"
"AC002429.2",3.25638197326452e-54,0.350040074380795,0.415,0.433,6.51276394652904e-51,"2","AC002429.2"
"CDH12",8.65999972837255e-54,0.347694911553028,0.491,0.519,1.73199994567451e-50,"2","CDH12"
"TENM3",2.6554857485018e-53,0.485979495129439,0.398,0.422,5.3109714970036e-50,"2","TENM3"
"XKR6",3.58054219639206e-53,0.357354041128175,0.554,0.548,7.16108439278412e-50,"2","XKR6"
"IMMP2L",3.68935321395104e-53,0.343566665006479,0.599,0.567,7.37870642790208e-50,"2","IMMP2L"
"LHFPL61",2.45252103577048e-52,0.501263742460985,0.453,0.446,4.90504207154095e-49,"2","LHFPL6"
"AL662796.11",1.00207934289725e-51,0.499551477986113,0.472,0.479,2.0041586857945e-48,"2","AL662796.1"
"RNLS",8.83699501681688e-48,0.432893241701589,0.348,0.353,1.76739900336338e-44,"2","RNLS"
"SETBP11",7.06226030140927e-45,0.420314294480398,0.492,0.522,1.41245206028185e-41,"2","SETBP1"
"LINC01266",1.33927086097693e-44,0.276296075280417,0.316,0.337,2.67854172195386e-41,"2","LINC01266"
"CCDC102B",1.60950952571244e-44,0.29809968883083,0.342,0.349,3.21901905142489e-41,"2","CCDC102B"
"AC034195.1",3.66085598812615e-44,0.505422168591484,0.385,0.402,7.3217119762523e-41,"2","AC034195.1"
"KCTD1",4.60543574466138e-43,0.347325373617961,0.369,0.369,9.21087148932276e-40,"2","KCTD1"
"DPH6-DT",3.5380283926559e-40,0.417971122616759,0.483,0.477,7.07605678531179e-37,"2","DPH6-DT"
"EYA4",6.07649974470709e-39,0.40864067043477,0.443,0.467,1.21529994894142e-35,"2","EYA4"
"TOX31",2.33127085016336e-38,0.421740356600573,0.475,0.51,4.66254170032673e-35,"2","TOX3"
"PRELID2",1.79389334762787e-36,0.33130966479195,0.352,0.368,3.58778669525575e-33,"2","PRELID2"
"POT1-AS11",7.49931337317981e-36,0.36543502223847,0.444,0.464,1.49986267463596e-32,"2","POT1-AS1"
"MTERF1",7.8254185674783e-35,0.29425402031052,0.443,0.447,1.56508371349566e-31,"2","MTERF1"
"TMEM232",3.9331597266239e-34,0.34183444217529,0.334,0.351,7.8663194532478e-31,"2","TMEM232"
"AC138627.1",1.61868787129295e-32,0.39840322501694,0.379,0.396,3.23737574258589e-29,"2","AC138627.1"
"AL392023.2",6.5175047478781e-30,0.438104618188003,0.386,0.405,1.30350094957562e-26,"2","AL392023.2"
"EPM2A",2.74042584575913e-29,0.268026742333396,0.312,0.33,5.48085169151827e-26,"2","EPM2A"
"JPH1",6.33490121022879e-28,0.291781992981078,0.312,0.358,1.26698024204576e-24,"2","JPH1"
"FILIP1L",1.08981241949152e-27,0.267337034962219,0.364,0.391,2.17962483898304e-24,"2","FILIP1L"
"SGCZ1",8.48436867490228e-27,0.275525363993697,0.371,0.52,1.69687373498046e-23,"2","SGCZ"
"P3H21",1.03218739706523e-24,0.355144619660884,0.419,0.473,2.06437479413046e-21,"2","P3H2"
"AHCYL2",3.72137828466915e-24,0.276247438092014,0.475,0.486,7.4427565693383e-21,"2","AHCYL2"
"CHODL",5.53365809431015e-22,0.253728633820842,0.267,0.413,1.10673161886203e-18,"2","CHODL"
"MACROD2",4.88207243893799e-21,0.267281660037904,0.577,0.595,9.76414487787598e-18,"2","MACROD2"
"PAPPA2",2.96237948847102e-18,0.295821608596677,0.319,0.372,5.92475897694205e-15,"2","PAPPA2"
"AC113414.1",2.05778322279558e-17,0.345900633378997,0.356,0.404,4.11556644559116e-14,"2","AC113414.1"
"PARD3B",1.0621597238033e-15,0.256687315134687,0.476,0.507,2.12431944760661e-12,"2","PARD3B"
"C2CD6",7.37308007925355e-14,0.276939608572632,0.326,0.386,1.47461601585071e-10,"2","C2CD6"
"GMDS",8.64440500573109e-14,0.287535519512611,0.36,0.394,1.72888100114622e-10,"2","GMDS"
"KIAA0825",4.99509272197983e-13,0.297293431573642,0.309,0.352,9.99018544395966e-10,"2","KIAA0825"
"AC006148.1",8.88862518209385e-13,0.331172919368469,0.42,0.457,1.77772503641877e-09,"2","AC006148.1"
"AC104123.1",4.72434951738575e-12,0.270181127342063,0.37,0.419,9.4486990347715e-09,"2","AC104123.1"
"AC108866.1",2.52866724688358e-11,0.29843866898793,0.296,0.351,5.05733449376716e-08,"2","AC108866.1"
"ADAMTS191",2.38544421368873e-10,0.283504763022489,0.408,0.46,4.77088842737745e-07,"2","ADAMTS19"
"FAM196B",9.08996600950529e-10,0.307185190902877,0.307,0.352,1.81799320190106e-06,"2","FAM196B"
"LINC01725",1.27200877110909e-06,0.296513605110543,0.292,0.363,0.00254401754221819,"2","LINC01725"
"AL359710.1",3.18884253780368e-06,0.262558369830707,0.289,0.354,0.00637768507560735,"2","AL359710.1"
"CABCOCO1",9.13291270706033e-06,0.261992443353967,0.302,0.371,0.0182658254141207,"2","CABCOCO1"
"AC092378.1",0.000369145346689027,0.25289162093437,0.25,0.333,0.738290693378054,"2","AC092378.1"
"MT-ND31",0,1.85461761009397,0.868,0.536,0,"3","MT-ND3"
"MT-ND11",0,1.77992960140483,0.763,0.458,0,"3","MT-ND1"
"MT-ND21",0,1.72135150808917,0.82,0.487,0,"3","MT-ND2"
"MT-ATP61",0,1.64481585427957,0.833,0.546,0,"3","MT-ATP6"
"MT-ND41",0,1.62736058077781,0.842,0.524,0,"3","MT-ND4"
"MT-CO21",0,1.56622246856635,0.862,0.602,0,"3","MT-CO2"
"MT-CO31",0,1.53299136657414,0.808,0.561,0,"3","MT-CO3"
"HBB",0,0.992178305785403,0.599,0.286,0,"3","HBB"
"GFAP",0,0.865449052066166,0.752,0.498,0,"3","GFAP"
"FAM107A",0,0.624077504018439,0.65,0.423,0,"3","FAM107A"
"MT-CO1",8.53454218254901e-277,1.44824125606461,0.667,0.457,1.7069084365098e-273,"3","MT-CO1"
"KIRREL32",7.67565341848318e-74,0.487832361292889,0.928,0.859,1.53513068369664e-70,"3","KIRREL3"
"ANKRD18A1",1.53287153699884e-58,0.552411435426287,0.721,0.563,3.06574307399769e-55,"3","ANKRD18A"
"DCLK1",5.53435269272053e-44,0.294071261035342,0.471,0.303,1.10687053854411e-40,"3","DCLK1"
"HBA2",7.73200200713059e-36,0.329809681872694,0.36,0.189,1.54640040142612e-32,"3","HBA2"
"LURAP1L-AS11",3.53951924188172e-31,0.37211988321554,0.734,0.608,7.07903848376344e-28,"3","LURAP1L-AS1"
"LINC016081",1.35136343787278e-27,0.433859594372666,0.731,0.615,2.70272687574555e-24,"3","LINC01608"
"HHIP2",3.72561963934471e-22,0.288185357787086,0.545,0.594,7.45123927868941e-19,"3","HHIP"
"UNC5C1",8.21471019549132e-20,0.375320480601889,0.892,0.876,1.64294203909826e-16,"3","UNC5C"
"PTGDS",9.41298067775582e-16,0.38093644249466,0.314,0.197,1.88259613555116e-12,"3","PTGDS"
"GRIN2A",2.28610350572283e-14,0.331316250553128,0.433,0.293,4.57220701144565e-11,"3","GRIN2A"
"NKAIN22",1.14065437994032e-12,0.303508499504806,0.937,0.909,2.28130875988065e-09,"3","NKAIN2"
"XIST1",5.89929501408983e-10,0.486671509890716,0.565,0.492,1.17985900281797e-06,"3","XIST"
"NEFL",0.000906392550829991,0.256192435764237,0.275,0.124,1,"3","NEFL"
"OPALIN1",0,0.928818904647709,0.722,0.41,0,"4","OPALIN"
"RNASE11",0,0.928028541782441,0.67,0.376,0,"4","RNASE1"
"AL354809.11",0,0.866628607740974,0.73,0.481,0,"4","AL354809.1"
"LINC016082",0,0.866003907817956,0.893,0.606,0,"4","LINC01608"
"CA21",0,0.847137808741049,0.763,0.53,0,"4","CA2"
"CADM2",0,0.708115307953034,0.959,0.805,0,"4","CADM2"
"KIRREL33",0,0.708041875404787,0.985,0.856,0,"4","KIRREL3"
"PLP12",0,0.67814464634445,0.997,0.952,0,"4","PLP1"
"MT-CO32",0,0.648847944373397,0.844,0.56,0,"4","MT-CO3"
"C5orf171",0,0.622824732891929,0.693,0.447,0,"4","C5orf17"
"PLXDC21",0,0.576970472321429,0.897,0.661,0,"4","PLXDC2"
"LINC011821",0,0.456664451171975,0.613,0.355,0,"4","LINC01182"
"MT-CO22",0,0.446223331243861,0.874,0.603,0,"4","MT-CO2"
"UNC5C2",4.48778389483136e-288,0.534828001499783,0.978,0.871,8.97556778966272e-285,"4","UNC5C"
"PPP2R2B1",4.09973644279334e-274,0.476394600592955,0.986,0.899,8.19947288558668e-271,"4","PPP2R2B"
"CDH82",4.27743457449284e-258,0.531700515058505,0.759,0.544,8.55486914898568e-255,"4","CDH8"
"HS3ST51",3.01601387455356e-232,0.75416636042816,0.796,0.606,6.03202774910712e-229,"4","HS3ST5"
"FCHSD21",9.60074856804588e-222,0.543129042848262,0.83,0.607,1.92014971360918e-218,"4","FCHSD2"
"ADAMTS192",1.19292353456412e-220,0.445659546667248,0.649,0.446,2.38584706912823e-217,"4","ADAMTS19"
"MT-ATP62",1.05173226625702e-219,0.282489164985922,0.807,0.549,2.10346453251404e-216,"4","MT-ATP6"
"CNTNAP42",5.49329732343484e-216,0.539804450691896,0.911,0.745,1.09865946468697e-212,"4","CNTNAP4"
"HHIP3",8.30785257911147e-208,0.650860101115662,0.767,0.581,1.66157051582229e-204,"4","HHIP"
"SGCZ2",1.72241379101834e-205,0.660563118157698,0.676,0.501,3.44482758203668e-202,"4","SGCZ"
"NKAIN23",1.54058175935829e-193,0.42521535015075,0.989,0.906,3.08116351871658e-190,"4","NKAIN2"
"MT-CO11",1.15042368225399e-190,0.433201469748699,0.696,0.456,2.30084736450799e-187,"4","MT-CO1"
"AKIRIN11",3.01653848754975e-177,0.322056004489457,0.657,0.442,6.0330769750995e-174,"4","AKIRIN1"
"CTNND2",8.03138186981548e-172,0.286092517975935,0.901,0.704,1.6062763739631e-168,"4","CTNND2"
"TUBA1A2",2.85468337285558e-157,0.461563918773196,0.818,0.651,5.70936674571117e-154,"4","TUBA1A"
"CNDP1",1.07973516618888e-154,0.480867068934388,0.766,0.609,2.15947033237775e-151,"4","CNDP1"
"LINC015052",1.69080260931307e-141,0.308521467114239,0.769,0.564,3.38160521862614e-138,"4","LINC01505"
"AC090502.12",2.55972270396086e-138,0.477713366591938,0.713,0.55,5.11944540792171e-135,"4","AC090502.1"
"MOBP2",6.89312004564902e-134,0.360374202223688,0.962,0.879,1.3786240091298e-130,"4","MOBP"
"PALM21",1.81885176568224e-130,0.404867928371301,0.786,0.636,3.63770353136447e-127,"4","PALM2"
"ADAMTS182",1.29938058321633e-112,0.292237743458125,0.737,0.548,2.59876116643265e-109,"4","ADAMTS18"
"ST6GALNAC32",1.08548584854669e-103,0.348081230312251,0.923,0.804,2.17097169709337e-100,"4","ST6GALNAC3"
"PTN",3.69676682901816e-102,0.449833773758864,0.68,0.517,7.39353365803631e-99,"4","PTN"
"SPP12",3.62346000577619e-98,0.326159209274883,0.809,0.691,7.24692001155239e-95,"4","SPP1"
"APOD2",4.76126440928107e-93,0.306117280682326,0.689,0.52,9.52252881856214e-90,"4","APOD"
"CD91",4.34947786704603e-91,0.449672589584741,0.723,0.585,8.69895573409206e-88,"4","CD9"
"AP000282.11",4.55901691475736e-86,0.329354928282869,0.577,0.434,9.11803382951472e-83,"4","AP000282.1"
"ENOX21",8.23053413137604e-76,0.464268447652297,0.6,0.459,1.64610682627521e-72,"4","ENOX2"
"AL034405.1",4.21258321056893e-72,0.377986915909093,0.506,0.359,8.42516642113787e-69,"4","AL034405.1"
"BCAS11",4.53427638809113e-71,0.266860366735999,0.911,0.834,9.06855277618226e-68,"4","BCAS1"
"OLIG1",7.62059487342909e-70,0.544291035721402,0.572,0.409,1.52411897468582e-66,"4","OLIG1"
"PLD51",3.04253536704402e-67,0.361317777454966,0.703,0.584,6.08507073408803e-64,"4","PLD5"
"GREB1L",1.31854214915311e-48,0.292152198449412,0.523,0.388,2.63708429830622e-45,"4","GREB1L"
"AC012593.11",1.02787673582143e-47,0.439208803945351,0.595,0.481,2.05575347164287e-44,"4","AC012593.1"
"ABTB2",2.71716035889928e-42,0.465418778784856,0.536,0.424,5.43432071779857e-39,"4","ABTB2"
"ATG101",8.34680001330902e-39,0.300108082010029,0.542,0.415,1.6693600026618e-35,"4","ATG10"
"PRDX11",1.04623115713455e-36,0.330996267538369,0.508,0.375,2.0924623142691e-33,"4","PRDX1"
"SLIT2",5.59889595839562e-36,0.43995097958692,0.522,0.405,1.11977919167912e-32,"4","SLIT2"
"CNTNAP2",4.32051818599586e-30,0.50075820273258,0.57,0.449,8.64103637199171e-27,"4","CNTNAP2"
"LINC011701",1.58233796984626e-29,0.340462659615486,0.605,0.504,3.16467593969252e-26,"4","LINC01170"
"GRIN2A1",3.25452142475184e-26,0.474969014595076,0.411,0.294,6.50904284950369e-23,"4","GRIN2A"
"ROR1",1.08071084747411e-22,0.285348100971697,0.454,0.356,2.16142169494821e-19,"4","ROR1"
"CDKN1C2",2.57921019251715e-18,0.250270972941023,0.528,0.429,5.15842038503429e-15,"4","CDKN1C"
"ESRRG",3.021660424409e-18,0.331760414382624,0.473,0.362,6.043320848818e-15,"4","ESRRG"
"TRIM591",2.13681107399129e-14,0.366585038432603,0.352,0.217,4.27362214798257e-11,"4","TRIM59"
"LAMA21",0,1.58103950175607,0.777,0.42,0,"5","LAMA2"
"LINC016083",0,0.995905317967106,0.872,0.608,0,"5","LINC01608"
"PLXDC22",0,0.89267998026283,0.875,0.663,0,"5","PLXDC2"
"XIST2",0,0.874362653224522,0.862,0.476,0,"5","XIST"
"FCHSD22",0,0.775740382568852,0.828,0.608,0,"5","FCHSD2"
"RELN2",0,0.633001446997344,0.719,0.475,0,"5","RELN"
"CTNND21",0,0.592278535333585,0.902,0.704,0,"5","CTNND2"
"MAGEC31",0,0.538880630651357,0.743,0.511,0,"5","MAGEC3"
"OGFRL1",0,0.533112008648561,0.648,0.384,0,"5","OGFRL1"
"TMPRSS52",7.31198665975139e-248,0.614863784067887,0.69,0.467,1.46239733195028e-244,"5","TMPRSS5"
"PALM22",1.92349735974204e-241,0.676888651805428,0.808,0.636,3.84699471948408e-238,"5","PALM2"
"NLGN1",2.93687470783413e-232,0.256727977887457,0.912,0.734,5.87374941566827e-229,"5","NLGN1"
"OPALIN2",2.22897539070299e-230,0.681956719466466,0.668,0.415,4.45795078140597e-227,"5","OPALIN"
"ANO4",8.90217750132109e-230,0.617574365171243,0.869,0.707,1.78043550026422e-226,"5","ANO4"
"ABCA61",7.30019032858772e-207,0.33689703746859,0.91,0.71,1.46003806571754e-203,"5","ABCA6"
"HDAC2-AS21",1.75820150080652e-202,0.605883689820524,0.87,0.731,3.51640300161303e-199,"5","HDAC2-AS2"
"LRRC71",6.65018115326622e-186,0.388073584218398,0.9,0.748,1.33003623065324e-182,"5","LRRC7"
"PPP2R2B2",7.25364004264154e-182,0.363702660763259,0.967,0.901,1.45072800852831e-178,"5","PPP2R2B"
"ERBB4",8.83811092895062e-182,0.485282256645855,0.961,0.841,1.76762218579012e-178,"5","ERBB4"
"DYSF1",2.0088214170256e-156,0.702479972728202,0.666,0.497,4.01764283405119e-153,"5","DYSF"
"HHIP4",3.66507188883252e-140,0.510147628187407,0.742,0.583,7.33014377766503e-137,"5","HHIP"
"SLIT21",2.79736149806946e-134,0.853204129429017,0.57,0.403,5.59472299613893e-131,"5","SLIT2"
"PLP13",6.39489454529076e-134,0.344421979705539,0.992,0.953,1.27897890905815e-130,"5","PLP1"
"LINC008441",3.37615544797689e-130,0.686951404479714,0.541,0.305,6.75231089595379e-127,"5","LINC00844"
"PWRN1",6.40585901052194e-127,0.420798065235112,0.53,0.341,1.28117180210439e-123,"5","PWRN1"
"KIRREL34",8.29247560392341e-126,0.334794055978244,0.965,0.858,1.65849512078468e-122,"5","KIRREL3"
"AC026316.52",4.38821449581046e-124,0.360508887919472,0.943,0.861,8.77642899162092e-121,"5","AC026316.5"
"SGCZ3",9.08949632032107e-111,0.36819874722837,0.663,0.503,1.81789926406421e-107,"5","SGCZ"
"LURAP1L-AS12",9.68225108320561e-107,0.606455461272143,0.75,0.608,1.93645021664112e-103,"5","LURAP1L-AS1"
"ASTN21",1.06754476195615e-106,0.459932171624224,0.785,0.659,2.13508952391229e-103,"5","ASTN2"
"SFRP1",3.493667215718e-97,0.43145752895129,0.559,0.395,6.98733443143599e-94,"5","SFRP1"
"CYP7B12",6.98535102747184e-95,0.436373734289729,0.724,0.568,1.39707020549437e-91,"5","CYP7B1"
"PAK5",5.39980702058824e-90,0.304276629070013,0.52,0.383,1.07996140411765e-86,"5","PAK5"
"CHSY3",2.59988854367419e-83,0.308534574903455,0.552,0.419,5.19977708734838e-80,"5","CHSY3"
"KANK1",4.50179999955783e-81,0.382665377682089,0.797,0.704,9.00359999911566e-78,"5","KANK1"
"UNC5C3",4.45127245825299e-80,0.258563498610778,0.955,0.873,8.90254491650597e-77,"5","UNC5C"
"FIGN",1.44422061945051e-79,0.608569317825135,0.634,0.512,2.88844123890103e-76,"5","FIGN"
"NTRK2",1.33794673243929e-78,0.384794961386381,0.688,0.545,2.67589346487859e-75,"5","NTRK2"
"AC004784.1",2.26592337755968e-76,0.374233403147544,0.524,0.371,4.53184675511937e-73,"5","AC004784.1"
"AC025159.11",1.0849518043709e-61,0.326900050826491,0.685,0.541,2.16990360874181e-58,"5","AC025159.1"
"KCNAB11",8.60629990362897e-61,0.619447713413057,0.591,0.475,1.72125998072579e-57,"5","KCNAB1"
"ROR11",1.51448345831022e-60,0.74008128945445,0.482,0.355,3.02896691662044e-57,"5","ROR1"
"ADAMTS183",2.26082207452571e-53,0.310203658526128,0.671,0.553,4.52164414905142e-50,"5","ADAMTS18"
"HS3ST52",4.04082479538825e-46,0.358228877195436,0.695,0.613,8.0816495907765e-43,"5","HS3ST5"
"FAM198B",1.72760911743454e-39,0.353056955725043,0.451,0.324,3.45521823486908e-36,"5","FAM198B"
"AL354809.12",1.55061406725407e-37,0.523153252323719,0.564,0.491,3.10122813450815e-34,"5","AL354809.1"
"COLEC12",1.81670824167309e-35,0.344304833515764,0.53,0.422,3.63341648334619e-32,"5","COLEC12"
"RNASE12",1.30779497014535e-19,0.354255920174473,0.505,0.386,2.61558994029071e-16,"5","RNASE1"
"ENOX22",8.7122148304813e-14,0.376173908580559,0.531,0.464,1.74244296609626e-10,"5","ENOX2"
"NOX4",2.98036368107507e-09,0.26471302840586,0.329,0.301,5.96072736215014e-06,"5","NOX4"
"AC112206.21",0.000949763542414903,0.276191708836878,0.467,0.407,1,"5","AC112206.2"
"HSPH1",0,1.95615431963543,0.977,0.678,0,"6","HSPH1"
"HSP90AA1",0,1.86385264989595,1,0.94,0,"6","HSP90AA1"
"DNAJB1",0,1.85446474631211,0.93,0.604,0,"6","DNAJB1"
"HSPB1",0,1.84955067122219,0.817,0.568,0,"6","HSPB1"
"HSPA1B1",0,1.59496616575027,0.789,0.591,0,"6","HSPA1B"
"FOS",0,1.56488096819517,0.731,0.493,0,"6","FOS"
"HSPA1A1",0,1.46525238923077,0.975,0.803,0,"6","HSPA1A"
"BAG3",0,1.42550453978846,0.729,0.552,0,"6","BAG3"
"HSPA4L",0,1.27013476771868,0.71,0.588,0,"6","HSPA4L"
"BCL6",0,1.18399622870652,0.7,0.515,0,"6","BCL6"
"UBB1",0,1.138995367088,0.768,0.578,0,"6","UBB"
"P4HA1",0,1.09311138617939,0.708,0.567,0,"6","P4HA1"
"MSMO1",0,1.0216679821082,0.696,0.509,0,"6","MSMO1"
"NEAT1",0,0.961220193465991,0.963,0.889,0,"6","NEAT1"
"CRYAB1",0,0.790010196350489,0.908,0.803,0,"6","CRYAB"
"NOP58",3.37508335469613e-298,0.989355619349537,0.655,0.514,6.75016670939225e-295,"6","NOP58"
"INSIG1",1.49468819450192e-257,0.851484770372447,0.599,0.409,2.98937638900383e-254,"6","INSIG1"
"KLF6",3.37567948372793e-242,1.00723634968007,0.569,0.443,6.75135896745586e-239,"6","KLF6"
"SORBS1",5.75875559010549e-234,0.794792380449191,0.73,0.634,1.1517511180211e-230,"6","SORBS1"
"JUN",8.02715957328632e-220,0.903845399080661,0.588,0.484,1.60543191465726e-216,"6","JUN"
"HSPA6",7.0243625003875e-213,0.978066746281465,0.551,0.477,1.4048725000775e-209,"6","HSPA6"
"CNDP11",9.05111935228898e-198,1.01136745888076,0.712,0.612,1.8102238704578e-194,"6","CNDP1"
"PPP1R15A",1.59360610918174e-196,0.628065874499599,0.493,0.413,3.18721221836347e-193,"6","PPP1R15A"
"HMGCS1",5.56502542009924e-170,0.595551225411405,0.589,0.477,1.11300508401985e-166,"6","HMGCS1"
"BAALC",1.3928512841631e-166,0.950248043605007,0.514,0.358,2.7857025683262e-163,"6","BAALC"
"ATF3",1.91315633809474e-145,0.590761803628037,0.46,0.392,3.82631267618948e-142,"6","ATF3"
"CAMK2D",4.82026533943465e-144,0.768453569419351,0.69,0.591,9.6405306788693e-141,"6","CAMK2D"
"LDLR",2.45006634631393e-135,0.522734904396858,0.503,0.421,4.90013269262786e-132,"6","LDLR"
"SLC2A3",2.03402175980825e-129,0.625672762013767,0.434,0.351,4.0680435196165e-126,"6","SLC2A3"
"GLUL",1.14190935882825e-118,0.719102058544902,0.612,0.517,2.28381871765651e-115,"6","GLUL"
"ANO41",7.09721244765583e-82,0.464677683958135,0.764,0.713,1.41944248953117e-78,"6","ANO4"
"FTL1",2.41976936983889e-77,0.425261361379758,0.658,0.612,4.83953873967778e-74,"6","FTL"
"KLRD1",1.87957254536325e-74,0.70801155964661,0.496,0.468,3.7591450907265e-71,"6","KLRD1"
"NRXN3",1.23610790763205e-71,0.324635233947575,0.864,0.824,2.4722158152641e-68,"6","NRXN3"
"HMGCR",4.6656314943781e-51,0.324776328374057,0.49,0.456,9.3312629887562e-48,"6","HMGCR"
"INPP5F",1.86843170876234e-50,0.564357237286618,0.543,0.503,3.73686341752468e-47,"6","INPP5F"
"TPST1",5.06636684087734e-50,0.538260929383988,0.551,0.508,1.01327336817547e-46,"6","TPST1"
"NEDD4L",4.89041844402186e-48,0.649650536988289,0.456,0.445,9.78083688804373e-45,"6","NEDD4L"
"SFRP11",2.56388406820368e-41,0.355114992103476,0.289,0.41,5.12776813640736e-38,"6","SFRP1"
"GADD45B",1.89645428874306e-39,0.632652225633999,0.389,0.355,3.79290857748613e-36,"6","GADD45B"
"CDKN1A",6.93063882210436e-38,0.273123208983588,0.353,0.32,1.38612776442087e-34,"6","CDKN1A"
"RUNX2",1.78918558493648e-37,0.347197194446743,0.396,0.364,3.57837116987296e-34,"6","RUNX2"
"ZDHHC201",3.52898124404165e-30,0.321797212275447,0.814,0.829,7.05796248808331e-27,"6","ZDHHC20"
"SESN3",4.76574514146601e-28,0.353496110010101,0.474,0.469,9.53149028293201e-25,"6","SESN3"
"CD92",2.07285232351436e-23,0.454888010828432,0.575,0.594,4.14570464702872e-20,"6","CD9"
"DYSF2",2.9079250440962e-23,0.517352989544255,0.515,0.505,5.81585008819239e-20,"6","DYSF"
"CSMD2",8.69633363346743e-21,0.435015391814264,0.583,0.587,1.73926672669349e-17,"6","CSMD2"
"CLU1",1.20480852470479e-20,0.26774977099785,0.384,0.365,2.40961704940959e-17,"6","CLU"
"SFMBT2",3.96778214507027e-20,0.417301612966699,0.664,0.684,7.93556429014053e-17,"6","SFMBT2"
"LINC00463",1.20906832564445e-17,0.38471182781027,0.306,0.288,2.41813665128891e-14,"6","LINC00463"
"HIST1H1C",4.62834664856404e-15,0.301819678772273,0.284,0.38,9.25669329712808e-12,"6","HIST1H1C"
"TMOD3",1.09652942262413e-13,0.395763657825719,0.284,0.369,2.19305884524826e-10,"6","TMOD3"
"LAMA22",1.94002614479882e-13,0.655999264168238,0.437,0.438,3.88005228959764e-10,"6","LAMA2"
"MCU",3.33854709838257e-11,0.321650961695516,0.451,0.455,6.67709419676514e-08,"6","MCU"
"TIAM1",1.18834989519333e-10,0.506939500163607,0.516,0.529,2.37669979038666e-07,"6","TIAM1"
"RUNX1T1",7.47771297856435e-10,0.445858504245587,0.352,0.422,1.49554259571287e-06,"6","RUNX1T1"
"NTRK21",9.57099720725579e-10,0.421551293834429,0.535,0.553,1.91419944145116e-06,"6","NTRK2"
"TUBA1B1",1.42197006759437e-06,0.284321064995766,0.347,0.371,0.00284394013518874,"6","TUBA1B"
"JUNB",1.99105055855571e-06,0.295552023529636,0.295,0.305,0.00398210111711142,"6","JUNB"
"GRIK4",1.23478074701403e-05,0.352007757952928,0.402,0.421,0.0246956149402806,"6","GRIK4"
"TCF7L2",1.82547799634512e-05,0.327414381386373,0.537,0.573,0.0365095599269023,"6","TCF7L2"
"B2M1",0.000178400137399372,0.343847350587026,0.501,0.548,0.356800274798743,"6","B2M"
"MEST",0.000284578145251355,0.488895869464148,0.315,0.373,0.569156290502709,"6","MEST"
"NRG2",0.00032453949198917,0.27159033262454,0.284,0.342,0.64907898397834,"6","NRG2"
"DPY19L1",0.000419290628160678,0.367524378731686,0.35,0.378,0.838581256321356,"6","DPY19L1"
"FNDC3B",0.000892505751906716,0.296421461362926,0.394,0.461,1,"6","FNDC3B"
"XIST3",0,1.80959334424266,0.855,0.478,0,"7","XIST"
"CHRM51",0,1.38448356028587,0.632,0.368,0,"7","CHRM5"
"PPP2R2B3",0,1.26686837709477,0.995,0.9,0,"7","PPP2R2B"
"AC026316.53",0,1.13920339015722,0.981,0.86,0,"7","AC026316.5"
"SLC4A8",0,1.12891738073445,0.66,0.447,0,"7","SLC4A8"
"PALM23",0,0.984236713423129,0.828,0.636,0,"7","PALM2"
"NRXN31",0,0.883359459999339,0.936,0.821,0,"7","NRXN3"
"HHIP5",0,0.827062385899623,0.823,0.58,0,"7","HHIP"
"UNC5C4",0,0.754214236319848,0.986,0.871,0,"7","UNC5C"
"ASTN22",0,0.72469179596265,0.841,0.657,0,"7","ASTN2"
"CTNND22",0,0.568037633046532,0.892,0.706,0,"7","CTNND2"
"GREB1L1",2.74164684682979e-299,1.12548002813587,0.599,0.386,5.48329369365957e-296,"7","GREB1L"
"PDE1A1",3.43982211857898e-295,0.85304863395686,0.823,0.644,6.87964423715796e-292,"7","PDE1A"
"OPALIN3",6.65118040047206e-278,0.738746222076399,0.655,0.417,1.33023608009441e-274,"7","OPALIN"
"MOBP3",1.48623496288264e-269,0.536317603773285,0.98,0.879,2.97246992576527e-266,"7","MOBP"
"LINC011702",4.61252661761959e-255,1.02262432105545,0.688,0.501,9.22505323523917e-252,"7","LINC01170"
"LINC016084",2.76148747463216e-253,0.628396060638554,0.792,0.613,5.52297494926431e-250,"7","LINC01608"
"PLXDC23",1.84488743346579e-221,0.573434976659069,0.817,0.667,3.68977486693159e-218,"7","PLXDC2"
"NTM",2.23150437255338e-212,0.521334778878691,0.97,0.875,4.46300874510675e-209,"7","NTM"
"LINC006092",3.31240865457882e-208,0.548466814977987,0.891,0.777,6.62481730915765e-205,"7","LINC00609"
"AL078590.3",1.45773751703324e-185,1.05385336327117,0.546,0.396,2.91547503406647e-182,"7","AL078590.3"
"SV2B",3.04491395909606e-182,0.703260729759263,0.484,0.327,6.08982791819212e-179,"7","SV2B"
"KCNAB12",6.00931814220882e-181,1.01097999058652,0.612,0.474,1.20186362844176e-177,"7","KCNAB1"
"CADM21",3.79713364635803e-180,0.28354629579069,0.945,0.807,7.59426729271605e-177,"7","CADM2"
"ANO42",4.86510418921317e-175,0.547426915735015,0.813,0.711,9.73020837842634e-172,"7","ANO4"
"AC087564.11",2.36554268271926e-174,0.676208797434927,0.694,0.551,4.73108536543851e-171,"7","AC087564.1"
"DYSF3",9.05609724222498e-174,0.754742296707269,0.639,0.499,1.811219448445e-170,"7","DYSF"
"LINC01358",1.00990031456731e-159,0.453812311384784,0.435,0.317,2.01980062913461e-156,"7","LINC01358"
"AC025159.12",1.0563568347005e-155,0.86127161180646,0.678,0.542,2.112713669401e-152,"7","AC025159.1"
"FHIT1",1.6480534738578e-148,0.485260045300799,0.881,0.807,3.29610694771561e-145,"7","FHIT"
"TNIK",7.27362588446244e-146,0.424879988602186,0.793,0.631,1.45472517689249e-142,"7","TNIK"
"IQCJ-SCHIP11",1.81512087617328e-120,0.654972856568725,0.676,0.567,3.63024175234655e-117,"7","IQCJ-SCHIP1"
"TMPRSS53",3.42123829410664e-118,0.538844612361151,0.586,0.473,6.84247658821328e-115,"7","TMPRSS5"
"AC090502.13",6.62747601633092e-111,0.584194065796448,0.637,0.555,1.32549520326618e-107,"7","AC090502.1"
"MAGEC32",2.21008751411982e-104,0.43873987870484,0.618,0.518,4.42017502823964e-101,"7","MAGEC3"
"SVEP1",1.30255185471948e-98,0.702463723247433,0.388,0.287,2.60510370943895e-95,"7","SVEP1"
"LMCD1-AS12",3.0002498813153e-97,0.361692673285111,0.786,0.696,6.0004997626306e-94,"7","LMCD1-AS1"
"LINC008771",1.51477497104795e-96,0.680796730270908,0.616,0.522,3.02954994209589e-93,"7","LINC00877"
"LTBP1",8.47818329157063e-88,0.909223073889476,0.493,0.396,1.69563665831413e-84,"7","LTBP1"
"AVEN",2.13748803933464e-78,0.345150477212587,0.449,0.344,4.27497607866929e-75,"7","AVEN"
"ZNF3651",5.18953615868618e-71,0.424985506860394,0.671,0.573,1.03790723173724e-67,"7","ZNF365"
"HS3ST53",1.11600007195585e-60,0.356079662557713,0.675,0.614,2.2320001439117e-57,"7","HS3ST5"
"SAMMSON",3.35205830600295e-56,0.267046742329686,0.187,0.296,6.7041166120059e-53,"7","SAMMSON"
"RYR22",3.61994980270307e-56,0.274484387208789,0.636,0.559,7.23989960540615e-53,"7","RYR2"
"LDLRAD41",1.08700207047801e-55,0.298654761179834,0.635,0.56,2.17400414095601e-52,"7","LDLRAD4"
"UNC79",9.99464163425497e-41,0.536855197383856,0.468,0.406,1.99892832685099e-37,"7","UNC79"
"FBXL171",1.49721422499587e-40,0.474662440848418,0.504,0.44,2.99442844999174e-37,"7","FBXL17"
"AC012593.12",2.8357967120841e-40,0.559037098495843,0.537,0.485,5.67159342416819e-37,"7","AC012593.1"
"DPH61",9.40109887972344e-39,0.570324034936966,0.486,0.429,1.88021977594469e-35,"7","DPH6"
"FCHSD23",7.44500465880256e-38,0.321779374956105,0.656,0.617,1.48900093176051e-34,"7","FCHSD2"
"FAM196B1",5.50785985050618e-36,0.662751312245617,0.403,0.346,1.10157197010124e-32,"7","FAM196B"
"CNTNAP21",1.48747315186247e-35,0.503658338472815,0.506,0.453,2.97494630372494e-32,"7","CNTNAP2"
"AC109927.1",2.4582891619948e-30,0.551431319759502,0.471,0.415,4.91657832398959e-27,"7","AC109927.1"
"LINC025112",8.07377291081637e-29,0.276791662168853,0.439,0.402,1.61475458216327e-25,"7","LINC02511"
"AC117386.2",3.74881726850862e-26,0.358047172595597,0.29,0.241,7.49763453701724e-23,"7","AC117386.2"
"RAD51B2",1.15000235697561e-25,0.293439879851976,0.6,0.568,2.30000471395122e-22,"7","RAD51B"
"AC138627.11",8.85469106644242e-24,0.529337045127914,0.425,0.393,1.77093821328848e-20,"7","AC138627.1"
"AC233296.11",3.08895998937434e-23,0.621131924640441,0.441,0.413,6.17791997874867e-20,"7","AC233296.1"
"ENOX23",2.44661757361342e-21,0.340429358443851,0.491,0.466,4.89323514722684e-18,"7","ENOX2"
"LINC017251",1.33203220870144e-14,0.330107560948092,0.363,0.358,2.66406441740288e-11,"7","LINC01725"
"LINC013761",2.67008916330182e-14,0.476809843341096,0.353,0.334,5.34017832660363e-11,"7","LINC01376"
"MTERF11",6.10269502253339e-11,0.38408091667046,0.451,0.447,1.22053900450668e-07,"7","MTERF1"
"ADAMTS184",1.25665248852391e-10,0.272189212059733,0.547,0.559,2.51330497704783e-07,"7","ADAMTS18"
"PWRN11",4.17038051566071e-10,0.522962772008102,0.364,0.35,8.34076103132141e-07,"7","PWRN1"
"ROR12",8.62697814860757e-10,0.508989780127805,0.361,0.361,1.72539562972151e-06,"7","ROR1"
"ATP8A2",2.66398682589804e-09,0.331194190276259,0.246,0.312,5.32797365179609e-06,"7","ATP8A2"
"AOAH",8.71785149294859e-08,0.31756993893254,0.31,0.303,0.000174357029858972,"7","AOAH"
"AC108866.11",1.85043059528582e-05,0.267553432849558,0.3,0.35,0.0370086119057163,"7","AC108866.1"
"AC006148.11",5.65816609623091e-05,0.260949736056695,0.385,0.458,0.113163321924618,"7","AC006148.1"
"EFCAB11",7.61726914224339e-05,0.33775044787465,0.286,0.33,0.152345382844868,"7","EFCAB11"
"AC034195.11",0.000712980648173929,0.42332283746192,0.392,0.401,1,"7","AC034195.1"
"AC113414.11",0.00198886302602665,0.331982022228224,0.353,0.403,1,"7","AC113414.1"
"AC025159.13",9.15590149264646e-268,0.297779771499279,0.899,0.531,1.83118029852929e-264,"8","AC025159.1"
"AL354809.13",2.67915339298957e-254,0.346642659654496,0.826,0.479,5.35830678597913e-251,"8","AL354809.1"
"RYR23",1.12401929856081e-231,0.322293256142204,0.889,0.547,2.24803859712161e-228,"8","RYR2"
"LINC016085",1.44282018605225e-216,0.967637479885759,0.917,0.608,2.88564037210451e-213,"8","LINC01608"
"DYSF4",1.51566338939961e-214,0.309638668767224,0.845,0.49,3.03132677879923e-211,"8","DYSF"
"PALM24",6.7822984141011e-205,0.435499477607191,0.934,0.631,1.35645968282022e-201,"8","PALM2"
"ENOX24",3.43588352571205e-199,0.285799308436158,0.811,0.451,6.87176705142411e-196,"8","ENOX2"
"ADAMTS185",5.45623569494891e-194,0.319209485340469,0.87,0.544,1.09124713898978e-190,"8","ADAMTS18"
"PLXDC24",2.85554272198283e-146,0.557294526935868,0.945,0.661,5.71108544396565e-143,"8","PLXDC2"
"TRIM592",1.11558434936708e-117,0.649054989045692,0.32,0.22,2.23116869873415e-114,"8","TRIM59"
"UNC5C5",3.76897998844137e-113,0.666629571236089,0.989,0.871,7.53795997688274e-110,"8","UNC5C"
"LURAP1L-AS13",1.89953667890898e-101,0.34526923195183,0.904,0.602,3.79907335781797e-98,"8","LURAP1L-AS1"
"KIRREL35",4.97985673267092e-99,0.614568830483591,0.995,0.857,9.95971346534183e-96,"8","KIRREL3"
"HS3ST54",4.95249150187092e-88,0.290279443650529,0.88,0.604,9.90498300374184e-85,"8","HS3ST5"
"PPP2R2B4",1.13821649568104e-76,0.422021906133839,0.985,0.9,2.27643299136209e-73,"8","PPP2R2B"
"XIST4",1.77730298789267e-67,0.3540830559788,0.745,0.484,3.55460597578534e-64,"8","XIST"
"RNASE13",7.82542191083462e-67,0.366119820395106,0.418,0.391,1.56508438216692e-63,"8","RNASE1"
"SNAP25",3.22085961493925e-61,0.254467289402316,0.346,0.231,6.44171922987851e-58,"8","SNAP25"
"CNTNAP43",4.47387260562759e-55,0.468967250482764,0.949,0.745,8.94774521125519e-52,"8","CNTNAP4"
"MOBP4",1.0962057390308e-54,0.474558210870373,0.892,0.883,2.1924114780616e-51,"8","MOBP"
"SYT1",8.81008721948988e-50,0.472570276996829,0.333,0.192,1.76201744389798e-46,"8","SYT1"
"LINC008442",2.57229669691869e-46,0.4391316587413,0.391,0.314,5.14459339383737e-43,"8","LINC00844"
"NRGN",1.83981909706135e-45,0.366180335915189,0.274,0.121,3.67963819412269e-42,"8","NRGN"
"ANO43",2.08246995652965e-43,0.384292024152413,0.919,0.706,4.16493991305929e-40,"8","ANO4"
"CTNND23",2.75980018103451e-37,0.346762481640791,0.931,0.704,5.51960036206902e-34,"8","CTNND2"
"NKAIN24",2.28257415285939e-35,0.385239954985366,0.996,0.906,4.56514830571878e-32,"8","NKAIN2"
"HHIP6",1.3754711389167e-34,0.846702290066696,0.744,0.584,2.7509422778334e-31,"8","HHIP"
"GRIN2A2",2.28826976681374e-26,0.407772685400071,0.556,0.289,4.57653953362747e-23,"8","GRIN2A"
"SLC1A3",2.57164391548879e-24,0.374725299670916,0.81,0.552,5.14328783097759e-21,"8","SLC1A3"
"PTN1",5.32922323874597e-21,0.260449709231436,0.771,0.514,1.06584464774919e-17,"8","PTN"
"PTGDS1",1.23352714710447e-13,0.56069280669297,0.441,0.193,2.46705429420894e-10,"8","PTGDS"
"OPALIN4",2.80461107254278e-06,0.862788179838402,0.587,0.42,0.00560922214508556,"8","OPALIN"
"LRP22",1.83131288739513e-05,0.270296488149948,0.938,0.746,0.0366262577479027,"8","LRP2"
"BCAS12",9.31930472173968e-05,0.412634131468093,0.954,0.833,0.186386094434794,"8","BCAS1"
"NEDD4L1",0,2.19048502416859,0.744,0.432,0,"9","NEDD4L"
"INPP5F1",0,1.97504045163504,0.86,0.489,0,"9","INPP5F"
"HSPH11",0,1.94694192783223,0.955,0.681,0,"9","HSPH1"
"TPST11",0,1.83787360088136,0.825,0.496,0,"9","TPST1"
"BCL61",0,1.80811776646703,0.852,0.51,0,"9","BCL6"
"BACE2",0,1.68013379631742,0.734,0.436,0,"9","BACE2"
"CAMK2D1",0,1.65409462434232,0.874,0.584,0,"9","CAMK2D"
"BAG31",0,1.65151910877398,0.802,0.55,0,"9","BAG3"
"HSP90AA11",0,1.60461435025842,0.997,0.941,0,"9","HSP90AA1"
"DNAJB11",0,1.52455245616102,0.896,0.608,0,"9","DNAJB1"
"GBP2",0,1.50649459984852,0.665,0.399,0,"9","GBP2"
"CNDP12",0,1.49656674432419,0.887,0.605,0,"9","CNDP1"
"NEAT11",0,1.41394766139006,0.994,0.888,0,"9","NEAT1"
"P4HA11",0,1.39444567812154,0.819,0.563,0,"9","P4HA1"
"FOS1",0,1.38134136552756,0.747,0.494,0,"9","FOS"
"NAV2",0,1.31132279576745,0.93,0.745,0,"9","NAV2"
"KLF61",0,1.28094755719946,0.712,0.438,0,"9","KLF6"
"FGFR1",0,1.26109108441752,0.695,0.453,0,"9","FGFR1"
"HSPB11",0,1.20445140725724,0.793,0.571,0,"9","HSPB1"
"HSPA1A2",0,1.18585992453182,0.979,0.804,0,"9","HSPA1A"
"PLA2G4C",0,1.16572256258347,0.693,0.453,0,"9","PLA2G4C"
"GLUL1",0,1.12281984172432,0.788,0.51,0,"9","GLUL"
"MSMO11",0,1.05998055475246,0.763,0.508,0,"9","MSMO1"
"GPR155",0,1.02444269565744,0.589,0.327,0,"9","GPR155"
"LDLR1",0,1.01511527493754,0.665,0.414,0,"9","LDLR"
"PROS1",0,1.0124092266941,0.542,0.348,0,"9","PROS1"
"HSPA4L1",0,1.00425666983597,0.761,0.586,0,"9","HSPA4L"
"NOP581",0,1.00176937762362,0.731,0.511,0,"9","NOP58"
"SORBS11",0,0.963087610288968,0.822,0.631,0,"9","SORBS1"
"ATF31",0,0.908845956162361,0.622,0.385,0,"9","ATF3"
"HSPA61",0,0.851162205500513,0.616,0.475,0,"9","HSPA6"
"CDKN1A1",0,0.832225486584461,0.575,0.311,0,"9","CDKN1A"
"HMGCS11",0,0.809229317762781,0.695,0.473,0,"9","HMGCS1"
"UBB2",0,0.788274888389082,0.8,0.578,0,"9","UBB"
"SLC2A31",0,0.781849258021817,0.571,0.345,0,"9","SLC2A3"
"JUN1",0,0.767279500880618,0.637,0.483,0,"9","JUN"
"PPP1R15A1",0,0.728922100103511,0.605,0.409,0,"9","PPP1R15A"
"NRXN32",0,0.72471056255291,0.926,0.822,0,"9","NRXN3"
"HSPA1B2",0,0.685650785895299,0.76,0.594,0,"9","HSPA1B"
"SLC7A5",0,0.517468205289624,0.557,0.341,0,"9","SLC7A5"
"VEGFA",0,0.39085196698898,0.569,0.317,0,"9","VEGFA"
"CRYAB2",4.95792519966086e-296,0.654318615907808,0.934,0.802,9.91585039932173e-293,"9","CRYAB"
"PHACTR11",4.69970790733124e-293,1.11919820685844,0.785,0.664,9.39941581466248e-290,"9","PHACTR1"
"ETV6",1.04475052988228e-288,1.23644179004508,0.609,0.396,2.08950105976456e-285,"9","ETV6"
"MAST4",2.09509063877726e-273,0.966151312808296,0.593,0.387,4.19018127755452e-270,"9","MAST4"
"DTNA",1.06937806407012e-267,1.00556124006825,0.777,0.594,2.13875612814023e-264,"9","DTNA"
"INSIG11",1.86108022319222e-265,0.698483044386807,0.641,0.409,3.72216044638444e-262,"9","INSIG1"
"KLRD11",1.29501564002967e-252,0.59469759167072,0.601,0.464,2.59003128005935e-249,"9","KLRD1"
"HK2",3.0396321207669e-251,0.330186919183167,0.519,0.379,6.0792642415338e-248,"9","HK2"
"SAMD4A",4.11451496958572e-250,1.14834445921248,0.678,0.524,8.22902993917143e-247,"9","SAMD4A"
"MYO5B",7.24686979643666e-228,0.677028153769261,0.538,0.415,1.44937395928733e-224,"9","MYO5B"
"PMP2",3.86093648950901e-217,0.453928889107721,0.589,0.382,7.72187297901802e-214,"9","PMP2"
"BAALC1",6.98804188521291e-210,1.50236477354937,0.551,0.358,1.39760837704258e-206,"9","BAALC"
"GADD45B1",1.97279944887437e-202,1.18560943821963,0.516,0.35,3.94559889774873e-199,"9","GADD45B"
"USP53",1.45921802747439e-191,0.306915034260624,0.515,0.383,2.91843605494878e-188,"9","USP53"
"ARHGEF3",1.38927231638868e-173,1.2045502997362,0.558,0.362,2.77854463277736e-170,"9","ARHGEF3"
"B2M2",3.83224965400686e-166,0.484406629835809,0.706,0.539,7.66449930801372e-163,"9","B2M"
"AC104123.11",4.54774688252951e-166,0.258703507797083,0.224,0.425,9.09549376505901e-163,"9","AC104123.1"
"CSMD21",1.8643761006165e-159,0.755708147960755,0.706,0.582,3.72875220123301e-156,"9","CSMD2"
"HMGCR1",3.53865062856565e-150,0.298334266771491,0.581,0.452,7.0773012571313e-147,"9","HMGCR"
"RPS6KA3",1.87350050090387e-149,0.592695343499301,0.556,0.407,3.74700100180775e-146,"9","RPS6KA3"
"COLEC121",7.92036979119347e-146,0.381523323647073,0.524,0.423,1.58407395823869e-142,"9","COLEC12"
"CD93",4.26047610974157e-139,0.476572633398011,0.699,0.588,8.52095221948315e-136,"9","CD9"
"SFMBT21",1.1906455350947e-138,0.677193760752215,0.761,0.68,2.3812910701894e-135,"9","SFMBT2"
"DPY19L11",4.81991914028946e-136,0.903415182598533,0.519,0.37,9.63983828057892e-133,"9","DPY19L1"
"LINC02197",8.78240802426762e-132,0.534731413681639,0.211,0.356,1.75648160485352e-128,"9","LINC02197"
"MGAT5",1.6212129176303e-123,0.858920785554324,0.659,0.586,3.2424258352606e-120,"9","MGAT5"
"ASAP1",3.21410946713331e-113,0.555771207018812,0.676,0.581,6.42821893426662e-110,"9","ASAP1"
"ANO44",4.88495791986326e-108,0.397794081856464,0.786,0.712,9.76991583972652e-105,"9","ANO4"
"RUNX21",2.20526997334159e-107,0.278696467340042,0.231,0.372,4.41053994668317e-104,"9","RUNX2"
"GRIK41",5.42606359345815e-101,0.799267216334503,0.54,0.415,1.08521271869163e-97,"9","GRIK4"
"JUNB1",1.7803918839957e-86,0.665898171778187,0.415,0.3,3.56078376799139e-83,"9","JUNB"
"REV3L",2.40666032256332e-81,0.401616435037722,0.638,0.558,4.81332064512663e-78,"9","REV3L"
"TUBB2B",2.86398375776996e-77,0.501926636716265,0.397,0.267,5.72796751553993e-74,"9","TUBB2B"
"KCND3",8.52381727252789e-74,0.670781994711808,0.578,0.503,1.70476345450558e-70,"9","KCND3"
"GBE1",3.45247314455338e-73,0.309013381384571,0.237,0.37,6.90494628910677e-70,"9","GBE1"
"NGFR",2.89925001189147e-71,0.28003004388223,0.203,0.29,5.79850002378293e-68,"9","NGFR"
"FUT9",5.67674929733148e-54,0.629388095058775,0.575,0.52,1.1353498594663e-50,"9","FUT9"
"AC005609.5",3.03022871870165e-48,0.877491207110593,0.269,0.366,6.0604574374033e-45,"9","AC005609.5"
"SORL11",7.99738040457823e-46,0.354840764105937,0.743,0.659,1.59947608091565e-42,"9","SORL1"
"LAMA23",1.7198290245775e-37,0.254938328157938,0.313,0.444,3.439658049155e-34,"9","LAMA2"
"SKAP2",5.97964904376986e-36,0.354502889190324,0.241,0.321,1.19592980875397e-32,"9","SKAP2"
"NEDD4",2.31910524336764e-35,0.606373627018626,0.322,0.443,4.63821048673529e-32,"9","NEDD4"
"ARHGAP24",5.1757451188228e-27,0.690880445905454,0.449,0.416,1.03514902376456e-23,"9","ARHGAP24"
"EPB41L4A",1.13880706289224e-23,0.32773279121865,0.297,0.386,2.27761412578448e-20,"9","EPB41L4A"
"EYA41",4.80834433883797e-22,0.306864833528426,0.523,0.463,9.61668867767595e-19,"9","EYA4"
"SIPA1L2",5.89227296295764e-22,0.494687435644701,0.311,0.381,1.17845459259153e-18,"9","SIPA1L2"
"TIAM11",7.22644620204442e-22,0.366265996164883,0.534,0.528,1.44528924040888e-18,"9","TIAM1"
"SYT14",1.50104894476316e-15,0.490817295117736,0.384,0.326,3.00209788952631e-12,"9","SYT14"
"GPC51",2.29122121498359e-15,0.514130843490059,0.57,0.525,4.58244242996719e-12,"9","GPC5"
"C11orf96",1.32560438847193e-13,0.946297890217627,0.331,0.251,2.65120877694386e-10,"9","C11orf96"
"LINC01010",1.54231871121474e-13,0.411087779915314,0.308,0.363,3.08463742242949e-10,"9","LINC01010"
"HLA-E",1.6165268122605e-13,0.480619614064129,0.249,0.266,3.23305362452099e-10,"9","HLA-E"
"GAS6",1.22908796152778e-11,0.260230743617526,0.38,0.347,2.45817592305556e-08,"9","GAS6"
"HIVEP3",7.83801635961921e-11,0.429997921393385,0.376,0.449,1.56760327192384e-07,"9","HIVEP3"
"ACTN22",8.49785317781792e-11,0.620851161517716,0.594,0.577,1.69957063556358e-07,"9","ACTN2"
"LIMD1",7.90531722312512e-10,0.535489372900137,0.423,0.4,1.58106344462502e-06,"9","LIMD1"
"MCUB",4.72556086207986e-08,0.485257085814701,0.263,0.28,9.45112172415972e-05,"9","MCUB"
"MEST1",1.47145127132034e-07,0.874595135553994,0.389,0.369,0.000294290254264068,"9","MEST"
"BEX1",1.16041227502057e-06,0.274611147431197,0.266,0.222,0.00232082455004114,"9","BEX1"
"ANGPTL2",4.04074739630258e-06,0.333611748016455,0.287,0.311,0.00808149479260516,"9","ANGPTL2"
"OSMR-AS1",0.000187595937325527,0.691700229646731,0.339,0.338,0.375191874651053,"9","OSMR-AS1"
"DSCAM",0,4.28203500086499,1,0.333,0,"10","DSCAM"
"TNR",0,4.18960482605739,0.999,0.331,0,"10","TNR"
"NRXN1",0,4.14269150104028,0.997,0.264,0,"10","NRXN1"
"CSMD1",0,4.10842974688128,0.999,0.419,0,"10","CSMD1"
"OPCML",0,4.10687118875093,1,0.365,0,"10","OPCML"
"PCDH15",0,3.98499792726519,1,0.382,0,"10","PCDH15"
"FGF14",0,3.91843014200008,1,0.383,0,"10","FGF14"
"LHFPL3",0,3.85848781088303,0.999,0.52,0,"10","LHFPL3"
"SLC35F1",0,3.85395560488119,0.995,0.261,0,"10","SLC35F1"
"VCAN",0,3.82364483460453,0.977,0.347,0,"10","VCAN"
"SNTG1",0,3.81140195789079,0.996,0.298,0,"10","SNTG1"
"NRCAM",0,3.79728381624652,1,0.334,0,"10","NRCAM"
"FAM155A",0,3.73452828072637,0.994,0.319,0,"10","FAM155A"
"PTPRZ1",0,3.72427523238883,0.989,0.344,0,"10","PTPRZ1"
"LRRTM4",0,3.70842139994502,0.999,0.348,0,"10","LRRTM4"
"FGF12",0,3.64997756453431,0.989,0.295,0,"10","FGF12"
"CA10",0,3.649397119297,0.994,0.271,0,"10","CA10"
"KCNIP4",0,3.6313275811693,0.999,0.558,0,"10","KCNIP4"
"LRRC4C",0,3.58440736078158,0.999,0.523,0,"10","LRRC4C"
"KCND2",0,3.58389391796012,0.978,0.27,0,"10","KCND2"
"MMP16",0,3.57572795243293,0.995,0.323,0,"10","MMP16"
"SOX6",0,3.55568455845556,0.995,0.322,0,"10","SOX6"
"CSMD3",0,3.52529612885574,0.999,0.394,0,"10","CSMD3"
"SOX5",0,3.48653804757374,0.996,0.407,0,"10","SOX5"
"BRINP3",0,3.44826329961577,0.988,0.241,0,"10","BRINP3"
"SEZ6L",0,3.41178100383209,0.975,0.213,0,"10","SEZ6L"
"MEGF11",0,3.40703746633476,0.994,0.352,0,"10","MEGF11"
"DGKG",0,3.3990872388518,0.992,0.346,0,"10","DGKG"
"NXPH1",0,3.37638904597153,0.975,0.25,0,"10","NXPH1"
"ZFPM2",0,3.36755799960287,0.984,0.42,0,"10","ZFPM2"
"LUZP2",0,3.3485613149128,0.989,0.462,0,"10","LUZP2"
"ATRNL1",0,3.2943216068094,0.993,0.351,0,"10","ATRNL1"
"MDGA2",0,3.29204949523726,0.999,0.493,0,"10","MDGA2"
"DLGAP1",0,3.26532319816458,0.988,0.322,0,"10","DLGAP1"
"PDZD2",0,3.24277182291791,0.993,0.399,0,"10","PDZD2"
"GRM7",0,3.22406715369531,0.988,0.314,0,"10","GRM7"
"CHST11",0,3.2213898092807,0.984,0.347,0,"10","CHST11"
"CNTNAP5",0,3.21022804610791,0.98,0.333,0,"10","CNTNAP5"
"OPHN1",0,3.20233270717347,0.99,0.347,0,"10","OPHN1"
"PTPRG",0,3.17530059962591,0.974,0.337,0,"10","PTPRG"
"GRIK2",0,3.12966639173531,0.991,0.352,0,"10","GRIK2"
"CHL1",0,3.11937717032944,0.974,0.298,0,"10","CHL1"
"GPM6A",0,3.09809086759975,0.971,0.251,0,"10","GPM6A"
"ADGRL3",0,3.09278739208417,0.999,0.51,0,"10","ADGRL3"
"MAP2",0,3.08374059676833,0.983,0.363,0,"10","MAP2"
"GRM5",0,3.07274641241152,0.976,0.261,0,"10","GRM5"
"NRG3",0,3.0657045186226,0.976,0.396,0,"10","NRG3"
"DPP6",0,3.05178001821122,0.999,0.608,0,"10","DPP6"
"GRIK1",0,3.03919653397406,0.943,0.302,0,"10","GRIK1"
"GRID2",0,3.03575516720579,1,0.541,0,"10","GRID2"
"XYLT1",0,3.02153043970155,0.988,0.53,0,"10","XYLT1"
"ZEB1",0,3.01647068413186,0.977,0.307,0,"10","ZEB1"
"XKR4",0,3.00754252573043,0.954,0.326,0,"10","XKR4"
"CTNNA2",0,2.98627881619469,0.988,0.413,0,"10","CTNNA2"
"MAML2",0,2.98454985574092,0.993,0.401,0,"10","MAML2"
"RORA",0,2.98295263360796,0.998,0.512,0,"10","RORA"
"KCNMA1",0,2.98242284822842,0.982,0.337,0,"10","KCNMA1"
"LINC00511",0,2.91967777979422,0.985,0.389,0,"10","LINC00511"
"LRP1B",0,2.91092336125541,1,0.736,0,"10","LRP1B"
"CACNA1A",0,2.90379312635044,0.982,0.398,0,"10","CACNA1A"
"HS6ST3",0,2.83767722663126,0.932,0.214,0,"10","HS6ST3"
"PCDH7",0,2.80444492943334,0.949,0.317,0,"10","PCDH7"
"SCN1A",0,2.78931025645029,0.901,0.182,0,"10","SCN1A"
"CNTN1",0,2.78848140074472,0.984,0.448,0,"10","CNTN1"
"SLC1A2",0,2.74963854176973,0.912,0.231,0,"10","SLC1A2"
"NLGN4X",0,2.70098009873499,0.974,0.42,0,"10","NLGN4X"
"NKAIN3",0,2.69355942823872,0.932,0.331,0,"10","NKAIN3"
"PLCB1",0,2.68401250359917,0.972,0.303,0,"10","PLCB1"
"NTRK3",0,2.67987221263251,0.967,0.328,0,"10","NTRK3"
"SLC8A1",0,2.67481189438653,0.953,0.302,0,"10","SLC8A1"
"COL11A1",0,2.66888489890598,0.932,0.297,0,"10","COL11A1"
"AC004852.2",0,2.65455445420544,0.899,0.201,0,"10","AC004852.2"
"ARPP21",0,2.63772289128885,0.959,0.205,0,"10","ARPP21"
"KAZN",0,2.63287821630994,0.997,0.666,0,"10","KAZN"
"SMOC1",0,2.62417164283463,0.963,0.413,0,"10","SMOC1"
"AC092691.1",0,2.62398716202577,0.986,0.396,0,"10","AC092691.1"
"DCC",0,2.6179401623545,0.979,0.527,0,"10","DCC"
"KLF12",0,2.58074702238756,0.932,0.332,0,"10","KLF12"
"TMEM132C",0,2.57737368931645,0.986,0.515,0,"10","TMEM132C"
"DAB1",0,2.57149364707107,0.964,0.397,0,"10","DAB1"
"SEMA5A",0,2.56454710077618,0.979,0.577,0,"10","SEMA5A"
"PID1",0,2.56315884453847,0.93,0.336,0,"10","PID1"
"NLGN11",0,2.54934544390339,1,0.732,0,"10","NLGN1"
"PARD3",0,2.54826727198876,0.967,0.476,0,"10","PARD3"
"CDH10",0,2.51283597254797,0.918,0.186,0,"10","CDH10"
"LSAMP",0,2.51155161913006,0.999,0.77,0,"10","LSAMP"
"TOX",0,2.49762619349538,0.927,0.321,0,"10","TOX"
"TMEM132D",0,2.48104957005296,0.94,0.346,0,"10","TMEM132D"
"CSGALNACT1",0,2.46436350837125,0.927,0.239,0,"10","CSGALNACT1"
"KIAA1217",0,2.45240576953397,0.931,0.304,0,"10","KIAA1217"
"SLC24A3",0,2.44005451529112,0.923,0.347,0,"10","SLC24A3"
"STK32A",0,2.43757649387732,0.906,0.248,0,"10","STK32A"
"UST",0,2.43596442309097,0.953,0.413,0,"10","UST"
"SHISA9",0,2.43417903523475,0.899,0.244,0,"10","SHISA9"
"LINC01322",0,2.37930132591185,0.884,0.411,0,"10","LINC01322"
"RIMS2",0,2.37549967667876,0.875,0.268,0,"10","RIMS2"
"PITPNC1",0,2.36649106006443,0.92,0.39,0,"10","PITPNC1"
"STXBP5L",0,2.34484781786004,0.917,0.273,0,"10","STXBP5L"
"DPP10",0,2.33368556617406,0.935,0.425,0,"10","DPP10"
"RGS7",0,2.32833077886675,0.955,0.347,0,"10","RGS7"
"FERMT1",0,2.32661568423828,0.856,0.26,0,"10","FERMT1"
"SORCS3",0,2.32310691000679,0.936,0.309,0,"10","SORCS3"
"KHDRBS3",0,2.31108240949216,0.965,0.385,0,"10","KHDRBS3"
"CCSER1",0,2.30383527103673,0.874,0.325,0,"10","CCSER1"
"CACNA2D3",0,2.29121304261179,0.923,0.287,0,"10","CACNA2D3"
"SULF2",0,2.25353024380229,0.874,0.264,0,"10","SULF2"
"CELF2",0,2.25214503487199,0.949,0.311,0,"10","CELF2"
"SLC2A13",0,2.24419239679053,0.924,0.387,0,"10","SLC2A13"
"LRRN1",0,2.22898378006556,0.903,0.314,0,"10","LRRN1"
"RAB31",0,2.22864862757058,0.912,0.334,0,"10","RAB31"
"HIF3A",0,2.22346193113567,0.902,0.299,0,"10","HIF3A"
"RALYL",0,2.21596333541465,0.831,0.268,0,"10","RALYL"
"PDZRN4",0,2.20217052664307,0.845,0.298,0,"10","PDZRN4"
"KCNIP1",0,2.17443400443489,0.878,0.221,0,"10","KCNIP1"
"KIF26B",0,2.16536909295561,0.893,0.322,0,"10","KIF26B"
"SORCS1",0,2.16366590530889,0.888,0.337,0,"10","SORCS1"
"FAM19A1",0,2.15567202086607,0.853,0.307,0,"10","FAM19A1"
"SCN3A",0,2.15557886931491,0.837,0.278,0,"10","SCN3A"
"AL445250.1",0,2.15210009128232,0.891,0.344,0,"10","AL445250.1"
"ALK",0,2.15022608571661,0.894,0.353,0,"10","ALK"
"NEBL",0,2.147876219905,0.895,0.338,0,"10","NEBL"
"RNF150",0,2.14409025433184,0.902,0.291,0,"10","RNF150"
"CDH13",0,2.13275348882589,0.949,0.347,0,"10","CDH13"
"PRRX1",0,2.12598813512032,0.885,0.346,0,"10","PRRX1"
"C1orf21",0,2.11753184058627,0.882,0.381,0,"10","C1orf21"
"UNC80",0,2.11397892729311,0.88,0.207,0,"10","UNC80"
"TMEM108",0,2.09975182067826,0.912,0.375,0,"10","TMEM108"
"HECW1",0,2.09307847626218,0.892,0.215,0,"10","HECW1"
"TRIM9",0,2.09099648501833,0.973,0.491,0,"10","TRIM9"
"SEMA3E",0,2.06832649973791,0.927,0.277,0,"10","SEMA3E"
"MPPED2",0,2.06391718008952,0.87,0.204,0,"10","MPPED2"
"ASAP11",0,2.06066864705817,0.977,0.568,0,"10","ASAP1"
"FLRT2",0,2.03326366663969,0.839,0.204,0,"10","FLRT2"
"ABHD2",0,2.03194035378362,0.779,0.276,0,"10","ABHD2"
"LRP1",0,2.03071260863357,0.756,0.216,0,"10","LRP1"
"GALNT13",0,2.02808581723722,0.994,0.678,0,"10","GALNT13"
"MYT1L",0,2.02706113303929,0.882,0.238,0,"10","MYT1L"
"SHC3",0,2.01986789145254,0.897,0.351,0,"10","SHC3"
"ADAMTS17",0,2.00802481311149,0.881,0.296,0,"10","ADAMTS17"
"TRIO",0,2.00515494264334,0.957,0.505,0,"10","TRIO"
"CHST9",0,2.000592740323,0.867,0.302,0,"10","CHST9"
"GRIA2",0,1.99669721055316,0.943,0.578,0,"10","GRIA2"
"FAM110B",0,1.99585307024428,0.876,0.259,0,"10","FAM110B"
"NOL4",0,1.99228615162679,0.876,0.28,0,"10","NOL4"
"COL9A1",0,1.99151058780958,0.785,0.243,0,"10","COL9A1"
"PDE7B",0,1.9892326301763,0.857,0.237,0,"10","PDE7B"
"EGFR",0,1.9876593694387,0.893,0.287,0,"10","EGFR"
"TMEM132B",0,1.98743996909522,0.905,0.339,0,"10","TMEM132B"
"CADPS",0,1.96739333015217,0.892,0.286,0,"10","CADPS"
"CCDC50",0,1.96396705740734,0.831,0.3,0,"10","CCDC50"
"ASTN1",0,1.95698621357882,0.889,0.322,0,"10","ASTN1"
"BCAN",0,1.95437813084283,0.735,0.28,0,"10","BCAN"
"THRB",0,1.92798164371556,0.871,0.324,0,"10","THRB"
"GABRB1",0,1.92712577566371,0.865,0.315,0,"10","GABRB1"
"TNS3",0,1.92168991084765,0.892,0.321,0,"10","TNS3"
"POU6F2",0,1.92042258055263,0.857,0.216,0,"10","POU6F2"
"CDK14",0,1.91969239735447,0.929,0.484,0,"10","CDK14"
"RAPGEF4",0,1.91645777771046,0.868,0.354,0,"10","RAPGEF4"
"KCNT2",0,1.91373369154851,0.857,0.258,0,"10","KCNT2"
"MYT1",0,1.90804676708346,0.822,0.144,0,"10","MYT1"
"NLGN4Y1",0,1.90577168658688,0.847,0.515,0,"10","NLGN4Y"
"GRIA4",0,1.90532933177722,0.987,0.715,0,"10","GRIA4"
"ARHGAP31",0,1.89228754853319,0.867,0.337,0,"10","ARHGAP31"
"NOVA1",0,1.88196780934335,0.953,0.636,0,"10","NOVA1"
"ATP13A4",0,1.87564549829676,0.868,0.375,0,"10","ATP13A4"
"ARHGAP42",0,1.86666692864248,0.85,0.322,0,"10","ARHGAP42"
"DISC1",0,1.86418020918066,0.902,0.36,0,"10","DISC1"
"PRKCA",0,1.85952276725644,0.994,0.722,0,"10","PRKCA"
"PTPRT",0,1.85793741143201,0.775,0.303,0,"10","PTPRT"
"KCNMB2-AS1",0,1.85260947416298,0.819,0.317,0,"10","KCNMB2-AS1"
"CACNG4",0,1.84827099862454,0.869,0.256,0,"10","CACNG4"
"GLCCI1",0,1.84743728950369,0.905,0.422,0,"10","GLCCI1"
"CTNND24",0,1.82783518845437,0.997,0.702,0,"10","CTNND2"
"FAM19A2",0,1.82018819912546,0.831,0.324,0,"10","FAM19A2"
"CASK",0,1.81902292907816,0.936,0.472,0,"10","CASK"
"NTNG1",0,1.81562008424212,0.815,0.244,0,"10","NTNG1"
"PTPRN2",0,1.80963192928157,0.881,0.298,0,"10","PTPRN2"
"PALLD",0,1.80599336061663,0.876,0.367,0,"10","PALLD"
"IGSF21",0,1.80024828210679,0.846,0.176,0,"10","IGSF21"
"AFAP1L2",0,1.79894284772993,0.868,0.194,0,"10","AFAP1L2"
"MEG8",0,1.77173085658995,0.687,0.204,0,"10","MEG8"
"THSD7A",0,1.76848637794731,0.8,0.199,0,"10","THSD7A"
"TMEM178B",0,1.75580829417992,0.87,0.298,0,"10","TMEM178B"
"ETV1",0,1.75533017912126,0.766,0.184,0,"10","ETV1"
"SLC1A1",0,1.75298912467094,0.838,0.312,0,"10","SLC1A1"
"CACNA1D",0,1.74848161083074,0.873,0.378,0,"10","CACNA1D"
"NAV31",0,1.74675564229885,0.97,0.606,0,"10","NAV3"
"MGLL",0,1.73182188095734,0.872,0.309,0,"10","MGLL"
"GRIA3",0,1.73030959192122,0.897,0.349,0,"10","GRIA3"
"MAP3K5",0,1.72049146683219,0.849,0.296,0,"10","MAP3K5"
"SCN2A",0,1.71406115337625,0.743,0.187,0,"10","SCN2A"
"CALCRL",0,1.70941835988721,0.748,0.221,0,"10","CALCRL"
"CMYA5",0,1.70470723374292,0.791,0.313,0,"10","CMYA5"
"CRISPLD2",0,1.70419530145582,0.785,0.252,0,"10","CRISPLD2"
"ITPR2",0,1.68536546548801,0.891,0.492,0,"10","ITPR2"
"NTN1",0,1.67719837391947,0.844,0.25,0,"10","NTN1"
"CDH18",0,1.67679375809209,0.857,0.278,0,"10","CDH18"
"TMEM163",0,1.6765967329352,0.834,0.336,0,"10","TMEM163"
"GSG1L",0,1.66573350015478,0.829,0.275,0,"10","GSG1L"
"LRRK2",0,1.66218884160355,0.639,0.214,0,"10","LRRK2"
"ESRRG1",0,1.66093004006536,0.862,0.347,0,"10","ESRRG"
"TENM1",0,1.6578612870439,0.78,0.274,0,"10","TENM1"
"GPC6",0,1.65689120998659,0.708,0.303,0,"10","GPC6"
"MARCKS",0,1.6542374392016,0.693,0.303,0,"10","MARCKS"
"CSMD22",0,1.64629734056661,0.961,0.571,0,"10","CSMD2"
"LRFN5",0,1.63962822107711,0.758,0.23,0,"10","LRFN5"
"CSRNP3",0,1.6390929880838,0.893,0.424,0,"10","CSRNP3"
"ZNF804A",0,1.63660668693334,0.814,0.232,0,"10","ZNF804A"
"TNK2",0,1.6319614679122,0.738,0.337,0,"10","TNK2"
"IL1RAP",0,1.62409889311226,0.753,0.237,0,"10","IL1RAP"
"SCN9A",0,1.61759836412864,0.815,0.247,0,"10","SCN9A"
"EPN2",0,1.61298611376563,0.938,0.73,0,"10","EPN2"
"CNTN3",0,1.61280261507089,0.887,0.516,0,"10","CNTN3"
"NCALD",0,1.61221394823323,0.767,0.275,0,"10","NCALD"
"MYO16",0,1.60082244326645,0.831,0.227,0,"10","MYO16"
"RIMS1",0,1.59426390208311,0.866,0.404,0,"10","RIMS1"
"AMZ1",0,1.59262585416152,0.834,0.274,0,"10","AMZ1"
"SLC35F3",0,1.58792579366345,0.829,0.35,0,"10","SLC35F3"
"STK32B",0,1.58396469211349,0.827,0.284,0,"10","STK32B"
"SAMD4A1",0,1.58133716739948,0.91,0.515,0,"10","SAMD4A"
"SLC44A5",0,1.5726763929301,0.783,0.373,0,"10","SLC44A5"
"LRRC72",0,1.57056789518205,0.996,0.746,0,"10","LRRC7"
"ST6GAL1",0,1.56257272972874,0.803,0.303,0,"10","ST6GAL1"
"MSRA",0,1.55525551576721,0.889,0.392,0,"10","MSRA"
"DGKB",0,1.55492960786249,0.806,0.293,0,"10","DGKB"
"CADM22",0,1.54582324157521,0.998,0.805,0,"10","CADM2"
"SNAP91",0,1.54472269452697,0.854,0.297,0,"10","SNAP91"
"GABRB3",0,1.54164760369293,0.805,0.284,0,"10","GABRB3"
"PLPPR1",0,1.54052435888658,0.935,0.541,0,"10","PLPPR1"
"MAPK10",0,1.5324837122595,0.969,0.627,0,"10","MAPK10"
"CERS6",0,1.52999978126611,0.846,0.378,0,"10","CERS6"
"LINC02588",0,1.52751512584278,0.775,0.262,0,"10","LINC02588"
"GPR158",0,1.52297796470527,0.844,0.29,0,"10","GPR158"
"PAK3",0,1.51578326282606,0.774,0.141,0,"10","PAK3"
"GUCY1A2",0,1.51446528053885,0.823,0.341,0,"10","GUCY1A2"
"DIAPH2",0,1.50433569863227,0.818,0.293,0,"10","DIAPH2"
"ST8SIA1",0,1.50403829608049,0.775,0.253,0,"10","ST8SIA1"
"C1orf61",0,1.50302438871048,0.653,0.255,0,"10","C1orf61"
"ERC2",0,1.50230085277314,0.88,0.384,0,"10","ERC2"
"ERBB41",0,1.49810170503385,0.998,0.841,0,"10","ERBB4"
"MCTP1",0,1.49562910104168,0.764,0.323,0,"10","MCTP1"
"NELL1",0,1.495091092821,0.734,0.249,0,"10","NELL1"
"BEST3",0,1.4817340312547,0.783,0.25,0,"10","BEST3"
"PLPP4",0,1.47705647097151,0.891,0.55,0,"10","PLPP4"
"OLFM2",0,1.47579641826105,0.696,0.192,0,"10","OLFM2"
"MPZL1",0,1.47569993632049,0.746,0.268,0,"10","MPZL1"
"PLPPR5",0,1.47250516947633,0.781,0.224,0,"10","PLPPR5"
"SYT17",0,1.47232474314179,0.78,0.249,0,"10","SYT17"
"LRRFIP1",0,1.46930594664678,0.81,0.277,0,"10","LRRFIP1"
"PDGFRA",0,1.45542130587165,0.604,0.132,0,"10","PDGFRA"
"MAP3K1",0,1.45379398041038,0.793,0.29,0,"10","MAP3K1"
"FGFR11",0,1.45096816758979,0.815,0.448,0,"10","FGFR1"
"RUNX1T11",0,1.44745479646338,0.823,0.401,0,"10","RUNX1T1"
"GRIN2B",0,1.43923384581847,0.739,0.184,0,"10","GRIN2B"
"CACNA1C",0,1.43896218390497,0.849,0.408,0,"10","CACNA1C"
"SORBS2",0,1.43783942319929,0.683,0.243,0,"10","SORBS2"
"ASTN23",0,1.4362112311658,0.976,0.652,0,"10","ASTN2"
"REV3L1",0,1.43079053847667,0.91,0.546,0,"10","REV3L"
"ARHGEF4",0,1.42637439316833,0.83,0.301,0,"10","ARHGEF4"
"RBFOX1",0,1.41434731951951,0.932,0.462,0,"10","RBFOX1"
"PAM",0,1.41357645132213,0.769,0.297,0,"10","PAM"
"FMN2",0,1.41262612784083,0.826,0.376,0,"10","FMN2"
"PDGFC",0,1.41244680284383,0.758,0.287,0,"10","PDGFC"
"FRY",0,1.41222260220286,0.889,0.443,0,"10","FRY"
"U91319.1",0,1.40730369294098,0.743,0.288,0,"10","U91319.1"
"CNTN4",0,1.40616398508776,0.702,0.235,0,"10","CNTN4"
"PRKD1",0,1.39963693674415,0.911,0.536,0,"10","PRKD1"
"CRB1",0,1.39772364613358,0.868,0.409,0,"10","CRB1"
"DZIP1",0,1.39582766403973,0.755,0.205,0,"10","DZIP1"
"UNC791",0,1.39326932514982,0.882,0.388,0,"10","UNC79"
"ANTXR1",0,1.39245517158165,0.794,0.29,0,"10","ANTXR1"
"ASIC2",0,1.39022085808889,0.736,0.244,0,"10","ASIC2"
"BCHE",0,1.38746568612189,0.764,0.327,0,"10","BCHE"
"ST6GAL2",0,1.38722589670156,0.707,0.099,0,"10","ST6GAL2"
"NR2F1-AS1",0,1.38208440433437,0.799,0.193,0,"10","NR2F1-AS1"
"BRINP1",0,1.3781356996646,0.734,0.177,0,"10","BRINP1"
"DCLK2",0,1.37779576267393,0.791,0.312,0,"10","DCLK2"
"RIT2",0,1.3730168080561,0.776,0.177,0,"10","RIT2"
"MACROD21",0,1.37114143137871,0.921,0.58,0,"10","MACROD2"
"ARHGAP10",0,1.3709776663913,0.801,0.272,0,"10","ARHGAP10"
"NTRK22",0,1.37084965965744,0.925,0.536,0,"10","NTRK2"
"AFAP1",0,1.35983053474985,0.79,0.325,0,"10","AFAP1"
"MARK1",0,1.35572122301746,0.837,0.358,0,"10","MARK1"
"LMO3",0,1.35107453490274,0.74,0.178,0,"10","LMO3"
"ATCAY",0,1.34802221325488,0.667,0.159,0,"10","ATCAY"
"DOK6",0,1.34729042927875,0.793,0.256,0,"10","DOK6"
"TACC2",0,1.33194555791448,0.709,0.202,0,"10","TACC2"
"C1QL1",0,1.32768462659105,0.665,0.25,0,"10","C1QL1"
"HDAC9",0,1.32641449201182,0.925,0.513,0,"10","HDAC9"
"APCDD1",0,1.32159571540172,0.75,0.348,0,"10","APCDD1"
"GRAMD1B",0,1.32048374287538,0.781,0.25,0,"10","GRAMD1B"
"VWC2",0,1.31639203330022,0.736,0.134,0,"10","VWC2"
"SGCD1",0,1.31616118616054,0.942,0.619,0,"10","SGCD"
"SMAD3",0,1.31613752158071,0.784,0.22,0,"10","SMAD3"
"XKR61",0,1.31288345204137,0.887,0.534,0,"10","XKR6"
"LINC00461",0,1.31004786967386,0.807,0.326,0,"10","LINC00461"
"AL589740.11",0,1.29030588965561,0.943,0.595,0,"10","AL589740.1"
"KCNQ3",0,1.28863818442298,0.803,0.338,0,"10","KCNQ3"
"FAM13A",0,1.28748568570237,0.833,0.428,0,"10","FAM13A"
"NAV21",0,1.28570334547484,0.975,0.743,0,"10","NAV2"
"GAD1",0,1.28452785536331,0.687,0.154,0,"10","GAD1"
"KHDRBS2",0,1.27666423424856,0.784,0.339,0,"10","KHDRBS2"
"DGKI",0,1.27607930458942,0.874,0.438,0,"10","DGKI"
"LPP",0,1.27281892665321,0.94,0.575,0,"10","LPP"
"RNF180",0,1.26075898409069,0.768,0.308,0,"10","RNF180"
"SEL1L3",0,1.25724769013883,0.771,0.225,0,"10","SEL1L3"
"GFRA1",0,1.25693660911012,0.694,0.165,0,"10","GFRA1"
"ASIC4",0,1.25574035533969,0.625,0.161,0,"10","ASIC4"
"GRIK42",0,1.24909661077087,0.875,0.401,0,"10","GRIK4"
"NOS1",0,1.24325373719659,0.759,0.206,0,"10","NOS1"
"MEF2C-AS1",0,1.23840800048777,0.736,0.3,0,"10","MEF2C-AS1"
"TMEM196",0,1.23788459776379,0.766,0.106,0,"10","TMEM196"
"FRMD4A",0,1.23507265485932,0.932,0.464,0,"10","FRMD4A"
"BRINP2",0,1.23055427614276,0.788,0.201,0,"10","BRINP2"
"NMNAT2",0,1.22825106015692,0.751,0.275,0,"10","NMNAT2"
"PARP8",0,1.21904411299471,0.721,0.262,0,"10","PARP8"
"DACH2",0,1.21427297500097,0.785,0.351,0,"10","DACH2"
"GRIK3",0,1.20809483892117,0.77,0.4,0,"10","GRIK3"
"ADCY2",0,1.20527768979002,0.726,0.341,0,"10","ADCY2"
"GRIA1",0,1.20463378522895,0.783,0.209,0,"10","GRIA1"
"IGSF9B",0,1.20314942752119,0.633,0.188,0,"10","IGSF9B"
"FARP1",0,1.19629311424347,0.734,0.28,0,"10","FARP1"
"PRKG2",0,1.19456813486262,0.738,0.186,0,"10","PRKG2"
"ZEB1-AS1",0,1.19122557886739,0.751,0.207,0,"10","ZEB1-AS1"
"KCTD16",0,1.19067996468394,0.61,0.283,0,"10","KCTD16"
"SUSD4",0,1.19035452218331,0.715,0.14,0,"10","SUSD4"
"TEK",0,1.1865591158324,0.711,0.312,0,"10","TEK"
"NTN4",0,1.18575278020925,0.737,0.193,0,"10","NTN4"
"LIMD11",0,1.17995092728616,0.813,0.383,0,"10","LIMD1"
"PLCB4",0,1.1717986457984,0.713,0.278,0,"10","PLCB4"
"MMD2",0,1.17089467327301,0.696,0.269,0,"10","MMD2"
"BAALC2",0,1.17054259228804,0.82,0.346,0,"10","BAALC"
"ITGA9",0,1.16955002758357,0.766,0.275,0,"10","ITGA9"
"KIAA1211",0,1.16846216636563,0.77,0.278,0,"10","KIAA1211"
"ADGRB1",0,1.16771070569341,0.603,0.154,0,"10","ADGRB1"
"OSBPL6",0,1.16324283373876,0.653,0.224,0,"10","OSBPL6"
"KALRN",0,1.16261543884602,0.752,0.312,0,"10","KALRN"
"MAGI3",0,1.15691902816675,0.764,0.394,0,"10","MAGI3"
"NEGR12",0,1.15550066281888,0.952,0.667,0,"10","NEGR1"
"SPRED2",0,1.15456197707913,0.768,0.361,0,"10","SPRED2"
"SMYD3",0,1.1541169104926,0.868,0.491,0,"10","SMYD3"
"ADAMTS6",0,1.15159568590204,0.762,0.313,0,"10","ADAMTS6"
"CPNE5",0,1.14082381519934,0.756,0.133,0,"10","CPNE5"
"DDAH1",0,1.13497356731326,0.688,0.216,0,"10","DDAH1"
"GRIP1",0,1.13333165065889,0.728,0.261,0,"10","GRIP1"
"PCSK5",0,1.13208830476847,0.778,0.41,0,"10","PCSK5"
"GRAMD1C",0,1.13153815453332,0.69,0.285,0,"10","GRAMD1C"
"AKAP13",0,1.13115274007153,0.738,0.358,0,"10","AKAP13"
"GOLIM4",0,1.12857655874441,0.781,0.373,0,"10","GOLIM4"
"ADRA1A",0,1.12412935952173,0.698,0.191,0,"10","ADRA1A"
"ITGA8",0,1.124054121554,0.61,0.311,0,"10","ITGA8"
"SNAP251",0,1.12398008478342,0.692,0.216,0,"10","SNAP25"
"FHOD3",0,1.1212090172439,0.739,0.237,0,"10","FHOD3"
"DPYSL3",0,1.11891497887763,0.718,0.222,0,"10","DPYSL3"
"HRASLS",0,1.11759576590504,0.774,0.161,0,"10","HRASLS"
"SYT16",0,1.11556161700887,0.728,0.168,0,"10","SYT16"
"C3orf70",0,1.11507984918998,0.732,0.41,0,"10","C3orf70"
"RALGPS2",0,1.11359172201787,0.734,0.25,0,"10","RALGPS2"
"CTXND1",0,1.11346925101177,0.809,0.122,0,"10","CTXND1"
"MED12L",0,1.11182894165122,0.725,0.301,0,"10","MED12L"
"AC124854.1",0,1.11030183142589,0.79,0.194,0,"10","AC124854.1"
"PCDH11X",0,1.10867229063882,0.628,0.328,0,"10","PCDH11X"
"PRICKLE2",0,1.10333508594743,0.779,0.249,0,"10","PRICKLE2"
"B3GAT2",0,1.08719576957938,0.661,0.283,0,"10","B3GAT2"
"RAB3C",0,1.08715172124173,0.654,0.17,0,"10","RAB3C"
"NRG21",0,1.08235597021723,0.785,0.32,0,"10","NRG2"
"LAMA4",0,1.08063910118837,0.603,0.23,0,"10","LAMA4"
"PDE4D2",0,1.07777833006787,0.95,0.624,0,"10","PDE4D"
"KSR2",0,1.07774578612124,0.738,0.26,0,"10","KSR2"
"PLCE1",0,1.07414473703218,0.67,0.29,0,"10","PLCE1"
"PDLIM5",0,1.0698855574661,0.797,0.441,0,"10","PDLIM5"
"FCHSD24",0,1.06727339225694,0.968,0.604,0,"10","FCHSD2"
"FOXN3",0,1.06325386820312,0.888,0.489,0,"10","FOXN3"
"ADCY8",0,1.06153522067912,0.708,0.29,0,"10","ADCY8"
"NR3C2",0,1.0594721744949,0.842,0.413,0,"10","NR3C2"
"KCNAB13",0,1.05883119396246,0.889,0.463,0,"10","KCNAB1"
"SLIT1",0,1.05525169818197,0.762,0.264,0,"10","SLIT1"
"SLC38A1",0,1.05376787151095,0.682,0.271,0,"10","SLC38A1"
"TSC22D1",0,1.05101222073246,0.796,0.447,0,"10","TSC22D1"
"SDK1",0,1.04946811005355,0.783,0.449,0,"10","SDK1"
"TTTY14",0,1.04919275218987,0.825,0.463,0,"10","TTTY14"
"OLIG11",0,1.04806482327657,0.767,0.403,0,"10","OLIG1"
"TAOK3",0,1.04721100325941,0.911,0.658,0,"10","TAOK3"
"SLC8A3",0,1.03906082037058,0.693,0.223,0,"10","SLC8A3"
"LINC00937",0,1.03770209770684,0.73,0.343,0,"10","LINC00937"
"NETO1",0,1.03717369750534,0.702,0.229,0,"10","NETO1"
"BASP1-AS1",0,1.03693033192146,0.77,0.212,0,"10","BASP1-AS1"
"PTPRO",0,1.035508119666,0.634,0.283,0,"10","PTPRO"
"SYN2",0,1.03533874346371,0.66,0.194,0,"10","SYN2"
"MAMLD1",0,1.03364052514878,0.716,0.256,0,"10","MAMLD1"
"SORBS12",0,1.02859273683583,0.928,0.626,0,"10","SORBS1"
"FYN",0,1.02814052816982,0.95,0.729,0,"10","FYN"
"PELI2",0,1.02694105908455,0.843,0.446,0,"10","PELI2"
"CNTNAP22",0,1.0205123970201,0.84,0.439,0,"10","CNTNAP2"
"CAMK1D",0,1.01848039313076,0.715,0.257,0,"10","CAMK1D"
"PKNOX2",0,1.01717566460545,0.751,0.345,0,"10","PKNOX2"
"CA8",0,1.01346176108459,0.719,0.227,0,"10","CA8"
"CLVS1",0,1.01264846871269,0.769,0.289,0,"10","CLVS1"
"ANO6",0,1.00965161607953,0.745,0.306,0,"10","ANO6"
"TRERF1",0,1.00699108184327,0.742,0.189,0,"10","TRERF1"
"EMID1",0,0.99633655541103,0.628,0.193,0,"10","EMID1"
"DPY19L2",0,0.995075672509664,0.702,0.373,0,"10","DPY19L2"
"RBMS1",0,0.991239130372518,0.675,0.416,0,"10","RBMS1"
"CRTAC1",0,0.989663723647077,0.732,0.289,0,"10","CRTAC1"
"CABLES1",0,0.9891080353611,0.632,0.159,0,"10","CABLES1"
"KCND31",0,0.984525529855111,0.817,0.493,0,"10","KCND3"
"FAT3",0,0.984237633927228,0.64,0.214,0,"10","FAT3"
"BASP1",0,0.978238144671278,0.663,0.176,0,"10","BASP1"
"DIRC3",0,0.976777661043025,0.684,0.273,0,"10","DIRC3"
"OXR1",0,0.973294779472356,0.688,0.286,0,"10","OXR1"
"ABLIM1",0,0.967885342272445,0.755,0.311,0,"10","ABLIM1"
"FBXL172",0,0.966513173855823,0.835,0.426,0,"10","FBXL17"
"STK33",0,0.964751158697033,0.713,0.266,0,"10","STK33"
"SLC4A10",0,0.959171647259156,0.662,0.192,0,"10","SLC4A10"
"CDH4",0,0.958751887466771,0.762,0.419,0,"10","CDH4"
"PDE3B",0,0.957709562204515,0.743,0.284,0,"10","PDE3B"
"PRICKLE1",0,0.95439646756189,0.679,0.242,0,"10","PRICKLE1"
"LRMDA",0,0.951388214653991,0.721,0.339,0,"10","LRMDA"
"UPP2",0,0.951333845201621,0.758,0.36,0,"10","UPP2"
"ATP2B2",0,0.95081016070523,0.636,0.189,0,"10","ATP2B2"
"CNKSR2",0,0.948118363211532,0.652,0.206,0,"10","CNKSR2"
"CACNG5",0,0.947158015545696,0.711,0.182,0,"10","CACNG5"
"SYT141",0,0.943514548545205,0.764,0.31,0,"10","SYT14"
"SLC9A7",0,0.943352765289296,0.589,0.175,0,"10","SLC9A7"
"HS6ST2",0,0.942510421911462,0.63,0.198,0,"10","HS6ST2"
"AC007563.2",0,0.941908270843625,0.741,0.276,0,"10","AC007563.2"
"PLEKHA2",0,0.935478952052269,0.667,0.283,0,"10","PLEKHA2"
"NTM1",0,0.934409402320844,0.977,0.875,0,"10","NTM"
"FIGN1",0,0.934322166105188,0.853,0.504,0,"10","FIGN"
"DTNA1",0,0.933567228793028,0.904,0.589,0,"10","DTNA"
"GNG2",0,0.928284614748384,0.67,0.173,0,"10","GNG2"
"LINC02223",0,0.921533920266368,0.719,0.144,0,"10","LINC02223"
"ANKRD55",0,0.920232710792653,0.783,0.258,0,"10","ANKRD55"
"NOTCH2",0,0.919752697724562,0.659,0.378,0,"10","NOTCH2"
"MIR9-3HG",0,0.915170851301203,0.592,0.215,0,"10","MIR9-3HG"
"CDH2",0,0.905442257029083,0.769,0.377,0,"10","CDH2"
"AMPH",0,0.903384836553796,0.667,0.174,0,"10","AMPH"
"COL4A3",0,0.899556520442897,0.707,0.313,0,"10","COL4A3"
"MIAT",0,0.897028173692658,0.563,0.094,0,"10","MIAT"
"AC090568.2",0,0.896428066131833,0.663,0.313,0,"10","AC090568.2"
"TNIK1",0,0.892209211880782,0.907,0.627,0,"10","TNIK"
"ARHGEF6",0,0.890710349171051,0.688,0.353,0,"10","ARHGEF6"
"MAST41",0,0.888155374184125,0.778,0.379,0,"10","MAST4"
"LINC02328",0,0.878637817437637,0.717,0.334,0,"10","LINC02328"
"GHR",0,0.878019088909502,0.611,0.294,0,"10","GHR"
"ADCY1",0,0.875039738019607,0.622,0.236,0,"10","ADCY1"
"PLCL2",0,0.871704504396269,0.682,0.244,0,"10","PLCL2"
"SEMA5B",0,0.867243302643047,0.666,0.187,0,"10","SEMA5B"
"AKAP12",0,0.865141327472757,0.683,0.258,0,"10","AKAP12"
"AL110292.1",0,0.864217814504203,0.719,0.307,0,"10","AL110292.1"
"RAB27B",0,0.861904751556405,0.729,0.199,0,"10","RAB27B"
"PACS1",0,0.858407821898309,0.745,0.336,0,"10","PACS1"
"LINC02283",0,0.853250491355637,0.736,0.162,0,"10","LINC02283"
"ME1",0,0.844398847441852,0.695,0.263,0,"10","ME1"
"EML5",0,0.842084289182049,0.724,0.268,0,"10","EML5"
"RPS6KA31",0,0.835970935950563,0.764,0.399,0,"10","RPS6KA3"
"ME3",0,0.83593884951962,0.698,0.271,0,"10","ME3"
"CAMK4",0,0.828043466119699,0.612,0.192,0,"10","CAMK4"
"BMPER",0,0.822311266677546,0.763,0.29,0,"10","BMPER"
"MKL2",0,0.821784802608922,0.723,0.296,0,"10","MKL2"
"RBMS3",0,0.820883434274859,0.599,0.225,0,"10","RBMS3"
"LHFPL2",0,0.812604684000318,0.665,0.369,0,"10","LHFPL2"
"EPHB1",0,0.810653620853147,0.673,0.34,0,"10","EPHB1"
"MEF2C",0,0.807328704620058,0.567,0.186,0,"10","MEF2C"
"PCSK2",0,0.806745031986375,0.757,0.221,0,"10","PCSK2"
"PLXNA4",0,0.806550504421588,0.678,0.256,0,"10","PLXNA4"
"ZNF516",0,0.805912606365568,0.677,0.352,0,"10","ZNF516"
"ANO5",0,0.802556897244554,0.647,0.133,0,"10","ANO5"
"ADAMTS9-AS2",0,0.802410466679021,0.657,0.315,0,"10","ADAMTS9-AS2"
"HFM1",0,0.800467132830054,0.665,0.286,0,"10","HFM1"
"SH3RF3",0,0.798546383634926,0.744,0.314,0,"10","SH3RF3"
"NPAS2",0,0.79701537057804,0.664,0.307,0,"10","NPAS2"
"ABR",0,0.795997663483416,0.741,0.386,0,"10","ABR"
"FAM49A",0,0.788924686009931,0.675,0.307,0,"10","FAM49A"
"ARHGAP20",0,0.785242956835362,0.677,0.328,0,"10","ARHGAP20"
"CHN1",0,0.779897185561501,0.647,0.259,0,"10","CHN1"
"RGS17",0,0.779380406374426,0.641,0.33,0,"10","RGS17"
"ETV61",0,0.77529212496774,0.795,0.388,0,"10","ETV6"
"ATP8A21",0,0.766602132005805,0.664,0.293,0,"10","ATP8A2"
"ADAM23",0,0.761892350493128,0.69,0.397,0,"10","ADAM23"
"TSHZ3",0,0.74284004235489,0.584,0.174,0,"10","TSHZ3"
"LDLRAD42",0,0.742361729769286,0.888,0.549,0,"10","LDLRAD4"
"NETO2",0,0.741148590621025,0.625,0.361,0,"10","NETO2"
"VIPR2",0,0.740799366954232,0.562,0.141,0,"10","VIPR2"
"AL133346.1",0,0.738483822350645,0.719,0.381,0,"10","AL133346.1"
"CACNG2",0,0.733434919338525,0.6,0.17,0,"10","CACNG2"
"COL4A4",0,0.732506588880678,0.737,0.28,0,"10","COL4A4"
"CACHD1",0,0.731982648253938,0.667,0.178,0,"10","CACHD1"
"KCNJ3",0,0.726383082084462,0.729,0.211,0,"10","KCNJ3"
"CUX2",0,0.719641181730517,0.74,0.238,0,"10","CUX2"
"LRFN2",0,0.716392728822843,0.626,0.144,0,"10","LRFN2"
"GNG12",0,0.714290501924614,0.634,0.318,0,"10","GNG12"
"AC124254.1",0,0.713141672473428,0.654,0.209,0,"10","AC124254.1"
"PPM1E",0,0.71313509701106,0.678,0.366,0,"10","PPM1E"
"NHSL1",0,0.712148340514891,0.631,0.329,0,"10","NHSL1"
"RGS7BP",0,0.711120188110638,0.689,0.123,0,"10","RGS7BP"
"AL392023.21",0,0.711023129142065,0.772,0.388,0,"10","AL392023.2"
"MLLT3",0,0.703722700371324,0.809,0.447,0,"10","MLLT3"
"ICA1",0,0.703645115149358,0.58,0.122,0,"10","ICA1"
"NEXMIF",0,0.692677706031685,0.645,0.244,0,"10","NEXMIF"
"TENM4",0,0.689663470269373,0.758,0.394,0,"10","TENM4"
"GLDC",0,0.683834618962339,0.626,0.254,0,"10","GLDC"
"PLEKHA5",0,0.681278890433141,0.783,0.514,0,"10","PLEKHA5"
"SETBP12",0,0.680638257904578,0.741,0.511,0,"10","SETBP1"
"PCDH11Y",0,0.679740192984018,0.628,0.329,0,"10","PCDH11Y"
"AC009975.1",0,0.678406848043735,0.767,0.316,0,"10","AC009975.1"
"CRISPLD1",0,0.674946373474794,0.609,0.15,0,"10","CRISPLD1"
"PRKAG2",0,0.674558470952353,0.604,0.293,0,"10","PRKAG2"
"ANKRD30BL",0,0.663387671259572,0.71,0.242,0,"10","ANKRD30BL"
"SUCLG2-AS1",0,0.661186349443337,0.635,0.329,0,"10","SUCLG2-AS1"
"AL353784.1",0,0.658657687354954,0.662,0.198,0,"10","AL353784.1"
"VAT1L",0,0.657919140590526,0.667,0.25,0,"10","VAT1L"
"ANKFN1",0,0.657233749016718,0.641,0.269,0,"10","ANKFN1"
"ZSWIM5",0,0.655252734566861,0.767,0.4,0,"10","ZSWIM5"
"DOK5",0,0.649298095602277,0.593,0.209,0,"10","DOK5"
"AFF32",0,0.64863319624352,0.829,0.583,0,"10","AFF3"
"SYNE2",0,0.647433119420573,0.715,0.393,0,"10","SYNE2"
"EPHA5",0,0.646725880023298,0.641,0.234,0,"10","EPHA5"
"TRHDE",0,0.641916015426692,0.662,0.24,0,"10","TRHDE"
"IGF2BP2",0,0.638277026871555,0.757,0.3,0,"10","IGF2BP2"
"PKIA",0,0.636122140468981,0.621,0.307,0,"10","PKIA"
"MIPOL1",0,0.632208908505736,0.679,0.41,0,"10","MIPOL1"
"CNTN6",0,0.613096140233855,0.65,0.266,0,"10","CNTN6"
"FNBP1L",0,0.612473806306394,0.639,0.285,0,"10","FNBP1L"
"PVT1",0,0.6073616450854,0.666,0.257,0,"10","PVT1"
"LINC01748",0,0.606006398381043,0.645,0.22,0,"10","LINC01748"
"AC010127.1",0,0.604151062335878,0.666,0.289,0,"10","AC010127.1"
"MALRD1",0,0.602396113965606,0.594,0.271,0,"10","MALRD1"
"EPB41L4A1",0,0.594592811338114,0.677,0.37,0,"10","EPB41L4A"
"AC008014.1",0,0.589201423257908,0.662,0.348,0,"10","AC008014.1"
"AC073050.1",0,0.587821361740559,0.71,0.387,0,"10","AC073050.1"
"RNF165",0,0.586545364971304,0.586,0.229,0,"10","RNF165"
"FAR2",0,0.582383585037763,0.718,0.357,0,"10","FAR2"
"SIPA1L21",0,0.580423277164336,0.661,0.366,0,"10","SIPA1L2"
"AC099792.1",0,0.578678518946669,0.645,0.269,0,"10","AC099792.1"
"MB21D2",0,0.574939903829796,0.711,0.365,0,"10","MB21D2"
"LINC02058",0,0.573788577537197,0.682,0.204,0,"10","LINC02058"
"CHST15",0,0.570896200784977,0.69,0.137,0,"10","CHST15"
"SPHKAP",0,0.56663070038677,0.725,0.202,0,"10","SPHKAP"
"NEDD41",0,0.565741032138371,0.699,0.427,0,"10","NEDD4"
"HS3ST1",0,0.554925637487133,0.545,0.13,0,"10","HS3ST1"
"CDC14A",0,0.55446675165881,0.618,0.354,0,"10","CDC14A"
"FRMD6",0,0.551075448387466,0.613,0.308,0,"10","FRMD6"
"TENT5A",0,0.548579250779618,0.68,0.264,0,"10","TENT5A"
"AC008050.1",0,0.545716490560998,0.655,0.347,0,"10","AC008050.1"
"AQP4-AS1",0,0.54511766176689,0.634,0.319,0,"10","AQP4-AS1"
"UBE3D",0,0.535299941942395,0.684,0.375,0,"10","UBE3D"
"CEP112",0,0.531223953308986,0.679,0.272,0,"10","CEP112"
"PAK51",0,0.528721474265591,0.66,0.379,0,"10","PAK5"
"MIR2052HG",0,0.528115982838412,0.657,0.334,0,"10","MIR2052HG"
"SLC16A10",0,0.524673955698369,0.625,0.175,0,"10","SLC16A10"
"LHFPL62",0,0.523127722539799,0.747,0.434,0,"10","LHFPL6"
"PPM1L",0,0.522705712244418,0.7,0.341,0,"10","PPM1L"
"NXN",0,0.51846245938097,0.721,0.386,0,"10","NXN"
"KLHL13",0,0.5184558025318,0.634,0.355,0,"10","KLHL13"
"LRCH1",0,0.51684418729225,0.603,0.251,0,"10","LRCH1"
"AC090825.1",0,0.515354925533262,0.609,0.224,0,"10","AC090825.1"
"PROM1",0,0.513811633185775,0.565,0.166,0,"10","PROM1"
"FNDC3B1",0,0.511177771232566,0.75,0.445,0,"10","FNDC3B"
"COL27A1",0,0.505511937833808,0.604,0.2,0,"10","COL27A1"
"SH3GL2",0,0.498958976532449,0.61,0.181,0,"10","SH3GL2"
"MID1",0,0.492035716813163,0.657,0.345,0,"10","MID1"
"SLC22A3",0,0.482135517611598,0.614,0.157,0,"10","SLC22A3"
"GLYATL2",0,0.476551168071459,0.71,0.197,0,"10","GLYATL2"
"TBC1D1",0,0.471329143460225,0.664,0.308,0,"10","TBC1D1"
"ZFHX3",0,0.467914478277191,0.712,0.404,0,"10","ZFHX3"
"ANKRD6",0,0.465189029569351,0.618,0.336,0,"10","ANKRD6"
"ARHGEF26",0,0.460456827783163,0.619,0.276,0,"10","ARHGEF26"
"GAP43",0,0.460391798364044,0.617,0.182,0,"10","GAP43"
"VWC2L",0,0.446759204566424,0.742,0.289,0,"10","VWC2L"
"TTN-AS1",0,0.442768970197454,0.742,0.389,0,"10","TTN-AS1"
"GABBR2",0,0.437720299875403,0.664,0.221,0,"10","GABBR2"
"INHBA",0,0.437040623375203,0.629,0.179,0,"10","INHBA"
"AL662796.12",0,0.432796110692045,0.775,0.466,0,"10","AL662796.1"
"CA3",0,0.430588084706656,0.714,0.257,0,"10","CA3"
"NREP",0,0.428680870555102,0.686,0.251,0,"10","NREP"
"PDZRN3",0,0.428590239482982,0.68,0.261,0,"10","PDZRN3"
"CLVS2",0,0.427992768814368,0.662,0.356,0,"10","CLVS2"
"MOXD1",0,0.417296049786978,0.603,0.232,0,"10","MOXD1"
"RIN3",0,0.415019123020923,0.652,0.241,0,"10","RIN3"
"GPR156",0,0.414400831332854,0.701,0.231,0,"10","GPR156"
"TBC1D4",0,0.394438461220441,0.661,0.343,0,"10","TBC1D4"
"SNCAIP",0,0.389365477264088,0.65,0.302,0,"10","SNCAIP"
"AL354771.1",0,0.381240281400836,0.573,0.265,0,"10","AL354771.1"
"AF279873.3",0,0.377856772343337,0.696,0.259,0,"10","AF279873.3"
"ATP13A5",0,0.377650936323451,0.607,0.225,0,"10","ATP13A5"
"MYRFL",0,0.363301857057833,0.698,0.336,0,"10","MYRFL"
"NDST4",0,0.360645732020658,0.7,0.262,0,"10","NDST4"
"AC114689.3",0,0.351156029211568,0.665,0.295,0,"10","AC114689.3"
"RAPGEF1",0,0.343419748605379,0.721,0.447,0,"10","RAPGEF1"
"FLG-AS1",0,0.343150700014227,0.611,0.256,0,"10","FLG-AS1"
"CD96",0,0.341892393838236,0.721,0.297,0,"10","CD96"
"MIR4300HG",0,0.341074719869568,0.658,0.388,0,"10","MIR4300HG"
"MARCH3",0,0.340524268945434,0.696,0.354,0,"10","MARCH3"
"HUNK",0,0.325929529726638,0.697,0.344,0,"10","HUNK"
"AP001347.1",0,0.322058400416021,0.734,0.454,0,"10","AP001347.1"
"PCAT1",0,0.317986913545571,0.642,0.298,0,"10","PCAT1"
"DLEU7",0,0.317697978889114,0.624,0.331,0,"10","DLEU7"
"DPH6-DT1",0,0.315596036027537,0.793,0.464,0,"10","DPH6-DT"
"AFF2",0,0.315484891534082,0.662,0.165,0,"10","AFF2"
"AC005537.1",0,0.313839100039509,0.671,0.128,0,"10","AC005537.1"
"GFAP1",0,0.30865378048475,0.79,0.5,0,"10","GFAP"
"CPNE8",0,0.306095865442251,0.586,0.168,0,"10","CPNE8"
"FSTL4",0,0.303134486225846,0.609,0.188,0,"10","FSTL4"
"CHRDL1",0,0.298483563589479,0.563,0.203,0,"10","CHRDL1"
"VAV3",0,0.297944058281778,0.583,0.203,0,"10","VAV3"
"SUGCT",0,0.296942671294312,0.623,0.307,0,"10","SUGCT"
"ARHGAP28",0,0.28881174799014,0.622,0.229,0,"10","ARHGAP28"
"OSMR-AS11",0,0.278824605595347,0.641,0.325,0,"10","OSMR-AS1"
"LINC00407",0,0.270032144403611,0.671,0.213,0,"10","LINC00407"
"LINC00271",0,0.268766785623342,0.612,0.244,0,"10","LINC00271"
"AC025263.1",0,0.260126334062818,0.549,0.128,0,"10","AC025263.1"
"AC019068.1",0,0.253988084973642,0.698,0.16,0,"10","AC019068.1"
"ZNF804B",1.71713891065935e-307,0.282893867440558,0.538,0.185,3.4342778213187e-304,"10","ZNF804B"
"GNPTAB",6.11797619308237e-305,1.31985094510328,0.657,0.345,1.22359523861647e-301,"10","GNPTAB"
"AL359710.11",1.45010347165525e-304,0.290064076811603,0.626,0.338,2.9002069433105e-301,"10","AL359710.1"
"COL8A1",1.09367342914063e-302,0.451603911367578,0.575,0.278,2.18734685828126e-299,"10","COL8A1"
"NSG2",8.23959646757131e-302,1.07263050002374,0.574,0.179,1.64791929351426e-298,"10","NSG2"
"DAB2IP",6.70398090266937e-299,0.358350706251979,0.552,0.214,1.34079618053387e-295,"10","DAB2IP"
"TLL1",1.08441741855503e-293,0.627150771077974,0.538,0.159,2.16883483711007e-290,"10","TLL1"
"BTBD11",1.1728862627814e-292,0.323354848598595,0.535,0.158,2.3457725255628e-289,"10","BTBD11"
"PCLO",7.74417040009191e-292,0.578149417499939,0.601,0.266,1.54883408001838e-288,"10","PCLO"
"TIAM12",9.46567713434949e-291,0.635092887212015,0.817,0.515,1.8931354268699e-287,"10","TIAM1"
"PDE3A",2.14586943321081e-287,0.292423346074396,0.552,0.233,4.29173886642162e-284,"10","PDE3A"
"ARHGEF31",2.88547542773175e-285,0.32678711952393,0.686,0.357,5.7709508554635e-282,"10","ARHGEF3"
"CACNG8",3.50921377952769e-284,0.631599511712401,0.536,0.148,7.01842755905537e-281,"10","CACNG8"
"CCDC26",4.8965799818791e-284,0.30753841424736,0.596,0.36,9.79315996375819e-281,"10","CCDC26"
"SMAP2",6.14789663714576e-283,0.479136018673953,0.623,0.301,1.22957932742915e-279,"10","SMAP2"
"EML6",1.48879067850084e-281,0.633438211409315,0.605,0.325,2.97758135700168e-278,"10","EML6"
"AL359232.1",9.89927007000353e-280,0.294367197435028,0.612,0.325,1.97985401400071e-276,"10","AL359232.1"
"NELL2",1.65299384896089e-279,0.567334359974665,0.561,0.224,3.30598769792177e-276,"10","NELL2"
"ARL15",9.23193454729385e-279,0.460309396655945,0.757,0.476,1.84638690945877e-275,"10","ARL15"
"ABCA1",2.23810447076712e-275,0.529661271299403,0.624,0.315,4.47620894153424e-272,"10","ABCA1"
"CSPG4",7.74331642827805e-273,1.51328937791752,0.567,0.159,1.54866328565561e-269,"10","CSPG4"
"CPE",8.61775663416189e-273,1.39602033848414,0.627,0.279,1.72355132683238e-269,"10","CPE"
"SNX22",2.88203634125238e-272,1.23050454523926,0.565,0.194,5.76407268250476e-269,"10","SNX22"
"TCF7L1",1.34258795465494e-270,0.307985006611088,0.573,0.305,2.68517590930989e-267,"10","TCF7L1"
"BACH1",2.06446470268524e-264,0.457555863205329,0.674,0.359,4.12892940537048e-261,"10","BACH1"
"ISPD",8.41588485733245e-262,0.409026366874204,0.639,0.366,1.68317697146649e-258,"10","ISPD"
"EPM2A1",9.0124054561484e-262,0.320515599613336,0.631,0.316,1.80248109122968e-258,"10","EPM2A"
"ZMAT4",1.94795598895568e-259,0.276061230290292,0.545,0.218,3.89591197791135e-256,"10","ZMAT4"
"AGBL4",4.63262504419829e-254,0.960184602688749,0.598,0.341,9.26525008839658e-251,"10","AGBL4"
"FUT91",1.79922445588343e-253,0.479621295289173,0.796,0.511,3.59844891176687e-250,"10","FUT9"
"PTPRM",2.23558116068468e-252,0.298222585235129,0.757,0.51,4.47116232136937e-249,"10","PTPRM"
"UBASH3B",7.03434062636591e-249,0.470391833222958,0.574,0.268,1.40686812527318e-245,"10","UBASH3B"
"ZNRF3",2.09336951807318e-247,0.501495811628277,0.629,0.354,4.18673903614636e-244,"10","ZNRF3"
"OTOGL",3.85300165785235e-247,0.352757180969943,0.506,0.103,7.70600331570471e-244,"10","OTOGL"
"RAMP1",6.59782168880934e-244,1.22299888411661,0.623,0.328,1.31956433776187e-240,"10","RAMP1"
"CACNB2",5.15942785562622e-242,0.612890226791807,0.584,0.303,1.03188557112524e-238,"10","CACNB2"
"SHISA6",2.48156639196382e-241,0.714527030970925,0.597,0.373,4.96313278392765e-238,"10","SHISA6"
"CHST8",1.45364694213797e-240,0.573330646638344,0.523,0.15,2.90729388427594e-237,"10","CHST8"
"LDB2",8.85190440296325e-236,0.487087231649212,0.632,0.385,1.77038088059265e-232,"10","LDB2"
"ADAMTS9",1.99323043184154e-230,0.511889121350689,0.538,0.21,3.98646086368309e-227,"10","ADAMTS9"
"UBA6-AS11",2.94942258206339e-228,0.630749056541915,0.698,0.394,5.89884516412679e-225,"10","UBA6-AS1"
"FAM189A1",3.05727370784661e-227,0.461857140930936,0.559,0.284,6.11454741569322e-224,"10","FAM189A1"
"MSRB3",2.70046148809546e-224,0.37790240059732,0.543,0.233,5.40092297619092e-221,"10","MSRB3"
"SLC8A1-AS1",3.361058981981e-223,0.344214969729155,0.607,0.374,6.72211796396201e-220,"10","SLC8A1-AS1"
"FBXL2",4.75666441744753e-223,0.496738082134466,0.63,0.371,9.51332883489506e-220,"10","FBXL2"
"DPH62",2.54231927832199e-222,0.484672906720842,0.735,0.419,5.08463855664397e-219,"10","DPH6"
"SPARCL1",6.59276668731196e-222,1.25221612860627,0.619,0.242,1.31855333746239e-218,"10","SPARCL1"
"BCAT1",8.64909524523753e-222,0.556140923546408,0.566,0.234,1.72981904904751e-218,"10","BCAT1"
"CAMK2D2",3.23519783522216e-219,0.297904608914465,0.86,0.585,6.47039567044431e-216,"10","CAMK2D"
"KCNJ6",1.05459589443653e-217,0.586039594681183,0.535,0.198,2.10919178887305e-214,"10","KCNJ6"
"HNF4G",1.41630855461324e-217,0.337957249970903,0.532,0.236,2.83261710922648e-214,"10","HNF4G"
"RAD18",3.60402747785201e-217,0.324279471438148,0.666,0.445,7.20805495570402e-214,"10","RAD18"
"ZNF385D",1.95800085114035e-214,0.858065067672299,0.544,0.234,3.91600170228071e-211,"10","ZNF385D"
"PIP5K1B",2.22960873309111e-205,0.519931638625714,0.561,0.312,4.45921746618222e-202,"10","PIP5K1B"
"EIF2AK2",9.59784126492895e-202,0.597457898500843,0.604,0.302,1.91956825298579e-198,"10","EIF2AK2"
"CDH6",1.39792178938633e-200,0.454229910533174,0.528,0.222,2.79584357877265e-197,"10","CDH6"
"KCTD11",5.6544306911625e-199,0.279820888979871,0.645,0.357,1.1308861382325e-195,"10","KCTD1"
"ARHGAP6",7.00140644699404e-198,0.607361175740562,0.583,0.356,1.40028128939881e-194,"10","ARHGAP6"
"ZDHHC22",1.35910394752372e-196,0.661501348969069,0.495,0.151,2.71820789504743e-193,"10","ZDHHC22"
"AHCYL21",1.2718174158591e-194,0.306624578347452,0.726,0.475,2.54363483171819e-191,"10","AHCYL2"
"OSBPL3",1.70211789036262e-194,0.337988835742266,0.522,0.23,3.40423578072524e-191,"10","OSBPL3"
"BLM",2.02608687519495e-191,1.0331417255066,0.548,0.246,4.05217375038989e-188,"10","BLM"
"TMEM2321",8.46558381194629e-191,0.262206497045462,0.618,0.338,1.69311676238926e-187,"10","TMEM232"
"GNAL",3.13440804613286e-188,0.697508796188184,0.539,0.261,6.26881609226572e-185,"10","GNAL"
"SESN31",8.88519461988066e-188,0.292641669828913,0.67,0.461,1.77703892397613e-184,"10","SESN3"
"XACT",1.29112083482515e-186,0.330124618826502,0.516,0.224,2.5822416696503e-183,"10","XACT"
"ETV5",3.06845475649044e-186,1.03395685238541,0.61,0.384,6.13690951298088e-183,"10","ETV5"
"CHSY31",2.09690931573582e-185,0.305127197154157,0.643,0.416,4.19381863147164e-182,"10","CHSY3"
"UTRN",1.48523075551312e-179,0.508114754264526,0.56,0.341,2.97046151102624e-176,"10","UTRN"
"GNG12-AS1",2.97447582607043e-178,0.262274602026745,0.511,0.198,5.94895165214086e-175,"10","GNG12-AS1"
"HAP1",1.58096989003438e-176,0.407433079512949,0.527,0.211,3.16193978006875e-173,"10","HAP1"
"SERPINE2",5.86776420963824e-176,1.35318279289485,0.575,0.262,1.17355284192765e-172,"10","SERPINE2"
"PLOD2",7.23390498379815e-175,0.53050136473221,0.603,0.408,1.44678099675963e-171,"10","PLOD2"
"ZDHHC15",8.13407807961552e-175,0.330734406305873,0.529,0.267,1.6268156159231e-171,"10","ZDHHC15"
"EYA2",9.60899944429315e-174,0.391354867987585,0.535,0.294,1.92179988885863e-170,"10","EYA2"
"KCNH5",5.40852637436922e-173,0.531507677754036,0.521,0.22,1.08170527487384e-169,"10","KCNH5"
"TTC8",5.12268366908121e-172,0.409194080331247,0.51,0.206,1.02453673381624e-168,"10","TTC8"
"TCF7L21",1.43820875810061e-169,0.473530720828076,0.767,0.563,2.87641751620122e-166,"10","TCF7L2"
"CNTN5",3.48053128250465e-169,0.567941964866259,0.595,0.387,6.96106256500931e-166,"10","CNTN5"
"RASAL2",4.28057375343542e-169,0.753262427238803,0.654,0.392,8.56114750687083e-166,"10","RASAL2"
"PTN2",1.62549862307348e-167,0.772961829356438,0.757,0.516,3.25099724614696e-164,"10","PTN"
"MPP6",3.47203657348509e-167,0.395357316675268,0.569,0.356,6.94407314697019e-164,"10","MPP6"
"MTHFD1L",3.90317014711606e-167,0.457859960502192,0.607,0.38,7.80634029423211e-164,"10","MTHFD1L"
"GOLM1",1.80763707410721e-166,0.77082475139621,0.612,0.381,3.61527414821442e-163,"10","GOLM1"
"ACAN",1.59992420928259e-165,0.293213433768404,0.517,0.239,3.19984841856518e-162,"10","ACAN"
"VSTM2A",3.21235617463203e-164,0.338444646793835,0.471,0.113,6.42471234926406e-161,"10","VSTM2A"
"WDR60",7.70517412563266e-164,0.709807407432595,0.68,0.421,1.54103482512653e-160,"10","WDR60"
"ZNF3652",4.15204196808357e-163,0.275072424965899,0.828,0.566,8.30408393616713e-160,"10","ZNF365"
"GRM8",1.48279854390927e-162,0.314416812289984,0.599,0.425,2.96559708781854e-159,"10","GRM8"
"DGKH",1.91632897912448e-162,0.506152125874253,0.586,0.386,3.83265795824896e-159,"10","DGKH"
"ATP1A2",2.73732366144794e-162,1.43946128896707,0.558,0.259,5.47464732289588e-159,"10","ATP1A2"
"MGST1",3.96441082919353e-161,0.311904100430595,0.52,0.236,7.92882165838706e-158,"10","MGST1"
"ELAVL4",1.37491072647133e-159,1.01373284389846,0.519,0.157,2.74982145294265e-156,"10","ELAVL4"
"PRDM5",3.73276150739506e-158,0.436326968121725,0.528,0.265,7.46552301479012e-155,"10","PRDM5"
"LINC01965",9.07779626139714e-158,0.964350768887723,0.526,0.223,1.81555925227943e-154,"10","LINC01965"
"GPR17",2.94707290219601e-153,1.27637723631739,0.541,0.241,5.89414580439202e-150,"10","GPR17"
"SGSM1",3.384320229248e-153,0.332081596189516,0.574,0.32,6.76864045849599e-150,"10","SGSM1"
"DDX60L",3.09642088587644e-151,0.364835911227973,0.501,0.199,6.19284177175288e-148,"10","DDX60L"
"COL20A1",2.00223401010472e-150,1.32326816982194,0.515,0.17,4.00446802020943e-147,"10","COL20A1"
"MEST2",3.11571443071526e-150,0.286911719159567,0.576,0.361,6.23142886143052e-147,"10","MEST"
"AGBL1",2.6638448766925e-149,0.298213847719823,0.55,0.329,5.327689753385e-146,"10","AGBL1"
"TSHZ2",3.10220223855823e-149,0.532450631532593,0.537,0.321,6.20440447711646e-146,"10","TSHZ2"
"SNRPN",1.81867269641903e-148,0.267016911377111,0.471,0.167,3.63734539283807e-145,"10","SNRPN"
"ADGRG1",3.21460852666967e-147,1.3423694966707,0.531,0.185,6.42921705333934e-144,"10","ADGRG1"
"SPRY4",6.27070121263964e-145,0.881556672547416,0.504,0.171,1.25414024252793e-141,"10","SPRY4"
"METTL24",1.06524487376483e-142,0.304947571271114,0.514,0.26,2.13048974752965e-139,"10","METTL24"
"USP6NL",5.27365212111674e-137,0.272433970330815,0.588,0.357,1.05473042422335e-133,"10","USP6NL"
"CADPS2",1.00181521759845e-135,0.624351736651701,0.517,0.235,2.0036304351969e-132,"10","CADPS2"
"SLC6A11",5.97657287900002e-133,0.511484224440389,0.499,0.205,1.1953145758e-129,"10","SLC6A11"
"GPR1551",1.80697084392095e-131,0.935846763749909,0.592,0.327,3.6139416878419e-128,"10","GPR155"
"SPON1",6.1003502946148e-129,0.435158811987185,0.296,0.286,1.22007005892296e-125,"10","SPON1"
"CST3",6.57300680124127e-121,1.29223865934311,0.563,0.265,1.31460136024825e-117,"10","CST3"
"TGFBR1",6.24284920436699e-120,0.416006260069032,0.51,0.248,1.2485698408734e-116,"10","TGFBR1"
"AMOTL1",2.80196096595649e-119,0.315508521418236,0.498,0.235,5.60392193191297e-116,"10","AMOTL1"
"PHLDA1",2.48108758595454e-117,1.3282133892033,0.522,0.232,4.96217517190908e-114,"10","PHLDA1"
"NR6A1",1.33548565127838e-114,0.367022495136958,0.616,0.385,2.67097130255676e-111,"10","NR6A1"
"PTH2R",1.16331448918711e-112,0.290910281574954,0.506,0.276,2.32662897837422e-109,"10","PTH2R"
"CCND1",1.92615730517747e-111,0.52669085833563,0.283,0.184,3.85231461035494e-108,"10","CCND1"
"ZFHX4-AS1",4.15127026858384e-111,0.450897790040031,0.525,0.312,8.30254053716768e-108,"10","ZFHX4-AS1"
"DNAH11",5.19141548289799e-105,0.478900724412631,0.522,0.33,1.0382830965796e-101,"10","DNAH11"
"UNC5D",8.35993031559882e-100,0.520714397137481,0.492,0.263,1.67198606311976e-96,"10","UNC5D"
"MT-ND42",1.62083864886768e-99,0.536509289756239,0.749,0.533,3.24167729773537e-96,"10","MT-ND4"
"CLSTN2",1.35548149816822e-98,0.550608605247678,0.529,0.32,2.71096299633645e-95,"10","CLSTN2"
"E2F3",9.60693452427074e-97,0.275939110583623,0.464,0.155,1.92138690485415e-93,"10","E2F3"
"PNMA2",1.36009122904144e-94,0.25690113621988,0.428,0.151,2.72018245808287e-91,"10","PNMA2"
"ZMAT3",7.40862326292537e-93,1.01267118044156,0.505,0.218,1.48172465258507e-89,"10","ZMAT3"
"PLEKHH2",1.34100461223543e-92,1.16142398931003,0.539,0.305,2.68200922447085e-89,"10","PLEKHH2"
"PMP21",6.23123234023374e-91,0.581492431340795,0.6,0.382,1.24624646804675e-87,"10","PMP2"
"CACNB4",7.71682151732213e-91,0.660478391541056,0.27,0.242,1.54336430346443e-87,"10","CACNB4"
"PARP14",1.10602836569584e-89,0.614031344489038,0.471,0.166,2.21205673139169e-86,"10","PARP14"
"TBC1D9",4.85022931344514e-86,0.270293133201069,0.48,0.231,9.70045862689027e-83,"10","TBC1D9"
"SRGAP2B",2.11106993655201e-85,0.401118119824279,0.5,0.273,4.22213987310402e-82,"10","SRGAP2B"
"WLS",2.93624764328266e-84,0.608080701200503,0.508,0.303,5.87249528656533e-81,"10","WLS"
"MT-CO12",8.28708324560144e-84,0.467981546878923,0.668,0.461,1.65741664912029e-80,"10","MT-CO1"
"TMEM100",8.83150120628057e-78,0.498472904556346,0.29,0.083,1.76630024125611e-74,"10","TMEM100"
"ANGPTL21",4.3718930845305e-77,0.362160047824882,0.519,0.301,8.74378616906099e-74,"10","ANGPTL2"
"LY6H",8.70196216368743e-77,0.439763851112728,0.251,0.118,1.74039243273749e-73,"10","LY6H"
"MT-ATP63",7.09442025142143e-75,0.344874601174543,0.76,0.554,1.41888405028429e-71,"10","MT-ATP6"
"ALDH1L1",9.22154617749168e-75,0.485923529292895,0.464,0.164,1.84430923549834e-71,"10","ALDH1L1"
"INPP4B1",1.25523801696005e-72,0.279536594406139,0.532,0.319,2.51047603392009e-69,"10","INPP4B"
"RAB3IP",2.86985352402738e-66,0.590475963133133,0.612,0.433,5.73970704805477e-63,"10","RAB3IP"
"ISG15",2.55480138966426e-62,0.329359066835936,0.26,0.174,5.10960277932852e-59,"10","ISG15"
"KANK11",1.06788802911283e-59,0.368021842034215,0.903,0.701,2.13577605822566e-56,"10","KANK1"
"SDC3",1.11764150975753e-58,1.06529870657683,0.475,0.212,2.23528301951506e-55,"10","SDC3"
"DUSP1",1.52645803560274e-54,0.309020455686096,0.303,0.267,3.05291607120549e-51,"10","DUSP1"
"TNFRSF21",9.92519300248727e-54,0.423422916053481,0.53,0.354,1.98503860049745e-50,"10","TNFRSF21"
"KCNQ5",1.22646401746121e-52,0.28748204537125,0.466,0.244,2.45292803492242e-49,"10","KCNQ5"
"PSMA1",3.57522423240695e-52,0.445837255098924,0.455,0.217,7.15044846481391e-49,"10","PSMA1"
"CSPG5",3.33329159919048e-51,1.21816289376738,0.477,0.191,6.66658319838096e-48,"10","CSPG5"
"SLC7A51",7.73386004737224e-50,0.262961087411689,0.518,0.343,1.54677200947445e-46,"10","SLC7A5"
"PYGL",1.03345691472387e-49,0.534773528938961,0.485,0.312,2.06691382944775e-46,"10","PYGL"
"SYN3",2.58680450480404e-49,0.581731545251838,0.477,0.298,5.17360900960807e-46,"10","SYN3"
"BCL11B",1.0112533627868e-47,0.315422943524112,0.308,0.146,2.02250672557361e-44,"10","BCL11B"
"TRPM3",2.57747836151563e-47,0.649700818242162,0.507,0.361,5.15495672303126e-44,"10","TRPM3"
"LGI1",6.98374044221289e-47,0.306007366312847,0.448,0.203,1.39674808844258e-43,"10","LGI1"
"GPR37L1",4.22073567988117e-44,0.989609857403508,0.465,0.175,8.44147135976234e-41,"10","GPR37L1"
"MT1M",7.62262357321391e-42,0.334648974986174,0.282,0.174,1.52452471464278e-38,"10","MT1M"
"ID2",9.91163933368251e-42,0.266572414343939,0.292,0.209,1.9823278667365e-38,"10","ID2"
"DENND1B",3.11954207890583e-34,0.571235821870041,0.467,0.262,6.23908415781166e-31,"10","DENND1B"
"GALR1",5.38134743990471e-34,0.723512997357261,0.45,0.181,1.07626948798094e-30,"10","GALR1"
"MEG3",6.39639589068131e-33,0.461427832585727,0.411,0.113,1.27927917813626e-29,"10","MEG3"
"MT-ND22",1.1806561995402e-32,0.257164567442927,0.676,0.5,2.3613123990804e-29,"10","MT-ND2"
"MIR3681HG",2.15508268617665e-29,0.6753938617933,0.466,0.341,4.3101653723533e-26,"10","MIR3681HG"
"KLHL1",4.42126164788875e-28,0.547373321023246,0.423,0.182,8.84252329577749e-25,"10","KLHL1"
"DDX60",1.99566751582533e-24,0.400884626012872,0.415,0.186,3.99133503165065e-21,"10","DDX60"
"COL5A3",2.93953551861428e-24,0.44856621647897,0.408,0.158,5.87907103722855e-21,"10","COL5A3"
"SAT1",1.18976787022684e-22,0.730666887987856,0.342,0.243,2.37953574045368e-19,"10","SAT1"
"GABRB2",2.92547852082725e-21,0.253340096633156,0.269,0.153,5.85095704165451e-18,"10","GABRB2"
"SCG2",1.45686994747909e-20,0.588466768291966,0.402,0.129,2.91373989495819e-17,"10","SCG2"
"RGS22",1.87234259577074e-20,0.307816248338577,0.455,0.322,3.74468519154148e-17,"10","RGS22"
"TSPAN7",1.8301026498719e-18,0.969684983383448,0.422,0.17,3.66020529974379e-15,"10","TSPAN7"
"RFX4",4.88409801408833e-13,0.468501931895798,0.448,0.31,9.76819602817666e-10,"10","RFX4"
"PRTG",4.11094050453612e-12,0.542084782247443,0.453,0.313,8.22188100907223e-09,"10","PRTG"
"ATP1B2",1.90256167344795e-09,0.850968667286028,0.393,0.138,3.80512334689589e-06,"10","ATP1B2"
"SCRG11",6.62453867890551e-09,0.751805334175303,0.462,0.325,1.3249077357811e-05,"10","SCRG1"
"FGFR3",1.07707448684863e-08,0.610368152213937,0.333,0.104,2.15414897369725e-05,"10","FGFR3"
"DKK3",5.65627060007732e-08,0.397362171655523,0.377,0.186,0.000113125412001546,"10","DKK3"
"VEGFA1",8.78347936244008e-08,0.873582496866536,0.397,0.325,0.000175669587248802,"10","VEGFA"
"TUBB2B1",1.04408678372408e-07,0.284602106823742,0.368,0.268,0.000208817356744815,"10","TUBB2B"
"SCG3",9.21170273253478e-07,1.07254000376372,0.414,0.193,0.00184234054650696,"10","SCG3"
"HLA-B",3.09236442073959e-06,0.548394088697075,0.426,0.284,0.00618472884147918,"10","HLA-B"
"NDRG4",4.00123310133652e-06,0.410678800224556,0.314,0.177,0.00800246620267304,"10","NDRG4"
"GPNMB",4.05784580052269e-06,0.683577815726367,0.366,0.251,0.00811569160104538,"10","GPNMB"
"ZBTB7C",8.39227486140882e-06,0.323521475161948,0.399,0.216,0.0167845497228176,"10","ZBTB7C"
"NR2F1",0.000260338957486465,0.480276779003741,0.401,0.197,0.52067791497293,"10","NR2F1"
"HLA-A",0.000437261670710717,0.646290725841316,0.429,0.282,0.874523341421434,"10","HLA-A"
"PLAT",0.000645513641663486,0.674352092962299,0.395,0.162,1,"10","PLAT"
"GPRIN3",0.000951486961657892,0.304920513978194,0.388,0.268,1,"10","GPRIN3"
"TIMP3",0.00185867171213227,0.7518239326506,0.37,0.166,1,"10","TIMP3"
"LRRC3B",0.00233149264293162,0.398355694304393,0.355,0.146,1,"10","LRRC3B"
"RASD1",0.00456193011114274,0.542247248912415,0.345,0.153,1,"10","RASD1"
"HSPH12",0,3.40561949790601,0.995,0.68,0,"11","HSPH1"
"FOS2",0,3.09128799203521,0.874,0.489,0,"11","FOS"
"DNAJB12",0,2.62362488477405,0.969,0.606,0,"11","DNAJB1"
"HSPB12",0,2.54005101826036,0.865,0.568,0,"11","HSPB1"
"HSPA1B3",0,2.52441925435374,0.861,0.59,0,"11","HSPA1B"
"HMGCS12",0,2.41722464329125,0.788,0.47,0,"11","HMGCS1"
"BAG32",0,2.35978576408631,0.831,0.55,0,"11","BAG3"
"MSMO12",0,2.29091907501027,0.851,0.505,0,"11","MSMO1"
"HSP90AA12",0,2.16495268306293,1,0.941,0,"11","HSP90AA1"
"P4HA12",0,1.98142596722275,0.764,0.566,0,"11","P4HA1"
"INSIG12",0,1.88507339159469,0.759,0.404,0,"11","INSIG1"
"HSPA1A3",0,1.83238380985759,0.981,0.804,0,"11","HSPA1A"
"JUN2",0,1.81888040540733,0.67,0.482,0,"11","JUN"
"PPP1R15A2",0,1.81494857521308,0.576,0.411,0,"11","PPP1R15A"
"UBB3",0,1.75184698647383,0.849,0.576,0,"11","UBB"
"NOP582",0,1.75084725228711,0.742,0.511,0,"11","NOP58"
"HMGCR2",0,1.65459366380543,0.602,0.451,0,"11","HMGCR"
"HSPA4L2",0,1.63132861752599,0.708,0.589,0,"11","HSPA4L"
"GLUL2",0,1.59445710709917,0.827,0.509,0,"11","GLUL"
"LDLR2",0,1.59144009321436,0.577,0.419,0,"11","LDLR"
"NEAT12",0,1.46007136301131,0.994,0.888,0,"11","NEAT1"
"BCL62",0,1.26402346312757,0.731,0.516,0,"11","BCL6"
"CRYAB3",0,1.22663551709581,0.939,0.802,0,"11","CRYAB"
"SORBS13",0,1.07966303232659,0.752,0.634,0,"11","SORBS1"
"CNDP13",0,1.05491185068357,0.795,0.61,0,"11","CNDP1"
"NRXN33",0,0.881670807313344,0.954,0.821,0,"11","NRXN3"
"INPP5F2",1.2013742708062e-276,1.23271699048997,0.617,0.5,2.4027485416124e-273,"11","INPP5F"
"MGAT51",4.05961432749385e-256,1.27048216504908,0.678,0.585,8.11922865498771e-253,"11","MGAT5"
"HSPA62",8.2292880173133e-238,2.07613651227871,0.549,0.478,1.64585760346266e-234,"11","HSPA6"
"ATF32",2.24763486091897e-230,1.38502767020384,0.479,0.392,4.49526972183793e-227,"11","ATF3"
"ZDHHC202",1.77246769514518e-221,0.741333952851512,0.859,0.827,3.54493539029035e-218,"11","ZDHHC20"
"CAMK2D3",3.57989363229621e-176,0.828867868566954,0.657,0.594,7.15978726459243e-173,"11","CAMK2D"
"KLF62",1.21781805347293e-167,1.17897839195578,0.504,0.447,2.43563610694587e-164,"11","KLF6"
"NAV22",2.27904967150534e-144,0.552061002067748,0.775,0.752,4.55809934301067e-141,"11","NAV2"
"PMP22",2.11618379702956e-121,0.813404112445283,0.434,0.389,4.23236759405912e-118,"11","PMP2"
"TPST12",7.37817521035249e-110,0.764329662541235,0.539,0.509,1.4756350420705e-106,"11","TPST1"
"DTNA2",1.48476225686169e-109,0.747516361271775,0.615,0.601,2.96952451372338e-106,"11","DTNA"
"FTL2",4.32583828680779e-104,0.402057699633868,0.692,0.611,8.65167657361558e-101,"11","FTL"
"HSPA5",3.19452857213444e-82,0.873138529128983,0.42,0.42,6.38905714426887e-79,"11","HSPA5"
"EGR1",6.93189816774757e-75,1.28286328177332,0.348,0.326,1.38637963354951e-71,"11","EGR1"
"ACAT2",3.49990773045134e-74,0.902307060595876,0.365,0.374,6.99981546090269e-71,"11","ACAT2"
"RAB3IP1",6.01144350991425e-71,0.438642670537985,0.444,0.441,1.20228870198285e-67,"11","RAB3IP"
"MAPK101",4.5710106638398e-64,0.342010991754736,0.64,0.641,9.1420213276796e-61,"11","MAPK10"
"SLC5A112",1.16806245647353e-63,0.342431970061266,0.711,0.69,2.33612491294706e-60,"11","SLC5A11"
"FGFR12",1.12750626390658e-62,1.04671659012855,0.435,0.464,2.25501252781316e-59,"11","FGFR1"
"TUBB2B2",9.06044486373761e-58,0.479164384465643,0.238,0.274,1.81208897274752e-54,"11","TUBB2B"
"JUNB2",4.2095524341387e-56,0.807036057557178,0.278,0.306,8.4191048682774e-53,"11","JUNB"
"TUBA1B2",5.86665301783827e-55,0.250001435547724,0.361,0.37,1.17333060356765e-51,"11","TUBA1B"
"GBP21",3.02957842699242e-54,0.328090971415405,0.194,0.42,6.05915685398483e-51,"11","GBP2"
"PLA2G4C1",4.29465337181136e-53,0.723776199151698,0.44,0.465,8.58930674362272e-50,"11","PLA2G4C"
"GADD45B2",1.33807347117846e-47,0.950558523633886,0.34,0.358,2.67614694235692e-44,"11","GADD45B"
"PHACTR12",2.35404951827228e-47,0.538162715590618,0.617,0.672,4.70809903654456e-44,"11","PHACTR1"
"SFMBT22",3.12009015923318e-46,0.477829843099578,0.626,0.686,6.24018031846636e-43,"11","SFMBT2"
"BACE21",6.58868938287898e-43,0.858130706082694,0.398,0.451,1.3177378765758e-39,"11","BACE2"
"MAST42",8.48001927354067e-36,0.643207269629445,0.347,0.398,1.69600385470813e-32,"11","MAST4"
"DPY19L12",1.25752595166686e-31,0.692763265464238,0.311,0.379,2.51505190333371e-28,"11","DPY19L1"
"ARHGEF32",1.42726042383259e-25,0.445736916376069,0.304,0.374,2.85452084766517e-22,"11","ARHGEF3"
"ARHGAP5",3.05910824801384e-23,0.279827993338972,0.557,0.62,6.11821649602768e-20,"11","ARHGAP5"
"SAMD4A2",2.26281949285969e-19,0.463746176191263,0.461,0.534,4.52563898571938e-16,"11","SAMD4A"
"DHCR241",9.05370962821994e-19,0.315333031382088,0.34,0.414,1.81074192564399e-15,"11","DHCR24"
"SORL12",1.12516273742735e-18,0.409051590743561,0.568,0.666,2.25032547485471e-15,"11","SORL1"
"KLRD12",4.73890461976776e-18,0.392210186327952,0.267,0.478,9.47780923953551e-15,"11","KLRD1"
"COQ10B",1.65763066120109e-17,0.256750975371175,0.183,0.294,3.31526132240219e-14,"11","COQ10B"
"ANKRD18A2",1.9109937866824e-12,0.289297954840567,0.483,0.576,3.8219875733648e-09,"11","ANKRD18A"
"CDKN1A2",1.38677832108749e-10,0.583815201147631,0.254,0.325,2.77355664217498e-07,"11","CDKN1A"
"FNDC3B2",6.09187987784377e-08,0.613506034509545,0.352,0.462,0.000121837597556875,"11","FNDC3B"
"NRG22",7.8909497949361e-08,0.359972953755388,0.228,0.344,0.000157818995898722,"11","NRG2"
"TCF7L22",2.19323200972914e-07,0.561876037434948,0.455,0.576,0.000438646401945827,"11","TCF7L2"
"FBXO321",2.76969043078374e-06,0.351600334678956,0.451,0.561,0.00553938086156748,"11","FBXO32"
"GRIK43",3.11307495007282e-06,0.2741640309866,0.318,0.425,0.00622614990014563,"11","GRIK4"
"SESN32",1.65007446767519e-05,0.932879167117081,0.346,0.475,0.0330014893535039,"11","SESN3"
"SPRED21",2.11275628804564e-05,0.261645655950216,0.203,0.386,0.0422551257609127,"11","SPRED2"
"CAMKMT",6.63928065931278e-05,0.304618192824988,0.459,0.568,0.132785613186256,"11","CAMKMT"
"DIRAS2",0.000104455863667947,0.258415561748348,0.189,0.33,0.208911727335894,"11","DIRAS2"
"NEDD4L2",0.000202323331053359,0.509074583417776,0.276,0.453,0.404646662106719,"11","NEDD4L"
"EYA42",0.000314453186056047,0.697432264521059,0.351,0.471,0.628906372112095,"11","EYA4"
"TTTY141",0.00127903104749549,0.274604709104402,0.32,0.484,1,"11","TTTY14"
"ETV62",0.00184626163659772,0.263241403272119,0.289,0.41,1,"11","ETV6"
"GADD45G",0.00714565055780949,0.308021603449332,0.165,0.301,1,"11","GADD45G"
"PLP14",0,0.796743242898614,0.996,0.953,0,"12","PLP1"
"ABCA62",2.48026568545826e-207,0.959885244829418,0.865,0.714,4.96053137091652e-204,"12","ABCA6"
"CRYAB4",8.307157357655e-183,0.584496343850782,0.891,0.805,1.661431471531e-179,"12","CRYAB"
"XIST5",3.89584948239579e-144,0.811202757732462,0.698,0.488,7.79169896479157e-141,"12","XIST"
"APOD3",4.38275435754742e-126,0.908151734110027,0.632,0.525,8.76550871509483e-123,"12","APOD"
"LURAP1L-AS14",3.41758449135745e-123,0.870357868289724,0.749,0.61,6.8351689827149e-120,"12","LURAP1L-AS1"
"TUBA1A3",2.89055604308304e-114,0.811013236901441,0.719,0.657,5.78111208616608e-111,"12","TUBA1A"
"SPP13",8.51549899496631e-99,0.689212707283794,0.738,0.696,1.70309979899326e-95,"12","SPP1"
"CD94",4.73912556918569e-97,0.909036353959777,0.678,0.589,9.47825113837138e-94,"12","CD9"
"LINC010101",1.77003877707274e-83,0.317375211790472,0.458,0.357,3.54007755414548e-80,"12","LINC01010"
"RELN3",8.73260980829101e-82,0.592577349911987,0.562,0.485,1.7465219616582e-78,"12","RELN"
"SFRP12",2.4326739793395e-63,0.643913968204579,0.491,0.4,4.86534795867901e-60,"12","SFRP1"
"TMPRSS54",1.00704252608888e-58,0.641445757501774,0.561,0.475,2.01408505217777e-55,"12","TMPRSS5"
"FTL3",4.02663625451609e-57,0.567995105380259,0.642,0.613,8.05327250903219e-54,"12","FTL"
"AC026316.54",2.45358682130701e-46,0.269226380057667,0.915,0.863,4.90717364261401e-43,"12","AC026316.5"
"B2M3",4.97958377551097e-41,0.772615890293094,0.594,0.544,9.95916755102193e-38,"12","B2M"
"S100B1",3.71059163502122e-37,0.629427331576726,0.615,0.559,7.42118327004244e-34,"12","S100B"
"CDKN1C3",1.75887231664472e-35,0.875458661917515,0.496,0.432,3.51774463328944e-32,"12","CDKN1C"
"MAGEC33",1.52419611307173e-30,0.427491730444999,0.559,0.521,3.04839222614345e-27,"12","MAGEC3"
"MYRIP2",2.40678043595141e-30,0.513160354637002,0.629,0.602,4.81356087190282e-27,"12","MYRIP"
"TUBA1B3",6.19599177319735e-29,0.591543259232998,0.433,0.367,1.23919835463947e-25,"12","TUBA1B"
"RNASE14",8.79246690338878e-26,0.830065597331124,0.442,0.391,1.75849338067776e-22,"12","RNASE1"
"TMSB4X1",1.39223578989533e-24,0.642324466662904,0.455,0.416,2.78447157979067e-21,"12","TMSB4X"
"PRDX12",1.81709786938768e-23,0.649374706897419,0.429,0.38,3.63419573877536e-20,"12","PRDX1"
"LINC008443",2.95609293522308e-22,0.860318455091384,0.385,0.315,5.91218587044616e-19,"12","LINC00844"
"LINC022401",8.18923675905732e-22,0.268452110107497,0.504,0.487,1.63784735181146e-18,"12","LINC02240"
"RANBP172",1.69208502057868e-19,0.381506496089637,0.66,0.627,3.38417004115735e-16,"12","RANBP17"
"CYP7B13",8.90302288105769e-17,0.303393801489161,0.613,0.574,1.78060457621154e-13,"12","CYP7B1"
"DYSF5",1.07178526570516e-15,0.298722638604899,0.547,0.504,2.14357053141032e-12,"12","DYSF"
"LINC016086",6.14813854976912e-15,0.258112385970398,0.671,0.62,1.22962770995382e-11,"12","LINC01608"
"CA22",1.39431815795721e-13,0.53468020693468,0.563,0.543,2.78863631591442e-10,"12","CA2"
"ZDHHC203",3.45986678474216e-13,0.299164856882195,0.839,0.827,6.91973356948432e-10,"12","ZDHHC20"
"NPTX22",2.11177728787047e-12,0.427137163986695,0.434,0.4,4.22355457574094e-09,"12","NPTX2"
"HSPA51",5.05047216862668e-12,0.453901437732179,0.45,0.419,1.01009443372534e-08,"12","HSPA5"
"MT32",9.77887022267328e-11,0.672365333871741,0.352,0.325,1.95577404453466e-07,"12","MT3"
"NDUFA4",9.23762046197489e-10,0.417648335190456,0.281,0.245,1.84752409239498e-06,"12","NDUFA4"
"RPL71",9.82340820701441e-07,0.309263526171015,0.228,0.277,0.00196468164140288,"12","RPL7"
"SPARC1",0.00031942806329887,0.36649683967352,0.29,0.283,0.638856126597741,"12","SPARC"
"HLA-A1",0.00174417947031483,0.385639502585132,0.298,0.288,1,"12","HLA-A"
"SCRG12",0.00229400232232642,0.297758616923166,0.332,0.33,1,"12","SCRG1"
"NDUFB21",0.00317023173955118,0.277307764621953,0.256,0.289,1,"12","NDUFB2"
"OLIG12",0.00442873032860374,0.261559147446409,0.361,0.421,1,"12","OLIG1"
"RBFOX11",0,2.38966369781456,0.906,0.465,0,"13","RBFOX1"
"COL18A11",0,1.53109931276208,0.879,0.564,0,"13","COL18A1"
"ACSBG1",0,1.50930264584194,0.646,0.348,0,"13","ACSBG1"
"TMEM178A1",0,1.5029558073177,0.773,0.441,0,"13","TMEM178A"
"FSTL51",0,1.43390971343289,0.706,0.418,0,"13","FSTL5"
"PLEKHG12",0,1.42797679838645,0.771,0.421,0,"13","PLEKHG1"
"AFF33",0,1.38213009130598,0.849,0.584,0,"13","AFF3"
"SLC5A113",0,1.21673143569841,0.977,0.68,0,"13","SLC5A11"
"SLC25A291",0,1.17370453638359,0.839,0.536,0,"13","SLC25A29"
"KCTD82",0,1.16351259671167,0.941,0.678,0,"13","KCTD8"
"ENPP62",0,1.15735237160196,0.829,0.55,0,"13","ENPP6"
"LINC015053",0,1.15508735881984,0.871,0.564,0,"13","LINC01505"
"LINC006093",0,1.10443874755767,0.995,0.774,0,"13","LINC00609"
"KANK41",0,1.08689154568265,0.617,0.357,0,"13","KANK4"
"S100B2",0,1.08274362971713,0.861,0.55,0,"13","S100B"
"ADAMTS12",0,0.999452872549505,0.675,0.371,0,"13","ADAMTS12"
"LMCD1-AS13",0,0.985558801018863,0.95,0.691,0,"13","LMCD1-AS1"
"ZDHHC204",0,0.973924176999165,0.981,0.822,0,"13","ZDHHC20"
"RANBP173",0,0.951222223474705,0.883,0.619,0,"13","RANBP17"
"HIVEP31",0,0.950619404257605,0.738,0.435,0,"13","HIVEP3"
"DPYSL52",0,0.946508493072633,0.906,0.704,0,"13","DPYSL5"
"ACTN23",0,0.945238785479626,0.827,0.568,0,"13","ACTN2"
"ABCA63",0,0.943178704689805,0.95,0.711,0,"13","ABCA6"
"PCSK61",0,0.938091694868617,0.982,0.843,0,"13","PCSK6"
"SETBP13",0,0.854542552554492,0.743,0.512,0,"13","SETBP1"
"ST6GALNAC33",0,0.827515342884019,0.98,0.804,0,"13","ST6GALNAC3"
"CPXM21",0,0.805477695792809,0.602,0.372,0,"13","CPXM2"
"ABCA91",0,0.748516026022072,0.758,0.552,0,"13","ABCA9"
"MIR4300HG1",0,0.660028509132957,0.675,0.388,0,"13","MIR4300HG"
"XIST6",0,0.646857035201724,0.851,0.482,0,"13","XIST"
"LINC02343",0,0.643182863996945,0.589,0.219,0,"13","LINC02343"
"MSRA1",0,0.626706078836878,0.698,0.402,0,"13","MSRA"
"GPC52",0,0.625344302807243,0.741,0.519,0,"13","GPC5"
"AC114485.1",0,0.610335548487697,0.612,0.343,0,"13","AC114485.1"
"THSD7B",0,0.494814132491885,0.56,0.251,0,"13","THSD7B"
"SLC8A1-AS11",2.01112874684816e-305,0.532232693473856,0.588,0.376,4.02225749369633e-302,"13","SLC8A1-AS1"
"NEGR13",9.19042847330154e-297,0.707072985533722,0.905,0.67,1.83808569466031e-293,"13","NEGR1"
"MACROD22",2.03814304651104e-278,0.826059001269521,0.807,0.586,4.07628609302209e-275,"13","MACROD2"
"TENM41",4.22990549052853e-277,0.575102082095253,0.638,0.4,8.45981098105706e-274,"13","TENM4"
"RAD51B3",3.4358894054585e-276,0.73409838113814,0.843,0.559,6.871778810917e-273,"13","RAD51B"
"MYLK1",9.13326190170118e-273,0.991783941424609,0.68,0.417,1.82665238034024e-269,"13","MYLK"
"PDE4D3",1.55734506468787e-272,0.638647251780423,0.893,0.628,3.11469012937574e-269,"13","PDE4D"
"PHACTR13",1.03472054097408e-261,0.69455768764403,0.867,0.662,2.06944108194816e-258,"13","PHACTR1"
"ARHGAP26",6.57278788034996e-250,0.516050023479516,0.587,0.374,1.31455757606999e-246,"13","ARHGAP26"
"C2CD61",3.48948784922637e-249,0.441034334262799,0.568,0.375,6.97897569845274e-246,"13","C2CD6"
"LINC025113",3.84326322191321e-246,0.445452819676044,0.596,0.397,7.68652644382641e-243,"13","LINC02511"
"INPP5F3",7.98711856110919e-246,0.446661062203191,0.724,0.497,1.59742371222184e-242,"13","INPP5F"
"VAT1L1",1.31345152558429e-243,0.286760681134009,0.518,0.258,2.62690305116858e-240,"13","VAT1L"
"AL589740.12",2.82333432940761e-243,0.481209132562244,0.822,0.602,5.64666865881522e-240,"13","AL589740.1"
"AL662796.13",6.73452211894352e-239,0.406901030004244,0.674,0.472,1.3469044237887e-235,"13","AL662796.1"
"MBOAT11",1.82757118906962e-227,0.731865367410404,0.594,0.431,3.65514237813923e-224,"13","MBOAT1"
"FGD42",6.31168329350722e-227,0.763592980914341,0.692,0.475,1.26233665870144e-223,"13","FGD4"
"LGR41",4.59491215091125e-224,0.683463610758746,0.768,0.598,9.18982430182249e-221,"13","LGR4"
"LRCH11",1.22457273230426e-218,0.282951952974893,0.512,0.257,2.44914546460853e-215,"13","LRCH1"
"RASSF8",6.66387966547317e-218,0.572502282862532,0.642,0.408,1.33277593309463e-214,"13","RASSF8"
"ANKRD18A3",3.40410015922282e-216,0.801391246607705,0.758,0.565,6.80820031844563e-213,"13","ANKRD18A"
"BACE22",9.37210944672743e-216,0.60350355326568,0.631,0.442,1.87442188934549e-212,"13","BACE2"
"FBXO322",6.13320205857465e-214,0.866819841893897,0.738,0.55,1.22664041171493e-210,"13","FBXO32"
"PRTG1",5.76396789665805e-209,0.432274864547299,0.517,0.311,1.15279357933161e-205,"13","PRTG"
"AC233296.12",2.58663092011019e-202,0.349423473129559,0.636,0.406,5.17326184022037e-199,"13","AC233296.1"
"MBNL3",1.65115506804817e-201,0.273778621169112,0.542,0.342,3.30231013609633e-198,"13","MBNL3"
"AC007364.12",8.53997487023958e-197,0.369074053468214,0.681,0.471,1.70799497404792e-193,"13","AC007364.1"
"PPM1E1",5.34666903382317e-196,0.389513386451805,0.574,0.371,1.06933380676463e-192,"13","PPM1E"
"CNTNAP31",6.26669391099666e-193,0.354034445379603,0.605,0.445,1.25333878219933e-189,"13","CNTNAP3"
"TMEM2322",2.40501657775594e-191,0.422862116482519,0.567,0.342,4.81003315551189e-188,"13","TMEM232"
"NKAIN25",4.19777425930781e-187,0.464084310649845,0.997,0.907,8.39554851861562e-184,"13","NKAIN2"
"AP001347.11",2.75134964004224e-183,0.268257458128439,0.617,0.46,5.50269928008449e-180,"13","AP001347.1"
"DTNA3",1.85328914552192e-175,0.419528539430267,0.8,0.594,3.70657829104385e-172,"13","DTNA"
"AC027117.22",1.74084350098286e-171,0.382353766846488,0.647,0.488,3.48168700196573e-168,"13","AC027117.2"
"LRP23",5.04228698789982e-166,0.598692518574236,0.909,0.749,1.00845739757996e-162,"13","LRP2"
"CDH41",4.10619519229234e-165,0.363696516819728,0.607,0.426,8.21239038458468e-162,"13","CDH4"
"PDE1A2",2.41178079351119e-164,0.422295042530833,0.874,0.644,4.82356158702238e-161,"13","PDE1A"
"AC026316.55",5.67588905290763e-163,0.380499276668598,0.982,0.861,1.13517781058153e-159,"13","AC026316.5"
"RASAL21",4.15423450794e-162,0.530589218701601,0.606,0.395,8.30846901587999e-159,"13","RASAL2"
"ABTB21",3.81442679826652e-161,0.60650533587789,0.604,0.423,7.62885359653303e-158,"13","ABTB2"
"CFTR2",3.23323527248445e-160,0.434418736940951,0.577,0.357,6.46647054496889e-157,"13","CFTR"
"CALN12",4.35924295428244e-157,0.434188999770728,0.8,0.669,8.71848590856488e-154,"13","CALN1"
"TUBA1A4",3.64514062442904e-154,0.469519662724675,0.868,0.652,7.29028124885807e-151,"13","TUBA1A"
"SAMD4A3",4.42351326415515e-153,0.397577302658401,0.702,0.525,8.8470265283103e-150,"13","SAMD4A"
"CNTNAP44",2.81138424286785e-151,0.435658566488912,0.928,0.748,5.62276848573569e-148,"13","CNTNAP4"
"POT1-AS12",3.35620488004985e-151,0.401917177150347,0.64,0.456,6.7124097600997e-148,"13","POT1-AS1"
"TOX32",1.1488630632835e-150,0.549399165203319,0.645,0.503,2.29772612656701e-147,"13","TOX3"
"SPP14",3.28674655383943e-146,0.387064884301598,0.886,0.69,6.57349310767887e-143,"13","SPP1"
"MAPK102",3.89154720156458e-143,0.314600111229898,0.838,0.634,7.78309440312917e-140,"13","MAPK10"
"STPG21",3.6488985694145e-142,0.380366643706388,0.653,0.466,7.297797138829e-139,"13","STPG2"
"SGSM11",3.95502036035045e-142,0.468255993129182,0.509,0.324,7.91004072070091e-139,"13","SGSM1"
"AC012593.13",4.07331934299277e-142,0.462587985835868,0.705,0.48,8.14663868598553e-139,"13","AC012593.1"
"TUBB2B3",1.30649034572537e-141,0.622096865690844,0.498,0.264,2.61298069145073e-138,"13","TUBB2B"
"MTHFD1L1",1.98537819926364e-141,0.501468520664048,0.55,0.383,3.97075639852729e-138,"13","MTHFD1L"
"MAML3",5.86116397195514e-138,0.378737274384481,0.666,0.494,1.17223279439103e-134,"13","MAML3"
"NRXN34",2.74777029960971e-136,0.68886491818224,0.935,0.822,5.49554059921941e-133,"13","NRXN3"
"C3orf701",7.96591228728994e-133,0.267597051146451,0.553,0.418,1.59318245745799e-129,"13","C3orf70"
"ROBO2",1.77284501284464e-132,0.370161452959809,0.534,0.376,3.54569002568928e-129,"13","ROBO2"
"SNAP911",2.82683398907568e-132,0.275329172161002,0.512,0.313,5.65366797815136e-129,"13","SNAP91"
"MOBP5",3.19287604792784e-132,0.394965704672698,0.982,0.88,6.38575209585568e-129,"13","MOBP"
"PCLO1",3.69240139628163e-130,0.589320510696252,0.468,0.273,7.38480279256327e-127,"13","PCLO"
"UBA6-AS12",7.87875493409019e-129,0.467911754849043,0.611,0.399,1.57575098681804e-125,"13","UBA6-AS1"
"GOLM11",5.26681135136252e-128,0.326521760389727,0.552,0.385,1.0533622702725e-124,"13","GOLM1"
"SFMBT23",1.38105653302739e-126,0.349359709852144,0.816,0.678,2.76211306605477e-123,"13","SFMBT2"
"TSPAN8",7.1490912322751e-124,0.425461594290079,0.511,0.366,1.42981824645502e-120,"13","TSPAN8"
"USH1C1",4.96627937802576e-119,0.859050892312524,0.498,0.297,9.93255875605153e-116,"13","USH1C"
"MGAT52",1.45480834643845e-118,0.425416305050175,0.746,0.583,2.9096166928769e-115,"13","MGAT5"
"DHCR242",2.94024275415679e-118,0.721508282812589,0.582,0.405,5.88048550831358e-115,"13","DHCR24"
"PARD3B1",1.88807596248669e-117,0.391976859028119,0.678,0.499,3.77615192497338e-114,"13","PARD3B"
"FBXL21",2.30714768489533e-115,0.377385302534903,0.529,0.376,4.61429536979065e-112,"13","FBXL2"
"MTERF12",3.20577031040552e-115,0.270906441910117,0.643,0.439,6.41154062081105e-112,"13","MTERF1"
"PWRN12",1.57400544191218e-114,0.682124731061901,0.538,0.343,3.14801088382436e-111,"13","PWRN1"
"ADAMTS193",1.84469959665896e-113,0.264148600910644,0.601,0.452,3.68939919331791e-110,"13","ADAMTS19"
"CDH83",2.18558969361098e-112,0.274782360083777,0.7,0.551,4.37117938722196e-109,"13","CDH8"
"IQCJ-SCHIP12",6.25990592511044e-107,0.404466410347044,0.741,0.566,1.25198118502209e-103,"13","IQCJ-SCHIP1"
"LGALS11",1.23086429638912e-101,0.745480472214317,0.471,0.305,2.46172859277825e-98,"13","LGALS1"
"CYP7B14",9.55934406762823e-101,0.264551067302637,0.76,0.569,1.91186881352565e-97,"13","CYP7B1"
"PBX3",9.87781572572704e-94,0.372087383299651,0.618,0.456,1.97556314514541e-90,"13","PBX3"
"DPH63",1.80318212628416e-93,0.311864468870042,0.615,0.425,3.60636425256833e-90,"13","DPH6"
"TNFRSF211",6.38473338995556e-92,0.785645912590176,0.507,0.356,1.27694667799111e-88,"13","TNFRSF21"
"FAM19A4",1.3693862207427e-90,0.317350891081897,0.583,0.445,2.73877244148539e-87,"13","FAM19A4"
"GAS2",2.35319497702458e-86,0.534468060086054,0.499,0.352,4.70638995404917e-83,"13","GAS2"
"NTM2",3.38710099813107e-85,0.320351958136415,0.976,0.876,6.77420199626215e-82,"13","NTM"
"CCDC102B1",6.58507613009647e-84,0.276818033423773,0.504,0.343,1.31701522601929e-80,"13","CCDC102B"
"GNA141",7.9055438023014e-83,0.464712596999409,0.483,0.369,1.58110876046028e-79,"13","GNA14"
"SDK2",5.88093693859284e-74,0.282738864519929,0.507,0.398,1.17618738771857e-70,"13","SDK2"
"SORL13",9.27898289845565e-74,0.251338666705621,0.761,0.659,1.85579657969113e-70,"13","SORL1"
"FHIT2",1.52956043050453e-71,0.255597006810927,0.942,0.805,3.05912086100906e-68,"13","FHIT"
"CDKN1C4",1.55360692905386e-65,0.410001543061643,0.59,0.429,3.10721385810772e-62,"13","CDKN1C"
"AC007319.1",7.12019966556717e-65,0.48990552080572,0.439,0.321,1.42403993311343e-61,"13","AC007319.1"
"INPP4B2",1.05547612024116e-64,0.298940988308451,0.461,0.323,2.11095224048233e-61,"13","INPP4B"
"PEA151",3.29874035118977e-60,0.400425877708334,0.482,0.303,6.59748070237955e-57,"13","PEA15"
"ABHD51",9.69440507346251e-55,0.479011855454829,0.554,0.441,1.9388810146925e-51,"13","ABHD5"
"SNRPN1",4.42845472008718e-50,0.273806112464313,0.35,0.174,8.85690944017435e-47,"13","SNRPN"
"UCHL1",5.1993651380845e-50,0.28392727013654,0.376,0.211,1.0398730276169e-46,"13","UCHL1"
"PRELID21",1.27068354142633e-45,0.407617784016294,0.471,0.363,2.54136708285266e-42,"13","PRELID2"
"SCRG13",1.14905062405104e-39,0.412871309967056,0.454,0.326,2.29810124810208e-36,"13","SCRG1"
"S100A1",3.46310249455137e-38,0.395859291180233,0.347,0.193,6.92620498910273e-35,"13","S100A1"
"ZSCAN31",8.39326629200978e-14,0.350959968935272,0.346,0.261,1.67865325840196e-10,"13","ZSCAN31"
"CHST2",7.47535436794171e-08,0.372948019070795,0.34,0.194,0.000149507087358834,"13","CHST2"
"SVEP11",0,1.36606629319774,0.61,0.28,0,"14","SVEP1"
"OPALIN5",0,0.923125049392178,0.756,0.416,0,"14","OPALIN"
"PLP15",0,0.631403123439293,0.998,0.953,0,"14","PLP1"
"DYSF6",4.28974985737713e-234,0.792416112749066,0.751,0.497,8.57949971475425e-231,"14","DYSF"
"AZGP11",8.93456612820704e-217,0.827278831316541,0.565,0.284,1.78691322564141e-213,"14","AZGP1"
"LINC008444",1.62839067151699e-186,0.810803111639326,0.615,0.307,3.25678134303398e-183,"14","LINC00844"
"CD95",6.56464094850396e-169,0.579130152908305,0.802,0.585,1.31292818970079e-165,"14","CD9"
"PALM25",4.05529233966828e-168,0.532611622181844,0.825,0.638,8.11058467933657e-165,"14","PALM2"
"ANO45",1.47959318803461e-161,0.504908277261986,0.884,0.709,2.95918637606923e-158,"14","ANO4"
"LINC016087",1.93295597968573e-139,0.485136368708156,0.817,0.615,3.86591195937145e-136,"14","LINC01608"
"CTNND25",8.95823405960758e-126,0.250105844741214,0.913,0.707,1.79164681192152e-122,"14","CTNND2"
"PDE1A3",9.11259082556227e-110,0.453880939195349,0.821,0.647,1.82251816511245e-106,"14","PDE1A"
"SLC25A48",1.78903356836675e-108,0.935920147282101,0.472,0.273,3.57806713673351e-105,"14","SLC25A48"
"GREB1L2",8.59405881937557e-102,0.809721349609787,0.575,0.389,1.71881176387511e-98,"14","GREB1L"
"TMPRSS55",3.32038676801612e-100,0.697369202237995,0.616,0.473,6.64077353603223e-97,"14","TMPRSS5"
"RNASE15",5.60347107421194e-99,0.375682246802071,0.628,0.384,1.12069421484239e-95,"14","RNASE1"
"CHRM52",2.62784724666997e-86,0.801421513525264,0.534,0.375,5.25569449333994e-83,"14","CHRM5"
"SLC4A81",7.40868810887923e-83,0.644902890595692,0.615,0.452,1.48173762177585e-79,"14","SLC4A8"
"SPP15",1.90649527079784e-82,0.306331858930246,0.854,0.692,3.81299054159567e-79,"14","SPP1"
"HHIP7",4.50785028270603e-72,0.316565274822204,0.762,0.585,9.01570056541207e-69,"14","HHIP"
"PRDX13",1.11763935454722e-71,0.348924454979046,0.571,0.376,2.23527870909445e-68,"14","PRDX1"
"OLIG13",2.11917066953912e-54,0.306034845352327,0.612,0.412,4.23834133907824e-51,"14","OLIG1"
"EDA",1.40388553658347e-53,0.3140171149518,0.654,0.499,2.80777107316694e-50,"14","EDA"
"KCNAB14",3.929427885859e-52,0.593200740223413,0.605,0.476,7.85885577171799e-49,"14","KCNAB1"
"CDKN1C5",4.44198355773892e-41,0.291719221277181,0.577,0.429,8.88396711547785e-38,"14","CDKN1C"
"SLC5A114",1.73593470231779e-37,0.446112403357974,0.759,0.688,3.47186940463558e-34,"14","SLC5A11"
"FAM196B2",7.26305599106283e-37,0.477023350911287,0.479,0.344,1.45261119821257e-33,"14","FAM196B"
"LAMA24",8.00918294392886e-37,0.72291320160081,0.559,0.434,1.60183658878577e-33,"14","LAMA2"
"AL034405.11",4.07642689886722e-30,0.37145018171661,0.482,0.363,8.15285379773444e-27,"14","AL034405.1"
"AC012593.14",9.22866365411813e-26,0.355511496337166,0.589,0.484,1.84573273082363e-22,"14","AC012593.1"
"DOCK2",2.29482143304369e-13,0.298208326071361,0.435,0.345,4.58964286608738e-10,"14","DOCK2"
"LINC011703",3.17855554590813e-11,0.260029386053841,0.568,0.508,6.35711109181626e-08,"14","LINC01170"
"EML51",9.36595832986761e-11,0.351717437989296,0.4,0.282,1.87319166597352e-07,"14","EML5"
"LINC017252",2.21982913796023e-07,0.252447362897576,0.363,0.358,0.000443965827592046,"14","LINC01725"
"AVEN1",1.36469393228418e-06,0.449409627434748,0.419,0.346,0.00272938786456836,"14","AVEN"
"AC109927.11",0.00176449272872252,0.382525334288411,0.47,0.415,1,"14","AC109927.1"
"LTBP11",0.00439058430025655,0.251449683445722,0.399,0.401,1,"14","LTBP1"
"HSPA1A4",0,1.84949992312219,0.988,0.806,0,"15","HSPA1A"
"CRYAB5",0,1.71210881309107,0.964,0.803,0,"15","CRYAB"
"SPP16",0,1.41272277566505,0.876,0.691,0,"15","SPP1"
"HSP90AA13",0,0.397867628094392,0.994,0.941,0,"15","HSP90AA1"
"ABCA64",9.99168681221332e-267,1.10750729230087,0.773,0.718,1.99833736244266e-263,"15","ABCA6"
"PLP16",2.43318569751389e-211,0.651183925518183,0.994,0.953,4.86637139502778e-208,"15","PLP1"
"ST6GALNAC34",1.45227791169806e-166,0.73373167230777,0.826,0.81,2.90455582339613e-163,"15","ST6GALNAC3"
"FTL4",6.69524198464558e-146,0.754684055105986,0.7,0.612,1.33904839692912e-142,"15","FTL"
"TUBA1A5",2.73244519031441e-135,0.696962100125811,0.729,0.658,5.46489038062882e-132,"15","TUBA1A"
"APOD4",1.54719105989582e-117,0.730852506278257,0.594,0.527,3.09438211979163e-114,"15","APOD"
"MT33",2.44116899793521e-114,0.641068713612865,0.371,0.324,4.88233799587042e-111,"15","MT3"
"CA23",1.25226208183415e-109,0.926826153183145,0.566,0.543,2.5045241636683e-106,"15","CA2"
"AP001347.12",2.2546023885579e-104,0.283107786411513,0.146,0.476,4.5092047771158e-101,"15","AP001347.1"
"LINC00534",6.69857585097068e-100,0.331708214143312,0.135,0.452,1.33971517019414e-96,"15","LINC00534"
"TUBA1B4",2.19852998701292e-92,0.691536085060934,0.392,0.369,4.39705997402584e-89,"15","TUBA1B"
"PDE1A4",1.81280715350713e-85,0.62337758389279,0.66,0.652,3.62561430701425e-82,"15","PDE1A"
"AC002429.21",3.76834680615657e-83,0.26144535032551,0.122,0.442,7.53669361231314e-80,"15","AC002429.2"
"UBB4",4.08998871291938e-77,0.541681510806915,0.61,0.587,8.17997742583877e-74,"15","UBB"
"AC010884.11",8.23591849981487e-70,0.280935972912745,0.135,0.435,1.64718369996297e-66,"15","AC010884.1"
"TMSB4X2",1.65077748616433e-69,0.480155657559765,0.428,0.417,3.30155497232865e-66,"15","TMSB4X"
"LINC00159",6.90521249597127e-68,0.300648149231072,0.12,0.421,1.38104249919425e-64,"15","LINC00159"
"GULP11",1.10452066899656e-65,0.676422163752693,0.203,0.49,2.20904133799312e-62,"15","GULP1"
"SHISA61",3.22274627366807e-61,0.522392066302448,0.126,0.391,6.44549254733615e-58,"15","SHISA6"
"CPXM22",1.84098637356972e-58,0.250495388358008,0.125,0.389,3.68197274713944e-55,"15","CPXM2"
"SLC8A1-AS12",3.087810796705e-57,0.403636228316666,0.122,0.392,6.17562159341001e-54,"15","SLC8A1-AS1"
"PRDX14",1.10978534623312e-56,0.546529344183849,0.36,0.383,2.21957069246625e-53,"15","PRDX1"
"PEA152",2.36389539605021e-56,0.451654266357519,0.27,0.31,4.72779079210041e-53,"15","PEA15"
"AC090518.11",8.23252036064337e-54,0.561684840910237,0.184,0.461,1.64650407212867e-50,"15","AC090518.1"
"MT-ND32",9.31082027097563e-54,0.443371498550732,0.582,0.555,1.86216405419513e-50,"15","MT-ND3"
"DHCR243",4.74800145780617e-47,0.687006835905028,0.375,0.412,9.49600291561235e-44,"15","DHCR24"
"CLU2",6.07528292125627e-47,0.349708710060911,0.334,0.367,1.21505658425125e-43,"15","CLU"
"S100B3",1.96184278277587e-41,0.55356422459439,0.513,0.563,3.92368556555174e-38,"15","S100B"
"HS3ST4",6.675240626407e-40,0.294724320933218,0.136,0.405,1.3350481252814e-36,"15","HS3ST4"
"AFF34",1.58547739474916e-36,0.558446407423878,0.326,0.602,3.17095478949832e-33,"15","AFF3"
"SPARC2",4.70364546548528e-35,0.351355666573772,0.197,0.286,9.40729093097055e-32,"15","SPARC"
"MT-CO23",1.70659521443583e-34,0.295373406376211,0.612,0.618,3.41319042887165e-31,"15","MT-CO2"
"LINC008445",7.93006161404224e-33,0.298116015243696,0.24,0.32,1.58601232280845e-29,"15","LINC00844"
"COL18A12",5.29164567599991e-30,0.876770840133855,0.493,0.578,1.05832913519998e-26,"15","COL18A1"
"GRIA41",2.4638404450147e-29,0.402349992126601,0.636,0.729,4.9276808900294e-26,"15","GRIA4"
"MND1",9.00413315175543e-29,0.332021728341287,0.132,0.389,1.80082663035109e-25,"15","MND1"
"LINC006094",1.19365303989414e-28,0.323170267207465,0.719,0.784,2.38730607978828e-25,"15","LINC00609"
"SLC5A115",4.44647204212224e-28,0.305329135202179,0.637,0.692,8.89294408424449e-25,"15","SLC5A11"
"C9orf1531",1.52245557896891e-26,0.483155142094927,0.173,0.42,3.04491115793783e-23,"15","C9orf153"
"MYRIP3",4.07527314852931e-25,0.439777941636716,0.346,0.611,8.15054629705861e-22,"15","MYRIP"
"TOX33",2.96194784040394e-24,0.416277252218369,0.268,0.516,5.92389568080788e-21,"15","TOX3"
"PRDM6",3.36698791948608e-22,0.280726847770771,0.1,0.342,6.73397583897216e-19,"15","PRDM6"
"IGKC",2.45335453532682e-21,0.843999915031378,0.231,0.445,4.90670907065364e-18,"15","IGKC"
"LRP24",8.92387863855793e-20,0.298469876001781,0.646,0.758,1.78477572771159e-16,"15","LRP2"
"RANBP174",2.07921685058745e-19,0.302378149083519,0.38,0.637,4.1584337011749e-16,"15","RANBP17"
"ENPP63",3.41244474395175e-18,0.291096894006504,0.326,0.568,6.82488948790349e-15,"15","ENPP6"
"HLA-A2",5.0522407940031e-18,0.261522339961351,0.172,0.292,1.01044815880062e-14,"15","HLA-A"
"ABHD52",5.26523566311011e-12,0.312105643943184,0.225,0.452,1.05304713262202e-08,"15","ABHD5"
"CHRM53",1.17683144512696e-11,0.824011835631296,0.286,0.383,2.35366289025393e-08,"15","CHRM5"
"CDH84",2.69016935804174e-10,0.418291741043914,0.344,0.563,5.38033871608348e-07,"15","CDH8"
"CDKN1C6",3.13338861235235e-10,0.306721419370164,0.327,0.438,6.2667772247047e-07,"15","CDKN1C"
"ABCA92",1.86826168123457e-08,0.752313474242426,0.347,0.566,3.73652336246915e-05,"15","ABCA9"
"ANKRD18A4",5.09570475306225e-08,0.548546012001091,0.449,0.576,0.000101914095061245,"15","ANKRD18A"
"AZGP12",1.98566423023007e-07,0.440853118890199,0.152,0.298,0.000397132846046014,"15","AZGP1"
"AC006148.12",2.34015028574613e-07,0.258262497793395,0.248,0.461,0.000468030057149226,"15","AC006148.1"
"LGR42",2.93277597189432e-07,0.508258224823529,0.39,0.611,0.000586555194378863,"15","LGR4"
"ITPR1",3.74954078772304e-07,0.318194396672046,0.135,0.354,0.000749908157544607,"15","ITPR1"
"SORL14",5.50194697985431e-07,0.438645598509802,0.517,0.667,0.00110038939597086,"15","SORL1"
"BCL22",6.14735570710017e-05,0.40430060426476,0.524,0.669,0.122947114142003,"15","BCL2"
"NPTX23",0.000499999661446393,0.48386220050046,0.213,0.407,0.999999322892786,"15","NPTX2"
"TMEM178A2",0.000990221451266197,0.660095504105555,0.27,0.459,1,"15","TMEM178A"
"PLD52",0.00199052349308295,0.323356591916784,0.399,0.597,1,"15","PLD5"
"SMYD31",0.00330769872309201,0.269126669716331,0.325,0.512,1,"15","SMYD3"
"FGD43",0.00842779633705019,0.380129843694395,0.297,0.489,1,"15","FGD4"
"LINC01099",0,3.06761679853469,0.894,0.384,0,"16","LINC01099"
"LINC01098",0,2.46468613093338,0.912,0.377,0,"16","LINC01098"
"NKAIN26",1.18138128787748e-241,0.665739708010115,0.992,0.908,2.36276257575497e-238,"16","NKAIN2"
"UNC5C6",5.50008661353699e-220,0.69526246881879,0.976,0.874,1.1000173227074e-216,"16","UNC5C"
"KIRREL36",1.22694153309683e-217,0.755216438436221,0.977,0.86,2.45388306619365e-214,"16","KIRREL3"
"MOBP6",1.03937855620788e-214,0.716635425420907,0.982,0.881,2.07875711241575e-211,"16","MOBP"
"PPP2R2B5",2.15834319680366e-197,0.595853356124411,0.984,0.902,4.31668639360733e-194,"16","PPP2R2B"
"CNTNAP45",3.39954975368841e-188,0.697377292898251,0.922,0.75,6.79909950737682e-185,"16","CNTNAP4"
"HDAC2-AS22",1.19848303009303e-149,0.613154354140979,0.875,0.735,2.39696606018607e-146,"16","HDAC2-AS2"
"HS3ST55",1.91723738081932e-128,0.761587854119758,0.775,0.613,3.83447476163865e-125,"16","HS3ST5"
"PALM26",1.82298137083654e-105,0.671750452118723,0.771,0.641,3.64596274167307e-102,"16","PALM2"
"HHIP8",1.29267423667441e-100,0.472705031085627,0.763,0.587,2.58534847334882e-97,"16","HHIP"
"AC090502.14",1.0851257233277e-99,0.757520804944388,0.679,0.555,2.1702514466554e-96,"16","AC090502.1"
"ST6GALNAC35",2.70682528372349e-98,0.46915016853298,0.92,0.807,5.41365056744698e-95,"16","ST6GALNAC3"
"LMCD1-AS14",2.4225744197721e-94,0.667974186486076,0.807,0.697,4.8451488395442e-91,"16","LMCD1-AS1"
"ADAMTS186",1.44723324023142e-86,0.694507183408871,0.675,0.556,2.89446648046283e-83,"16","ADAMTS18"
"LINC006095",7.09764412307327e-84,0.50257082794838,0.876,0.78,1.41952882461465e-80,"16","LINC00609"
"CALN13",7.87758108582492e-80,0.638618153709505,0.759,0.671,1.57551621716498e-76,"16","CALN1"
"DPYSL53",2.80840316783516e-75,0.419025823633013,0.814,0.708,5.61680633567031e-72,"16","DPYSL5"
"AC026316.56",2.96599837270054e-66,0.3996809798946,0.932,0.864,5.93199674540107e-63,"16","AC026316.5"
"LINC015054",1.38754070695008e-63,0.942136006800794,0.663,0.573,2.77508141390016e-60,"16","LINC01505"
"AC087564.12",4.3936137997665e-62,0.604568938799105,0.65,0.555,8.787227599533e-59,"16","AC087564.1"
"KCTD83",2.57910597383083e-59,0.566242966029157,0.8,0.685,5.15821194766167e-56,"16","KCTD8"
"CYP7B15",1.24559399384809e-58,0.514045703995796,0.678,0.573,2.49118798769617e-55,"16","CYP7B1"
"BCL23",1.98380552219353e-58,0.509596750440701,0.751,0.662,3.96761104438706e-55,"16","BCL2"
"LINC016088",4.89870413347059e-55,0.403677198946762,0.703,0.62,9.79740826694117e-52,"16","LINC01608"
"LINC011704",1.84212847492119e-52,0.636672377307783,0.604,0.508,3.68425694984239e-49,"16","LINC01170"
"AC027117.23",2.92083469644197e-52,0.476555130841784,0.577,0.491,5.84166939288394e-49,"16","AC027117.2"
"KANK12",8.08813084826952e-42,0.262936291643898,0.773,0.707,1.6176261696539e-38,"16","KANK1"
"CDH85",1.35935739189301e-41,0.507724641372722,0.626,0.554,2.71871478378603e-38,"16","CDH8"
"RYR24",3.50617469128613e-41,0.518553776750455,0.624,0.561,7.01234938257227e-38,"16","RYR2"
"RANBP175",1.79252637153575e-38,0.307024173972681,0.688,0.627,3.58505274307149e-35,"16","RANBP17"
"OPALIN6",3.48306655636662e-37,0.270858662607716,0.515,0.425,6.96613311273324e-34,"16","OPALIN"
"ENPP64",1.25350344690368e-35,0.332089953017255,0.615,0.559,2.50700689380736e-32,"16","ENPP6"
"PDE4D4",2.8244860825742e-35,0.484954459363185,0.708,0.636,5.6489721651484e-32,"16","PDE4D"
"PLXDC25",1.12602061795951e-34,0.266154337849734,0.729,0.673,2.25204123591902e-31,"16","PLXDC2"
"C5orf172",9.06858189892869e-33,0.817033766901818,0.507,0.459,1.81371637978574e-29,"16","C5orf17"
"ENOX25",9.76327686184381e-32,0.461087017811468,0.528,0.466,1.95265537236876e-28,"16","ENOX2"
"FHIT3",9.57158072271258e-31,0.289732351197195,0.856,0.809,1.91431614454252e-27,"16","FHIT"
"PDE1A5",9.81422914114175e-31,0.271204323668321,0.713,0.651,1.96284582822835e-27,"16","PDE1A"
"AL354809.14",5.94653115894968e-28,0.542117816811499,0.531,0.494,1.18930623178994e-24,"16","AL354809.1"
"AC025159.14",7.95202830008461e-26,0.41905297915497,0.584,0.547,1.59040566001692e-22,"16","AC025159.1"
"LINC011822",2.18339573821854e-25,0.526019513551784,0.415,0.368,4.36679147643708e-22,"16","LINC01182"
"LINC025114",2.31270866464616e-24,0.393971869516373,0.441,0.403,4.62541732929231e-21,"16","LINC02511"
"AL589740.13",7.02185942384253e-24,0.348980612053241,0.659,0.609,1.40437188476851e-20,"16","AL589740.1"
"MYRIP4",9.46697021688108e-24,0.356441471057809,0.635,0.602,1.89339404337622e-20,"16","MYRIP"
"AC012593.15",1.12497156401429e-23,0.565171453384569,0.527,0.487,2.24994312802858e-20,"16","AC012593.1"
"AC098829.11",2.22703046913886e-23,0.483862066987291,0.54,0.495,4.45406093827773e-20,"16","AC098829.1"
"AGMO2",3.91216091045658e-23,0.507058683085836,0.48,0.448,7.82432182091316e-20,"16","AGMO"
"RAD51B4",2.54092911288294e-22,0.404084323951578,0.608,0.569,5.08185822576588e-19,"16","RAD51B"
"TENM31",6.64059021522043e-16,0.772228633938801,0.422,0.421,1.32811804304409e-12,"16","TENM3"
"AC078881.11",3.32364562315789e-14,0.571646865560931,0.418,0.401,6.64729124631578e-11,"16","AC078881.1"
"KCNAB15",7.94561309339669e-14,0.452463826840388,0.504,0.48,1.58912261867934e-10,"16","KCNAB1"
"IQCJ-SCHIP13",8.75555363991934e-14,0.290240915279634,0.597,0.572,1.75111072798387e-10,"16","IQCJ-SCHIP1"
"LINC008772",1.70814196892539e-07,0.353088783240976,0.519,0.527,0.000341628393785077,"16","LINC00877"
"CC2D2B1",2.76581749849336e-07,0.279291411671031,0.378,0.385,0.000553163499698672,"16","CC2D2B"
"DPH64",1.33331590664052e-06,0.278527346946993,0.427,0.432,0.00266663181328105,"16","DPH6"
"ATG102",3.83519532135564e-06,0.354020901608605,0.421,0.422,0.00767039064271129,"16","ATG10"
"KCTD12",8.5356318747842e-06,0.333843692734389,0.355,0.369,0.0170712637495684,"16","KCTD1"
"AC007364.13",5.86825559425111e-05,0.412599578198852,0.462,0.479,0.117365111885022,"16","AC007364.1"
"AP000282.12",0.000166010383050415,0.386399056242892,0.427,0.443,0.332020766100831,"16","AP000282.1"
"AC138627.12",0.000473519624855869,0.330608575493336,0.37,0.395,0.947039249711738,"16","AC138627.1"
"LINC013762",0.000546244400083276,0.359743280526268,0.319,0.335,1,"16","LINC01376"
"ADAMTS194",0.00224719639194391,0.418985155073825,0.429,0.458,1,"16","ADAMTS19"
"EXT11",0.00644018193784936,0.27900809426245,0.493,0.512,1,"16","EXT1"
"AL359232.11",0.00880248641638126,0.299503275414687,0.262,0.339,1,"16","AL359232.1"
"RBFOX12",0,2.50910765713022,0.835,0.473,0,"17","RBFOX1"
"LINC015055",0,1.83986149786887,0.857,0.569,0,"17","LINC01505"
"LMCD1-AS15",0,1.5297511366004,0.982,0.694,0,"17","LMCD1-AS1"
"LINC006096",0,1.40237072975569,0.995,0.777,0,"17","LINC00609"
"PLEKHG13",0,1.34172007769412,0.709,0.427,0,"17","PLEKHG1"
"KCTD84",0,1.30741825291008,0.942,0.681,0,"17","KCTD8"
"AFF35",0,1.2985701082032,0.789,0.589,0,"17","AFF3"
"PDE4D5",0,1.24449937303753,0.943,0.63,0,"17","PDE4D"
"SLC5A116",0,1.20374568090868,0.972,0.684,0,"17","SLC5A11"
"CNTNAP46",0,1.12991478949208,0.984,0.749,0,"17","CNTNAP4"
"MOBP7",0,1.06841036273145,0.998,0.881,0,"17","MOBP"
"PPP2R2B6",0,0.997395720680733,0.998,0.902,0,"17","PPP2R2B"
"NKAIN27",0,0.931725046327491,1,0.908,0,"17","NKAIN2"
"UNC5C7",0,0.856103427009618,0.999,0.874,0,"17","UNC5C"
"PDE1A6",1.64526031144492e-297,0.948700751192117,0.908,0.647,3.29052062288985e-294,"17","PDE1A"
"ST6GALNAC36",9.79618501347342e-271,0.79588214765777,0.973,0.806,1.95923700269468e-267,"17","ST6GALNAC3"
"ENPP65",2.84003929026527e-270,1.02201413930871,0.758,0.556,5.68007858053053e-267,"17","ENPP6"
"DPYSL54",3.53374679810749e-268,0.804102005379866,0.906,0.706,7.06749359621498e-265,"17","DPYSL5"
"AC012593.16",6.79051242174422e-267,1.15498043489042,0.759,0.481,1.35810248434884e-263,"17","AC012593.1"
"NEGR14",2.70220393012618e-265,0.870666601760866,0.887,0.674,5.40440786025236e-262,"17","NEGR1"
"RAD51B5",2.32596769708644e-237,0.960697716955699,0.802,0.564,4.65193539417288e-234,"17","RAD51B"
"AL589740.14",4.26017775422852e-233,0.975328949999414,0.799,0.605,8.52035550845705e-230,"17","AL589740.1"
"ACTN24",1.33718425424722e-220,0.775192840745188,0.769,0.573,2.67436850849444e-217,"17","ACTN2"
"FHIT4",1.1138518698257e-215,0.733411120839727,0.955,0.807,2.2277037396514e-212,"17","FHIT"
"CALN14",9.8634090222442e-211,1.06335904310874,0.79,0.671,1.97268180444884e-207,"17","CALN1"
"NLGN4Y2",1.69279547574673e-205,0.71750412289506,0.725,0.524,3.38559095149347e-202,"17","NLGN4Y"
"COL18A13",3.23077005810497e-194,0.875611118304344,0.724,0.572,6.46154011620995e-191,"17","COL18A1"
"SGCD2",3.80733799193547e-193,0.707500545216373,0.82,0.628,7.61467598387094e-190,"17","SGCD"
"AC026316.57",1.14774217022305e-191,0.688078738589459,0.977,0.863,2.2954843404461e-188,"17","AC026316.5"
"FGD44",9.55186467586487e-186,0.878614946743824,0.659,0.479,1.91037293517297e-182,"17","FGD4"
"DTNA4",1.00261027311553e-185,0.568549107206725,0.807,0.597,2.00522054623107e-182,"17","DTNA"
"PCSK62",2.17852561023093e-184,0.542220353170689,0.973,0.845,4.35705122046186e-181,"17","PCSK6"
"HIVEP32",5.01091783034934e-177,0.903058427857649,0.63,0.442,1.00218356606987e-173,"17","HIVEP3"
"HS3ST56",6.69666423668576e-176,0.747024671101813,0.807,0.612,1.33933284733715e-172,"17","HS3ST5"
"LINC011705",3.30709929641076e-174,0.984363041958736,0.702,0.505,6.61419859282151e-171,"17","LINC01170"
"IQCJ-SCHIP14",2.94228084970236e-167,0.807056884979693,0.742,0.568,5.88456169940471e-164,"17","IQCJ-SCHIP1"
"LRP25",3.62486188631016e-154,0.506986070861094,0.91,0.751,7.24972377262032e-151,"17","LRP2"
"NTM3",5.07135525101461e-150,0.594814218657924,0.983,0.877,1.01427105020292e-146,"17","NTM"
"MGAT53",2.02384710619115e-145,0.614770063732214,0.753,0.585,4.0476942123823e-142,"17","MGAT5"
"LDLRAD43",3.62019986069072e-138,0.458395816434894,0.747,0.559,7.24039972138145e-135,"17","LDLRAD4"
"SETBP14",1.43109463459221e-136,1.01463962113003,0.612,0.518,2.86218926918443e-133,"17","SETBP1"
"FBXL173",2.36055248317333e-127,0.659242316037101,0.605,0.44,4.72110496634667e-124,"17","FBXL17"
"AC233296.13",1.29704376659594e-121,0.946597271049528,0.54,0.411,2.59408753319187e-118,"17","AC233296.1"
"BCAS13",1.10448126221924e-119,0.264535556034059,0.967,0.836,2.20896252443849e-116,"17","BCAS1"
"GRIA31",1.28139877739086e-119,0.506135210768621,0.515,0.368,2.56279755478172e-116,"17","GRIA3"
"RANBP176",1.73478686536961e-117,0.547599032011633,0.714,0.627,3.46957373073923e-114,"17","RANBP17"
"AC087564.13",1.49154638587862e-115,0.578136320009774,0.694,0.554,2.98309277175724e-112,"17","AC087564.1"
"MACROD23",2.25192245623026e-108,0.81607489416467,0.685,0.592,4.50384491246053e-105,"17","MACROD2"
"KIRREL37",1.70179688398834e-104,0.370499347893244,0.975,0.861,3.40359376797668e-101,"17","KIRREL3"
"AC090502.15",4.5722496995916e-101,0.589858207434028,0.672,0.556,9.14449939918319e-98,"17","AC090502.1"
"MIR4300HG2",1.29772307465459e-99,0.820464821816662,0.469,0.397,2.59544614930917e-96,"17","MIR4300HG"
"LPP1",1.46708617743171e-98,0.344161678803141,0.733,0.587,2.93417235486341e-95,"17","LPP"
"SFMBT24",6.51216259047501e-95,0.411921328945884,0.766,0.681,1.302432518095e-91,"17","SFMBT2"
"KANK42",1.68591459845529e-94,0.973099447058234,0.459,0.365,3.37182919691058e-91,"17","KANK4"
"LINC008773",2.87826991885146e-91,0.633149704852398,0.617,0.524,5.75653983770292e-88,"17","LINC00877"
"MTERF13",2.08690351859217e-90,0.602536210675439,0.551,0.444,4.17380703718434e-87,"17","MTERF1"
"AC098829.12",3.21018808123656e-89,0.676710853035519,0.567,0.494,6.42037616247313e-86,"17","AC098829.1"
"AC027117.24",1.09904721228648e-87,0.768474311852316,0.551,0.492,2.19809442457295e-84,"17","AC027117.2"
"DPH65",3.30928691240215e-84,0.532510436094981,0.536,0.43,6.6185738248043e-81,"17","DPH6"
"ABTB22",2.39569610322166e-81,0.818552201257395,0.504,0.428,4.79139220644332e-78,"17","ABTB2"
"CDH86",1.96846979304922e-77,0.670109458441899,0.617,0.555,3.93693958609845e-74,"17","CDH8"
"GNA142",2.21602611129748e-77,0.932852885735975,0.423,0.372,4.43205222259496e-74,"17","GNA14"
"SLC4A82",7.19431851998519e-74,0.647607457733516,0.538,0.455,1.43886370399704e-70,"17","SLC4A8"
"AC006148.13",1.94699939010806e-72,0.697280736911667,0.524,0.453,3.89399878021612e-69,"17","AC006148.1"
"PARD3B2",7.1037979780827e-70,0.569509785365693,0.577,0.504,1.42075959561654e-66,"17","PARD3B"
"AL392023.22",5.14490481825283e-68,0.694005329334633,0.465,0.402,1.02898096365057e-64,"17","AL392023.2"
"PHACTR14",1.85982804513242e-67,0.348224853990109,0.735,0.668,3.71965609026484e-64,"17","PHACTR1"
"AC007364.14",7.54973221970612e-66,0.707825572244334,0.529,0.478,1.50994644394122e-62,"17","AC007364.1"
"PLA2G4C2",7.71819198526916e-66,0.392000368359699,0.544,0.462,1.54363839705383e-62,"17","PLA2G4C"
"TMEM178A3",1.20084303038355e-59,0.750795163889842,0.469,0.453,2.40168606076709e-56,"17","TMEM178A"
"FSTL52",2.17574829466626e-59,1.16036840535519,0.442,0.428,4.35149658933252e-56,"17","FSTL5"
"UBA6-AS13",4.07485149074136e-59,0.49045192996399,0.48,0.405,8.14970298148273e-56,"17","UBA6-AS1"
"PRELID22",1.54827495924832e-57,0.759733379706777,0.404,0.366,3.09654991849665e-54,"17","PRELID2"
"XKR62",3.80381113397753e-56,0.593889069099199,0.573,0.548,7.60762226795505e-53,"17","XKR6"
"KCNS3",1.25574023886272e-55,0.456834756381615,0.25,0.248,2.51148047772544e-52,"17","KCNS3"
"CNTNAP23",2.59111639590636e-48,0.812164201055438,0.501,0.455,5.18223279181272e-45,"17","CNTNAP2"
"INPP4B3",3.52338594032198e-46,0.611434665301673,0.338,0.328,7.04677188064396e-43,"17","INPP4B"
"AC078881.12",2.83678381962462e-45,0.514753453508607,0.429,0.401,5.67356763924924e-42,"17","AC078881.1"
"RYR25",4.58579033696966e-45,0.376536532879558,0.6,0.562,9.17158067393932e-42,"17","RYR2"
"FBXO323",2.02192427802313e-44,0.406996983668996,0.589,0.556,4.04384855604625e-41,"17","FBXO32"
"STPG22",5.35895602182892e-44,0.66670380520147,0.499,0.472,1.07179120436578e-40,"17","STPG2"
"LHFPL63",3.01788340694107e-43,0.535006828195395,0.472,0.446,6.03576681388214e-40,"17","LHFPL6"
"POT1-AS13",4.15820882989197e-43,0.590391964478348,0.474,0.463,8.31641765978393e-40,"17","POT1-AS1"
"C2CD62",2.13769442928866e-41,0.71174776649445,0.379,0.382,4.27538885857733e-38,"17","C2CD6"
"BCL24",2.96839698512832e-41,0.278714407708562,0.693,0.664,5.93679397025664e-38,"17","BCL2"
"TMEM2323",3.87938432916849e-41,0.483443792885381,0.356,0.35,7.75876865833698e-38,"17","TMEM232"
"RNLS1",1.06440160567228e-40,0.463110079627746,0.356,0.353,2.12880321134456e-37,"17","RNLS"
"ATG103",4.43436276397486e-40,0.40558544282631,0.457,0.421,8.86872552794972e-37,"17","ATG10"
"ACSBG11",4.46171384571205e-40,1.11259081834577,0.372,0.358,8.9234276914241e-37,"17","ACSBG1"
"RASAL22",2.00341253163454e-39,0.407896792512955,0.421,0.402,4.00682506326909e-36,"17","RASAL2"
"TOX34",3.36674154997034e-38,0.67378952119763,0.501,0.508,6.73348309994068e-35,"17","TOX3"
"LINC025115",1.9419573482277e-37,0.821408391570067,0.397,0.404,3.8839146964554e-34,"17","LINC02511"
"CFTR3",2.08311188380402e-37,0.386969044740253,0.379,0.365,4.16622376760803e-34,"17","CFTR"
"AC114485.11",8.69594036799026e-35,0.763623747508468,0.374,0.352,1.73918807359805e-31,"17","AC114485.1"
"LINC011823",3.06806941099924e-34,0.735428874161528,0.366,0.369,6.13613882199847e-31,"17","LINC01182"
"RASSF81",9.48062740518183e-33,0.389285195532332,0.42,0.417,1.89612548103637e-29,"17","RASSF8"
"CCDC102B2",2.53309901845105e-32,0.450900572038136,0.346,0.349,5.0661980369021e-29,"17","CCDC102B"
"MTHFD1L2",1.6398401751892e-30,0.641151536178477,0.378,0.389,3.27968035037841e-27,"17","MTHFD1L"
"AC138627.13",7.45284769917229e-30,0.455240048562412,0.387,0.395,1.49056953983446e-26,"17","AC138627.1"
"USH1C2",1.23035242507098e-29,0.545621656610886,0.302,0.304,2.46070485014195e-26,"17","USH1C"
"NRXN35",6.43372294428993e-29,0.46200740813445,0.849,0.826,1.28674458885799e-25,"17","NRXN3"
"TTTY142",3.06478802805159e-27,0.411356552645003,0.478,0.478,6.12957605610319e-24,"17","TTTY14"
"TNFRSF212",1.73896783325751e-26,0.570690596780269,0.349,0.361,3.47793566651501e-23,"17","TNFRSF21"
"EPM2A2",2.84605465384217e-26,0.338057559271548,0.313,0.329,5.69210930768434e-23,"17","EPM2A"
"DPH6-DT2",5.31166189314157e-26,0.40478888301867,0.469,0.478,1.06233237862831e-22,"17","DPH6-DT"
"CPXM23",5.49328047492326e-26,0.736959197455508,0.372,0.381,1.09865609498465e-22,"17","CPXM2"
"LINC013763",6.50574890683634e-26,0.462233749285013,0.313,0.335,1.30114978136727e-22,"17","LINC01376"
"MSRA2",7.26369970545792e-26,0.394999604823964,0.407,0.413,1.45273994109158e-22,"17","MSRA"
"GAS21",7.98636805091445e-26,0.55031969465279,0.342,0.358,1.59727361018289e-22,"17","GAS2"
"KALRN1",3.18157772205172e-25,0.271088366091111,0.308,0.331,6.36315544410344e-22,"17","KALRN"
"EXT12",4.28403958565525e-25,0.365609463013547,0.514,0.512,8.5680791713105e-22,"17","EXT1"
"CENPP1",1.18037530271032e-24,0.370605333191162,0.37,0.38,2.36075060542065e-21,"17","CENPP"
"AL662796.14",9.38989845356135e-24,0.603295895770372,0.447,0.48,1.87797969071227e-20,"17","AL662796.1"
"SAMD4A4",1.24698968888797e-22,0.25616103685866,0.527,0.531,2.49397937777594e-19,"17","SAMD4A"
"FIRRE",2.90415499656386e-21,0.480261565278204,0.286,0.323,5.80830999312773e-18,"17","FIRRE"
"AC113414.12",9.82448511756835e-21,0.524542008290734,0.37,0.402,1.96489702351367e-17,"17","AC113414.1"
"AGMO3",1.687925662935e-20,0.474480830703494,0.418,0.449,3.37585132587001e-17,"17","AGMO"
"AHCYL22",3.05141241463074e-19,0.373924174216393,0.472,0.486,6.10282482926149e-16,"17","AHCYL2"
"AC034195.12",3.65444509277248e-19,0.574409597898994,0.364,0.402,7.30889018554496e-16,"17","AC034195.1"
"FBXL22",4.24530535853604e-19,0.4301234308806,0.342,0.382,8.49061071707208e-16,"17","FBXL2"
"LINC012661",1.05530426260239e-17,0.423848899033243,0.281,0.337,2.11060852520477e-14,"17","LINC01266"
"NOX41",1.45867972595715e-17,0.34849206198478,0.247,0.304,2.91735945191429e-14,"17","NOX4"
"AC113383.1",3.43600922572026e-17,0.315277693199321,0.248,0.303,6.87201845144052e-14,"17","AC113383.1"
"RNF1801",1.30516559232176e-16,0.384275393707934,0.29,0.328,2.61033118464352e-13,"17","RNF180"
"PBX31",1.4413377128474e-16,0.295246446842359,0.441,0.462,2.88267542569481e-13,"17","PBX3"
"PCLO2",1.79962725223094e-16,0.310547995371528,0.23,0.281,3.59925450446189e-13,"17","PCLO"
"PPM1L1",9.33656891248071e-16,0.256833698480784,0.319,0.356,1.86731378249614e-12,"17","PPM1L"
"LGR43",1.01548467222493e-15,0.38657395091436,0.559,0.605,2.03096934444987e-12,"17","LGR4"
"AP000282.13",1.04587534206118e-15,0.451842356447322,0.404,0.443,2.09175068412237e-12,"17","AP000282.1"
"CEMIP1",2.93176464149683e-15,0.356431167746993,0.291,0.358,5.86352928299367e-12,"17","CEMIP"
"MBOAT12",3.1294327767154e-15,0.734778260499175,0.388,0.438,6.25886555343079e-12,"17","MBOAT1"
"KIAA08251",3.27642862989791e-13,0.285500236729268,0.296,0.35,6.55285725979582e-10,"17","KIAA0825"
"DCLK21",1.78546659244879e-11,0.27272575321837,0.275,0.333,3.57093318489757e-08,"17","DCLK2"
"C5orf173",4.1318967373829e-11,0.980405685528858,0.389,0.462,8.26379347476579e-08,"17","C5orf17"
"AC108866.12",5.03175731545064e-11,0.36316837062619,0.279,0.349,1.00635146309013e-07,"17","AC108866.1"
"AL078590.31",7.5893688369101e-11,0.32910418314909,0.349,0.404,1.51787376738202e-07,"17","AL078590.3"
"AL359710.12",1.3288370582702e-10,0.347747836518522,0.277,0.352,2.65767411654041e-07,"17","AL359710.1"
"SGSM12",1.61592693496829e-10,0.339335127818879,0.267,0.332,3.23185386993658e-07,"17","SGSM1"
"MBNL31",3.25555288499229e-10,0.397927736257512,0.28,0.35,6.51110576998458e-07,"17","MBNL3"
"LIX1-AS1",5.12924172703941e-10,0.403405203284344,0.284,0.354,1.02584834540788e-06,"17","LIX1-AS1"
"PHACTR2",5.39693071073239e-10,0.338757219446586,0.25,0.321,1.07938614214648e-06,"17","PHACTR2"
"MAML31",8.4888969909603e-10,0.34586885264857,0.445,0.502,1.69777939819206e-06,"17","MAML3"
"PAPPA21",1.32313810967843e-08,0.383167413699296,0.284,0.37,2.64627621935686e-05,"17","PAPPA2"
"RIMS11",9.08532487278742e-08,0.424487520300584,0.361,0.424,0.000181706497455748,"17","RIMS1"
"STON2",1.12175470980499e-07,0.255551047924429,0.207,0.367,0.000224350941960998,"17","STON2"
"CHODL1",3.89468021955636e-06,0.349219541145335,0.238,0.408,0.00778936043911271,"17","CHODL"
"SUCLG2-AS11",6.38269667767627e-06,0.334725068325169,0.26,0.344,0.0127653933553525,"17","SUCLG2-AS1"
"JPH11",7.70722579043371e-06,0.603055407287652,0.283,0.357,0.0154144515808674,"17","JPH1"
"AC092378.11",3.6449426486827e-05,0.391212748565641,0.228,0.33,0.0728988529736539,"17","AC092378.1"
"LINC013581",0.000192965244218715,0.254583731989481,0.217,0.325,0.38593048843743,"17","LINC01358"
"AC007262.21",0.000303088643369658,0.296639826073922,0.297,0.391,0.606177286739316,"17","AC007262.2"
"AL445472.1",0.000346922964096286,0.287586771688246,0.224,0.326,0.693845928192572,"17","AL445472.1"
"ARHGAP261",0.000377579961695509,0.271432938196588,0.289,0.384,0.755159923391019,"17","ARHGAP26"
"AL359232.12",0.00271802984112287,0.317485954470613,0.237,0.339,1,"17","AL359232.1"
"CC2D2B2",0.00440907859776248,0.35810472283341,0.283,0.388,1,"17","CC2D2B"
"AC105411.1",0.00504058574159717,0.342630655865233,0.197,0.312,1,"17","AC105411.1"
"B2M4",0,0.878513996434182,0.947,0.537,0,"18","B2M"
"ISG151",0,0.564734411223648,0.746,0.164,0,"18","ISG15"
"SFRP13",0,0.438676702241212,0.939,0.392,0,"18","SFRP1"
"FANCC",7.32684009928232e-298,0.405250077599165,0.928,0.468,1.46536801985646e-294,"18","FANCC"
"EIF2AK21",1.06300130095279e-283,0.650572369067457,0.793,0.304,2.12600260190557e-280,"18","EIF2AK2"
"IFITM3",2.5066850373052e-218,0.259180335900083,0.25,0.214,5.01337007461041e-215,"18","IFITM3"
"HLA-C",1.12742216351954e-178,0.869729301941474,0.724,0.311,2.25484432703907e-175,"18","HLA-C"
"RNASE16",1.51788459784067e-166,0.387896676788054,0.841,0.382,3.03576919568133e-163,"18","RNASE1"
"PLXDC26",1.29676700087417e-142,0.482452716518674,0.923,0.668,2.59353400174835e-139,"18","PLXDC2"
"LINC016089",1.8011605974639e-126,0.268445104690561,0.928,0.615,3.60232119492781e-123,"18","LINC01608"
"CA24",1.77552938685911e-123,0.485718663603943,0.838,0.537,3.55105877371822e-120,"18","CA2"
"PLP17",3.60454506618081e-123,0.414944388709736,0.998,0.954,7.20909013236162e-120,"18","PLP1"
"SPP17",1.09793806356729e-117,0.323103968458055,0.955,0.691,2.19587612713459e-114,"18","SPP1"
"OPALIN7",9.07979066844928e-104,0.293302951852559,0.803,0.419,1.81595813368986e-100,"18","OPALIN"
"MX1",4.10005896645997e-102,0.337548493545836,0.337,0.115,8.20011793291994e-99,"18","MX1"
"CD97",5.34199522214673e-102,0.372868180737938,0.884,0.586,1.06839904442935e-98,"18","CD9"
"AL354809.15",7.74939540456559e-84,0.699623327068956,0.771,0.489,1.54987908091312e-80,"18","AL354809.1"
"TUBA1A6",1.02872952912779e-72,0.32951655340122,0.937,0.654,2.05745905825558e-69,"18","TUBA1A"
"CRYAB6",3.42268473907204e-70,0.300806344361122,0.979,0.804,6.84536947814408e-67,"18","CRYAB"
"PARP141",4.30090909234375e-65,0.370869469473136,0.597,0.169,8.6018181846875e-62,"18","PARP14"
"DDX60L1",8.37348795696922e-46,0.284459462407076,0.395,0.208,1.67469759139384e-42,"18","DDX60L"
"HLA-B1",8.9282136391816e-46,0.870032871986238,0.6,0.283,1.78564272783632e-42,"18","HLA-B"
"HLA-E1",6.93805212454245e-44,0.482643613993096,0.391,0.263,1.38761042490849e-40,"18","HLA-E"
"AC012593.17",1.85930399084885e-31,0.251956941685725,0.726,0.482,3.71860798169769e-28,"18","AC012593.1"
"AVEN2",1.85014274002278e-30,0.254889039562334,0.44,0.347,3.70028548004557e-27,"18","AVEN"
"MND11",1.11067225831192e-28,0.482363404224469,0.452,0.379,2.22134451662383e-25,"18","MND1"
"LTBP12",1.31271349923978e-25,0.543951932805568,0.616,0.396,2.62542699847956e-22,"18","LTBP1"
"CHRM54",8.84359855330243e-11,0.427248967131278,0.587,0.375,1.76871971066049e-07,"18","CHRM5"
"LAMA25",0.00185243230034129,0.295920500088896,0.587,0.435,1,"18","LAMA2"
"TRIO1",0,3.38037886424973,0.989,0.515,0,"19","TRIO"
"FGF141",0,3.27725053909894,0.995,0.397,0,"19","FGF14"
"LHFPL31",0,3.22159781342749,0.995,0.531,0,"19","LHFPL3"
"PTPRZ11",0,3.17233517200876,0.989,0.359,0,"19","PTPRZ1"
"AC092691.11",0,3.09411749891946,0.981,0.41,0,"19","AC092691.1"
"UST1",0,3.06242487170417,0.969,0.425,0,"19","UST"
"SNTG11",0,3.00029427035707,0.983,0.314,0,"19","SNTG1"
"MEGF111",0,2.96010668133441,0.98,0.367,0,"19","MEGF11"
"ATRNL11",0,2.93029311324047,0.989,0.366,0,"19","ATRNL1"
"LRRC4C1",0,2.90687703763978,0.999,0.534,0,"19","LRRC4C"
"TNR1",0,2.90624786890602,1,0.347,0,"19","TNR"
"SORBS14",0,2.90452919662038,0.986,0.632,0,"19","SORBS1"
"NRCAM1",0,2.84423984968287,0.992,0.349,0,"19","NRCAM"
"DLGAP11",0,2.83404383968186,0.973,0.338,0,"19","DLGAP1"
"NRXN11",0,2.79509577126007,0.996,0.281,0,"19","NRXN1"
"LRRTM41",0,2.7867434804453,0.987,0.364,0,"19","LRRTM4"
"MAP21",0,2.76876736173583,0.975,0.377,0,"19","MAP2"
"AKAP121",0,2.76142398395407,0.87,0.264,0,"19","AKAP12"
"SLC35F11",0,2.727703933009,0.961,0.279,0,"19","SLC35F1"
"IGF2BP21",0,2.71332279922168,0.937,0.307,0,"19","IGF2BP2"
"SEMA3E1",0,2.70522850712217,0.948,0.291,0,"19","SEMA3E"
"MMP161",0,2.7006514640327,0.964,0.339,0,"19","MMP16"
"PITPNC11",0,2.69581505583007,0.964,0.402,0,"19","PITPNC1"
"ZEB11",0,2.69532523441829,0.967,0.323,0,"19","ZEB1"
"DSCAM1",0,2.68508230275333,0.993,0.348,0,"19","DSCAM"
"CA101",0,2.67653381218823,0.969,0.288,0,"19","CA10"
"TMEM132C1",0,2.65267557999907,0.981,0.526,0,"19","TMEM132C"
"CHST111",0,2.64704860506153,0.958,0.363,0,"19","CHST11"
"PCDH151",0,2.63379503843815,0.989,0.396,0,"19","PCDH15"
"OPCML1",0,2.62889629396225,0.995,0.379,0,"19","OPCML"
"SORCS31",0,2.60420635809711,0.941,0.323,0,"19","SORCS3"
"NRG31",0,2.59932647186762,0.943,0.41,0,"19","NRG3"
"KCNIP41",0,2.57153401679571,0.993,0.568,0,"19","KCNIP4"
"TPST13",0,2.57022813194529,0.98,0.502,0,"19","TPST1"
"CSMD11",0,2.54837099193183,0.993,0.433,0,"19","CSMD1"
"SOX51",0,2.52011604946996,0.96,0.421,0,"19","SOX5"
"SHC31",0,2.50331146913518,0.91,0.364,0,"19","SHC3"
"SORCS11",0,2.48551134886643,0.917,0.349,0,"19","SORCS1"
"LINC005111",0,2.48544201164342,0.961,0.403,0,"19","LINC00511"
"BAALC3",0,2.47533203809992,0.923,0.355,0,"19","BAALC"
"CAMK2D4",0,2.46403869530316,0.958,0.59,0,"19","CAMK2D"
"LRP1B1",0,2.45845839626518,0.999,0.742,0,"19","LRP1B"
"NTRK31",0,2.4574615764316,0.943,0.343,0,"19","NTRK3"
"LUZP21",0,2.44029585257098,0.958,0.474,0,"19","LUZP2"
"SOX61",0,2.42493112224702,0.958,0.339,0,"19","SOX6"
"COL11A11",0,2.42396289983904,0.956,0.311,0,"19","COL11A1"
"MDGA21",0,2.42293613634625,0.976,0.505,0,"19","MDGA2"
"CTNNA21",0,2.40560429175148,0.965,0.427,0,"19","CTNNA2"
"BRINP31",0,2.40282985248953,0.929,0.26,0,"19","BRINP3"
"RORA1",0,2.37808992140326,0.987,0.524,0,"19","RORA"
"PTPRG1",0,2.35906753290121,0.933,0.352,0,"19","PTPRG"
"VCAN1",0,2.35103469733872,0.942,0.362,0,"19","VCAN"
"ADGRL31",0,2.35058670808119,0.993,0.522,0,"19","ADGRL3"
"GRM51",0,2.34164711332023,0.934,0.279,0,"19","GRM5"
"PLCB11",0,2.34116302869368,0.943,0.319,0,"19","PLCB1"
"CSMD31",0,2.33344102830733,0.965,0.409,0,"19","CSMD3"
"FAM155A1",0,2.32700711380131,0.939,0.335,0,"19","FAM155A"
"PARD31",0,2.30523663424126,0.961,0.487,0,"19","PARD3"
"ARHGEF33",0,2.28632734082877,0.915,0.36,0,"19","ARHGEF3"
"SHISA91",0,2.26974163479026,0.839,0.26,0,"19","SHISA9"
"KCNMA11",0,2.26770199037326,0.948,0.353,0,"19","KCNMA1"
"GPM6A1",0,2.26225894025878,0.924,0.268,0,"19","GPM6A"
"GRM71",0,2.25737910699284,0.94,0.33,0,"19","GRM7"
"RAB3IP2",0,2.23753578193244,0.863,0.433,0,"19","RAB3IP"
"HS6ST31",0,2.23562241562845,0.846,0.232,0,"19","HS6ST3"
"IL1RAP1",0,2.22895977079952,0.808,0.248,0,"19","IL1RAP"
"LSAMP1",0,2.22042195071748,0.999,0.775,0,"19","LSAMP"
"TMEM132D1",0,2.214431831791,0.882,0.361,0,"19","TMEM132D"
"CELF21",0,2.20262377724251,0.945,0.325,0,"19","CELF2"
"SLC1A21",0,2.19829058708076,0.854,0.248,0,"19","SLC1A2"
"VEGFA2",0,2.19734274533366,0.778,0.319,0,"19","VEGFA"
"CACNA1A1",0,2.18940255978986,0.939,0.412,0,"19","CACNA1A"
"DGKG1",0,2.17743083640419,0.952,0.362,0,"19","DGKG"
"STK32B1",0,2.14977501141656,0.845,0.296,0,"19","STK32B"
"GPR1581",0,2.14174695583859,0.887,0.302,0,"19","GPR158"
"GLDC1",0,2.12534571585427,0.754,0.26,0,"19","GLDC"
"SLC2A131",0,2.11819790060337,0.88,0.4,0,"19","SLC2A13"
"FGF121",0,2.11416907061947,0.936,0.312,0,"19","FGF12"
"ASAP12",0,2.11026343953478,0.972,0.577,0,"19","ASAP1"
"CHL11",0,2.10993272981246,0.895,0.316,0,"19","CHL1"
"C1orf211",0,2.0690484553567,0.913,0.392,0,"19","C1orf21"
"NXPH11",0,2.04761058889936,0.889,0.269,0,"19","NXPH1"
"SAMD4A5",0,2.04554095454337,0.933,0.523,0,"19","SAMD4A"
"ALK1",0,2.03140045447846,0.786,0.368,0,"19","ALK"
"MAML21",0,1.98721123329486,0.956,0.415,0,"19","MAML2"
"SEMA5A1",0,1.98547547074039,0.958,0.587,0,"19","SEMA5A"
"TIAM13",0,1.97758346134418,0.949,0.52,0,"19","TIAM1"
"GRIK21",0,1.96067207694744,0.915,0.368,0,"19","GRIK2"
"CADPS1",0,1.95946094830329,0.821,0.302,0,"19","CADPS"
"ZFPM21",0,1.92437387963392,0.884,0.435,0,"19","ZFPM2"
"CNTNAP51",0,1.9155877226542,0.849,0.351,0,"19","CNTNAP5"
"KHDRBS31",0,1.91341159481603,0.91,0.4,0,"19","KHDRBS3"
"KCNIP11",0,1.90683999106292,0.83,0.237,0,"19","KCNIP1"
"PAM1",0,1.89553057719217,0.853,0.307,0,"19","PAM"
"TMEM132B1",0,1.88931609482707,0.841,0.354,0,"19","TMEM132B"
"CERS61",0,1.88587880920511,0.891,0.388,0,"19","CERS6"
"RALYL1",0,1.88518644926617,0.857,0.28,0,"19","RALYL"
"REV3L2",0,1.86749199914999,0.955,0.554,0,"19","REV3L"
"SULF21",0,1.86342847553821,0.852,0.279,0,"19","SULF2"
"GRID21",0,1.85006135268738,0.981,0.552,0,"19","GRID2"
"DPP61",0,1.84173533224593,0.989,0.617,0,"19","DPP6"
"CCDC501",0,1.81849464685041,0.818,0.312,0,"19","CCDC50"
"SCN3A1",0,1.81209728464715,0.804,0.292,0,"19","SCN3A"
"TMEM1081",0,1.79209893048457,0.873,0.388,0,"19","TMEM108"
"STXBP5L1",0,1.79003651774374,0.859,0.289,0,"19","STXBP5L"
"XYLT11",0,1.78282728087339,0.969,0.541,0,"19","XYLT1"
"FAM110B1",0,1.78150636892702,0.855,0.274,0,"19","FAM110B"
"AL445250.11",0,1.7701382740914,0.808,0.358,0,"19","AL445250.1"
"RPS6KA32",0,1.76790792018657,0.9,0.405,0,"19","RPS6KA3"
"CACNA2D31",0,1.76285437974765,0.887,0.303,0,"19","CACNA2D3"
"GRIK31",0,1.75269404710649,0.859,0.407,0,"19","GRIK3"
"NEBL1",0,1.75211160022066,0.853,0.352,0,"19","NEBL"
"OPHN11",0,1.7481340285766,0.927,0.363,0,"19","OPHN1"
"CSMD23",0,1.74802157563544,0.959,0.58,0,"19","CSMD2"
"DPP101",0,1.74267956443173,0.885,0.438,0,"19","DPP10"
"KCND21",0,1.72529832325944,0.878,0.288,0,"19","KCND2"
"NOL41",0,1.72452903670927,0.82,0.295,0,"19","NOL4"
"PLPP41",0,1.71193704406097,0.881,0.558,0,"19","PLPP4"
"HIF3A1",0,1.70438965793454,0.832,0.314,0,"19","HIF3A"
"PCSK51",0,1.69850563211731,0.856,0.417,0,"19","PCSK5"
"MSRA3",0,1.69848108007401,0.888,0.404,0,"19","MSRA"
"HMGCS13",0,1.69692200744798,0.941,0.474,0,"19","HMGCS1"
"IGSF9B1",0,1.69108716378877,0.845,0.194,0,"19","IGSF9B"
"CNTN11",0,1.68689967491225,0.899,0.462,0,"19","CNTN1"
"PCDH71",0,1.68549500110759,0.826,0.334,0,"19","PCDH7"
"ARHGAP421",0,1.68286554123532,0.793,0.335,0,"19","ARHGAP42"
"TOX1",0,1.68081592330061,0.774,0.338,0,"19","TOX"
"SLC8A11",0,1.67746389507849,0.814,0.32,0,"19","SLC8A1"
"CDK141",0,1.67566735641655,0.9,0.495,0,"19","CDK14"
"DCC1",0,1.66777608080338,0.919,0.538,0,"19","DCC"
"GLIS3",0,1.66738054893264,0.768,0.389,0,"19","GLIS3"
"TNIK2",0,1.6671485194391,0.943,0.632,0,"19","TNIK"
"NLGN12",0,1.66714018936528,0.997,0.738,0,"19","NLGN1"
"PVT11",0,1.66197607755549,0.843,0.263,0,"19","PVT1"
"PRKCA1",0,1.63446359891885,0.981,0.728,0,"19","PRKCA"
"STK32A1",0,1.62426286502302,0.835,0.265,0,"19","STK32A"
"ST6GAL11",0,1.60578726497855,0.75,0.316,0,"19","ST6GAL1"
"KCNT21",0,1.60378845560016,0.762,0.273,0,"19","KCNT2"
"RGS71",0,1.60042963211715,0.849,0.363,0,"19","RGS7"
"FGFR13",0,1.59641510919276,0.866,0.456,0,"19","FGFR1"
"TRIM91",0,1.59243170186404,0.913,0.503,0,"19","TRIM9"
"DPYSL31",0,1.59216140215267,0.786,0.232,0,"19","DPYSL3"
"HECW11",0,1.58392557863875,0.803,0.233,0,"19","HECW1"
"KLF121",0,1.57427621004551,0.804,0.348,0,"19","KLF12"
"ST8SIA11",0,1.57065190946641,0.776,0.265,0,"19","ST8SIA1"
"IGSF211",0,1.55974232695506,0.775,0.193,0,"19","IGSF21"
"UNC801",0,1.55851171789183,0.736,0.225,0,"19","UNC80"
"LRP11",0,1.55080149658299,0.765,0.228,0,"19","LRP1"
"RIMS21",0,1.54810600706467,0.769,0.284,0,"19","RIMS2"
"FMN21",0,1.53942979645072,0.838,0.386,0,"19","FMN2"
"PLOD21",0,1.5284357905998,0.82,0.408,0,"19","PLOD2"
"AFAP11",0,1.52311266606202,0.804,0.335,0,"19","AFAP1"
"SLC38A11",0,1.51688859745993,0.82,0.278,0,"19","SLC38A1"
"ARPP211",0,1.51672595317381,0.83,0.225,0,"19","ARPP21"
"AC004852.21",0,1.51248663954548,0.746,0.22,0,"19","AC004852.2"
"MYT11",0,1.50685193036929,0.694,0.162,0,"19","MYT1"
"BEST31",0,1.48495368114863,0.686,0.264,0,"19","BEST3"
"GAD11",0,1.48467806711988,0.707,0.165,0,"19","GAD1"
"MACROD24",0,1.47709400775143,0.921,0.588,0,"19","MACROD2"
"RUNX1T12",0,1.47007674191111,0.849,0.41,0,"19","RUNX1T1"
"LINC013221",0,1.46996892309556,0.812,0.424,0,"19","LINC01322"
"CDH131",0,1.4694829201523,0.798,0.364,0,"19","CDH13"
"BCL63",0,1.45157865868825,0.909,0.517,0,"19","BCL6"
"RAB311",0,1.44180574051811,0.758,0.35,0,"19","RAB31"
"PLPPR51",0,1.4321236622973,0.766,0.237,0,"19","PLPPR5"
"DTNA5",0,1.43091045284683,0.938,0.596,0,"19","DTNA"
"CDH101",0,1.42961450365988,0.719,0.206,0,"19","CDH10"
"RIT21",0,1.42672739034353,0.786,0.19,0,"19","RIT2"
"SH3RF31",0,1.42552704057566,0.713,0.325,0,"19","SH3RF3"
"XKR41",0,1.41956186490527,0.768,0.344,0,"19","XKR4"
"CASK1",0,1.41212223054266,0.888,0.483,0,"19","CASK"
"SCN9A1",0,1.4117642954713,0.707,0.262,0,"19","SCN9A"
"NAV23",0,1.40294859624389,0.982,0.748,0,"19","NAV2"
"THRB1",0,1.40189755766035,0.742,0.339,0,"19","THRB"
"FLRT21",0,1.39919330799119,0.721,0.221,0,"19","FLRT2"
"RNF1501",0,1.39737690716615,0.789,0.308,0,"19","RNF150"
"PID11",0,1.39399677572934,0.792,0.353,0,"19","PID1"
"PDZD21",0,1.39063495102629,0.895,0.414,0,"19","PDZD2"
"GRIA21",0,1.38675999081066,0.894,0.587,0,"19","GRIA2"
"KIAA12171",0,1.38113344126793,0.726,0.322,0,"19","KIAA1217"
"GOLIM41",0,1.37925909460563,0.86,0.381,0,"19","GOLIM4"
"GAP431",0,1.37148714087656,0.723,0.19,0,"19","GAP43"
"PKNOX21",0,1.36813121186587,0.809,0.353,0,"19","PKNOX2"
"PTPRN21",0,1.36734775861446,0.825,0.312,0,"19","PTPRN2"
"GRIK11",0,1.34991078312025,0.76,0.32,0,"19","GRIK1"
"ABLIM11",0,1.34153229550814,0.817,0.32,0,"19","ABLIM1"
"SLC24A31",0,1.32627079351848,0.733,0.364,0,"19","SLC24A3"
"GALNT131",0,1.32415240155819,0.96,0.686,0,"19","GALNT13"
"NTNG11",0,1.3149560992049,0.715,0.259,0,"19","NTNG1"
"ADAMTS171",0,1.30344395316519,0.729,0.313,0,"19","ADAMTS17"
"PRKD11",0,1.30021432967836,0.891,0.545,0,"19","PRKD1"
"ME11",0,1.29741002672307,0.808,0.271,0,"19","ME1"
"PLEKHA21",0,1.29304145849299,0.717,0.291,0,"19","PLEKHA2"
"ANO61",0,1.28495310043157,0.808,0.315,0,"19","ANO6"
"ITPR21",0,1.2840667842822,0.834,0.503,0,"19","ITPR2"
"MPPED21",0,1.27926625177754,0.701,0.223,0,"19","MPPED2"
"GABRB31",0,1.25923652637018,0.718,0.297,0,"19","GABRB3"
"TTTY143",0,1.25762330599328,0.852,0.471,0,"19","TTTY14"
"LRRN11",0,1.25549344382359,0.815,0.33,0,"19","LRRN1"
"SNAP912",0,1.25483893953311,0.748,0.312,0,"19","SNAP91"
"DAB11",0,1.24156002266101,0.835,0.413,0,"19","DAB1"
"CMYA51",0,1.24066350835431,0.773,0.325,0,"19","CMYA5"
"CACNG41",0,1.22878107554854,0.788,0.272,0,"19","CACNG4"
"KAZN1",0,1.22778592132012,0.961,0.674,0,"19","KAZN"
"AKAP131",0,1.22646088970261,0.739,0.366,0,"19","AKAP13"
"CHST91",0,1.22315241549351,0.734,0.317,0,"19","CHST9"
"TNS31",0,1.21669214938167,0.83,0.336,0,"19","TNS3"
"ASTN11",0,1.21325181112599,0.741,0.338,0,"19","ASTN1"
"ABR1",0,1.21164046657479,0.805,0.393,0,"19","ABR"
"CPNE51",0,1.21150417530018,0.81,0.147,0,"19","CPNE5"
"CDH181",0,1.18563319018767,0.726,0.294,0,"19","CDH18"
"KALRN2",0,1.17918795044523,0.76,0.322,0,"19","KALRN"
"GABRB11",0,1.17506663082602,0.76,0.33,0,"19","GABRB1"
"HAP11",0,1.16792019980308,0.67,0.215,0,"19","HAP1"
"NMNAT21",0,1.14097923295069,0.758,0.286,0,"19","NMNAT2"
"PRICKLE21",0,1.13855201748614,0.8,0.261,0,"19","PRICKLE2"
"FAM13A1",0,1.13474022089762,0.803,0.438,0,"19","FAM13A"
"MSMO13",0,1.12896044979874,0.919,0.511,0,"19","MSMO1"
"CNKSR21",0,1.12078765956221,0.725,0.215,0,"19","CNKSR2"
"GRIK44",0,1.1181120479,0.874,0.412,0,"19","GRIK4"
"SDK11",0,1.09867991016344,0.785,0.456,0,"19","SDK1"
"PELI21",0,1.09482762463314,0.854,0.455,0,"19","PELI2"
"ANTXR11",0,1.08347196194477,0.705,0.304,0,"19","ANTXR1"
"SEMA5B1",0,1.07862437843259,0.752,0.196,0,"19","SEMA5B"
"HMGCR3",0,1.07525897212931,0.864,0.45,0,"19","HMGCR"
"DOK51",0,1.0646914017515,0.736,0.216,0,"19","DOK5"
"CAMK1D1",0,1.0448104119902,0.719,0.268,0,"19","CAMK1D"
"AL110292.11",0,1.04044374438394,0.686,0.317,0,"19","AL110292.1"
"MAGI31",0,1.03679187338903,0.779,0.402,0,"19","MAGI3"
"PGM2L1",0,1.03234561597656,0.785,0.262,0,"19","PGM2L1"
"ZNF5161",0,1.02337382542928,0.744,0.358,0,"19","ZNF516"
"TENM42",0,1.01039549749186,0.791,0.401,0,"19","TENM4"
"CTNND26",0,1.00923688691621,0.965,0.71,0,"19","CTNND2"
"MAP3K11",0,1.00732867389617,0.727,0.303,0,"19","MAP3K1"
"AC124854.11",0,0.995434460201594,0.776,0.208,0,"19","AC124854.1"
"ACAT21",0,0.949244190608767,0.824,0.365,0,"19","ACAT2"
"ITGA91",0,0.943539934370304,0.76,0.287,0,"19","ITGA9"
"SMAD31",0,0.93567453272512,0.72,0.234,0,"19","SMAD3"
"VAT1L2",0,0.933306854474527,0.73,0.258,0,"19","VAT1L"
"SLC2A32",0,0.925043289363993,0.791,0.347,0,"19","SLC2A3"
"SLIT11",0,0.914703646301631,0.76,0.276,0,"19","SLIT1"
"P4HA13",0,0.907420437384426,0.918,0.568,0,"19","P4HA1"
"TMEM1961",0,0.90573748580751,0.671,0.123,0,"19","TMEM196"
"AC073050.11",0,0.888395321603484,0.758,0.394,0,"19","AC073050.1"
"CDC14A1",0,0.874917420848672,0.723,0.358,0,"19","CDC14A"
"NSG21",0,0.871143771594966,0.664,0.187,0,"19","NSG2"
"MYRFL1",0,0.846065099673554,0.748,0.343,0,"19","MYRFL"
"LRCH12",0,0.842066849861707,0.689,0.258,0,"19","LRCH1"
"ARHGEF261",0,0.831719445905188,0.682,0.283,0,"19","ARHGEF26"
"AC009975.11",0,0.830068069901732,0.707,0.327,0,"19","AC009975.1"
"AFAP1L21",0,0.81268619407052,0.666,0.213,0,"19","AFAP1L2"
"HSPB13",0,0.790461205750693,0.9,0.574,0,"19","HSPB1"
"COL27A11",0,0.787478309267139,0.771,0.206,0,"19","COL27A1"
"MYT1L1",0,0.785024134049156,0.775,0.255,0,"19","MYT1L"
"SMAP21",0,0.752347943318458,0.769,0.306,0,"19","SMAP2"
"RBMS31",0,0.740403628776064,0.739,0.231,0,"19","RBMS3"
"SLC16A101",0,0.738119241852147,0.631,0.185,0,"19","SLC16A10"
"ARHGAP241",0,0.732268743249424,0.769,0.41,0,"19","ARHGAP24"
"HUNK1",0,0.716955047853187,0.758,0.351,0,"19","HUNK"
"DACH21",0,0.71678464000421,0.745,0.362,0,"19","DACH2"
"KSR21",0,0.701498845003376,0.715,0.272,0,"19","KSR2"
"LINC022231",0,0.640511730473891,0.745,0.157,0,"19","LINC02223"
"MID11",0,0.619921416131848,0.757,0.35,0,"19","MID1"
"SPHKAP1",0,0.597098216731414,0.748,0.214,0,"19","SPHKAP"
"KCNJ31",0,0.594487662755562,0.742,0.223,0,"19","KCNJ3"
"AC007563.21",0,0.571131070315095,0.695,0.287,0,"19","AC007563.2"
"KCNQ51",0,0.555360565668077,0.667,0.245,0,"19","KCNQ5"
"CRISPLD11",0,0.5522474340472,0.697,0.159,0,"19","CRISPLD1"
"KLRD13",0,0.54151923668441,0.791,0.463,0,"19","KLRD1"
"BASP1-AS11",0,0.530241272970571,0.706,0.227,0,"19","BASP1-AS1"
"ANKRD551",0,0.528086148510072,0.736,0.271,0,"19","ANKRD55"
"SH3GL21",0,0.517383255684145,0.696,0.189,0,"19","SH3GL2"
"HSPH13",0,0.481310754887506,0.969,0.688,0,"19","HSPH1"
"ZMAT41",0,0.448470108866631,0.651,0.224,0,"19","ZMAT4"
"AK4",0,0.4118167490794,0.71,0.3,0,"19","AK4"
"ITM2A",0,0.40397255989931,0.66,0.139,0,"19","ITM2A"
"PTCHD1-AS",0,0.394693084131391,0.708,0.296,0,"19","PTCHD1-AS"
"FSTL41",0,0.388851276581283,0.72,0.196,0,"19","FSTL4"
"COL4A31",0,0.359072749834076,0.703,0.322,0,"19","COL4A3"
"HK21",0,0.316448002617686,0.725,0.379,0,"19","HK2"
"LDLR3",0,0.307045941475588,0.804,0.418,0,"19","LDLR"
"CHRDL11",0,0.304725711770792,0.633,0.21,0,"19","CHRDL1"
"NXN1",0,0.302059251897112,0.721,0.394,0,"19","NXN"
"FAM160A1",0,0.295701708697402,0.662,0.229,0,"19","FAM160A1"
"COL4A41",0,0.27484655012941,0.699,0.291,0,"19","COL4A4"
"PDZRN31",0,0.27195145129222,0.713,0.27,0,"19","PDZRN3"
"AC011287.1",0,0.266991650696689,0.692,0.335,0,"19","AC011287.1"
"AC073332.1",0,0.256060190953017,0.694,0.331,0,"19","AC073332.1"
"AC004949.1",0,0.253789878558114,0.695,0.304,0,"19","AC004949.1"
"VWC2L1",0,0.252271553946549,0.698,0.301,0,"19","VWC2L"
"SGSM13",1.41382186777856e-305,0.448864644124564,0.725,0.323,2.82764373555711e-302,"19","SGSM1"
"RAPGEF41",8.49957870743936e-303,1.47644717346826,0.737,0.368,1.69991574148787e-299,"19","RAPGEF4"
"NTN11",5.11603550738124e-301,1.16766771676342,0.687,0.267,1.02320710147625e-297,"19","NTN1"
"U91319.11",5.67918959990329e-301,1.45217754908774,0.688,0.3,1.13583791998066e-297,"19","U91319.1"
"PMP23",6.63975671843217e-301,1.50727698421256,0.781,0.383,1.32795134368643e-297,"19","PMP2"
"CUX21",1.29677716332477e-300,0.326096223505708,0.652,0.252,2.59355432664953e-297,"19","CUX2"
"GSG1L1",2.44475617467646e-299,1.31057309862844,0.697,0.29,4.88951234935292e-296,"19","GSG1L"
"LPP2",9.40196209708694e-299,1.13709845546801,0.912,0.584,1.88039241941739e-295,"19","LPP"
"SYNE21",6.02650754382614e-297,0.690972801655789,0.731,0.4,1.20530150876523e-293,"19","SYNE2"
"DNAJB13",9.12258560568191e-296,0.638658547073306,0.932,0.615,1.82451712113638e-292,"19","DNAJB1"
"RIMS12",3.58437969041776e-293,1.0031397555435,0.766,0.416,7.16875938083553e-290,"19","RIMS1"
"PDGFC1",4.36793382025887e-291,1.33263734119422,0.684,0.3,8.73586764051774e-288,"19","PDGFC"
"MARK11",1.64661891812731e-290,1.27320605178533,0.739,0.371,3.29323783625462e-287,"19","MARK1"
"NOVA11",8.89566148459164e-290,1.20682684684817,0.917,0.644,1.77913229691833e-286,"19","NOVA1"
"MYO161",2.05214258209576e-289,1.26273564016214,0.668,0.244,4.10428516419151e-286,"19","MYO16"
"AC124254.11",1.07160763134424e-288,0.987686228710451,0.632,0.22,2.14321526268847e-285,"19","AC124254.1"
"RGS171",2.09048141509614e-288,1.69629412508764,0.691,0.336,4.18096283019228e-285,"19","RGS17"
"CEP1121",8.27032225467053e-288,0.722521870332782,0.669,0.282,1.65406445093411e-284,"19","CEP112"
"RBFOX13",8.68857307171052e-288,1.11339571223616,0.838,0.475,1.7377146143421e-284,"19","RBFOX1"
"DGKI1",3.88085300060833e-286,1.19238653838123,0.821,0.449,7.76170600121666e-283,"19","DGKI"
"SCN2A1",5.34029892517127e-286,1.44758430818614,0.684,0.201,1.06805978503425e-282,"19","SCN2A"
"GNG21",1.93061711529827e-284,1.13075558887276,0.642,0.185,3.86123423059653e-281,"19","GNG2"
"GNG121",6.34273037335623e-283,1.29053877595335,0.688,0.324,1.26854607467125e-279,"19","GNG12"
"SYT171",1.6092189411831e-282,1.08102169639424,0.674,0.263,3.2184378823662e-279,"19","SYT17"
"MEG81",2.07050571019694e-281,1.67729956413036,0.686,0.215,4.14101142039389e-278,"19","MEG8"
"TMEM178B1",7.59739231853788e-280,1.22510189130477,0.738,0.313,1.51947846370758e-276,"19","TMEM178B"
"ABHD21",9.3289844381884e-277,1.36668815176047,0.727,0.288,1.86579688763768e-273,"19","ABHD2"
"FAM49A1",1.13326359901943e-276,0.644790320820872,0.717,0.314,2.26652719803886e-273,"19","FAM49A"
"EPHA51",2.31732363183071e-275,0.924643322658014,0.653,0.243,4.63464726366141e-272,"19","EPHA5"
"BCHE1",2.52364673404788e-274,1.01325661027775,0.701,0.338,5.04729346809575e-271,"19","BCHE"
"ADAMTS9-AS21",7.25905421671065e-273,1.39538138747919,0.67,0.322,1.45181084334213e-269,"19","ADAMTS9-AS2"
"DZIP11",1.53947058044e-272,1.06245266750103,0.659,0.22,3.07894116088e-269,"19","DZIP1"
"GFAP2",1.24411857387647e-270,1.18241136822504,0.809,0.507,2.48823714775294e-267,"19","GFAP"
"MAPK103",8.47811258170683e-268,1.15233107162699,0.923,0.636,1.69562251634137e-264,"19","MAPK10"
"ERC21",8.16605199164688e-267,1.17652713589953,0.779,0.397,1.63321039832938e-263,"19","ERC2"
"PRRX11",2.01864615671563e-266,1.1289850047822,0.702,0.362,4.03729231343125e-263,"19","PRRX1"
"SEZ6L1",4.6702170037577e-264,1.16355020950177,0.673,0.236,9.34043400751539e-261,"19","SEZ6L"
"TRERF11",1.39606498856234e-262,0.649260755286605,0.628,0.204,2.79212997712469e-259,"19","TRERF1"
"ATP8A22",2.31646706641242e-262,0.778796666605607,0.706,0.301,4.63293413282484e-259,"19","ATP8A2"
"BRINP11",3.85929911121489e-262,1.28371604410488,0.643,0.192,7.71859822242979e-259,"19","BRINP1"
"MOXD11",3.86854104780276e-262,0.519365326084473,0.615,0.24,7.73708209560553e-259,"19","MOXD1"
"SCN1A1",1.43108119621211e-259,1.66020349899768,0.692,0.203,2.86216239242422e-256,"19","SCN1A"
"GRIA11",2.12276449098126e-258,0.539067967541457,0.625,0.226,4.24552898196252e-255,"19","GRIA1"
"SMOC11",4.35710695771988e-258,1.18092163218568,0.803,0.429,8.71421391543976e-255,"19","SMOC1"
"MEF2C1",2.45689671363333e-253,0.74950327678127,0.624,0.194,4.91379342726667e-250,"19","MEF2C"
"PRKG21",7.28321836078999e-253,0.954217583776874,0.628,0.201,1.456643672158e-249,"19","PRKG2"
"CD44",7.83150718723149e-252,0.483042558130382,0.648,0.337,1.5663014374463e-248,"19","CD44"
"NLGN4X1",1.82510833587781e-251,1.13894392254944,0.762,0.436,3.65021667175562e-248,"19","NLGN4X"
"MPP61",1.85790066051746e-248,0.77360172441572,0.685,0.359,3.71580132103492e-245,"19","MPP6"
"CALCRL1",1.80870928693453e-247,1.33540037348748,0.649,0.235,3.61741857386907e-244,"19","CALCRL"
"DISC11",9.6829945074177e-244,0.954867986689438,0.768,0.376,1.93659890148354e-240,"19","DISC1"
"GRIA32",5.08304413968219e-243,1.19983399196483,0.748,0.364,1.01660882793644e-239,"19","GRIA3"
"COL9A11",5.19753653414067e-242,1.11494619352538,0.654,0.258,1.03950730682813e-238,"19","COL9A1"
"LONRF3",1.07034438803416e-238,0.322113053875133,0.632,0.309,2.14068877606833e-235,"19","LONRF3"
"SLC9A71",2.72108487277638e-237,0.967686665131109,0.611,0.184,5.44216974555275e-234,"19","SLC9A7"
"KCNMB2-AS11",2.12591998468577e-235,0.961040548738291,0.661,0.332,4.25183996937154e-232,"19","KCNMB2-AS1"
"DIAPH21",5.27467630838731e-235,1.10817952905296,0.69,0.307,1.05493526167746e-231,"19","DIAPH2"
"CSGALNACT11",8.85993673414925e-235,1.09631518627532,0.668,0.26,1.77198734682985e-231,"19","CSGALNACT1"
"NKAIN31",2.25061606959309e-233,1.22980136532362,0.69,0.35,4.50123213918618e-230,"19","NKAIN3"
"ARHGAP101",1.44164279990168e-232,1.11101994073212,0.656,0.287,2.88328559980336e-229,"19","ARHGAP10"
"NPAS21",4.55527562656311e-231,1.17214767542792,0.66,0.315,9.11055125312621e-228,"19","NPAS2"
"ETV11",8.35634832956851e-230,1.29557612721738,0.631,0.2,1.6712696659137e-226,"19","ETV1"
"ERBB42",1.20966541205466e-229,0.962189118741319,0.985,0.845,2.41933082410933e-226,"19","ERBB4"
"MAP3K51",2.84873121033578e-228,1.14961265597465,0.67,0.312,5.69746242067157e-225,"19","MAP3K5"
"BASP11",9.05905178859734e-227,0.997469237154377,0.624,0.188,1.81181035771947e-223,"19","BASP1"
"NOTCH21",3.99724082372892e-226,1.35417322272079,0.686,0.384,7.99448164745785e-223,"19","NOTCH2"
"PDLIM51",8.85144128942514e-223,1.04279329660001,0.764,0.45,1.77028825788503e-219,"19","PDLIM5"
"DPY19L13",2.77531974907131e-222,0.946807653050037,0.697,0.37,5.55063949814262e-219,"19","DPY19L1"
"ARHGEF41",1.14661639058988e-220,1.00952568953936,0.688,0.316,2.29323278117976e-217,"19","ARHGEF4"
"FAM19A21",2.30946924237179e-216,1.16335471608344,0.672,0.339,4.61893848474358e-213,"19","FAM19A2"
"MARCH31",3.7619654232904e-214,1.25838155575719,0.666,0.363,7.5239308465808e-211,"19","MARCH3"
"ARL4C",4.13186431172164e-214,1.12405748821971,0.581,0.152,8.26372862344327e-211,"19","ARL4C"
"FAT31",4.39656910286656e-211,0.906533891407653,0.615,0.224,8.79313820573312e-208,"19","FAT3"
"GRAMD1C1",1.10470364775389e-210,1.11727571646102,0.637,0.296,2.20940729550778e-207,"19","GRAMD1C"
"OSMR-AS12",3.43354754138046e-206,0.981427337397145,0.636,0.332,6.86709508276091e-203,"19","OSMR-AS1"
"C1QL11",1.07538770245373e-204,1.05302645955223,0.614,0.26,2.15077540490746e-201,"19","C1QL1"
"ADAMTS61",1.24267967710728e-202,0.700257143459904,0.641,0.326,2.48535935421457e-199,"19","ADAMTS6"
"CACNG21",3.04363925536837e-201,0.534879189644289,0.577,0.18,6.08727851073673e-198,"19","CACNG2"
"CPE1",1.21407346586537e-198,1.32370892856063,0.672,0.287,2.42814693173074e-195,"19","CPE"
"HSPA4L3",1.41232400093744e-198,0.384539844137743,0.856,0.589,2.82464800187489e-195,"19","HSPA4L"
"FYN1",3.43625365790639e-198,0.874219827460398,0.956,0.734,6.87250731581278e-195,"19","FYN"
"RNF1651",3.53222219453718e-197,0.51133797462571,0.598,0.237,7.06444438907436e-194,"19","RNF165"
"LRFN51",1.70228582470291e-196,1.26930313810813,0.618,0.245,3.40457164940582e-193,"19","LRFN5"
"VIM",3.79685998249476e-196,0.300292396880219,0.68,0.379,7.59371996498952e-193,"19","VIM"
"ADAM231",1.82161526313426e-195,1.06914270202319,0.694,0.404,3.64323052626852e-192,"19","ADAM23"
"NEXMIF1",1.89328453174646e-195,0.878957290803872,0.61,0.254,3.78656906349293e-192,"19","NEXMIF"
"CST31",1.63506816243723e-194,1.43975843446745,0.656,0.27,3.27013632487446e-191,"19","CST3"
"NTRK23",1.69519795802885e-194,0.954611527625125,0.84,0.547,3.39039591605769e-191,"19","NTRK2"
"B3GAT21",4.67633739501992e-194,0.713722504340794,0.624,0.293,9.35267479003983e-191,"19","B3GAT2"
"SNAP252",1.69062920135552e-193,1.23869791099083,0.643,0.228,3.38125840271104e-190,"19","SNAP25"
"ARHGEF61",3.6543783759354e-193,0.7473362066328,0.661,0.362,7.3087567518708e-190,"19","ARHGEF6"
"SIPA1L22",1.94732266798963e-191,0.759683312937788,0.683,0.372,3.89464533597926e-188,"19","SIPA1L2"
"HSP90AA14",3.51449124946866e-191,0.930807387222464,0.993,0.942,7.02898249893733e-188,"19","HSP90AA1"
"KIF26B1",6.5658949953939e-191,1.04165416866855,0.659,0.34,1.31317899907878e-187,"19","KIF26B"
"UBASH3B1",1.61547882506154e-190,1.26127412783316,0.627,0.274,3.23095765012308e-187,"19","UBASH3B"
"GRIP11",4.17615673747365e-190,1.24732903331105,0.621,0.273,8.35231347494729e-187,"19","GRIP1"
"KCNQ31",4.48389602285642e-189,0.610458830580029,0.662,0.352,8.96779204571283e-186,"19","KCNQ3"
"SRPX",1.59031761773848e-188,0.874060882529043,0.591,0.241,3.18063523547695e-185,"19","SRPX"
"EZH2",1.35901913263651e-186,0.284653475266182,0.624,0.318,2.71803826527303e-183,"19","EZH2"
"LRRC73",1.68774269040456e-186,0.822821825227119,0.966,0.752,3.37548538080912e-183,"19","LRRC7"
"CRB11",3.75163967844657e-185,0.91590576253468,0.731,0.422,7.50327935689314e-182,"19","CRB1"
"RNF1802",9.16952356359184e-184,0.903532714603203,0.646,0.321,1.83390471271837e-180,"19","RNF180"
"GFRA11",5.20682719274289e-183,0.690181160092345,0.571,0.179,1.04136543854858e-179,"19","GFRA1"
"GRIN2B1",1.05876415462936e-181,0.984611119489647,0.595,0.199,2.11752830925872e-178,"19","GRIN2B"
"PARP81",2.07306464078646e-180,1.09303602975661,0.62,0.274,4.14612928157292e-177,"19","PARP8"
"BCAN1",1.28500198908137e-179,1.10003608175743,0.644,0.292,2.57000397816273e-176,"19","BCAN"
"NETO21",4.04520099150811e-179,1.15785613796037,0.639,0.367,8.09040198301623e-176,"19","NETO2"
"CCSER11",1.63382292212445e-178,1.56203211244674,0.664,0.342,3.26764584424891e-175,"19","CCSER1"
"AMZ11",9.13631294481956e-178,1.09327225717378,0.637,0.291,1.82726258896391e-174,"19","AMZ1"
"NOS11",1.08802057310572e-177,0.971702228268691,0.602,0.222,2.17604114621145e-174,"19","NOS1"
"EPN21",1.36484994136716e-177,0.968030277564691,0.955,0.735,2.72969988273431e-174,"19","EPN2"
"HRASLS1",4.91764677645652e-177,0.416046787033506,0.573,0.179,9.83529355291304e-174,"19","HRASLS"
"OLFM21",6.36738813782669e-177,0.991987932259254,0.604,0.206,1.27347762756534e-173,"19","OLFM2"
"LRFN21",3.05519136422897e-176,0.512429951386639,0.557,0.157,6.11038272845795e-173,"19","LRFN2"
"LEPR",9.66369644260662e-176,0.264539120411263,0.716,0.397,1.93273928852132e-172,"19","LEPR"
"AC098829.13",1.65935060542849e-174,1.0136475208769,0.738,0.491,3.31870121085697e-171,"19","AC098829.1"
"ASTN24",2.88365671260298e-173,0.649742939932755,0.915,0.661,5.76731342520595e-170,"19","ASTN2"
"FBXL23",3.10411621226944e-173,0.518798723125317,0.687,0.376,6.20823242453887e-170,"19","FBXL2"
"ETV63",1.57136191337618e-172,0.943732450025108,0.713,0.399,3.14272382675236e-169,"19","ETV6"
"FOXN31",3.64994250300345e-172,0.770790980292118,0.818,0.499,7.2998850060069e-169,"19","FOXN3"
"PLEKHA51",1.02530847937692e-171,0.62811420110103,0.818,0.519,2.05061695875384e-168,"19","PLEKHA5"
"SESN33",1.20637659242534e-171,0.682428257883499,0.728,0.465,2.41275318485068e-168,"19","SESN3"
"FNDC3B3",3.89842289078975e-167,0.982504968043288,0.713,0.453,7.7968457815795e-164,"19","FNDC3B"
"PROM11",4.32228520990604e-167,0.799259631853786,0.567,0.175,8.64457041981209e-164,"19","PROM1"
"HDAC91",5.76324885601675e-166,0.621283898022139,0.863,0.524,1.15264977120335e-162,"19","HDAC9"
"LIMD12",1.28423913327157e-165,0.915528405384257,0.672,0.396,2.56847826654314e-162,"19","LIMD1"
"FRY1",4.6930316379148e-165,0.913051448785393,0.733,0.457,9.3860632758296e-162,"19","FRY"
"LINC025881",3.33789980058275e-163,1.0799818404469,0.606,0.278,6.67579960116551e-160,"19","LINC02588"
"DCLK22",2.13686555793533e-161,0.989516383380721,0.649,0.326,4.27373111587066e-158,"19","DCLK2"
"ABCA11",2.50622743057324e-160,0.797079590760606,0.655,0.322,5.01245486114647e-157,"19","ABCA1"
"NLGN4Y3",3.19598010199108e-160,0.857779057953234,0.781,0.524,6.39196020398215e-157,"19","NLGN4Y"
"ZEB1-AS11",4.8710947374284e-159,0.760372161697102,0.576,0.223,9.7421894748568e-156,"19","ZEB1-AS1"
"LRRFIP11",1.56999217142688e-158,1.01053339949813,0.624,0.293,3.13998434285376e-155,"19","LRRFIP1"
"ADGRG11",1.88439887131386e-158,1.15127555845663,0.59,0.192,3.76879774262772e-155,"19","ADGRG1"
"PDZRN41",1.21608699877201e-155,0.83417176974053,0.618,0.315,2.43217399754403e-152,"19","PDZRN4"
"FAM19A11",1.46909160649452e-155,1.05305510417918,0.629,0.324,2.93818321298905e-152,"19","FAM19A1"
"CHST151",1.5885441019409e-155,0.301496837772755,0.544,0.152,3.1770882038818e-152,"19","CHST15"
"CACNA1D1",3.28507648843735e-155,0.817178285848988,0.661,0.394,6.57015297687471e-152,"19","CACNA1D"
"ADCY81",6.72320110904573e-153,1.10499349914611,0.616,0.301,1.34464022180915e-149,"19","ADCY8"
"SGCD3",8.9195945049832e-153,0.826545980478523,0.851,0.628,1.78391890099664e-149,"19","SGCD"
"GRM81",1.55951881904621e-152,0.550243957295727,0.641,0.428,3.11903763809242e-149,"19","GRM8"
"KIAA12111",1.19787894703698e-151,0.748565294333372,0.597,0.293,2.39575789407396e-148,"19","KIAA1211"
"TRHDE1",1.80774341077767e-151,0.524380830306217,0.577,0.252,3.61548682155533e-148,"19","TRHDE"
"CADM23",8.15048003568224e-151,0.634896521350367,0.989,0.81,1.63009600713645e-147,"19","CADM2"
"AC008050.11",2.25393033447258e-149,0.362141056729136,0.651,0.355,4.50786066894516e-146,"19","AC008050.1"
"LMO31",2.72276813933929e-149,0.811518762502999,0.567,0.194,5.44553627867858e-146,"19","LMO3"
"TENM11",4.113705418819e-149,1.20449538852316,0.618,0.289,8.22741083763801e-146,"19","TENM1"
"POU6F21",2.48560884775083e-146,0.91427014535086,0.59,0.236,4.97121769550166e-143,"19","POU6F2"
"SLC1A11",4.55174501120582e-146,0.969254568978834,0.615,0.329,9.10349002241164e-143,"19","SLC1A1"
"EGFR1",1.34141947078582e-144,0.922815436817558,0.606,0.306,2.68283894157165e-141,"19","EGFR"
"NR3C21",1.29157401412034e-142,0.727808832958231,0.719,0.425,2.58314802824068e-139,"19","NR3C2"
"ESRRG2",1.12524432689605e-141,0.615980705886929,0.666,0.362,2.2504886537921e-138,"19","ESRRG"
"MIAT1",3.05710446004915e-141,0.856150040318139,0.538,0.105,6.1142089200983e-138,"19","MIAT"
"DDAH11",2.85228835445709e-139,0.935691649825512,0.57,0.229,5.70457670891418e-136,"19","DDAH1"
"CSRNP31",5.7481699970517e-139,0.860238082284236,0.712,0.438,1.14963399941034e-135,"19","CSRNP3"
"CLVS21",1.06166132540424e-138,0.257484947863061,0.608,0.364,2.12332265080848e-135,"19","CLVS2"
"MED12L1",3.22137309009051e-138,0.934561963980214,0.604,0.313,6.44274618018102e-135,"19","MED12L"
"ZNF804A1",4.55020667299643e-136,0.975986857847807,0.583,0.25,9.10041334599286e-133,"19","ZNF804A"
"FIGN2",4.73845951338985e-135,0.733883461068466,0.778,0.513,9.4769190267797e-132,"19","FIGN"
"DPY19L21",5.2579962141986e-135,1.0345088333407,0.616,0.382,1.05159924283972e-131,"19","DPY19L2"
"ADCY11",6.9086725319377e-132,0.686545159386926,0.573,0.246,1.38173450638754e-128,"19","ADCY1"
"LINC004611",2.10849701965932e-131,0.82984290161516,0.659,0.34,4.21699403931863e-128,"19","LINC00461"
"ATP13A41",5.88455523247037e-128,0.899097689552399,0.652,0.391,1.17691104649407e-124,"19","ATP13A4"
"PALLD1",8.56455186400542e-126,0.901648334716295,0.622,0.384,1.71291037280108e-122,"19","PALLD"
"UTRN1",1.41961680417896e-125,0.580748765933997,0.588,0.345,2.83923360835792e-122,"19","UTRN"
"PACS11",1.55371473549665e-125,0.830506486357733,0.631,0.348,3.1074294709933e-122,"19","PACS1"
"SLC4A101",1.00803561164375e-124,0.778543709146051,0.552,0.205,2.0160712232875e-121,"19","SLC4A10"
"TBC1D11",2.48843674659378e-121,0.499249419113676,0.589,0.317,4.97687349318755e-118,"19","TBC1D1"
"SNED1",1.10942865382183e-119,1.10879622122753,0.6,0.38,2.21885730764365e-116,"19","SNED1"
"SDC31",2.51325224994444e-118,0.927202124877327,0.555,0.216,5.02650449988888e-115,"19","SDC3"
"LRRK21",4.24457772547043e-114,1.23689673413637,0.569,0.225,8.48915545094086e-111,"19","LRRK2"
"INHBA1",1.1994625567966e-112,0.915809618916425,0.521,0.191,2.3989251135932e-109,"19","INHBA"
"XKR63",7.99769736116834e-112,0.788960151070626,0.723,0.545,1.59953947223367e-108,"19","XKR6"
"SMYD32",1.11577354309021e-111,0.66313714149126,0.758,0.501,2.23154708618041e-108,"19","SMYD3"
"GUCY1A21",4.7926699597427e-111,0.797801170750543,0.613,0.356,9.5853399194854e-108,"19","GUCY1A2"
"ADAMTS91",5.60166606150186e-111,1.12640572714812,0.54,0.218,1.12033321230037e-107,"19","ADAMTS9"
"GPR1552",1.54748331379427e-110,0.994070082529931,0.635,0.333,3.09496662758855e-107,"19","GPR155"
"SLC35F31",1.64103658102003e-110,0.959759467731644,0.619,0.365,3.28207316204006e-107,"19","SLC35F3"
"MLLT31",2.30855037570136e-110,0.763254034533756,0.717,0.457,4.61710075140272e-107,"19","MLLT3"
"NAV32",5.65409605913995e-110,0.624959699729861,0.82,0.618,1.13081921182799e-106,"19","NAV3"
"ANKRD61",3.22529454474068e-109,0.339022620839095,0.596,0.343,6.45058908948136e-106,"19","ANKRD6"
"PLCE11",2.65046253142234e-107,0.822637541983762,0.568,0.301,5.30092506284468e-104,"19","PLCE1"
"ASIC21",8.01286372885181e-107,0.838769759024555,0.565,0.259,1.60257274577036e-103,"19","ASIC2"
"KLHL131",2.00578251328792e-106,0.529891707369074,0.614,0.362,4.01156502657585e-103,"19","KLHL13"
"TACC21",3.962450027359e-106,0.907579715088002,0.555,0.217,7.92490005471799e-103,"19","TACC2"
"KCNAB16",1.1102175861463e-105,0.572316457886281,0.739,0.476,2.22043517229261e-102,"19","KCNAB1"
"CRTAC11",4.46727670224317e-105,0.337331771497874,0.57,0.303,8.93455340448634e-102,"19","CRTAC1"
"SLC44A51",2.55813434654204e-104,1.09112184611506,0.6,0.386,5.11626869308409e-101,"19","SLC44A5"
"NEGR15",4.15512142985331e-102,0.552479898206585,0.886,0.675,8.31024285970661e-99,"19","NEGR1"
"GLYATL21",7.45915062309165e-101,0.277215993972034,0.521,0.213,1.49183012461833e-97,"19","GLYATL2"
"KHDRBS21",8.51536975479345e-101,0.481917990010655,0.612,0.352,1.70307395095869e-97,"19","KHDRBS2"
"FHOD31",1.18086505916098e-100,0.787989931331605,0.556,0.252,2.36173011832195e-97,"19","FHOD3"
"TAOK31",2.21939131755753e-99,0.602943632056574,0.89,0.665,4.43878263511506e-96,"19","TAOK3"
"NRG23",7.52391764937196e-97,0.701497871270754,0.597,0.334,1.50478352987439e-93,"19","NRG2"
"CACHD11",2.10728911641676e-96,0.838870636029572,0.53,0.192,4.21457823283351e-93,"19","CACHD1"
"PDE7B1",8.77924349320568e-96,0.876207146325176,0.557,0.257,1.75584869864114e-92,"19","PDE7B"
"FERMT11",3.57806566118916e-95,0.844979588971668,0.559,0.28,7.15613132237832e-92,"19","FERMT1"
"ARHGAP311",6.99303479433129e-95,0.686903594755726,0.581,0.355,1.39860695886626e-91,"19","ARHGAP31"
"MEST3",3.37576249214299e-94,0.478084420526347,0.587,0.366,6.75152498428598e-91,"19","MEST"
"PCDH11Y1",4.81530897767325e-94,0.675133124780357,0.57,0.337,9.63061795534649e-91,"19","PCDH11Y"
"EPB41L4A2",3.2746290175747e-93,0.751594038638544,0.618,0.378,6.5492580351494e-90,"19","EPB41L4A"
"PLCL21",1.1914711782457e-92,0.569940211548045,0.542,0.257,2.38294235649139e-89,"19","PLCL2"
"FCHSD25",6.36524738179163e-92,0.406779626506677,0.863,0.615,1.27304947635833e-88,"19","FCHSD2"
"SLC7A52",3.25703547673947e-90,0.513687665764452,0.592,0.346,6.51407095347895e-87,"19","SLC7A5"
"MAMLD11",6.21091792121846e-90,0.713095919534171,0.548,0.27,1.24218358424369e-86,"19","MAMLD1"
"RAB3C1",3.32610021852404e-89,0.704466881731218,0.506,0.184,6.65220043704808e-86,"19","RAB3C"
"MAST43",2.13379389712796e-87,0.448458734036612,0.645,0.391,4.26758779425592e-84,"19","MAST4"
"UPP21",3.92629141347463e-87,0.403848368628057,0.6,0.372,7.85258282694925e-84,"19","UPP2"
"UNC792",5.74538150142624e-87,0.533637808331317,0.675,0.404,1.14907630028525e-83,"19","UNC79"
"DGKB1",6.68098872188965e-87,0.991885758986224,0.569,0.31,1.33619774437793e-83,"19","DGKB"
"CACNA1C1",1.28657623207967e-85,0.724336667343672,0.611,0.423,2.57315246415934e-82,"19","CACNA1C"
"CPNE81",1.87028620675718e-84,0.641534390198488,0.505,0.179,3.74057241351437e-81,"19","CPNE8"
"WLS1",3.43357081972842e-84,1.17244759724227,0.557,0.307,6.86714163945683e-81,"19","WLS"
"OXR11",5.07210004856864e-83,0.707263807617666,0.585,0.297,1.01442000971373e-79,"19","OXR1"
"SPRED22",9.54941933668343e-81,0.765063702217721,0.587,0.374,1.90988386733669e-77,"19","SPRED2"
"EMID11",7.65284469214499e-80,0.812573834427172,0.513,0.205,1.530568938429e-76,"19","EMID1"
"INPP5F4",1.33051670519983e-79,0.383900043064338,0.706,0.501,2.66103341039966e-76,"19","INPP5F"
"LDLRAD44",2.2254683168165e-79,0.254735042625397,0.841,0.558,4.45093663363301e-76,"19","LDLRAD4"
"TMEM1631",2.45266384825427e-79,0.85099759706123,0.564,0.353,4.90532769650855e-76,"19","TMEM163"
"NREP1",7.42885121709474e-79,0.497961243363555,0.522,0.264,1.48577024341895e-75,"19","NREP"
"GNPTAB1",9.8443498367409e-78,0.786604871560149,0.598,0.353,1.96886996734818e-74,"19","GNPTAB"
"TUBB2B4",1.27774458124859e-77,0.662214107078524,0.548,0.267,2.55548916249718e-74,"19","TUBB2B"
"PLEKHH21",1.97778678928802e-77,1.19876340231476,0.563,0.31,3.95557357857604e-74,"19","PLEKHH2"
"GLCCI11",2.585314156399e-77,0.37628579831209,0.675,0.438,5.170628312798e-74,"19","GLCCI1"
"SPARCL11",2.68007694987915e-77,0.62837481920748,0.557,0.252,5.3601538997583e-74,"19","SPARCL1"
"FARP11",4.21847468343319e-77,0.938865949745543,0.552,0.294,8.43694936686637e-74,"19","FARP1"
"CABLES11",1.62401667646358e-76,0.509602863779234,0.495,0.173,3.24803335292716e-73,"19","CABLES1"
"ASIC41",2.06733773800342e-76,1.14305973206412,0.509,0.174,4.13467547600684e-73,"19","ASIC4"
"GNAL1",2.40169559623703e-76,0.821183523096372,0.532,0.268,4.80339119247407e-73,"19","GNAL"
"SYT161",3.05738219065367e-74,0.709275608956218,0.502,0.185,6.11476438130734e-71,"19","SYT16"
"PDGFRA1",8.92714458454597e-74,0.898104311907459,0.509,0.145,1.78542891690919e-70,"19","PDGFRA"
"ZFP36L1",1.88172963108481e-72,0.437521922241736,0.266,0.332,3.76345926216962e-69,"19","ZFP36L1"
"ADCY21",4.01206807079616e-72,0.616037457988318,0.553,0.353,8.02413614159231e-69,"19","ADCY2"
"NEDD42",4.21937354661552e-72,0.596443276908773,0.612,0.435,8.43874709323103e-69,"19","NEDD4"
"BRINP21",6.29741378507013e-71,0.796481404566861,0.512,0.22,1.25948275701403e-67,"19","BRINP2"
"MGLL1",2.99965322813042e-70,0.754181205920094,0.56,0.328,5.99930645626085e-67,"19","MGLL"
"B2M5",1.02638200375504e-69,0.504713717639761,0.745,0.542,2.05276400751007e-66,"19","B2M"
"KIAA0040",1.508843613387e-69,0.560500392397273,0.463,0.108,3.01768722677401e-66,"19","KIAA0040"
"ARHGAP18",6.18554448183628e-69,0.266547400155572,0.517,0.294,1.23710889636726e-65,"19","ARHGAP18"
"PCLO3",6.39396659893452e-69,0.374340297865209,0.532,0.275,1.2787933197869e-65,"19","PCLO"
"ANGPTL22",1.40008847068979e-68,0.306913499799784,0.557,0.306,2.80017694137959e-65,"19","ANGPTL2"
"BTBD111",1.74101758877181e-67,0.443582741667206,0.47,0.168,3.48203517754361e-64,"19","BTBD11"
"RALGPS21",7.12735990300053e-66,0.888026371743206,0.536,0.265,1.42547198060011e-62,"19","RALGPS2"
"SLC8A31",3.41671419614204e-65,0.702163843319117,0.516,0.238,6.83342839228408e-62,"19","SLC8A3"
"CEBPD",7.23331970012205e-64,0.625499721028737,0.552,0.394,1.44666394002441e-60,"19","CEBPD"
"ACTN25",1.28901929536179e-63,0.448548467416743,0.727,0.575,2.57803859072359e-60,"19","ACTN2"
"PTN3",4.03114983228848e-63,0.477962287395409,0.71,0.523,8.06229966457696e-60,"19","PTN"
"SETBP15",5.31288198322357e-63,0.47869193022579,0.663,0.518,1.06257639664472e-59,"19","SETBP1"
"ANKFN11",6.631403072169e-63,0.428795550839372,0.511,0.28,1.3262806144338e-59,"19","ANKFN1"
"AL589740.15",1.82410726219596e-62,0.485838209360799,0.799,0.606,3.64821452439193e-59,"19","AL589740.1"
"MPZL11",2.3944631394267e-62,0.877004964628988,0.537,0.283,4.78892627885339e-59,"19","MPZL1"
"ALDH1L11",3.6246008426754e-62,0.717174751140643,0.484,0.17,7.24920168535081e-59,"19","ALDH1L1"
"HLA-C1",1.66526159004813e-61,0.859772412172208,0.535,0.316,3.33052318009625e-58,"19","HLA-C"
"OSMR",3.7758813734559e-61,0.834721570396755,0.534,0.351,7.5517627469118e-58,"19","OSMR"
"MKL21",4.55034495152876e-61,0.431941003034992,0.538,0.309,9.10068990305752e-58,"19","MKL2"
"HLA-A3",6.78788124236078e-61,0.648217597272813,0.536,0.283,1.35757624847216e-57,"19","HLA-A"
"SYT142",2.21204531536981e-60,0.52044867524257,0.565,0.324,4.42409063073962e-57,"19","SYT14"
"ME31",1.51229017019104e-58,0.55408962056712,0.519,0.285,3.02458034038208e-55,"19","ME3"
"RAMP11",2.3681040249812e-58,0.85219381991311,0.547,0.336,4.7362080499624e-55,"19","RAMP1"
"VWC21",6.56356176310916e-58,0.768548631143492,0.491,0.153,1.31271235262183e-54,"19","VWC2"
"GALNT17",7.59774835990227e-58,0.491100978772727,0.542,0.372,1.51954967198045e-54,"19","GALNT17"
"RPL72",2.222382124929e-57,0.418496068891263,0.532,0.27,4.444764249858e-54,"19","RPL7"
"BAALC-AS11",1.19018618528332e-56,0.608956991562376,0.54,0.374,2.38037237056664e-53,"19","BAALC-AS1"
"CTXND11",1.64179398933007e-56,0.482122872776029,0.463,0.145,3.28358797866013e-53,"19","CTXND1"
"BMPER1",2.47015359512404e-56,0.614039496954066,0.519,0.306,4.94030719024809e-53,"19","BMPER"
"TSHZ31",1.02962981282812e-55,0.375969471636756,0.469,0.186,2.05925962565623e-52,"19","TSHZ3"
"LINC017481",1.91884303039416e-55,0.358083878656706,0.487,0.233,3.83768606078833e-52,"19","LINC01748"
"TNC",4.53850787799427e-55,0.323929049063976,0.289,0.29,9.07701575598854e-52,"19","TNC"
"SCG21",4.06549151096667e-54,0.891435083150085,0.466,0.134,8.13098302193334e-51,"19","SCG2"
"GPC61",8.235905312187e-54,0.778902326292901,0.512,0.316,1.6471810624374e-50,"19","GPC6"
"ATP13A51",1.03656657243076e-53,0.325266526146659,0.482,0.236,2.07313314486153e-50,"19","ATP13A5"
"TSPAN71",1.89329170607952e-53,0.690997940314094,0.484,0.175,3.78658341215904e-50,"19","TSPAN7"
"MSRB31",1.92388426508827e-52,0.326013314508449,0.489,0.242,3.84776853017653e-49,"19","MSRB3"
"MGST11",2.77341810746256e-52,0.255503617853212,0.478,0.243,5.54683621492511e-49,"19","MGST1"
"RDH10",7.90792357051647e-52,0.741399359001707,0.46,0.165,1.58158471410329e-48,"19","RDH10"
"MCTP11",8.9894525133908e-52,0.833725073920161,0.532,0.337,1.79789050267816e-48,"19","MCTP1"
"PTPRM1",2.33199651816894e-51,0.306003383980249,0.67,0.517,4.66399303633788e-48,"19","PTPRM"
"HAS2",5.66542257630229e-51,0.357375510313547,0.276,0.181,1.13308451526046e-47,"19","HAS2"
"ADRA1A1",9.98286292950651e-51,0.682190861189641,0.49,0.207,1.9965725859013e-47,"19","ADRA1A"
"LINC019651",4.982062552745e-50,0.691375036953115,0.302,0.235,9.96412510549e-47,"19","LINC01965"
"TCF7L23",8.2737128194978e-50,0.517887084333544,0.701,0.569,1.65474256389956e-46,"19","TCF7L2"
"OLIG14",2.3149902365244e-49,0.358871550129837,0.672,0.414,4.62998047304879e-46,"19","OLIG1"
"PRDM51",4.76815751162973e-49,0.265982197806162,0.279,0.276,9.53631502325945e-46,"19","PRDM5"
"MCU1",6.33186508048265e-48,0.356798781853404,0.622,0.451,1.26637301609653e-44,"19","MCU"
"TSC22D11",1.48496601581649e-47,0.413554109360253,0.67,0.457,2.96993203163299e-44,"19","TSC22D1"
"FUT92",2.63825204781197e-46,0.330119134097487,0.702,0.519,5.27650409562393e-43,"19","FUT9"
"TEK1",6.01074101828962e-46,0.781272235216332,0.519,0.325,1.20214820365792e-42,"19","TEK"
"GRIA42",1.64236115250034e-45,0.37999672386066,0.871,0.724,3.28472230500069e-42,"19","GRIA4"
"PLPPR11",1.90518644780317e-45,0.444794578365223,0.74,0.554,3.81037289560634e-42,"19","PLPPR1"
"GRAMD1B1",2.81920992999377e-45,0.715978109497972,0.5,0.267,5.63841985998753e-42,"19","GRAMD1B"
"DUSP11",3.39572937021598e-45,0.318023663345396,0.268,0.269,6.79145874043196e-42,"19","DUSP1"
"NR2F1-AS11",5.03157478770626e-45,0.581912273711202,0.487,0.213,1.00631495754125e-41,"19","NR2F1-AS1"
"BCAT11",6.65164864527683e-45,0.674656842602223,0.494,0.243,1.33032972905537e-41,"19","BCAT1"
"MEF2C-AS11",8.59511477951765e-45,0.792415703892288,0.513,0.315,1.71902295590353e-41,"19","MEF2C-AS1"
"ZNRF31",1.10035149519773e-44,0.532870521602211,0.53,0.363,2.20070299039545e-41,"19","ZNRF3"
"MT34",1.21847952639311e-44,0.494393582403177,0.574,0.321,2.43695905278622e-41,"19","MT3"
"AMOTL11",3.03347390002558e-43,0.392909474065604,0.47,0.242,6.06694780005117e-40,"19","AMOTL1"
"EML52",3.58432211523488e-43,0.562384940727823,0.509,0.282,7.16864423046977e-40,"19","EML5"
"ADGRB11",3.63946141295908e-43,0.678616894010376,0.472,0.167,7.27892282591816e-40,"19","ADGRB1"
"PKIA1",1.32683695095578e-42,0.507834550267722,0.501,0.316,2.65367390191156e-39,"19","PKIA"
"PAK31",5.35133655608924e-42,0.756844146696706,0.478,0.162,1.07026731121785e-38,"19","PAK3"
"SYN31",5.29232080209418e-40,0.548796007140654,0.487,0.302,1.05846416041884e-36,"19","SYN3"
"RBMS11",5.86707916926172e-40,0.72637393913064,0.554,0.424,1.17341583385234e-36,"19","RBMS1"
"GPNMB1",9.06234195693212e-40,0.486609466377462,0.283,0.256,1.81246839138642e-36,"19","GPNMB"
"NCALD1",7.57878801230322e-39,0.302220087389459,0.498,0.292,1.51575760246064e-35,"19","NCALD"
"MT2A",2.28248791287415e-38,0.931038695304281,0.476,0.207,4.5649758257483e-35,"19","MT2A"
"GADD45A",1.79070717674075e-37,0.882815332792011,0.487,0.295,3.5814143534815e-34,"19","GADD45A"
"EIF2AK22",2.43427580613416e-37,0.412118548786949,0.524,0.311,4.86855161226832e-34,"19","EIF2AK2"
"PCSK1N",4.53095046157059e-37,0.5298662052017,0.447,0.181,9.06190092314119e-34,"19","PCSK1N"
"GADD45B3",2.71920942402007e-36,0.759574593007447,0.518,0.354,5.43841884804015e-33,"19","GADD45B"
"RFX41",1.51960465333971e-35,0.440340508602923,0.308,0.316,3.03920930667942e-32,"19","RFX4"
"MIR9-3HG1",2.29539941626817e-34,0.315949780454056,0.295,0.229,4.59079883253634e-31,"19","MIR9-3HG"
"PTPRT1",2.59569552856293e-34,0.696519373299511,0.504,0.319,5.19139105712585e-31,"19","PTPRT"
"ELAVL41",2.85967708233272e-34,0.383215916232939,0.264,0.171,5.71935416466544e-31,"19","ELAVL4"
"ZMAT31",4.242183493998e-34,0.865204456659983,0.465,0.225,8.484366987996e-31,"19","ZMAT3"
"GBE11",1.73056560028008e-33,0.250566852149444,0.549,0.361,3.46113120056016e-30,"19","GBE1"
"AC090568.21",1.92957952845159e-33,0.973625169131402,0.505,0.324,3.85915905690319e-30,"19","AC090568.2"
"DAB2IP1",5.29191577527467e-33,0.337082121348271,0.437,0.224,1.05838315505493e-29,"19","DAB2IP"
"SERPINE21",1.26698677434554e-32,0.848319688164599,0.502,0.271,2.53397354869108e-29,"19","SERPINE2"
"COL8A11",3.04739550875194e-32,0.28047950504738,0.32,0.29,6.09479101750388e-29,"19","COL8A1"
"CTSC",1.08396673368205e-31,0.432696106109665,0.292,0.209,2.16793346736411e-28,"19","CTSC"
"CLSTN21",6.16027878274345e-31,0.851833744226506,0.495,0.326,1.23205575654869e-27,"19","CLSTN2"
"ADM",1.55513276474647e-30,0.31564723422077,0.308,0.246,3.11026552949294e-27,"19","ADM"
"CACNG51",1.73642021994381e-30,0.506430243375582,0.471,0.199,3.47284043988762e-27,"19","CACNG5"
"NTM4",4.33743669112872e-30,0.254786712779558,0.962,0.878,8.67487338225743e-27,"19","NTM"
"SEL1L31",1.10456949811142e-29,0.515604929901805,0.479,0.244,2.20913899622284e-26,"19","SEL1L3"
"LAMA41",1.24990973482608e-29,0.353305986009194,0.301,0.245,2.49981946965215e-26,"19","LAMA4"
"PRTG2",2.26916798710917e-29,0.295478756452661,0.323,0.318,4.53833597421834e-26,"19","PRTG"
"CA81",1.67897203343627e-28,0.562280311131077,0.472,0.243,3.35794406687253e-25,"19","CA8"
"GALR11",4.63369366975179e-28,0.977336411842785,0.466,0.187,9.26738733950358e-25,"19","GALR1"
"UBE3D1",7.03469894066558e-28,0.319990548969444,0.548,0.385,1.40693978813312e-24,"19","UBE3D"
"CDH21",2.71350731438709e-27,0.509475432612909,0.567,0.39,5.42701462877418e-24,"19","CDH2"
"SYN21",5.60772406316163e-27,0.662031911427203,0.443,0.209,1.12154481263233e-23,"19","SYN2"
"ID21",1.73386951963137e-26,0.574062079617138,0.43,0.208,3.46773903926275e-23,"19","ID2"
"DOK61",2.12601674922989e-26,0.671080801060095,0.475,0.275,4.25203349845979e-23,"19","DOK6"
"F3",2.34833658612106e-26,0.300876906242053,0.277,0.158,4.69667317224211e-23,"19","F3"
"CHST81",2.70327572201089e-26,0.366499808448257,0.289,0.163,5.40655144402179e-23,"19","CHST8"
"PRSS23",4.35502508189995e-26,0.272673458144019,0.305,0.232,8.7100501637999e-23,"19","PRSS23"
"CNTN31",7.31660850121114e-26,0.562840731901274,0.582,0.53,1.46332170024223e-22,"19","CNTN3"
"NELL11",9.01781721694464e-26,0.608547833787768,0.461,0.266,1.80356344338893e-22,"19","NELL1"
"ISG152",1.04961267642085e-25,0.394039988338919,0.255,0.176,2.09922535284171e-22,"19","ISG15"
"AEBP1",1.53766819311215e-25,0.520526344890229,0.453,0.23,3.07533638622429e-22,"19","AEBP1"
"PRKAG21",2.35952887473371e-25,0.51748010223245,0.487,0.302,4.71905774946742e-22,"19","PRKAG2"
"BACH11",2.36813175891684e-25,0.363967491766325,0.53,0.369,4.73626351783368e-22,"19","BACH1"
"MIR646HG",2.10442350877179e-24,0.25913295976834,0.29,0.27,4.20884701754358e-21,"19","MIR646HG"
"AC010127.11",2.70921503424395e-24,0.503240556237955,0.47,0.301,5.41843006848791e-21,"19","AC010127.1"
"MARCKS1",3.641434543068e-24,0.803423040782743,0.501,0.316,7.282869086136e-21,"19","MARCKS"
"HLA-B2",3.69374239794593e-24,0.79003827826701,0.473,0.286,7.38748479589186e-21,"19","HLA-B"
"BGN",7.34529446767903e-24,0.738190150063854,0.44,0.158,1.46905889353581e-20,"19","BGN"
"PCDH11X1",9.09674564099351e-24,0.829656687039879,0.487,0.338,1.8193491281987e-20,"19","PCDH11X"
"CLVS11",2.03906709334394e-23,0.434763602028483,0.486,0.306,4.07813418668789e-20,"19","CLVS1"
"CACNB21",3.62800951407635e-23,0.265724410650371,0.316,0.315,7.25601902815269e-20,"19","CACNB2"
"NETO11",5.17811225780849e-23,0.601983627287835,0.46,0.245,1.0356224515617e-19,"19","NETO1"
"RGS7BP1",1.63065287593371e-22,0.37117113673704,0.42,0.142,3.26130575186741e-19,"19","RGS7BP"
"ITM2C",7.74377357658427e-22,0.638658987457664,0.47,0.29,1.54875471531685e-18,"19","ITM2C"
"USP6NL1",9.80992753612124e-22,0.490769618114464,0.505,0.364,1.96198550722425e-18,"19","USP6NL"
"KCND32",1.59483306404742e-21,0.483698718614283,0.585,0.505,3.18966612809484e-18,"19","KCND3"
"AMPH1",1.84396986948044e-21,0.555189341393243,0.439,0.19,3.68793973896088e-18,"19","AMPH"
"SCG31",2.76393606715576e-21,0.881161837167215,0.434,0.197,5.52787213431152e-18,"19","SCG3"
"VAV31",3.05309390634618e-21,0.260417702266189,0.316,0.217,6.10618781269235e-18,"19","VAV3"
"ANO51",5.10184851920118e-21,0.615820896417171,0.433,0.149,1.02036970384024e-17,"19","ANO5"
"OSBPL31",4.76074221098258e-20,0.32274504120325,0.442,0.238,9.52148442196516e-17,"19","OSBPL3"
"SORBS21",5.04170342023028e-20,0.475207821449857,0.456,0.258,1.00834068404606e-16,"19","SORBS2"
"CRISPLD21",1.40534285230116e-19,0.880894861035131,0.475,0.27,2.81068570460233e-16,"19","CRISPLD2"
"MIR2052HG1",1.91248385667545e-19,0.464226769503759,0.478,0.345,3.8249677133509e-16,"19","MIR2052HG"
"MT1M1",1.57549450951249e-18,0.589605291388879,0.281,0.176,3.15098901902498e-15,"19","MT1M"
"DENND1B1",2.41822774586566e-18,0.300770301224542,0.322,0.27,4.83645549173132e-15,"19","DENND1B"
"ARHGAP201",2.46025584035252e-18,0.6162131293634,0.476,0.34,4.92051168070504e-15,"19","ARHGAP20"
"CCDC126",4.75518126837459e-18,0.259593684215186,0.517,0.36,9.51036253674918e-15,"19","CCDC126"
"ARHGAP61",8.09938477322061e-18,0.416272701432547,0.48,0.364,1.61987695464412e-14,"19","ARHGAP6"
"PYGL1",1.25084529102864e-17,0.611668709985111,0.461,0.316,2.50169058205728e-14,"19","PYGL"
"OSBPL61",2.1726559226575e-17,0.660050035686147,0.444,0.238,4.345311845315e-14,"19","OSBPL6"
"MTHFD1L3",1.69106236631973e-16,0.438353457414109,0.51,0.387,3.38212473263947e-13,"19","MTHFD1L"
"SOX4",1.6381886487855e-15,0.61165069447183,0.317,0.224,3.27637729757101e-12,"19","SOX4"
"ATP2B21",1.73574595103693e-15,0.418925464675104,0.427,0.203,3.47149190207387e-12,"19","ATP2B2"
"DDX60L2",2.01362627947226e-15,0.294746059531169,0.304,0.21,4.02725255894452e-12,"19","DDX60L"
"AL353784.11",4.29243194081051e-15,0.408122188494577,0.435,0.213,8.58486388162103e-12,"19","AL353784.1"
"CHN11",4.50476033459462e-15,0.411062965148155,0.437,0.272,9.00952066918924e-12,"19","CHN1"
"ATP1A21",4.9390269230263e-15,0.681565472133834,0.33,0.271,9.8780538460526e-12,"19","ATP1A2"
"LINC009371",5.0914623057345e-15,0.655520187917182,0.481,0.357,1.0182924611469e-11,"19","LINC00937"
"MIPOL11",4.23635662650503e-14,0.29957556513728,0.52,0.419,8.47271325301006e-11,"19","MIPOL1"
"CADPS21",7.54621152441447e-14,0.320493470072387,0.427,0.243,1.50924230488289e-10,"19","CADPS2"
"GOLM12",8.62966278058486e-14,0.697645649651521,0.508,0.389,1.72593255611697e-10,"19","GOLM1"
"NTN41",1.4037564515719e-13,0.537732862892928,0.428,0.211,2.80751290314379e-10,"19","NTN4"
"AC099792.11",9.33811910714959e-13,0.266709410744248,0.359,0.283,1.86762382142992e-09,"19","AC099792.1"
"GNG12-AS11",1.42772461481994e-12,0.368070923719652,0.415,0.207,2.85544922963989e-09,"19","GNG12-AS1"
"VGF",1.99303635163812e-12,0.639842220171507,0.295,0.143,3.98607270327624e-09,"19","VGF"
"DNAH111",2.66642019557506e-12,0.517425333624437,0.454,0.336,5.33284039115013e-09,"19","DNAH11"
"S100A6",3.86023276764098e-12,0.439148565519768,0.276,0.207,7.72046553528196e-09,"19","S100A6"
"BEX11",7.17467408242412e-12,0.346982707828395,0.297,0.222,1.43493481648482e-08,"19","BEX1"
"CDH61",1.10089042263318e-11,0.292093859322489,0.425,0.231,2.20178084526636e-08,"19","CDH6"
"PDE3B1",2.85115046608094e-11,0.510376284299928,0.458,0.3,5.70230093216187e-08,"19","PDE3B"
"PPM1E2",4.94349135519772e-11,0.411740022459263,0.483,0.377,9.88698271039543e-08,"19","PPM1E"
"SPRY41",5.08212313625718e-11,0.276543364121689,0.328,0.182,1.01642462725144e-07,"19","SPRY4"
"SLC6A111",5.66673764489296e-11,0.466537000116321,0.336,0.214,1.13334752897859e-07,"19","SLC6A11"
"STK331",6.36034535143531e-11,0.457520846898392,0.443,0.281,1.27206907028706e-07,"19","STK33"
"AC078923.1",8.88720672354416e-11,0.34509993963871,0.419,0.232,1.77744134470883e-07,"19","AC078923.1"
"FABP5",1.29608139317505e-10,0.450157697976125,0.318,0.254,2.59216278635011e-07,"19","FABP5"
"JUN3",1.72500714858116e-10,0.338940886717334,0.558,0.488,3.45001429716232e-07,"19","JUN"
"CAV1",1.75421997143583e-10,0.275107516852726,0.428,0.265,3.50843994287166e-07,"19","CAV1"
"ATP1B21",2.86799153610325e-10,0.596634781650453,0.391,0.143,5.7359830722065e-07,"19","ATP1B2"
"PHLDA11",4.94886884002609e-10,1.08473726152601,0.431,0.241,9.89773768005218e-07,"19","PHLDA1"
"C1orf611",2.56762084865638e-09,0.6712413870411,0.439,0.268,5.13524169731275e-06,"19","C1orf61"
"TNFRSF213",5.29963632790728e-09,0.300841273611887,0.377,0.361,1.05992726558146e-05,"19","TNFRSF21"
"ANKRD30BL1",5.53870441067714e-09,0.543560738036118,0.433,0.258,1.10774088213543e-05,"19","ANKRD30BL"
"ZBTB7C1",1.40823606220706e-08,0.306330264319892,0.321,0.222,2.81647212441411e-05,"19","ZBTB7C"
"MEG31",1.46358565381553e-08,0.383929605830008,0.383,0.12,2.92717130763106e-05,"19","MEG3"
"MMD21",2.13701377482051e-08,0.466551410192323,0.443,0.284,4.27402754964103e-05,"19","MMD2"
"APOL2",4.14494559224075e-08,0.363841155418116,0.411,0.255,8.2898911844815e-05,"19","APOL2"
"NELL21",6.26605928428347e-08,0.383534378660831,0.404,0.235,0.000125321185685669,"19","NELL2"
"PLCB41",6.53689598956149e-08,0.680237801533253,0.454,0.293,0.00013073791979123,"19","PLCB4"
"ETV51",7.75972525762509e-08,0.723241448787928,0.485,0.392,0.000155194505152502,"19","ETV5"
"ICA11",1.16275707055462e-07,0.399131022637707,0.31,0.137,0.000232551414110923,"19","ICA1"
"AL133346.11",1.5275523525737e-07,0.313914490780212,0.482,0.394,0.000305510470514739,"19","AL133346.1"
"SRGAP2B1",1.68773441034318e-07,0.297991851790855,0.339,0.282,0.000337546882068636,"19","SRGAP2B"
"TENT5A1",4.13434133513936e-07,0.492105832761384,0.429,0.279,0.000826868267027872,"19","TENT5A"
"HFM11",4.83269670216e-07,0.441603948861013,0.437,0.3,0.000966539340431999,"19","HFM1"
"CA31",8.38980021646401e-07,0.263460463302383,0.35,0.274,0.0016779600432928,"19","CA3"
"THSD7A1",1.82412509250168e-06,0.613763727944603,0.417,0.22,0.00364825018500336,"19","THSD7A"
"C3orf702",2.01249755080081e-06,0.758211704054333,0.48,0.422,0.00402499510160163,"19","C3orf70"
"FNBP1L1",2.07843098473757e-06,0.360646691359759,0.431,0.297,0.00415686196947514,"19","FNBP1L"
"VIPR21",4.28740434098833e-06,0.385052037301831,0.342,0.155,0.00857480868197666,"19","VIPR2"
"DBI1",4.46523795390246e-06,0.56634953082713,0.437,0.261,0.00893047590780491,"19","DBI"
"TIMP1",5.67755715475308e-06,0.575512390048045,0.325,0.183,0.0113551143095062,"19","TIMP1"
"PTPRO1",8.72790292311428e-06,0.494511370848448,0.431,0.295,0.0174558058462286,"19","PTPRO"
"CCDC85A",9.9151737743431e-06,0.307971316918683,0.423,0.31,0.0198303475486862,"19","CCDC85A"
"S100A10",1.14312123746659e-05,0.470640334886943,0.411,0.265,0.0228624247493318,"19","S100A10"
"KCTD161",1.38176668735296e-05,0.253760800355984,0.361,0.295,0.0276353337470592,"19","KCTD16"
"PLSCR1",1.59869065587703e-05,0.309730549182783,0.325,0.165,0.0319738131175406,"19","PLSCR1"
"EML61",1.91664177159046e-05,0.49797034509065,0.439,0.335,0.0383328354318092,"19","EML6"
"ATCAY1",2.43015943764317e-05,0.898765316747487,0.415,0.175,0.0486031887528635,"19","ATCAY"
"BLM1",2.76590124159535e-05,0.742421716858616,0.425,0.256,0.0553180248319071,"19","BLM"
"ITGA81",5.15205105268972e-05,0.382719331420381,0.429,0.322,0.103041021053794,"19","ITGA8"
"PIP5K1B1",5.49925084438293e-05,0.362285978278466,0.368,0.322,0.109985016887659,"19","PIP5K1B"
"KCNH51",6.29212833695011e-05,0.276709809403497,0.394,0.229,0.125842566739002,"19","KCNH5"
"LY6H1",7.33207347383365e-05,0.302055648257596,0.296,0.12,0.146641469476673,"19","LY6H"
"SAT11",7.64105183396733e-05,0.430104234351963,0.326,0.245,0.152821036679347,"19","SAT1"
"TNK21",0.000160791964212618,0.688139985424837,0.464,0.352,0.321583928425236,"19","TNK2"
"PARP142",0.000684370220428104,0.516614480009464,0.33,0.176,1,"19","PARP14"
"PLAT1",0.00104641671444653,0.597000354204185,0.341,0.168,1,"19","PLAT"
"AC008014.11",0.00105057785015324,0.328039478515064,0.441,0.359,1,"19","AC008014.1"
"IFITM31",0.00107921200872249,0.472105939371525,0.328,0.213,1,"19","IFITM3"
"CAMK41",0.00111447758457442,0.487749659105396,0.388,0.206,1,"19","CAMK4"
"EPHB11",0.00168662483802654,0.271648249115008,0.445,0.352,1,"19","EPHB1"
"ST6GAL21",0.00267502177752954,0.377432273343032,0.341,0.12,1,"19","ST6GAL2"
"AGBL41",0.00377864818766574,0.431741702402926,0.431,0.35,1,"19","AGBL4"
"ASCL1",0.00574748492169588,0.653113384364223,0.354,0.155,1,"19","ASCL1"
"DIRC31",0.00617622147804249,0.373079215683808,0.371,0.288,1,"19","DIRC3"
"COL20A11",0.00692658198518668,0.941139141919205,0.39,0.181,1,"19","COL20A1"
"NDRG41",0.0079908919374487,0.375548336604714,0.296,0.181,1,"19","NDRG4"
"MALRD11",0.00837543627528493,0.30520615307249,0.363,0.283,1,"19","MALRD1"
"DSCAM2",0,3.6147886764175,0.99,0.349,0,"20","DSCAM"
"LRRC4C2",0,3.57249141342143,0.99,0.535,0,"20","LRRC4C"
"OPCML2",0,3.53933762532547,0.993,0.38,0,"20","OPCML"
"PDZD22",0,3.41527860886293,0.983,0.413,0,"20","PDZD2"
"CSMD32",0,3.40052609398739,0.991,0.409,0,"20","CSMD3"
"ADGRL32",0,3.3630121784973,0.991,0.522,0,"20","ADGRL3"
"MMP162",0,3.31207547649327,0.974,0.339,0,"20","MMP16"
"PCDH152",0,3.29451545268286,0.988,0.397,0,"20","PCDH15"
"ATRNL12",0,3.27071483494443,0.984,0.366,0,"20","ATRNL1"
"DGKG2",0,3.21878938806694,0.983,0.361,0,"20","DGKG"
"NRCAM2",0,3.13561699595788,0.972,0.35,0,"20","NRCAM"
"ZEB12",0,3.1275776280411,0.982,0.323,0,"20","ZEB1"
"SOX52",0,3.12247026016296,0.983,0.421,0,"20","SOX5"
"SOX62",0,3.11530816591353,0.974,0.339,0,"20","SOX6"
"CSMD12",0,3.11236976091436,0.997,0.433,0,"20","CSMD1"
"SMOC12",0,3.09260044583235,0.936,0.427,0,"20","SMOC1"
"NTRK32",0,3.09178997572067,0.945,0.343,0,"20","NTRK3"
"LRRTM42",0,3.06827497453652,0.989,0.364,0,"20","LRRTM4"
"NRXN12",0,3.02055918603674,0.985,0.281,0,"20","NRXN1"
"CA102",0,2.99596367084688,0.98,0.288,0,"20","CA10"
"FGF142",0,2.98338260441015,0.988,0.398,0,"20","FGF14"
"MEGF112",0,2.96803657839036,0.982,0.368,0,"20","MEGF11"
"CNTN12",0,2.92917344805223,0.983,0.461,0,"20","CNTN1"
"KCNMA12",0,2.91038434966418,0.969,0.353,0,"20","KCNMA1"
"SNTG12",0,2.91034057254929,0.984,0.315,0,"20","SNTG1"
"TNR2",0,2.90350062054739,0.968,0.348,0,"20","TNR"
"LINC005112",0,2.88453056705246,0.988,0.403,0,"20","LINC00511"
"CACNA1A2",0,2.87686282146968,0.968,0.412,0,"20","CACNA1A"
"GRIK22",0,2.87442649665695,0.982,0.367,0,"20","GRIK2"
"CHST112",0,2.87271016537219,0.974,0.362,0,"20","CHST11"
"MDGA22",0,2.84174151528028,0.991,0.505,0,"20","MDGA2"
"LUZP22",0,2.81388972988669,0.983,0.474,0,"20","LUZP2"
"HIF3A2",0,2.81385974726701,0.933,0.312,0,"20","HIF3A"
"LHFPL32",0,2.79361345866524,0.995,0.531,0,"20","LHFPL3"
"CELF22",0,2.74340073119139,0.976,0.325,0,"20","CELF2"
"GRID22",0,2.73340428655391,0.995,0.552,0,"20","GRID2"
"LRP1B2",0,2.73241728600674,0.999,0.742,0,"20","LRP1B"
"DPP62",0,2.73039672744884,0.995,0.617,0,"20","DPP6"
"COL11A12",0,2.72378296451464,0.972,0.311,0,"20","COL11A1"
"DLGAP12",0,2.70440496757659,0.979,0.338,0,"20","DLGAP1"
"CHL12",0,2.70063500491704,0.939,0.315,0,"20","CHL1"
"RORA2",0,2.69010905247701,0.991,0.524,0,"20","RORA"
"GPM6A2",0,2.6810707444461,0.875,0.269,0,"20","GPM6A"
"XYLT12",0,2.66318819699552,0.985,0.541,0,"20","XYLT1"
"NXPH12",0,2.63552421327213,0.984,0.267,0,"20","NXPH1"
"LSAMP2",0,2.62400591301549,0.997,0.776,0,"20","LSAMP"
"SEZ6L2",0,2.61347847845064,0.958,0.231,0,"20","SEZ6L"
"OPHN12",0,2.59328954415302,0.957,0.363,0,"20","OPHN1"
"SLC35F12",0,2.57654473960519,0.985,0.278,0,"20","SLC35F1"
"MAP22",0,2.5707741395641,0.952,0.378,0,"20","MAP2"
"PTPRZ12",0,2.55245790152887,0.826,0.362,0,"20","PTPRZ1"
"PLCB12",0,2.5034865137818,0.978,0.319,0,"20","PLCB1"
"KCNIP42",0,2.49833851416431,0.993,0.569,0,"20","KCNIP4"
"FAM155A2",0,2.49189870470707,0.982,0.335,0,"20","FAM155A"
"PTPRG2",0,2.47703861370283,0.97,0.352,0,"20","PTPRG"
"FGF122",0,2.44867077854449,0.97,0.312,0,"20","FGF12"
"XKR42",0,2.42952644120042,0.948,0.341,0,"20","XKR4"
"ARPP212",0,2.38791258162461,0.966,0.223,0,"20","ARPP21"
"PRKCA2",0,2.3866499241297,0.997,0.728,0,"20","PRKCA"
"GRIK12",0,2.38401832405118,0.97,0.317,0,"20","GRIK1"
"LINC013222",0,2.34372995649304,0.966,0.421,0,"20","LINC01322"
"BRINP32",0,2.32768256116029,0.983,0.259,0,"20","BRINP3"
"GRM52",0,2.31205157730436,0.944,0.279,0,"20","GRM5"
"SEMA5A2",0,2.30401566492374,0.991,0.586,0,"20","SEMA5A"
"TMEM132C2",0,2.28991726922835,0.993,0.526,0,"20","TMEM132C"
"LRRN12",0,2.27496049855985,0.973,0.327,0,"20","LRRN1"
"KCND22",0,2.26541969542855,0.974,0.287,0,"20","KCND2"
"SLC8A12",0,2.26363472197666,0.971,0.317,0,"20","SLC8A1"
"DPP102",0,2.26132260850929,0.972,0.436,0,"20","DPP10"
"UNC802",0,2.26091504672513,0.857,0.223,0,"20","UNC80"
"NLGN13",0,2.254653187661,0.999,0.738,0,"20","NLGN1"
"CMYA52",0,2.2463033717894,0.929,0.322,0,"20","CMYA5"
"TRIO2",0,2.23780052150569,0.987,0.515,0,"20","TRIO"
"SHISA92",0,2.21116139635025,0.962,0.258,0,"20","SHISA9"
"RAB312",0,2.19755913096688,0.96,0.347,0,"20","RAB31"
"COL9A12",0,2.19699092665787,0.885,0.254,0,"20","COL9A1"
"SEMA3E2",0,2.18345950387597,0.987,0.291,0,"20","SEMA3E"
"IL1RAP2",0,2.17746240308987,0.901,0.247,0,"20","IL1RAP"
"NRG32",0,2.16274619540977,0.985,0.409,0,"20","NRG3"
"CASK2",0,2.12482345448049,0.986,0.482,0,"20","CASK"
"NLGN4X2",0,2.11408926624876,0.976,0.432,0,"20","NLGN4X"
"PCDH72",0,2.11106885183628,0.898,0.332,0,"20","PCDH7"
"MAML22",0,2.10032062551824,0.992,0.415,0,"20","MAML2"
"GRM72",0,2.07912357803825,0.982,0.33,0,"20","GRM7"
"KHDRBS32",0,2.0696818103029,0.958,0.399,0,"20","KHDRBS3"
"MYT12",0,2.06629982577371,0.89,0.159,0,"20","MYT1"
"KLF122",0,2.03911216210988,0.967,0.345,0,"20","KLF12"
"SHC32",0,2.01645037213453,0.982,0.363,0,"20","SHC3"
"ZFPM22",0,2.00948010338611,0.978,0.433,0,"20","ZFPM2"
"SORCS12",0,2.00845993074148,0.961,0.348,0,"20","SORCS1"
"SLC2A132",0,2.00254295799856,0.944,0.399,0,"20","SLC2A13"
"STXBP5L2",0,2.00214793643503,0.956,0.288,0,"20","STXBP5L"
"UST2",0,1.99844662510805,0.986,0.425,0,"20","UST"
"SORCS32",0,1.99770505902307,0.974,0.323,0,"20","SORCS3"
"RIMS22",0,1.99766316680105,0.944,0.28,0,"20","RIMS2"
"CNTNAP52",0,1.99305565184672,0.972,0.349,0,"20","CNTNAP5"
"PRRX12",0,1.98641183477585,0.979,0.357,0,"20","PRRX1"
"CADPS3",0,1.98238372809043,0.937,0.3,0,"20","CADPS"
"TMEM132B2",0,1.96737469561515,0.92,0.352,0,"20","TMEM132B"
"SULF22",0,1.94261677120436,0.893,0.278,0,"20","SULF2"
"PITPNC12",0,1.93023124325583,0.981,0.402,0,"20","PITPNC1"
"RUNX1T13",0,1.92753558188198,0.965,0.408,0,"20","RUNX1T1"
"FLRT22",0,1.92333256874072,0.951,0.217,0,"20","FLRT2"
"GRIA33",0,1.9124940281867,0.949,0.361,0,"20","GRIA3"
"ASAP13",0,1.90885663306151,0.993,0.577,0,"20","ASAP1"
"CSGALNACT12",0,1.90101169834335,0.956,0.255,0,"20","CSGALNACT1"
"TOX2",0,1.87553767444851,0.978,0.334,0,"20","TOX"
"NEBL2",0,1.8698217259559,0.964,0.35,0,"20","NEBL"
"LINC004612",0,1.86600756048747,0.935,0.335,0,"20","LINC00461"
"CDH102",0,1.85388817020707,0.939,0.202,0,"20","CDH10"
"AC004852.22",0,1.84731330524059,0.968,0.216,0,"20","AC004852.2"
"GUCY1A22",0,1.84702483532232,0.962,0.349,0,"20","GUCY1A2"
"C1orf212",0,1.84529889653996,0.972,0.391,0,"20","C1orf21"
"DAB12",0,1.81558327010571,0.978,0.41,0,"20","DAB1"
"RNF1502",0,1.80772748287586,0.964,0.305,0,"20","RNF150"
"SLC38A12",0,1.80384730810918,0.948,0.275,0,"20","SLC38A1"
"DCC2",0,1.79627522078451,0.991,0.537,0,"20","DCC"
"IGSF212",0,1.77864934322569,0.925,0.19,0,"20","IGSF21"
"HS6ST32",0,1.76858849033265,0.959,0.231,0,"20","HS6ST3"
"MPPED22",0,1.7636814675848,0.88,0.219,0,"20","MPPED2"
"FGFR14",0,1.75694075857224,0.959,0.454,0,"20","FGFR1"
"AC092691.12",0,1.74310327116742,0.993,0.41,0,"20","AC092691.1"
"ASTN12",0,1.74240203541908,0.956,0.334,0,"20","ASTN1"
"ITPR22",0,1.73769419640661,0.966,0.5,0,"20","ITPR2"
"AFAP1L22",0,1.72927058417448,0.966,0.208,0,"20","AFAP1L2"
"ETV12",0,1.72805910383502,0.861,0.196,0,"20","ETV1"
"AL445250.12",0,1.71878909314262,0.978,0.355,0,"20","AL445250.1"
"OLFM22",0,1.70487491434999,0.835,0.202,0,"20","OLFM2"
"KCNIP12",0,1.69877610576573,0.972,0.235,0,"20","KCNIP1"
"PTPRN22",0,1.69564071234756,0.968,0.31,0,"20","PTPRN2"
"SORBS15",0,1.66977338515016,0.995,0.632,0,"20","SORBS1"
"ATP13A42",0,1.66129193875146,0.892,0.386,0,"20","ATP13A4"
"TMEM132D2",0,1.65905590186218,0.974,0.359,0,"20","TMEM132D"
"GABRB12",0,1.64646283910925,0.97,0.326,0,"20","GABRB1"
"GSG1L2",0,1.64368735124663,0.964,0.285,0,"20","GSG1L"
"SAMD4A6",0,1.63817899828265,0.985,0.523,0,"20","SAMD4A"
"MYT1L2",0,1.62457560186867,0.885,0.254,0,"20","MYT1L"
"CTNNA22",0,1.62371106335847,0.983,0.426,0,"20","CTNNA2"
"FARP12",0,1.61993050053385,0.944,0.286,0,"20","FARP1"
"CSRNP32",0,1.61577850086195,0.978,0.433,0,"20","CSRNP3"
"CERS62",0,1.60936639505922,0.976,0.386,0,"20","CERS6"
"CHST92",0,1.60730498390328,0.977,0.313,0,"20","CHST9"
"CDH132",0,1.60238367206225,0.973,0.361,0,"20","CDH13"
"RGS72",0,1.59659540049818,0.977,0.361,0,"20","RGS7"
"THRB2",0,1.58791178651875,0.964,0.335,0,"20","THRB"
"GLCCI12",0,1.58391257549333,0.972,0.432,0,"20","GLCCI1"
"CACNG42",0,1.56886392034437,0.942,0.269,0,"20","CACNG4"
"POU6F22",0,1.56802656107569,0.978,0.229,0,"20","POU6F2"
"PID12",0,1.56464824644241,0.958,0.35,0,"20","PID1"
"CDK142",0,1.5468899437404,0.978,0.494,0,"20","CDK14"
"PARD32",0,1.54521192629678,0.989,0.487,0,"20","PARD3"
"EGFR2",0,1.54309422728862,0.974,0.3,0,"20","EGFR"
"ADAMTS172",0,1.53114315869301,0.966,0.308,0,"20","ADAMTS17"
"LRRFIP12",0,1.53066257050037,0.941,0.287,0,"20","LRRFIP1"
"BAALC4",0,1.52207574490639,0.962,0.355,0,"20","BAALC"
"FAM110B2",0,1.51603254977389,0.972,0.272,0,"20","FAM110B"
"SLC24A32",0,1.51063102458955,0.972,0.359,0,"20","SLC24A3"
"ST8SIA12",0,1.50985522555374,0.95,0.262,0,"20","ST8SIA1"
"SYT172",0,1.49989943273281,0.958,0.258,0,"20","SYT17"
"NLGN4Y4",0,1.49563301703392,0.989,0.52,0,"20","NLGN4Y"
"ST6GAL12",0,1.49222475322045,0.965,0.312,0,"20","ST6GAL1"
"KIAA12172",0,1.49085106526854,0.97,0.318,0,"20","KIAA1217"
"BEST32",0,1.48303470161741,0.885,0.26,0,"20","BEST3"
"MAP3K12",0,1.48288171206049,0.906,0.3,0,"20","MAP3K1"
"KCNT22",0,1.48066035907437,0.951,0.27,0,"20","KCNT2"
"ADGRB12",0,1.47961436240481,0.896,0.16,0,"20","ADGRB1"
"HECW12",0,1.47264490099208,0.962,0.23,0,"20","HECW1"
"MSRA4",0,1.47220245302289,0.98,0.402,0,"20","MSRA"
"CACNA1D2",0,1.46323129808584,0.971,0.388,0,"20","CACNA1D"
"SCN9A2",0,1.45736434774622,0.882,0.259,0,"20","SCN9A"
"PLEKHA22",0,1.45711399460867,0.92,0.288,0,"20","PLEKHA2"
"SLC1A12",0,1.45553276925772,0.969,0.322,0,"20","SLC1A1"
"ARHGAP422",0,1.43539225105653,0.976,0.332,0,"20","ARHGAP42"
"MPZL12",0,1.43490956350843,0.921,0.275,0,"20","MPZL1"
"CACNA2D32",0,1.42780499747902,0.969,0.302,0,"20","CACNA2D3"
"STK32A2",0,1.42423384637643,0.976,0.263,0,"20","STK32A"
"DISC12",0,1.42224812006117,0.97,0.372,0,"20","DISC1"
"NOL42",0,1.41772827600625,0.962,0.292,0,"20","NOL4"
"LMO32",0,1.4133956937291,0.884,0.188,0,"20","LMO3"
"CNKSR22",0,1.40570777392761,0.912,0.212,0,"20","CNKSR2"
"BCHE2",0,1.39845459811541,0.964,0.333,0,"20","BCHE"
"RBMS12",0,1.37886917961617,0.898,0.418,0,"20","RBMS1"
"TNS32",0,1.37679663644635,0.976,0.333,0,"20","TNS3"
"ALK2",0,1.37161312768467,0.971,0.365,0,"20","ALK"
"RAPGEF42",0,1.36228574396073,0.966,0.364,0,"20","RAPGEF4"
"TMEM1082",0,1.34592607787085,0.966,0.386,0,"20","TMEM108"
"CNTN32",0,1.33988842947006,0.976,0.523,0,"20","CNTN3"
"MIR9-3HG2",0,1.3398039008333,0.847,0.219,0,"20","MIR9-3HG"
"NTNG12",0,1.33830338680888,0.942,0.255,0,"20","NTNG1"
"GALR12",0,1.33688961011411,0.855,0.179,0,"20","GALR1"
"ST6GAL22",0,1.3314045666003,0.778,0.112,0,"20","ST6GAL2"
"FRY2",0,1.32678428909797,0.972,0.452,0,"20","FRY"
"PLPP42",0,1.32229625403663,0.989,0.556,0,"20","PLPP4"
"THSD7A2",0,1.32041505611784,0.878,0.211,0,"20","THSD7A"
"LINC025882",0,1.31790039500636,0.976,0.271,0,"20","LINC02588"
"B3GAT22",0,1.3166577231666,0.795,0.29,0,"20","B3GAT2"
"STK32B2",0,1.31576083994833,0.978,0.294,0,"20","STK32B"
"MEF2C2",0,1.30460159573179,0.847,0.189,0,"20","MEF2C"
"MGLL2",0,1.2970143113041,0.932,0.321,0,"20","MGLL"
"DPYSL32",0,1.29155893078044,0.957,0.229,0,"20","DPYSL3"
"GABRB32",0,1.28825041171925,0.913,0.294,0,"20","GABRB3"
"TACC22",0,1.28790614334378,0.896,0.21,0,"20","TACC2"
"TTTY144",0,1.28436461807423,0.986,0.468,0,"20","TTTY14"
"GOLIM42",0,1.26900106791112,0.97,0.379,0,"20","GOLIM4"
"FMN22",0,1.26656191077081,0.96,0.384,0,"20","FMN2"
"TEK2",0,1.25806878860735,0.953,0.317,0,"20","TEK"
"PAM2",0,1.25694215908256,0.952,0.305,0,"20","PAM"
"PDZRN42",0,1.24299390746203,0.962,0.309,0,"20","PDZRN4"
"CRB12",0,1.23899879213143,0.968,0.417,0,"20","CRB1"
"CCSER12",0,1.2371519782953,0.949,0.336,0,"20","CCSER1"
"SORBS22",0,1.23430974316893,0.914,0.249,0,"20","SORBS2"
"NKAIN32",0,1.23327538229878,0.969,0.345,0,"20","NKAIN3"
"ARHGAP312",0,1.23292148833379,0.971,0.348,0,"20","ARHGAP31"
"SNAP913",0,1.23039258807965,0.919,0.309,0,"20","SNAP91"
"KCTD162",0,1.22920369011529,0.889,0.285,0,"20","KCTD16"
"DIAPH22",0,1.22838570538681,0.959,0.302,0,"20","DIAPH2"
"DDAH12",0,1.22091175280424,0.925,0.222,0,"20","DDAH1"
"LRFN52",0,1.21807186117249,0.95,0.239,0,"20","LRFN5"
"DZIP12",0,1.21640767540317,0.97,0.214,0,"20","DZIP1"
"SYT162",0,1.21230052121619,0.853,0.179,0,"20","SYT16"
"MAP3K52",0,1.20818288552309,0.954,0.307,0,"20","MAP3K5"
"GRIK32",0,1.20209484333742,0.971,0.405,0,"20","GRIK3"
"SMAD32",0,1.20040036263218,0.971,0.23,0,"20","SMAD3"
"SPRY42",0,1.20029909099388,0.844,0.173,0,"20","SPRY4"
"C3orf703",0,1.19963270745889,0.898,0.414,0,"20","C3orf70"
"ITGA82",0,1.1989985480444,0.929,0.312,0,"20","ITGA8"
"ATP1A22",0,1.1963342438475,0.219,0.273,0,"20","ATP1A2"
"DGKI2",0,1.19484698050671,0.97,0.447,0,"20","DGKI"
"PAK32",0,1.18637701013854,0.883,0.154,0,"20","PAK3"
"PDE7B2",0,1.18166403046906,0.915,0.25,0,"20","PDE7B"
"GRIN2B2",0,1.15502922691258,0.787,0.196,0,"20","GRIN2B"
"PLPPR52",0,1.14940088146407,0.952,0.234,0,"20","PLPPR5"
"BRINP22",0,1.14892443231629,0.931,0.213,0,"20","BRINP2"
"ARHGEF42",0,1.1479020411637,0.898,0.312,0,"20","ARHGEF4"
"NCALD2",0,1.14287299712919,0.913,0.284,0,"20","NCALD"
"NOTCH22",0,1.14141363408126,0.935,0.379,0,"20","NOTCH2"
"PDLIM52",0,1.14064430797756,0.97,0.447,0,"20","PDLIM5"
"DPY19L22",0,1.13731547715988,0.939,0.376,0,"20","DPY19L2"
"MYO162",0,1.12299620472778,0.963,0.239,0,"20","MYO16"
"LIMD13",0,1.12027237471996,0.974,0.391,0,"20","LIMD1"
"ESRRG3",0,1.11216370908863,0.95,0.357,0,"20","ESRRG"
"ATP2B22",0,1.11016206726047,0.877,0.195,0,"20","ATP2B2"
"RALYL2",0,1.10989207735464,0.962,0.278,0,"20","RALYL"
"FAM49A2",0,1.10964214547579,0.91,0.311,0,"20","FAM49A"
"WDR601",0,1.10937441470293,0.961,0.421,0,"20","WDR60"
"TMEM178B2",0,1.10883266070468,0.962,0.309,0,"20","TMEM178B"
"COL27A12",0,1.09828143597324,0.96,0.202,0,"20","COL27A1"
"RALGPS22",0,1.08690168126857,0.947,0.257,0,"20","RALGPS2"
"NTN12",0,1.082649602091,0.948,0.262,0,"20","NTN1"
"SLIT12",0,1.08164033751652,0.86,0.274,0,"20","SLIT1"
"SEL1L32",0,1.07982899953818,0.945,0.235,0,"20","SEL1L3"
"KALRN3",0,1.07309388647524,0.948,0.319,0,"20","KALRN"
"GRAMD1C2",0,1.06382964267742,0.846,0.292,0,"20","GRAMD1C"
"CPNE52",0,1.05403408563719,0.838,0.147,0,"20","CPNE5"
"FAM19A12",0,1.053437866831,0.974,0.318,0,"20","FAM19A1"
"SLC9A72",0,1.04690616612185,0.81,0.181,0,"20","SLC9A7"
"NR2F1-AS12",0,1.04422043940773,0.927,0.204,0,"20","NR2F1-AS1"
"ERC22",0,1.03790002206545,0.969,0.394,0,"20","ERC2"
"RIMS13",0,1.02485319952167,0.964,0.413,0,"20","RIMS1"
"MARK12",0,1.02325518689967,0.97,0.367,0,"20","MARK1"
"ZNF804A2",0,1.02299435937116,0.974,0.243,0,"20","ZNF804A"
"PALLD2",0,1.02199270079452,0.931,0.378,0,"20","PALLD"
"MAST44",0,1.01892212927121,0.935,0.386,0,"20","MAST4"
"GPR1582",0,1.0182875440684,0.958,0.3,0,"20","GPR158"
"RIT22",0,1.01613119872487,0.968,0.187,0,"20","RIT2"
"BRINP12",0,1.01599091952837,0.915,0.187,0,"20","BRINP1"
"MAGI32",0,1.00965469239782,0.976,0.399,0,"20","MAGI3"
"EMID12",0,1.00900818610469,0.843,0.199,0,"20","EMID1"
"VWC22",0,1.00871174302051,0.945,0.145,0,"20","VWC2"
"PARP82",0,1.00858213273618,0.963,0.268,0,"20","PARP8"
"SLC4A102",0,0.999708597597985,0.886,0.199,0,"20","SLC4A10"
"CAMK1D2",0,0.993791383678964,0.922,0.264,0,"20","CAMK1D"
"AKAP132",0,0.98948667677733,0.935,0.363,0,"20","AKAP13"
"ADCY22",0,0.983919008037538,0.941,0.346,0,"20","ADCY2"
"EIF2AK23",0,0.978351729546967,0.937,0.303,0,"20","EIF2AK2"
"DCLK23",0,0.977766799728187,0.96,0.32,0,"20","DCLK2"
"IGF2BP22",0,0.976993754245657,0.976,0.307,0,"20","IGF2BP2"
"NETO22",0,0.975520331845095,0.924,0.362,0,"20","NETO2"
"TMEM1632",0,0.974699259116422,0.939,0.346,0,"20","TMEM163"
"ARHGAP102",0,0.970776265727523,0.968,0.281,0,"20","ARHGAP10"
"SLC44A52",0,0.970090226231613,0.948,0.379,0,"20","SLC44A5"
"SYT143",0,0.968655806402943,0.954,0.317,0,"20","SYT14"
"ME12",0,0.968175361800586,0.952,0.268,0,"20","ME1"
"PDGFC2",0,0.967320837997386,0.937,0.295,0,"20","PDGFC"
"GNG122",0,0.966987511434692,0.971,0.319,0,"20","GNG12"
"SEMA5B2",0,0.964904537684762,0.932,0.193,0,"20","SEMA5B"
"NTN42",0,0.964348483381456,0.929,0.202,0,"20","NTN4"
"PRICKLE22",0,0.954959686461472,0.966,0.258,0,"20","PRICKLE2"
"CDH182",0,0.951596816938341,0.954,0.29,0,"20","CDH18"
"AKAP122",0,0.946214373006752,0.945,0.263,0,"20","AKAP12"
"DGKB2",0,0.944514964008662,0.913,0.303,0,"20","DGKB"
"ITM2C1",0,0.94119615310528,0.189,0.296,0,"20","ITM2C"
"ASIC22",0,0.94022166373269,0.938,0.252,0,"20","ASIC2"
"PLOD22",0,0.938844217781644,0.969,0.405,0,"20","PLOD2"
"XKR64",0,0.930559361817676,0.978,0.541,0,"20","XKR6"
"ABR2",0,0.928569561400463,0.937,0.391,0,"20","ABR"
"MCTP12",0,0.92755354126505,0.929,0.33,0,"20","MCTP1"
"TMEM1962",0,0.926262071022627,0.972,0.118,0,"20","TMEM196"
"CAMK42",0,0.925095043958248,0.842,0.198,0,"20","CAMK4"
"PCSK52",0,0.922883016020449,0.958,0.416,0,"20","PCSK5"
"KCNQ32",0,0.922801381951429,0.952,0.346,0,"20","KCNQ3"
"SYN22",0,0.921267196618574,0.916,0.2,0,"20","SYN2"
"SPRED23",0,0.919931450493811,0.961,0.367,0,"20","SPRED2"
"NOS12",0,0.917083308859995,0.966,0.215,0,"20","NOS1"
"AFAP12",0,0.91522652859348,0.958,0.332,0,"20","AFAP1"
"GAP432",0,0.915109549069537,0.902,0.187,0,"20","GAP43"
"ABCA12",0,0.910839071536309,0.932,0.317,0,"20","ABCA1"
"FAM13A2",0,0.898965053987364,0.953,0.435,0,"20","FAM13A"
"LAMA42",0,0.895535342319194,0.941,0.233,0,"20","LAMA4"
"ADAMTS62",0,0.895014771870728,0.949,0.321,0,"20","ADAMTS6"
"CLVS12",0,0.89087642250412,0.965,0.297,0,"20","CLVS1"
"UNC793",0,0.887073258190479,0.964,0.398,0,"20","UNC79"
"NEXMIF2",0,0.884816949565302,0.974,0.247,0,"20","NEXMIF"
"CACNG81",0,0.883551047191096,0.787,0.152,0,"20","CACNG8"
"GRAMD1B2",0,0.883412384244854,0.932,0.259,0,"20","GRAMD1B"
"BASP1-AS12",0,0.880727535661767,0.976,0.222,0,"20","BASP1-AS1"
"ADCY12",0,0.879920344690078,0.933,0.239,0,"20","ADCY1"
"RNF1803",0,0.875845518332917,0.96,0.315,0,"20","RNF180"
"NMNAT22",0,0.871264195450513,0.948,0.282,0,"20","NMNAT2"
"WLS2",0,0.86756462719406,0.91,0.301,0,"20","WLS"
"PELI22",0,0.863313785352201,0.978,0.453,0,"20","PELI2"
"ARHGEF62",0,0.860650309899275,0.956,0.356,0,"20","ARHGEF6"
"GFAP3",0,0.859645751290343,0.985,0.504,0,"20","GFAP"
"TPST14",0,0.859289165567677,0.985,0.502,0,"20","TPST1"
"HS6ST21",0,0.857555100815211,0.952,0.202,0,"20","HS6ST2"
"ZEB1-AS12",0,0.848629128806139,0.972,0.216,0,"20","ZEB1-AS1"
"CA82",0,0.84496994879101,0.969,0.234,0,"20","CA8"
"PLCE12",0,0.84448404356722,0.927,0.294,0,"20","PLCE1"
"ANTXR12",0,0.841219079323625,0.96,0.299,0,"20","ANTXR1"
"RGS172",0,0.84118072700757,0.954,0.332,0,"20","RGS17"
"RPS6KA33",0,0.83110476019,0.973,0.403,0,"20","RPS6KA3"
"ADAM232",0,0.830976563703463,0.945,0.399,0,"20","ADAM23"
"ANO62",0,0.830094331532248,0.979,0.312,0,"20","ANO6"
"COL4A42",0,0.828317005578366,0.964,0.287,0,"20","COL4A4"
"GRIA12",0,0.826285865407964,0.945,0.22,0,"20","GRIA1"
"MAMLD12",0,0.823787777487502,0.94,0.263,0,"20","MAMLD1"
"SUSD41",0,0.823470878324785,0.931,0.149,0,"20","SUSD4"
"MED12L2",0,0.817209351346942,0.942,0.307,0,"20","MED12L"
"PLCB42",0,0.816444058653827,0.965,0.284,0,"20","PLCB4"
"GNG22",0,0.808717885032006,0.919,0.18,0,"20","GNG2"
"PRKD12",0,0.807324744708795,0.989,0.544,0,"20","PRKD1"
"GPC62",0,0.801455131604927,0.925,0.308,0,"20","GPC6"
"SYNE22",0,0.799557164695077,0.92,0.397,0,"20","SYNE2"
"SLC7A53",0,0.796062498950563,0.892,0.34,0,"20","SLC7A5"
"SESN34",0,0.795788640799782,0.97,0.46,0,"20","SESN3"
"NELL12",0,0.792905237653753,0.944,0.257,0,"20","NELL1"
"CACNA1C2",0,0.782243687125273,0.958,0.416,0,"20","CACNA1C"
"LINC022232",0,0.781381115245485,0.972,0.153,0,"20","LINC02223"
"U91319.12",0,0.77789425343407,0.951,0.295,0,"20","U91319.1"
"CRTAC12",0,0.770867546005849,0.928,0.296,0,"20","CRTAC1"
"NPAS22",0,0.761193600512474,0.953,0.31,0,"20","NPAS2"
"KIF26B2",0,0.75970489305315,0.96,0.335,0,"20","KIF26B"
"SLC35F32",0,0.758200269214972,0.952,0.359,0,"20","SLC35F3"
"AMPH2",0,0.758148140009483,0.941,0.18,0,"20","AMPH"
"GLDC2",0,0.753363565150728,0.909,0.257,0,"20","GLDC"
"KCNMB2-AS12",0,0.745654998767332,0.944,0.327,0,"20","KCNMB2-AS1"
"STK332",0,0.744452326980072,0.949,0.272,0,"20","STK33"
"ZNF5162",0,0.744299068410168,0.951,0.355,0,"20","ZNF516"
"RBFOX14",0,0.740900405406121,0.964,0.472,0,"20","RBFOX1"
"AMZ12",0,0.740164975224606,0.96,0.285,0,"20","AMZ1"
"PTPRT2",0,0.737500051431441,0.81,0.313,0,"20","PTPRT"
"PDE3B2",0,0.736485711433231,0.962,0.291,0,"20","PDE3B"
"MACROD25",0,0.73516316392013,0.983,0.587,0,"20","MACROD2"
"ICA12",0,0.734518304448735,0.859,0.127,0,"20","ICA1"
"KSR22",0,0.732593812635905,0.904,0.268,0,"20","KSR2"
"FHOD32",0,0.727451517827982,0.957,0.245,0,"20","FHOD3"
"ADAMTS9-AS22",0,0.72688437043719,0.966,0.317,0,"20","ADAMTS9-AS2"
"HLA-A4",0,0.723803887534755,0.199,0.29,0,"20","HLA-A"
"AL110292.12",0,0.723429648431651,0.976,0.312,0,"20","AL110292.1"
"GRIK45",0,0.722132321219777,0.966,0.41,0,"20","GRIK4"
"RAB3C2",0,0.710274392961591,0.831,0.178,0,"20","RAB3C"
"RBMS32",0,0.706045614259779,0.833,0.23,0,"20","RBMS3"
"PKNOX22",0,0.702268519550955,0.967,0.35,0,"20","PKNOX2"
"FAT32",0,0.698163024275633,0.936,0.218,0,"20","FAT3"
"HFM12",0,0.696314629620801,0.89,0.291,0,"20","HFM1"
"ANO52",0,0.696247865409985,0.917,0.14,0,"20","ANO5"
"MEF2C-AS12",0,0.692094346337658,0.956,0.306,0,"20","MEF2C-AS1"
"DOK52",0,0.689454506617971,0.896,0.213,0,"20","DOK5"
"COL4A32",0,0.688863656071849,0.929,0.318,0,"20","COL4A3"
"ARHGAP202",0,0.686480605138612,0.941,0.331,0,"20","ARHGAP20"
"ABLIM12",0,0.6830000379659,0.911,0.319,0,"20","ABLIM1"
"FNBP1L2",0,0.682110070921675,0.925,0.288,0,"20","FNBP1L"
"ANKRD552",0,0.681257067812473,0.954,0.267,0,"20","ANKRD55"
"ARHGEF262",0,0.678431923331664,0.964,0.278,0,"20","ARHGEF26"
"TENT5A2",0,0.676170757696342,0.9,0.27,0,"20","TENT5A"
"PLEKHA52",0,0.673973015444216,0.974,0.516,0,"20","PLEKHA5"
"FAM19A22",0,0.673451400558427,0.953,0.334,0,"20","FAM19A2"
"SLC8A32",0,0.670072812155767,0.929,0.23,0,"20","SLC8A3"
"MIPOL12",0,0.66996115199552,0.97,0.411,0,"20","MIPOL1"
"NHSL11",0,0.668023229077815,0.913,0.33,0,"20","NHSL1"
"ADCY82",0,0.666307530951191,0.961,0.295,0,"20","ADCY8"
"CRISPLD12",0,0.66629557658062,0.973,0.154,0,"20","CRISPLD1"
"TRERF12",0,0.666263821828969,0.97,0.198,0,"20","TRERF1"
"LHFPL21",0,0.66599311215225,0.956,0.371,0,"20","LHFPL2"
"CDC14A2",0,0.664778246833315,0.954,0.354,0,"20","CDC14A"
"GHR1",0,0.664076572902214,0.956,0.295,0,"20","GHR"
"ZFHX31",0,0.659671449046442,0.919,0.408,0,"20","ZFHX3"
"HAP12",0,0.659620521915568,0.878,0.212,0,"20","HAP1"
"NETO12",0,0.65929288009005,0.909,0.236,0,"20","NETO1"
"CNTN41",0,0.653930427543065,0.887,0.242,0,"20","CNTN4"
"MMD22",0,0.648337169262211,0.937,0.275,0,"20","MMD2"
"ARHGEF34",0,0.64812587549676,0.974,0.359,0,"20","ARHGEF3"
"GABBR21",0,0.641378518862621,0.824,0.228,0,"20","GABBR2"
"ARL4C1",0,0.639677103130219,0.862,0.147,0,"20","ARL4C"
"RGS7BP2",0,0.637687712918732,0.937,0.132,0,"20","RGS7BP"
"LINC023281",0,0.633824507126656,0.968,0.338,0,"20","LINC02328"
"CHST152",0,0.631178875507785,0.927,0.145,0,"20","CHST15"
"PRKG22",0,0.627688773872342,0.923,0.195,0,"20","PRKG2"
"LINC009372",0,0.623172339332791,0.95,0.348,0,"20","LINC00937"
"PCLO4",0,0.611319186943948,0.926,0.268,0,"20","PCLO"
"KCNJ32",0,0.610423222744203,0.939,0.22,0,"20","KCNJ3"
"SH3RF32",0,0.608317391224872,0.966,0.32,0,"20","SH3RF3"
"CTXND12",0,0.607107685750465,0.935,0.136,0,"20","CTXND1"
"ANGPTL23",0,0.604710604135629,0.903,0.299,0,"20","ANGPTL2"
"PVT12",0,0.602984425169852,0.962,0.261,0,"20","PVT1"
"VIPR22",0,0.595595617961266,0.858,0.146,0,"20","VIPR2"
"HRASLS2",0,0.594217641428822,0.964,0.172,0,"20","HRASLS"
"MIR3681HG1",0,0.588846147285573,0.931,0.335,0,"20","MIR3681HG"
"EML53",0,0.588777879613935,0.899,0.275,0,"20","EML5"
"SMAP22",0,0.588483590576466,0.932,0.303,0,"20","SMAP2"
"SLC16A102",0,0.585934723106048,0.954,0.179,0,"20","SLC16A10"
"CACNG22",0,0.585829863299234,0.945,0.174,0,"20","CACNG2"
"NRG24",0,0.585006151598424,0.968,0.327,0,"20","NRG2"
"ATP8A23",0,0.583616180674519,0.944,0.297,0,"20","ATP8A2"
"NR3C22",0,0.583280663194367,0.978,0.42,0,"20","NR3C2"
"NELL22",0,0.581363466131978,0.875,0.226,0,"20","NELL2"
"RFX42",0,0.57584606663312,0.843,0.306,0,"20","RFX4"
"PLXNA41",0,0.573619462591414,0.91,0.262,0,"20","PLXNA4"
"BMPER2",0,0.572287280445908,0.963,0.298,0,"20","BMPER"
"DENND1B2",0,0.569084557118439,0.841,0.26,0,"20","DENND1B"
"CACHD12",0,0.569048059535553,0.957,0.184,0,"20","CACHD1"
"DOK62",0,0.567905970904906,0.956,0.266,0,"20","DOK6"
"ADRA1A2",0,0.565342104660696,0.929,0.199,0,"20","ADRA1A"
"PCDH11X2",0,0.563701291619162,0.881,0.331,0,"20","PCDH11X"
"ADAMTS92",0,0.560646234288906,0.942,0.21,0,"20","ADAMTS9"
"SIPA1L23",0,0.559274101381551,0.95,0.367,0,"20","SIPA1L2"
"PRICKLE11",0,0.558609011959065,0.928,0.248,0,"20","PRICKLE1"
"TRHDE2",0,0.557354131924607,0.95,0.245,0,"20","TRHDE"
"KCNJ61",0,0.556573234314487,0.89,0.2,0,"20","KCNJ6"
"PCSK21",0,0.552961660791406,0.851,0.232,0,"20","PCSK2"
"BCL11B1",0,0.549613108181374,0.853,0.14,0,"20","BCL11B"
"CDH42",0,0.548966796556427,0.965,0.423,0,"20","CDH4"
"EPHA52",0,0.545429843256355,0.945,0.237,0,"20","EPHA5"
"F31",0,0.545290731648025,0.777,0.149,0,"20","F3"
"PROM12",0,0.544437659669647,0.808,0.171,0,"20","PROM1"
"FRMD61",0,0.5419410974333,0.854,0.311,0,"20","FRMD6"
"SH3GL22",0,0.539631313745229,0.945,0.184,0,"20","SH3GL2"
"DACH22",0,0.538308432045094,0.975,0.358,0,"20","DACH2"
"PKIA2",0,0.534201912637539,0.891,0.309,0,"20","PKIA"
"PACS12",0,0.533024839683093,0.979,0.342,0,"20","PACS1"
"PSMA11",0,0.532082789990296,0.787,0.217,0,"20","PSMA1"
"CACNG52",0,0.531850817327635,0.933,0.191,0,"20","CACNG5"
"MPP62",0,0.531462108993702,0.963,0.354,0,"20","MPP6"
"LRFN22",0,0.530669111868058,0.938,0.15,0,"20","LRFN2"
"HMGCR4",0,0.527381874362837,0.971,0.448,0,"20","HMGCR"
"SETBP16",0,0.519234762463945,0.965,0.512,0,"20","SETBP1"
"TGFBR11",0,0.518022789881551,0.878,0.247,0,"20","TGFBR1"
"ZNRF32",0,0.511665081088292,0.941,0.355,0,"20","ZNRF3"
"GRIP12",0,0.50991045530276,0.968,0.267,0,"20","GRIP1"
"PTPRO2",0,0.507576239046795,0.889,0.286,0,"20","PTPRO"
"VAT1L3",0,0.506175227210252,0.934,0.255,0,"20","VAT1L"
"PGM2L11",0,0.504857579701665,0.824,0.262,0,"20","PGM2L1"
"ITM2A1",0,0.504637451281071,0.845,0.136,0,"20","ITM2A"
"ETV64",0,0.503428925126629,0.976,0.394,0,"20","ETV6"
"VSTM2A1",0,0.502272871993533,0.867,0.114,0,"20","VSTM2A"
"PLCL22",0,0.502253084645574,0.911,0.25,0,"20","PLCL2"
"CADPS22",0,0.502218956945246,0.906,0.234,0,"20","CADPS2"
"PPM1L2",0,0.500485946371723,0.935,0.345,0,"20","PPM1L"
"AC124854.12",0,0.498291125668974,0.976,0.204,0,"20","AC124854.1"
"UBASH3B2",0,0.492917485875998,0.966,0.268,0,"20","UBASH3B"
"PAK52",0,0.490682033749541,0.964,0.379,0,"20","PAK5"
"TTN-AS11",0,0.483278956036166,0.972,0.393,0,"20","TTN-AS1"
"SDK12",0,0.480414372630075,0.978,0.453,0,"20","SDK1"
"PDZRN32",0,0.475621703466577,0.94,0.266,0,"20","PDZRN3"
"TLL11",0,0.471944251900424,0.92,0.16,0,"20","TLL1"
"OSBPL32",0,0.468682737278998,0.952,0.229,0,"20","OSBPL3"
"CELF4",0,0.468559179864578,0.8,0.227,0,"20","CELF4"
"DAB2IP2",0,0.4679970294455,0.87,0.216,0,"20","DAB2IP"
"PPM1E3",0,0.466577772667088,0.964,0.368,0,"20","PPM1E"
"EPB41L4A3",0,0.455893158497985,0.974,0.372,0,"20","EPB41L4A"
"SUCLG2-AS12",0,0.453990467952171,0.95,0.33,0,"20","SUCLG2-AS1"
"RAB27B1",0,0.453878223030849,0.958,0.207,0,"20","RAB27B"
"NREP2",0,0.451047231012348,0.865,0.257,0,"20","NREP"
"DDX601",0,0.447191352555211,0.878,0.182,0,"20","DDX60"
"E2F31",0,0.443655670808691,0.894,0.154,0,"20","E2F3"
"CLVS22",0,0.435445327642094,0.923,0.358,0,"20","CLVS2"
"PCDH11Y2",0,0.434153721511029,0.929,0.331,0,"20","PCDH11Y"
"CABLES12",0,0.433649881426096,0.81,0.167,0,"20","CABLES1"
"KHDRBS22",0,0.431012870342186,0.959,0.346,0,"20","KHDRBS2"
"KCNH52",0,0.428121837634476,0.884,0.22,0,"20","KCNH5"
"TSHZ21",0,0.427313325119694,0.932,0.318,0,"20","TSHZ2"
"KIAA12112",0,0.427038569066216,0.957,0.286,0,"20","KIAA1211"
"ARHGAP62",0,0.426226435421468,0.929,0.355,0,"20","ARHGAP6"
"AC090568.22",0,0.424833719597457,0.976,0.315,0,"20","AC090568.2"
"LINC022831",0,0.42325853128992,0.968,0.171,0,"20","LINC02283"
"DUSP12",0,0.412452469853153,0.139,0.271,0,"20","DUSP1"
"GLIS31",0,0.410337167100798,0.952,0.386,0,"20","GLIS3"
"AC090825.11",0,0.40916028988127,0.956,0.227,0,"20","AC090825.1"
"TBC1D12",0,0.408119025464554,0.92,0.311,0,"20","TBC1D1"
"AC124254.12",0,0.405739475516512,0.966,0.214,0,"20","AC124254.1"
"CPNE82",0,0.404491830435398,0.888,0.172,0,"20","CPNE8"
"LRCH13",0,0.399089313473421,0.959,0.253,0,"20","LRCH1"
"DIRC32",0,0.398874859767261,0.948,0.277,0,"20","DIRC3"
"APOL21",0,0.395255846438483,0.878,0.246,0,"20","APOL2"
"TRPM31",0,0.394843469013302,0.929,0.356,0,"20","TRPM3"
"TCF7L11",0,0.393625667101735,0.947,0.305,0,"20","TCF7L1"
"SLC22A31",0,0.392663190165293,0.944,0.161,0,"20","SLC22A3"
"ME32",0,0.392545061205384,0.842,0.279,0,"20","ME3"
"TENM43",0,0.381561200559185,0.964,0.398,0,"20","TENM4"
"UBE3D2",0,0.381207381384982,0.961,0.377,0,"20","UBE3D"
"NEDD43",0,0.376865004687958,0.97,0.428,0,"20","NEDD4"
"PRSS231",0,0.375850050616098,0.94,0.22,0,"20","PRSS23"
"KLHL132",0,0.375346624895767,0.956,0.355,0,"20","KLHL13"
"OSMR-AS13",0,0.374396292062822,0.963,0.326,0,"20","OSMR-AS1"
"UTRN2",0,0.370050580815473,0.945,0.339,0,"20","UTRN"
"AGBL42",0,0.359891304816443,0.941,0.34,0,"20","AGBL4"
"EPHB12",0,0.351420706937821,0.913,0.344,0,"20","EPHB1"
"ZFHX4-AS11",0,0.34858318164714,0.876,0.311,0,"20","ZFHX4-AS1"
"NR6A11",0,0.34704888505722,0.955,0.384,0,"20","NR6A1"
"AC009975.12",0,0.346670137947239,0.98,0.322,0,"20","AC009975.1"
"ZSWIM4",0,0.346648443391675,0.851,0.319,0,"20","ZSWIM4"
"CYFIP1",0,0.345185990405093,0.935,0.304,0,"20","CYFIP1"
"SGSM14",0,0.341521779974744,0.909,0.32,0,"20","SGSM1"
"AC007563.22",0,0.33952838788695,0.98,0.282,0,"20","AC007563.2"
"MKL22",0,0.334386239140431,0.949,0.301,0,"20","MKL2"
"VAV32",0,0.332711069787259,0.964,0.205,0,"20","VAV3"
"LINC002711",0,0.331134529903775,0.91,0.247,0,"20","LINC00271"
"RDH101",0,0.32604850673702,0.886,0.157,0,"20","RDH10"
"EZH21",0,0.323189287869226,0.947,0.312,0,"20","EZH2"
"CHST82",0,0.322016522697146,0.847,0.153,0,"20","CHST8"
"JDP2",0,0.320556729184277,0.976,0.369,0,"20","JDP2"
"TTC81",0,0.318906414555086,0.919,0.206,0,"20","TTC8"
"HUNK2",0,0.317761116272632,0.97,0.347,0,"20","HUNK"
"MYRFL2",0,0.317110783579212,0.976,0.339,0,"20","MYRFL"
"FNDC3B4",0,0.316411628672506,0.964,0.448,0,"20","FNDC3B"
"OSMR1",0,0.31433851999982,0.967,0.343,0,"20","OSMR"
"FBXL24",0,0.313066655825833,0.943,0.371,0,"20","FBXL2"
"MID12",0,0.30911258217673,0.954,0.347,0,"20","MID1"
"ZDHHC151",0,0.308134981761921,0.928,0.265,0,"20","ZDHHC15"
"ANKRD30BL2",0,0.30224423956663,0.948,0.248,0,"20","ANKRD30BL"
"MARC1",0,0.301533410120092,0.816,0.165,0,"20","MARC1"
"DIRAS21",0,0.30052452093251,0.891,0.313,0,"20","DIRAS2"
"SFRP4",0,0.298456921632849,0.762,0.165,0,"20","SFRP4"
"AC068643.1",0,0.298294307917774,0.969,0.173,0,"20","AC068643.1"
"FABP51",0,0.293442479487919,0.09,0.258,0,"20","FABP5"
"CUX22",0,0.292689349470375,0.948,0.246,0,"20","CUX2"
"MB21D21",0,0.291917325186121,0.959,0.368,0,"20","MB21D2"
"UPP22",0,0.28520252415022,0.947,0.366,0,"20","UPP2"
"TBC1D41",0,0.281721827520473,0.822,0.347,0,"20","TBC1D4"
"LINC020581",0,0.281081043149184,0.976,0.21,0,"20","LINC02058"
"SPHKAP2",0,0.280947065552648,0.949,0.21,0,"20","SPHKAP"
"FAM189A11",0,0.28038539868129,0.915,0.284,0,"20","FAM189A1"
"MARCH32",0,0.278657957566641,0.971,0.357,0,"20","MARCH3"
"CDKN2B-AS1",0,0.278229117232371,0.843,0.171,0,"20","CDKN2B-AS1"
"DDX60L3",0,0.277473838234691,0.781,0.201,0,"20","DDX60L"
"ITGA92",0,0.276066703888923,0.865,0.285,0,"20","ITGA9"
"LINC01013",0,0.274322378695895,0.9,0.096,0,"20","LINC01013"
"CLSTN22",0,0.273038987644773,0.846,0.319,0,"20","CLSTN2"
"CACNB22",0,0.272081051992961,0.886,0.304,0,"20","CACNB2"
"PIP5K1B2",0,0.268116666536401,0.95,0.311,0,"20","PIP5K1B"
"SNED11",0,0.267510969294074,0.943,0.374,0,"20","SNED1"
"SLC2A33",0,0.264917149144849,0.894,0.345,0,"20","SLC2A3"
"HMGN5",0,0.264030675649716,0.929,0.242,0,"20","HMGN5"
"AC099792.12",0,0.263869812070837,0.969,0.271,0,"20","AC099792.1"
"ARHGAP281",0,0.26354184226677,0.905,0.233,0,"20","ARHGAP28"
"AMOTL12",0,0.262729232661851,0.913,0.234,0,"20","AMOTL1"
"AC073050.12",0,0.261193155072892,0.98,0.39,0,"20","AC073050.1"
"ATP13A52",0,0.257597040276783,0.939,0.228,0,"20","ATP13A5"
"OSBPL10",0,0.253074673257988,0.929,0.266,0,"20","OSBPL10"
"RIN31",0,0.250990160673809,0.969,0.244,0,"20","RIN3"
"TNFRSF214",6.98490038434314e-307,0.559778183543132,0.859,0.352,1.39698007686863e-303,"20","TNFRSF21"
"C11orf961",1.72251337611917e-306,0.338038300956827,0.81,0.244,3.44502675223834e-303,"20","C11orf96"
"EMILIN3",1.59298416285669e-305,0.404572378790618,0.264,0.114,3.18596832571337e-302,"20","EMILIN3"
"CALCRL2",2.33393508295982e-304,1.5958648534845,0.769,0.233,4.66787016591963e-301,"20","CALCRL"
"HMGCS14",4.26988143576545e-304,0.265063727523737,0.969,0.474,8.53976287153089e-301,"20","HMGCS1"
"DKK31",8.90483908927894e-301,1.08574613641101,0.777,0.183,1.78096781785579e-297,"20","DKK3"
"PRKAG22",1.86801856876351e-299,0.611227344010509,0.789,0.297,3.73603713752702e-296,"20","PRKAG2"
"GPR171",5.36289570383986e-298,1.18822849227873,0.24,0.254,1.07257914076797e-294,"20","GPR17"
"VCAN2",4.4481972074791e-296,2.56403545617354,0.792,0.365,8.89639441495819e-293,"20","VCAN"
"GFRA12",1.92154362968559e-295,0.866443971891484,0.747,0.176,3.84308725937119e-292,"20","GFRA1"
"RASAL23",1.68431364307175e-294,0.825568059034214,0.914,0.393,3.3686272861435e-291,"20","RASAL2"
"BCL11A",5.41681372928736e-293,0.316099053775322,0.797,0.222,1.08336274585747e-289,"20","BCL11A"
"NAV33",3.51893632928213e-291,1.06212446529577,0.989,0.615,7.03787265856425e-288,"20","NAV3"
"CDH22",4.67676061676963e-290,1.08416818055471,0.943,0.383,9.35352123353925e-287,"20","CDH2"
"CNR1",4.96468306049505e-290,0.271125726724276,0.724,0.089,9.9293661209901e-287,"20","CNR1"
"ELAVL42",1.51115307835792e-287,1.3857045238863,0.749,0.162,3.02230615671585e-284,"20","ELAVL4"
"CTNND27",5.92793483608889e-285,1.58617321149881,0.991,0.709,1.18558696721778e-281,"20","CTNND2"
"MLLT32",4.47634119003492e-281,0.617168765697275,0.975,0.452,8.95268238006984e-278,"20","MLLT3"
"TIAM14",1.62150806754257e-275,1.00685302190455,0.986,0.519,3.24301613508515e-272,"20","TIAM1"
"CSPG41",1.83125980727689e-275,1.82126747873243,0.269,0.174,3.66251961455378e-272,"20","CSPG4"
"KCNAB17",4.48017791961239e-274,0.793456700466833,0.983,0.471,8.96035583922478e-271,"20","KCNAB1"
"UBA6-AS14",6.25255450358225e-274,0.443059544799842,0.955,0.396,1.25051090071645e-270,"20","UBA6-AS1"
"PLEKHH22",1.45553807912269e-272,1.26794081006542,0.233,0.317,2.91107615824538e-269,"20","PLEKHH2"
"AL589740.16",3.84402786004872e-272,1.07047477557935,0.991,0.603,7.68805572009743e-269,"20","AL589740.1"
"CRISPLD22",1.32999809472624e-270,1.43363252851622,0.758,0.265,2.65999618945249e-267,"20","CRISPLD2"
"CSMD24",1.8430194794349e-268,1.37581406511057,0.992,0.579,3.6860389588698e-265,"20","CSMD2"
"SMYD33",9.92350918505687e-268,0.264711617548206,0.979,0.497,1.98470183701137e-264,"20","SMYD3"
"ZFP36L11",3.91622052319103e-260,1.77490419536503,0.247,0.332,7.83244104638206e-257,"20","ZFP36L1"
"PRTG3",7.56470749840591e-260,0.714721686472449,0.773,0.31,1.51294149968118e-256,"20","PRTG"
"BCAT12",3.98906104626536e-257,0.740710373149882,0.801,0.237,7.97812209253072e-254,"20","BCAT1"
"ITPR11",1.00621140879704e-256,0.279462736328171,0.836,0.338,2.01242281759408e-253,"20","ITPR1"
"HDAC92",1.26492642809226e-251,0.693846159141176,0.983,0.522,2.52985285618453e-248,"20","HDAC9"
"KAZN2",1.57893103921138e-251,1.61622621189704,0.995,0.674,3.15786207842276e-248,"20","KAZN"
"CAMK2D5",6.80454001283847e-250,1.17761863861132,0.989,0.589,1.36090800256769e-246,"20","CAMK2D"
"REV3L3",5.20233292571239e-249,2.44537423620852,0.983,0.553,1.04046658514248e-245,"20","REV3L"
"GALNT132",6.57354718097285e-243,1.40555610988779,0.991,0.685,1.31470943619457e-239,"20","GALNT13"
"CHRM3",9.44834624267129e-243,0.308002118406211,0.738,0.184,1.88966924853426e-239,"20","CHRM3"
"ASTN25",2.63010102399618e-239,1.32595800592971,0.987,0.659,5.26020204799236e-236,"20","ASTN2"
"FBXL174",1.25846774201479e-237,0.697904594861603,0.949,0.434,2.51693548402958e-234,"20","FBXL17"
"FRMD4A1",2.1194340532864e-237,0.542221948775156,0.955,0.475,4.23886810657281e-234,"20","FRMD4A"
"SLC25A18",2.59996945939374e-233,0.309712810064696,0.799,0.263,5.19993891878749e-230,"20","SLC25A18"
"NTRK24",2.83619992100355e-233,2.06933542107284,0.966,0.544,5.67239984200709e-230,"20","NTRK2"
"FOXN32",5.14643383697142e-233,0.827858969205879,0.98,0.496,1.02928676739428e-229,"20","FOXN3"
"TCF7L24",1.42175566606905e-229,0.640208722105047,0.982,0.564,2.8435113321381e-226,"20","TCF7L2"
"GPNMB2",2.88056270394085e-226,1.45671030885289,0.276,0.256,5.76112540788171e-223,"20","GPNMB"
"SHISA62",1.99011252327458e-225,0.491973205228475,0.793,0.375,3.98022504654916e-222,"20","SHISA6"
"JUN4",7.24248133395584e-225,0.304073266780732,0.949,0.481,1.44849626679117e-221,"20","JUN"
"INPP5F5",1.95721608489673e-221,0.356421216281278,0.955,0.497,3.91443216979346e-218,"20","INPP5F"
"FUT93",2.10010419663374e-220,0.768340343427336,0.971,0.514,4.20020839326748e-217,"20","FUT9"
"TRIM92",9.53232732363012e-217,2.01845454339148,0.968,0.502,1.90646546472602e-213,"20","TRIM9"
"TBC1D91",1.0157191843477e-213,0.332045419601919,0.713,0.233,2.03143836869541e-210,"20","TBC1D9"
"BCL64",6.93003984022833e-207,0.829203369566032,0.955,0.516,1.38600796804567e-203,"20","BCL6"
"DGKH1",2.66944269239481e-204,0.569675642321325,0.788,0.387,5.33888538478962e-201,"20","DGKH"
"FIGN3",2.86702866001685e-197,1.0973237528061,0.985,0.509,5.7340573200337e-194,"20","FIGN"
"ERBB43",5.35342717278141e-197,1.49745894858405,0.999,0.844,1.07068543455628e-193,"20","ERBB4"
"KCND33",2.67942483618565e-196,0.501144655176242,0.938,0.498,5.35884967237129e-193,"20","KCND3"
"PLPPR12",9.6219097582536e-194,1.45326705744564,0.989,0.549,1.92438195165072e-190,"20","PLPPR1"
"SGCD4",2.89226548165546e-193,0.917203597987944,0.98,0.626,5.78453096331093e-190,"20","SGCD"
"DTNA6",2.46523227300013e-192,1.41314722999516,0.979,0.595,4.93046454600026e-189,"20","DTNA"
"NOVA12",2.34329209424177e-187,2.28206345041752,0.9,0.645,4.68658418848354e-184,"20","NOVA1"
"TENM12",2.39074114891346e-187,1.34038205131069,0.732,0.287,4.78148229782692e-184,"20","TENM1"
"PLAT2",1.46134586359293e-183,1.05323480712696,0.293,0.169,2.92269172718586e-180,"20","PLAT"
"LINC019652",4.19547378449983e-174,1.15765365063927,0.321,0.234,8.39094756899966e-171,"20","LINC01965"
"OXR12",5.41823723165818e-174,0.723041639372091,0.801,0.293,1.08364744633164e-170,"20","OXR1"
"DBI2",8.48008103585308e-174,0.428307760423061,0.211,0.265,1.69601620717062e-170,"20","DBI"
"TNIK3",9.09383580869423e-174,1.25976024889098,0.99,0.632,1.81876716173885e-170,"20","TNIK"
"PTGDS2",9.45719073976042e-174,1.2202921902662,0.262,0.203,1.89143814795208e-170,"20","PTGDS"
"MAPK104",4.27465930955842e-173,1.96123659129956,0.989,0.635,8.54931861911684e-170,"20","MAPK10"
"BLM2",8.07836652289873e-170,1.02255397655847,0.703,0.25,1.61567330457975e-166,"20","BLM"
"CDH62",1.04537491900114e-167,0.309209399060717,0.685,0.226,2.09074983800228e-164,"20","CDH6"
"ATP6V1G2",7.52947412179434e-162,0.342943172570498,0.289,0.196,1.50589482435887e-158,"20","ATP6V1G2"
"SDC32",5.69858486817369e-161,1.31063635330477,0.289,0.221,1.13971697363474e-157,"20","SDC3"
"SLC6A112",4.33307650811951e-160,0.397286778877018,0.682,0.208,8.66615301623902e-157,"20","SLC6A11"
"GRIA43",1.22189035177754e-157,1.55822652627994,0.991,0.722,2.44378070355508e-154,"20","GRIA4"
"GPRIN31",1.27790632210421e-157,0.387285860258549,0.687,0.266,2.55581264420842e-154,"20","GPRIN3"
"HAS21",1.06263683299548e-150,0.617140081070565,0.332,0.18,2.12527366599096e-147,"20","HAS2"
"NAV24",2.52577545995184e-150,1.21748003236542,0.992,0.748,5.05155091990368e-147,"20","NAV2"
"PYGL2",1.67481120427201e-145,0.363428778409717,0.319,0.319,3.34962240854402e-142,"20","PYGL"
"LGI11",1.89506428941877e-142,0.468145963942819,0.672,0.204,3.79012857883754e-139,"20","LGI1"
"LPP3",2.09970694979376e-141,1.24958820360906,0.988,0.583,4.19941389958752e-138,"20","LPP"
"CPE2",1.24767879654631e-140,1.5545323282767,0.312,0.294,2.49535759309261e-137,"20","CPE"
"SPARC3",2.37620148040693e-139,0.272677884558852,0.792,0.274,4.75240296081386e-136,"20","SPARC"
"OSBPL62",3.1949041028025e-139,0.842662709172983,0.323,0.24,6.389808205605e-136,"20","OSBPL6"
"NDUFB22",4.43381015020198e-136,0.414757057439309,0.269,0.288,8.86762030040396e-133,"20","NDUFB2"
"RPL73",2.48891561308743e-135,0.570604020486069,0.265,0.275,4.97783122617486e-132,"20","RPL7"
"MT1M2",3.36441091248036e-135,0.52242034768079,0.672,0.169,6.72882182496072e-132,"20","MT1M"
"FCHSD26",3.07313295053477e-128,0.63936541656219,0.992,0.612,6.14626590106954e-125,"20","FCHSD2"
"SPARCL12",9.31461406342265e-125,1.34462671151337,0.314,0.257,1.86292281268453e-121,"20","SPARCL1"
"NEGR16",1.90351382073107e-124,0.772800077968697,0.989,0.673,3.80702764146213e-121,"20","NEGR1"
"ADGRG12",1.49431942083502e-122,1.8917154468153,0.319,0.197,2.98863884167005e-119,"20","ADGRG1"
"MEG32",5.29491443598083e-114,0.719671257187959,0.649,0.115,1.05898288719617e-110,"20","MEG3"
"ALDH1L12",7.3412886943624e-113,0.366309750333765,0.348,0.173,1.46825773887248e-109,"20","ALDH1L1"
"APCDD11",1.30191254210568e-109,1.19409412203983,0.771,0.357,2.60382508421137e-106,"20","APCDD1"
"C1QL12",4.38847616299349e-106,1.4003594020686,0.657,0.26,8.77695232598698e-103,"20","C1QL1"
"SCG22",5.1323307708193e-104,0.73921036660793,0.326,0.137,1.02646615416386e-100,"20","SCG2"
"RNF1652",6.97863747174371e-99,0.815783820389365,0.646,0.237,1.39572749434874e-95,"20","RNF165"
"ETV52",2.36732869113315e-97,1.08897017218971,0.385,0.394,4.7346573822663e-94,"20","ETV5"
"SLC1A22",4.40335724002344e-96,2.39193782434936,0.662,0.252,8.80671448004689e-93,"20","SLC1A2"
"PDE4D6",7.44575131734847e-96,0.473089535810498,0.974,0.631,1.48915026346969e-92,"20","PDE4D"
"FYN2",3.75913786118688e-94,1.38530853080781,0.993,0.733,7.51827572237376e-91,"20","FYN"
"CHN12",4.92578225599155e-93,1.43182712476325,0.697,0.267,9.85156451198311e-90,"20","CHN1"
"VEGFA3",2.13686776174365e-92,1.70784635390761,0.365,0.327,4.27373552348731e-89,"20","VEGFA"
"LDLRAD45",1.66668115324639e-91,0.322820793413068,0.967,0.556,3.33336230649279e-88,"20","LDLRAD4"
"HS3ST11",1.75222766300395e-91,0.542180021533453,0.376,0.143,3.50445532600789e-88,"20","HS3ST1"
"XAF1",6.11992308253674e-90,0.387705192681985,0.63,0.177,1.22398461650735e-86,"20","XAF1"
"MT35",2.13879456208077e-88,1.06139024632488,0.321,0.326,4.27758912416155e-85,"20","MT3"
"SCRG14",4.5988274137698e-88,1.21526602130357,0.353,0.33,9.1976548275396e-85,"20","SCRG1"
"CCDC502",1.59123115327692e-87,2.32763629851841,0.682,0.315,3.18246230655385e-84,"20","CCDC50"
"BASP12",2.71059152059815e-87,1.29556968085109,0.321,0.194,5.42118304119629e-84,"20","BASP1"
"FGFR31",3.25648757544458e-85,0.867597688121207,0.355,0.109,6.51297515088917e-82,"20","FGFR3"
"LINC02552",4.21741439835489e-84,0.305998779662544,0.597,0.113,8.43482879670978e-81,"20","LINC02552"
"ATCAY2",1.02517262243716e-82,1.29348797850099,0.361,0.177,2.05034524487431e-79,"20","ATCAY"
"TUBGCP4",7.94456740369535e-81,0.311603027281571,0.361,0.256,1.58891348073907e-77,"20","TUBGCP4"
"CCND11",1.25960566324562e-80,0.889282718027619,0.614,0.181,2.51921132649123e-77,"20","CCND1"
"LRRK22",1.0871633696217e-78,2.22145677028158,0.37,0.229,2.17432673924339e-75,"20","LRRK2"
"TUBA1B5",2.25253745498538e-77,0.281851966630974,0.345,0.37,4.50507490997076e-74,"20","TUBA1B"
"CXCL12",1.62318250804416e-76,0.266746387918652,0.378,0.102,3.24636501608832e-73,"20","CXCL12"
"CFAP97",5.31438184243292e-76,0.268615120081771,0.69,0.266,1.06287636848658e-72,"20","CFAP97"
"EIF5B",7.68061740271394e-76,0.49394869661036,0.352,0.326,1.53612348054279e-72,"20","EIF5B"
"SERPINE22",6.59291711707823e-75,2.11304522639227,0.35,0.274,1.31858342341565e-71,"20","SERPINE2"
"TSC22D12",9.17207644489724e-74,1.34894560861493,0.841,0.454,1.83441528897945e-70,"20","TSC22D1"
"HLA-B3",7.35842599888266e-73,0.661786719488229,0.379,0.288,1.47168519977653e-69,"20","HLA-B"
"LRRC3B1",1.96519870354311e-72,0.316480842896006,0.602,0.146,3.93039740708621e-69,"20","LRRC3B"
"MEST4",7.46342758071878e-68,0.57551842355951,0.708,0.364,1.49268551614376e-64,"20","MEST"
"SCN2A2",2.44645488934964e-66,1.92542965069523,0.627,0.202,4.89290977869927e-63,"20","SCN2A"
"ORAI2",3.03789979552772e-66,0.405146006038969,0.367,0.235,6.07579959105544e-63,"20","ORAI2"
"VSNL1",6.7957422517345e-66,0.651623562690464,0.252,0.134,1.3591484503469e-62,"20","VSNL1"
"IGSF9B2",2.98193042677525e-65,1.58381412341887,0.392,0.203,5.9638608535505e-62,"20","IGSF9B"
"DCLK11",1.01605145480241e-64,0.369265918033367,0.705,0.306,2.03210290960481e-61,"20","DCLK1"
"LRRC74",1.25713621666066e-64,1.50087898413096,0.996,0.752,2.51427243332133e-61,"20","LRRC7"
"ARHGAP51",2.02527634834462e-61,0.594174835846214,0.991,0.61,4.05055269668923e-58,"20","ARHGAP5"
"NDRG42",2.35549250909052e-60,1.03568210712731,0.606,0.175,4.71098501818104e-57,"20","NDRG4"
"RGS4",3.09117485978953e-60,0.370834164609207,0.565,0.091,6.18234971957905e-57,"20","RGS4"
"EMX2",3.9400662546935e-60,0.342881534783909,0.584,0.111,7.88013250938699e-57,"20","EMX2"
"LINC017482",1.5449786710113e-59,0.294281885763401,0.624,0.231,3.0899573420226e-56,"20","LINC01748"
"XIST7",7.64635968052733e-59,0.766571568069697,0.408,0.498,1.52927193610547e-55,"20","XIST"
"SLC4A4",1.1853777436524e-58,0.346105555914635,0.631,0.256,2.3707554873048e-55,"20","SLC4A4"
"BCAS14",2.25133485537032e-58,0.404809688158572,0.997,0.836,4.50266971074064e-55,"20","BCAS1"
"MEG82",9.93420086715869e-55,1.97007953832215,0.387,0.221,1.98684017343174e-51,"20","MEG8"
"CST32",1.17859015800304e-54,1.64312879815242,0.349,0.276,2.35718031600608e-51,"20","CST3"
"FERMT12",1.45478205876183e-54,2.26729115528613,0.614,0.279,2.90956411752365e-51,"20","FERMT1"
"CLU3",3.48251539304776e-51,0.933072159626486,0.363,0.366,6.96503078609552e-48,"20","CLU"
"TAOK32",1.90889688860145e-49,1.67670908535197,0.974,0.663,3.8177937772029e-46,"20","TAOK3"
"SCN3A2",3.32989662048834e-49,2.15790179499971,0.62,0.296,6.65979324097667e-46,"20","SCN3A"
"RAB3IP3",6.44026287256425e-47,1.51394787083913,0.414,0.441,1.28805257451285e-43,"20","RAB3IP"
"SNAP253",8.40286003037727e-47,1.52928559758299,0.606,0.229,1.68057200607545e-43,"20","SNAP25"
"EPN22",4.86525659976358e-44,1.79658927487698,0.947,0.735,9.73051319952716e-41,"20","EPN2"
"SRGAP2B2",5.91242901053215e-44,0.483406100953578,0.402,0.281,1.18248580210643e-40,"20","SRGAP2B"
"GRIA22",2.11938445771922e-43,1.28234490661445,0.667,0.591,4.23876891543844e-40,"20","GRIA2"
"MT2A1",3.0699532180278e-43,1.21200737396596,0.3,0.21,6.1399064360556e-40,"20","MT2A"
"APOL6",1.60377529750679e-41,0.727592367774641,0.578,0.162,3.20755059501358e-38,"20","APOL6"
"STMN2",3.76102916790834e-39,0.437617265068692,0.299,0.115,7.52205833581668e-36,"20","STMN2"
"PRDM52",8.99182530280957e-39,0.425298000516371,0.618,0.269,1.79836506056191e-35,"20","PRDM5"
"MARCKS2",2.07829099731131e-37,1.85375827429915,0.408,0.318,4.15658199462261e-34,"20","MARCKS"
"PEA153",1.32192449050691e-36,0.3631346828716,0.367,0.308,2.64384898101381e-33,"20","PEA15"
"PTN4",5.90457592850168e-36,1.13443348871,0.841,0.52,1.18091518570034e-32,"20","PTN"
"NTM5",1.43221667392862e-35,0.653512035288045,0.814,0.881,2.86443334785725e-32,"20","NTM"
"GOLM13",5.63916505416663e-34,0.623992832098391,0.47,0.39,1.12783301083333e-30,"20","GOLM1"
"TMSB10",6.35950275616383e-34,0.902024062408973,0.313,0.204,1.27190055123277e-30,"20","TMSB10"
"TSHZ32",8.79065627146844e-34,0.454703979370738,0.581,0.184,1.75813125429369e-30,"20","TSHZ3"
"CADM24",1.10292220063883e-33,1.45731260152481,0.993,0.81,2.20584440127765e-30,"20","CADM2"
"GNAL2",2.72278128461573e-32,0.267562560446584,0.417,0.27,5.44556256923145e-29,"20","GNAL"
"NSG22",1.6619670756786e-30,1.33548408182853,0.415,0.192,3.32393415135719e-27,"20","NSG2"
"TSPAN72",8.09943438195632e-30,1.43923160798381,0.382,0.177,1.61988687639126e-26,"20","TSPAN7"
"GPR1553",2.99970134353762e-27,1.56130524515588,0.425,0.337,5.99940268707524e-24,"20","GPR155"
"PMP24",3.96034809013186e-24,1.29412761087901,0.676,0.385,7.92069618026372e-21,"20","PMP2"
"LRP12",2.71141061686203e-23,2.17621445681257,0.579,0.232,5.42282123372407e-20,"20","LRP1"
"TUBB2A",2.43736095209434e-22,0.649570843683377,0.337,0.177,4.87472190418868e-19,"20","TUBB2A"
"SNX221",1.0436649699878e-21,1.52572012201098,0.398,0.206,2.08732993997559e-18,"20","SNX22"
"SYT7",5.90276179253108e-21,0.256696256567877,0.41,0.128,1.18055235850622e-17,"20","SYT7"
"NEFL1",3.20035853672171e-20,0.564309866549465,0.505,0.126,6.40071707344342e-17,"20","NEFL"
"KANK13",3.71664856222459e-20,1.18668052909467,0.988,0.704,7.43329712444919e-17,"20","KANK1"
"BCAN2",1.07690976048556e-19,1.79215714905748,0.435,0.296,2.15381952097111e-16,"20","BCAN"
"PARP143",2.16600218395362e-19,0.750369518386785,0.555,0.172,4.33200436790725e-16,"20","PARP14"
"AC006058.1",1.18534275007705e-18,0.59650887690287,0.437,0.16,2.3706855001541e-15,"20","AC006058.1"
"INHBA2",3.72438235174985e-18,0.535103502576595,0.557,0.191,7.44876470349971e-15,"20","INHBA"
"HES5",1.13894796462169e-17,0.328909986433295,0.441,0.081,2.27789592924339e-14,"20","HES5"
"GPR37L11",3.36662461666334e-17,1.779300928386,0.401,0.183,6.73324923332667e-14,"20","GPR37L1"
"SORL15",5.3504829690372e-17,0.299815583050695,0.923,0.658,1.07009659380744e-13,"20","SORL1"
"MT-ND33",5.19075002728277e-16,0.700428209951183,0.48,0.557,1.03815000545655e-12,"20","MT-ND3"
"SOX41",7.33721287157133e-16,1.57199080041985,0.44,0.221,1.46744257431427e-12,"20","SOX4"
"C1orf612",5.40441343391202e-15,2.10562696795322,0.403,0.269,1.0808826867824e-11,"20","C1orf61"
"ACAN1",5.26342235552034e-14,0.256048648926186,0.557,0.245,1.05268447110407e-10,"20","ACAN"
"COL5A31",7.4133882998705e-14,0.626269012135598,0.543,0.161,1.4826776599741e-10,"20","COL5A3"
"GAD12",8.94069670560094e-14,1.06674646152207,0.456,0.17,1.78813934112019e-10,"20","GAD1"
"ABHD22",2.632787380614e-12,2.09733302621937,0.563,0.291,5.265574761228e-09,"20","ABHD2"
"SYT11",4.47798876349973e-12,1.23265906191314,0.511,0.193,8.95597752699946e-09,"20","SYT1"
"SLC17A7",6.54119548792867e-12,0.868398141848848,0.387,0.131,1.30823909758573e-08,"20","SLC17A7"
"TNK22",3.60914103845839e-11,2.15066982049587,0.452,0.352,7.21828207691678e-08,"20","TNK2"
"SLC25A37",4.93007861974799e-11,0.415503314298226,0.653,0.341,9.86015723949598e-08,"20","SLC25A37"
"MIAT2",2.1149850668952e-10,1.61972399909758,0.529,0.105,4.2299701337904e-07,"20","MIAT"
"GNPTAB2",2.625145914722e-10,1.58805041258317,0.602,0.353,5.25029182944401e-07,"20","GNPTAB"
"AEBP11",3.24063957332682e-10,0.396833783835243,0.548,0.229,6.48127914665363e-07,"20","AEBP1"
"GADD45A1",7.18223133498614e-09,0.26491963154627,0.563,0.294,1.43644626699723e-05,"20","GADD45A"
"HSPA52",1.50422290592855e-07,0.601100748854385,0.727,0.415,0.00030084458118571,"20","HSPA5"
"BGN1",1.39069927678184e-06,0.875355716941779,0.462,0.157,0.00278139855356368,"20","BGN"
"HLA-C2",8.74155375629055e-06,0.745764701220236,0.501,0.317,0.0174831075125811,"20","HLA-C"
"SNCB",4.43901792610003e-05,0.452602816974554,0.366,0.097,0.0887803585220006,"20","SNCB"
"RAMP12",0.000136490502802173,1.33057713100893,0.569,0.336,0.272981005604346,"20","RAMP1"
"TCEAL2",0.000265127869056845,0.37373354753215,0.419,0.153,0.530255738113691,"20","TCEAL2"
"MT-ATP64",0.000296009102079543,0.997185899302986,0.515,0.564,0.592018204159085,"20","MT-ATP6"
"PDGFRA2",0.000331420940531225,1.80963311502171,0.47,0.146,0.66284188106245,"20","PDGFRA"
"MOXD12",0.00042549065872342,0.311461133583618,0.531,0.242,0.85098131744684,"20","MOXD1"
"MT-ND23",0.000457541173805272,1.14443231658184,0.503,0.507,0.915082347610544,"20","MT-ND2"
"MT-CO33",0.000783762241639196,1.00722758604768,0.574,0.576,1,"20","MT-CO3"
"MT-CO13",0.00146184904036937,1.33037091910165,0.517,0.469,1,"20","MT-CO1"
"HMGCS15",0,2.23112574414497,0.897,0.475,0,"21","HMGCS1"
"MGAT54",0,2.17908223070617,0.937,0.583,0,"21","MGAT5"
"MSMO14",0,2.11302466396794,0.929,0.511,0,"21","MSMO1"
"HSPH14",0,2.10183363092028,0.991,0.688,0,"21","HSPH1"
"INPP5F6",0,2.04047939699112,0.918,0.497,0,"21","INPP5F"
"BACE23",0,1.88443458866887,0.81,0.442,0,"21","BACE2"
"P4HA14",0,1.83921543004623,0.908,0.568,0,"21","P4HA1"
"DNAJB14",0,1.78175503361879,0.98,0.614,0,"21","DNAJB1"
"DTNA7",0,1.74719671303291,0.947,0.596,0,"21","DTNA"
"GLUL3",0,1.68398488660131,0.931,0.514,0,"21","GLUL"
"BAG33",0,1.68210952713704,0.85,0.556,0,"21","BAG3"
"HMGCR5",0,1.63490150754279,0.782,0.451,0,"21","HMGCR"
"NEAT13",0,1.61251058561768,0.999,0.891,0,"21","NEAT1"
"HSP90AA15",0,1.60019219547803,1,0.942,0,"21","HSP90AA1"
"INSIG13",0,1.54229799951832,0.86,0.41,0,"21","INSIG1"
"SAMD4A7",0,1.41662260978923,0.829,0.526,0,"21","SAMD4A"
"NRXN36",0,1.32610689031635,0.991,0.823,0,"21","NRXN3"
"PCSK63",0,1.21062519064144,0.991,0.845,0,"21","PCSK6"
"LDLR4",1.85853625429864e-302,1.40853132345879,0.72,0.42,3.71707250859729e-299,"21","LDLR"
"SLC5A117",5.24448568498869e-290,0.9982261861078,0.968,0.685,1.04889713699774e-286,"21","SLC5A11"
"COL18A14",6.69097213451553e-284,1.20453419772693,0.812,0.571,1.33819442690311e-280,"21","COL18A1"
"NAV25",1.04885844711357e-275,1.21985243071931,0.932,0.749,2.09771689422713e-272,"21","NAV2"
"PCLO5",7.35607542653412e-242,1.31586931097651,0.578,0.274,1.47121508530682e-238,"21","PCLO"
"ACAT22",4.35284367683764e-240,1.21128818228393,0.628,0.369,8.70568735367528e-237,"21","ACAT2"
"PLA2G4C3",8.25732768793624e-240,1.2705917839794,0.746,0.458,1.65146553758725e-236,"21","PLA2G4C"
"HSPA4L4",3.09941136560191e-238,0.994439884156541,0.787,0.59,6.19882273120381e-235,"21","HSPA4L"
"UBB5",9.27372600309743e-236,1.03717786826289,0.877,0.582,1.85474520061949e-232,"21","UBB"
"HSPA1A5",2.92280255666844e-235,0.757146428228752,0.981,0.809,5.84560511333687e-232,"21","HSPA1A"
"BCL65",3.68189393154662e-223,0.794792646052531,0.786,0.52,7.36378786309324e-220,"21","BCL6"
"FOS3",1.14378326897498e-218,0.842992231657456,0.718,0.501,2.28756653794996e-215,"21","FOS"
"KLF63",1.31211135175168e-215,1.03950083653553,0.674,0.445,2.62422270350335e-212,"21","KLF6"
"HIVEP33",1.63746073091633e-215,1.16140936862064,0.703,0.441,3.27492146183267e-212,"21","HIVEP3"
"ASAP14",1.18882213827506e-214,0.972855068046204,0.822,0.58,2.37764427655012e-211,"21","ASAP1"
"FSTL53",5.29828407135678e-213,1.50961872215848,0.63,0.425,1.05965681427136e-209,"21","FSTL5"
"NOP583",1.04076611612183e-211,0.926815186521343,0.739,0.517,2.08153223224367e-208,"21","NOP58"
"DIRAS22",1.14815996082323e-211,0.923086250795663,0.541,0.32,2.29631992164647e-208,"21","DIRAS2"
"HSPB14",1.69821108923071e-205,1.07363935388718,0.766,0.577,3.39642217846143e-202,"21","HSPB1"
"CRYAB7",4.78741355851714e-203,0.826507160773021,0.975,0.805,9.57482711703429e-200,"21","CRYAB"
"HSPA1B4",5.91789739257508e-200,0.93686400396498,0.789,0.597,1.18357947851502e-196,"21","HSPA1B"
"SORL16",1.56047700140754e-199,0.8938458355862,0.841,0.659,3.12095400281508e-196,"21","SORL1"
"FBXO324",1.69374323956919e-185,0.951901788243148,0.773,0.553,3.38748647913839e-182,"21","FBXO32"
"MAPK105",1.1207234180247e-178,0.709290177471964,0.852,0.637,2.24144683604941e-175,"21","MAPK10"
"ARHGEF35",3.60031772863213e-177,1.0388403276211,0.622,0.366,7.20063545726427e-174,"21","ARHGEF3"
"PMP25",1.12037666944763e-174,0.927281740313247,0.642,0.386,2.24075333889525e-171,"21","PMP2"
"ACTN26",7.75182140723019e-169,1.10920937752247,0.739,0.575,1.55036428144604e-165,"21","ACTN2"
"SFMBT25",8.54246093034956e-168,0.765891211788051,0.843,0.68,1.70849218606991e-164,"21","SFMBT2"
"PHACTR15",2.56386856987717e-165,0.807360371918143,0.838,0.666,5.12773713975434e-162,"21","PHACTR1"
"RBFOX15",4.3344648000912e-161,1.01645688246651,0.697,0.477,8.6689296001824e-158,"21","RBFOX1"
"TUBB2B5",1.47997263938966e-158,0.990848631193208,0.509,0.268,2.95994527877932e-155,"21","TUBB2B"
"CNDP14",1.27023785361062e-157,0.784428334437543,0.841,0.613,2.54047570722125e-154,"21","CNDP1"
"PPP1R15A3",1.44464663794139e-146,0.827662245026236,0.568,0.415,2.88929327588279e-143,"21","PPP1R15A"
"TPST15",1.89578944553707e-142,0.710941284454504,0.706,0.507,3.79157889107414e-139,"21","TPST1"
"SORBS16",5.60224532169113e-141,0.472330187408134,0.797,0.636,1.12044906433823e-137,"21","SORBS1"
"LGR44",6.32410565685119e-130,0.940072687779695,0.714,0.602,1.26482113137024e-126,"21","LGR4"
"SESN35",3.30978398390316e-123,1.13706292388621,0.591,0.467,6.61956796780632e-120,"21","SESN3"
"LIMD14",5.91870768145951e-123,0.778012632308053,0.558,0.398,1.1837415362919e-119,"21","LIMD1"
"XYLT13",7.60098566742041e-119,0.36692540119704,0.728,0.545,1.52019713348408e-115,"21","XYLT1"
"SGSM15",3.26678444587634e-118,0.744003000905291,0.493,0.328,6.53356889175267e-115,"21","SGSM1"
"ABTB23",7.01044698793447e-109,0.861443892180528,0.57,0.427,1.40208939758689e-105,"21","ABTB2"
"PLEKHG14",2.27755434940649e-108,0.857990842337466,0.577,0.431,4.55510869881297e-105,"21","PLEKHG1"
"USP531",3.66729867269138e-101,0.916107577186792,0.491,0.387,7.33459734538277e-98,"21","USP53"
"MACROD26",3.52871922635176e-100,0.784103860213679,0.734,0.591,7.05743845270351e-97,"21","MACROD2"
"ATF33",5.9391436815413e-98,0.533245102079684,0.505,0.394,1.18782873630826e-94,"21","ATF3"
"TMEM178A4",1.78940975371423e-94,0.894398008516294,0.562,0.451,3.57881950742846e-91,"21","TMEM178A"
"CAMK2D6",7.75430392373281e-93,0.503135208352578,0.75,0.594,1.55086078474656e-89,"21","CAMK2D"
"MAST45",6.61957521565963e-90,0.816468288372699,0.544,0.393,1.32391504313193e-86,"21","MAST4"
"SLC25A292",4.54615773552444e-87,0.584863560223856,0.678,0.545,9.09231547104889e-84,"21","SLC25A29"
"FGFR15",3.23376061420564e-85,0.507200735503946,0.563,0.461,6.46752122841129e-82,"21","FGFR1"
"ZDHHC205",5.44120692558966e-81,0.52244393370469,0.886,0.827,1.08824138511793e-77,"21","ZDHHC20"
"ME13",2.72329675782175e-80,0.732683659169049,0.426,0.278,5.4465935156435e-77,"21","ME1"
"TUBA1A7",6.53554027401884e-80,0.401061991376006,0.855,0.656,1.30710805480377e-76,"21","TUBA1A"
"JUN5",1.42714094573609e-79,0.532547771256253,0.574,0.488,2.85428189147219e-76,"21","JUN"
"USP6NL2",2.35829351497946e-74,0.641568318986608,0.468,0.364,4.71658702995893e-71,"21","USP6NL"
"SLC35F33",4.41980323520582e-71,0.719214163198889,0.491,0.367,8.83960647041164e-68,"21","SLC35F3"
"ABHD53",5.27026366580172e-71,0.660265817101356,0.543,0.443,1.05405273316034e-67,"21","ABHD5"
"HSPA63",2.54953545588341e-69,0.815919414899275,0.53,0.48,5.09907091176682e-66,"21","HSPA6"
"NRG25",4.07358930114282e-68,0.595031705107617,0.457,0.337,8.14717860228564e-65,"21","NRG2"
"CPXM24",5.84155417225009e-68,0.803588423480925,0.472,0.379,1.16831083445002e-64,"21","CPXM2"
"TTTY145",1.1159061931167e-66,0.751616655895478,0.581,0.476,2.23181238623341e-63,"21","TTTY14"
"DPY19L14",4.64445395436187e-65,0.711306391978947,0.472,0.374,9.28890790872374e-62,"21","DPY19L1"
"FNDC3B5",7.13106874460206e-64,0.523995446969131,0.549,0.456,1.42621374892041e-60,"21","FNDC3B"
"SLC7A11",9.7800537003407e-62,1.07155072528283,0.406,0.327,1.95601074006814e-58,"21","SLC7A11"
"PROS11",2.47057640532326e-58,0.663047524501653,0.426,0.355,4.94115281064651e-55,"21","PROS1"
"DHCR244",2.42588692103281e-55,0.648469533249119,0.505,0.409,4.85177384206561e-52,"21","DHCR24"
"MSRA5",8.6586519216928e-54,0.547900137488438,0.511,0.411,1.73173038433856e-50,"21","MSRA"
"NTM6",1.2086916765351e-53,0.320863775376598,0.973,0.878,2.4173833530702e-50,"21","NTM"
"GRIK46",1.21103827546832e-52,0.478465741587799,0.534,0.418,2.42207655093664e-49,"21","GRIK4"
"LONRF31",5.58544963816345e-51,0.479022989149044,0.391,0.314,1.11708992763269e-47,"21","LONRF3"
"UCHL11",5.17368014062907e-50,0.264992726127654,0.312,0.215,1.03473602812581e-46,"21","UCHL1"
"HIF1A-AS2",6.50028654292529e-50,0.59180494441822,0.436,0.402,1.30005730858506e-46,"21","HIF1A-AS2"
"HSPA53",8.47576461396247e-50,0.359364838148286,0.509,0.419,1.69515292279249e-46,"21","HSPA5"
"LINC023431",1.24921872121782e-49,0.319600290764085,0.302,0.231,2.49843744243564e-46,"21","LINC02343"
"KLRD14",3.83730892584534e-48,0.575011293164873,0.516,0.469,7.67461785169067e-45,"21","KLRD1"
"DPYSL55",1.85674339750634e-46,0.275700573312964,0.794,0.709,3.71348679501269e-43,"21","DPYSL5"
"CERS63",2.02188887446609e-46,0.371594851200106,0.453,0.396,4.04377774893219e-43,"21","CERS6"
"PBX32",8.21499073204566e-44,0.523523681732329,0.541,0.46,1.64299814640913e-40,"21","PBX3"
"CHN13",5.71809242848162e-42,0.353633681290009,0.364,0.274,1.14361848569632e-38,"21","CHN1"
"SLC4A83",7.72611456563884e-42,0.271668628014492,0.545,0.456,1.54522291312777e-38,"21","SLC4A8"
"S100B4",8.23824729190027e-40,0.302039615010826,0.649,0.56,1.64764945838005e-36,"21","S100B"
"PPM1E4",5.70441334224372e-38,0.603008695128229,0.434,0.378,1.14088266844874e-34,"21","PPM1E"
"FUT94",1.35186968854544e-37,0.378532223831024,0.591,0.522,2.70373937709088e-34,"21","FUT9"
"GADD45B4",1.64428350385303e-37,0.375599244267471,0.408,0.356,3.28856700770605e-34,"21","GADD45B"
"PPP1R3C",1.22974094015164e-35,0.279212246330275,0.339,0.304,2.45948188030327e-32,"21","PPP1R3C"
"AFF36",4.64788410189191e-31,0.503905865677884,0.602,0.593,9.29576820378381e-28,"21","AFF3"
"ERC23",1.04114679623377e-30,0.323504789426317,0.464,0.404,2.08229359246754e-27,"21","ERC2"
"SLC7A54",3.14629612531684e-29,0.429688401602222,0.396,0.35,6.29259225063368e-26,"21","SLC7A5"
"CAMKMT1",3.65386748615677e-28,0.349025431206982,0.613,0.563,7.30773497231353e-25,"21","CAMKMT"
"SNAP914",3.9243788290676e-28,0.371403515498494,0.364,0.32,7.84875765813519e-25,"21","SNAP91"
"GADD45G1",1.62043234446752e-27,0.253578009840951,0.319,0.295,3.24086468893504e-24,"21","GADD45G"
"EYA43",1.27849650653953e-26,0.543877554780535,0.486,0.465,2.55699301307907e-23,"21","EYA4"
"MYLK2",5.42292996680831e-26,0.435866610050957,0.455,0.426,1.08458599336166e-22,"21","MYLK"
"TOX35",2.00776543299736e-25,0.525860621459376,0.522,0.508,4.01553086599472e-22,"21","TOX3"
"SYT144",8.29975509164045e-25,0.253110415755961,0.376,0.328,1.65995101832809e-21,"21","SYT14"
"IQCJ-SCHIP15",7.60351117908434e-24,0.284986899215425,0.62,0.572,1.52070223581687e-20,"21","IQCJ-SCHIP1"
"MAGI33",1.2434707501908e-23,0.363748928982125,0.424,0.409,2.4869415003816e-20,"21","MAGI3"
"MTHFD1L4",2.08272092687884e-20,0.510297931695841,0.397,0.389,4.16544185375767e-17,"21","MTHFD1L"
"PARD33",4.82290228059985e-18,0.293760001897206,0.502,0.496,9.64580456119971e-15,"21","PARD3"
"MAML32",1.1321798607684e-17,0.361888024953183,0.507,0.5,2.2643597215368e-14,"21","MAML3"
"ACSBG12",5.96244275488818e-17,0.701540495013476,0.368,0.358,1.19248855097764e-13,"21","ACSBG1"
"TENM44",1.18537499127546e-16,0.412568795495296,0.411,0.409,2.37074998255093e-13,"21","TENM4"
"JDP21",4.8780985726438e-16,0.520523874825674,0.386,0.381,9.75619714528761e-13,"21","JDP2"
"NEDD44",7.20318713496148e-16,0.465109870560824,0.426,0.438,1.4406374269923e-12,"21","NEDD4"
"TNFRSF215",1.45137014507018e-14,0.600142930041486,0.364,0.361,2.90274029014036e-11,"21","TNFRSF21"
"AGBL11",7.70287712086047e-14,0.470363509012791,0.325,0.338,1.54057542417209e-10,"21","AGBL1"
"AK41",1.00756195374047e-11,0.30189270108892,0.309,0.308,2.01512390748094e-08,"21","AK4"
"ARL151",1.74425459997387e-11,0.287809936921922,0.484,0.488,3.48850919994773e-08,"21","ARL15"
"SETBP17",8.35693238144898e-10,0.455663240265256,0.481,0.521,1.6713864762898e-06,"21","SETBP1"
"MCUB1",7.16034122499474e-09,0.291784228098631,0.251,0.279,1.43206824499895e-05,"21","MCUB"
"LINC00499",1.24592422161048e-08,0.3274757463136,0.271,0.295,2.49184844322097e-05,"21","LINC00499"
"LGALS12",2.20219550675242e-08,0.376756702353537,0.288,0.312,4.40439101350484e-05,"21","LGALS1"
"SERPINB9",2.54204236208503e-08,0.321508698897021,0.309,0.347,5.08408472417006e-05,"21","SERPINB9"
"GPC53",2.5878762156465e-08,0.339407560734006,0.479,0.528,5.17575243129301e-05,"21","GPC5"
"NGFR1",2.58899704840436e-08,0.309764255488352,0.274,0.286,5.17799409680872e-05,"21","NGFR"
"GBE12",1.80387505497807e-07,0.308759112863669,0.345,0.365,0.000360775010995615,"21","GBE1"
"ZSCAN311",1.73736718774068e-06,0.318996822219,0.164,0.266,0.00347473437548136,"21","ZSCAN31"
"CDH43",5.78394449762772e-06,0.377123935443914,0.393,0.434,0.0115678889952554,"21","CDH4"
"SPRED24",9.74168901038855e-06,0.260855501180683,0.347,0.379,0.0194833780207771,"21","SPRED2"
"PRTG4",1.91820015091415e-05,0.395487497393798,0.3,0.319,0.0383640030182829,"21","PRTG"
"FIRRE1",2.72021895540368e-05,0.336453644365008,0.292,0.323,0.0544043791080736,"21","FIRRE"
"KCND34",0.00025167424835166,0.470849100830527,0.446,0.507,0.50334849670332,"21","KCND3"
"PRELID23",0.000265014649097085,0.373713143422193,0.33,0.368,0.53002929819417,"21","PRELID2"
"TIAM15",3.11282778878391e-94,0.320335902563283,0.158,0.534,6.22565557756782e-91,"22","TIAM1"
"MGAT55",2.40161015529747e-89,0.39997226992154,0.19,0.595,4.80322031059493e-86,"22","MGAT5"
"DYSF7",2.30113289788996e-79,0.330708963867975,0.16,0.511,4.60226579577993e-76,"22","DYSF"
"GRIK47",8.72563623430941e-70,0.258346441032842,0.121,0.425,1.74512724686188e-66,"22","GRIK4"
"ETV65",3.14519613597423e-68,0.31955991521144,0.109,0.409,6.29039227194845e-65,"22","ETV6"
"PHACTR16",1.56981601807862e-64,0.305308230407002,0.383,0.674,3.13963203615724e-61,"22","PHACTR1"
"SORBS17",2.24615286608346e-62,0.336753973764724,0.378,0.643,4.49230573216693e-59,"22","SORBS1"
"PLA2G4C4",3.12041213827329e-53,0.750096871516742,0.165,0.468,6.24082427654658e-50,"22","PLA2G4C"
"PTPRM2",5.83429587827977e-53,0.330769908812348,0.254,0.524,1.16685917565595e-49,"22","PTPRM"
"INPP5F7",4.94024432106151e-51,0.503810538214104,0.239,0.509,9.88048864212301e-48,"22","INPP5F"
"NAV26",2.97004790231963e-41,0.417215229262227,0.485,0.757,5.94009580463926e-38,"22","NAV2"
"FBXO325",1.25368759129839e-40,0.300606585821801,0.308,0.561,2.50737518259678e-37,"22","FBXO32"
"BCL66",2.51268233058638e-39,0.641470633360486,0.285,0.528,5.02536466117277e-36,"22","BCL6"
"GFAP4",4.91231491003598e-39,0.333145678696489,0.308,0.516,9.82462982007195e-36,"22","GFAP"
"NEDD4L3",1.55062508197405e-38,0.398157122468582,0.221,0.449,3.1012501639481e-35,"22","NEDD4L"
"XIST8",6.28775692370794e-37,0.386250765132474,0.22,0.5,1.25755138474159e-33,"22","XIST"
"HMGCS16",6.31532083221133e-37,0.364016757220059,0.252,0.486,1.26306416644227e-33,"22","HMGCS1"
"HSP90AA16",9.53586580440495e-37,1.00805313902621,0.867,0.944,1.90717316088099e-33,"22","HSP90AA1"
"AL132780.1",3.06223141531841e-36,0.325607285968168,0.116,0.354,6.12446283063681e-33,"22","AL132780.1"
"TMOD31",1.15293036027703e-34,0.73168672964515,0.142,0.368,2.30586072055406e-31,"22","TMOD3"
"P4HA15",1.92289065334116e-34,0.612958558964957,0.358,0.578,3.84578130668232e-31,"22","P4HA1"
"SUFU",3.77486256999243e-33,0.315378908396551,0.216,0.417,7.54972513998486e-30,"22","SUFU"
"SLC5A118",3.04088476936685e-32,0.404391999367572,0.38,0.695,6.08176953873371e-29,"22","SLC5A11"
"ANKRD18A5",5.4466094151013e-30,0.499558138487526,0.351,0.576,1.08932188302026e-26,"22","ANKRD18A"
"PPP1R15A4",8.59284790655058e-30,0.334356376526858,0.233,0.42,1.71856958131012e-26,"22","PPP1R15A"
"NEAT14",2.29079103696321e-28,1.09451515933875,0.735,0.895,4.58158207392641e-25,"22","NEAT1"
"CNDP15",2.29899869741064e-28,0.815874550350754,0.305,0.622,4.59799739482127e-25,"22","CNDP1"
"GLUL4",6.23280013879698e-26,0.526831543544345,0.242,0.526,1.2465600277594e-22,"22","GLUL"
"INSIG14",3.15536428859894e-25,0.617112125981816,0.19,0.422,6.31072857719788e-22,"22","INSIG1"
"NOP584",7.55095353293792e-25,0.619089578063148,0.311,0.524,1.51019070658758e-21,"22","NOP58"
"FOS4",5.22869081850774e-24,0.34420642167268,0.311,0.508,1.04573816370155e-20,"22","FOS"
"BAG34",2.25408168973966e-23,0.533834983495385,0.366,0.564,4.50816337947932e-20,"22","BAG3"
"GADD45A2",1.08226349218784e-21,0.444927838136959,0.081,0.302,2.16452698437568e-18,"22","GADD45A"
"CDKN1A3",1.63142262516835e-21,0.372192356064515,0.109,0.325,3.2628452503367e-18,"22","CDKN1A"
"BACE24",2.09283583430751e-20,0.659298985565836,0.269,0.452,4.18567166861501e-17,"22","BACE2"
"ARHGEF36",8.62777707218025e-19,0.426438076676664,0.168,0.374,1.72555541443605e-15,"22","ARHGEF3"
"LDLR5",1.15073198104205e-18,0.71944227863068,0.246,0.428,2.30146396208409e-15,"22","LDLR"
"HSPB15",6.10314259159041e-17,0.589728351519764,0.406,0.583,1.22062851831808e-13,"22","HSPB1"
"MT-CO34",1.95739357638061e-16,0.300551477699749,0.317,0.58,3.91478715276123e-13,"22","MT-CO3"
"FGFR16",5.78334480010113e-15,0.381775457731088,0.298,0.466,1.15666896002023e-11,"22","FGFR1"
"HIST1H1C1",1.01120693283602e-13,0.36705151062122,0.207,0.378,2.02241386567204e-10,"22","HIST1H1C"
"CCDC1261",2.40534312413581e-12,0.302710260978483,0.203,0.365,4.81068624827162e-09,"22","CCDC126"
"MT-CO14",1.38263515510665e-11,0.465871708991462,0.229,0.473,2.7652703102133e-08,"22","MT-CO1"
"CST33",1.55881787049555e-09,0.262241858735055,0.103,0.28,3.1176357409911e-06,"22","CST3"
"KLF64",4.24248574118585e-09,0.615861631212752,0.303,0.452,8.48497148237169e-06,"22","KLF6"
"DNAJB15",8.20633031669362e-08,0.69674732246953,0.46,0.623,0.000164126606333872,"22","DNAJB1"
"MT-ATP65",5.43222767967969e-07,0.258162123695788,0.404,0.565,0.00108644553593594,"22","MT-ATP6"
"APOE",1.17622609013016e-06,0.470468260604819,0.16,0.311,0.00235245218026033,"22","APOE"
"VIM1",1.48634979414673e-06,0.321820363411795,0.229,0.387,0.00297269958829346,"22","VIM"
"MT-CO24",2.22091551645888e-06,0.445557518584453,0.403,0.621,0.00444183103291777,"22","MT-CO2"
"PPM1E5",4.48964019689357e-06,0.267417621880842,0.23,0.381,0.00897928039378713,"22","PPM1E"
"FUT10",5.02322887247441e-05,0.2751207377565,0.184,0.333,0.100464577449488,"22","FUT10"
"NRG26",0.000165282687686606,0.289033766678837,0.204,0.341,0.330565375373211,"22","NRG2"
"HBB1",0.000619449384319794,1.99337772300551,0.233,0.305,1,"22","HBB"
"IGKC1",0.00292977788489632,0.566921562011421,0.304,0.44,1,"22","IGKC"
"LRMDA1",0,3.3813941653493,0.904,0.347,0,"23","LRMDA"
"ARHGAP242",0,3.25740484454328,0.864,0.411,0,"23","ARHGAP24"
"APBB1IP",0,2.97666315687663,0.796,0.263,0,"23","APBB1IP"
"ST6GAL13",0,2.94909906825075,0.797,0.318,0,"23","ST6GAL1"
"DOCK8",0,2.89193365155686,0.828,0.321,0,"23","DOCK8"
"HS3ST41",0,2.76911106116397,0.789,0.391,0,"23","HS3ST4"
"ARHGAP262",0,2.74196393216978,0.865,0.375,0,"23","ARHGAP26"
"CELF23",0,2.73274240628437,0.888,0.329,0,"23","CELF2"
"ADAM28",0,2.70132586025856,0.761,0.226,0,"23","ADAM28"
"SAMSN1",0,2.45657455565815,0.712,0.301,0,"23","SAMSN1"
"FRMD4A2",0,2.45394169720927,0.901,0.478,0,"23","FRMD4A"
"PDE3B3",0,2.42624478509497,0.766,0.297,0,"23","PDE3B"
"CHST113",0,2.38958708946769,0.886,0.366,0,"23","CHST11"
"RUNX1",0,2.38064730640767,0.795,0.369,0,"23","RUNX1"
"AKAP133",0,2.34348313642496,0.808,0.367,0,"23","AKAP13"
"TBXAS1",0,2.29625229036337,0.728,0.312,0,"23","TBXAS1"
"PTPRC",0,2.29458164279128,0.762,0.32,0,"23","PTPRC"
"ABR3",0,2.24135442003765,0.807,0.395,0,"23","ABR"
"PLXDC27",0,2.17141582175187,0.95,0.67,0,"23","PLXDC2"
"ATP8B4",0,2.13719998963051,0.707,0.278,0,"23","ATP8B4"
"CD83",0,2.13604528230329,0.639,0.127,0,"23","CD83"
"DENND3",0,2.099672639123,0.71,0.197,0,"23","DENND3"
"AC074327.1",0,2.06831962650895,0.71,0.282,0,"23","AC074327.1"
"FAM149A",0,1.98895339218622,0.701,0.239,0,"23","FAM149A"
"INPP5D",0,1.93920159292569,0.697,0.279,0,"23","INPP5D"
"SRGAP2B3",0,1.91612741229054,0.727,0.277,0,"23","SRGAP2B"
"SLC11A1",0,1.89899142293332,0.707,0.237,0,"23","SLC11A1"
"PRKAG23",0,1.89092417023643,0.744,0.299,0,"23","PRKAG2"
"SYK",0,1.86814986558941,0.669,0.161,0,"23","SYK"
"LRCH14",0,1.68246555992126,0.73,0.259,0,"23","LRCH1"
"FLI1",0,1.66168411099461,0.681,0.259,0,"23","FLI1"
"TLR2",0,1.65798318971756,0.695,0.231,0,"23","TLR2"
"CHST153",0,1.56142813170764,0.661,0.153,0,"23","CHST15"
"RNF144B",0,1.54877905742374,0.647,0.216,0,"23","RNF144B"
"MS4A6A",0,1.54180741548029,0.612,0.191,0,"23","MS4A6A"
"RIN32",0,1.52523884413258,0.704,0.251,0,"23","RIN3"
"KLHL6",0,1.33462767202049,0.612,0.196,0,"23","KLHL6"
"CYTIP",0,0.912708729511912,0.626,0.227,0,"23","CYTIP"
"MMRN1",0,0.308690542473511,0.458,0.038,0,"23","MMRN1"
"KCNMA13",1.6793057476324e-306,1.63848158683665,0.803,0.358,3.35861149526479e-303,"23","KCNMA1"
"LYN",1.30540311589864e-304,1.86685247863279,0.666,0.237,2.61080623179728e-301,"23","LYN"
"CYTH4",6.21994624880305e-303,0.696538519376761,0.492,0.067,1.24398924976061e-299,"23","CYTH4"
"SMAP23",7.18371191826164e-303,2.08116335568868,0.757,0.308,1.43674238365233e-299,"23","SMAP2"
"SFMBT26",1.27498421054363e-301,1.95485167911075,0.944,0.68,2.54996842108726e-298,"23","SFMBT2"
"SRGN",2.25651686650026e-300,2.08121024646807,0.687,0.301,4.51303373300052e-297,"23","SRGN"
"CYFIP11",8.69565074885818e-299,2.0551640580887,0.728,0.31,1.73913014977164e-295,"23","CYFIP1"
"BNC2",3.7738316373256e-297,2.11825176423772,0.681,0.273,7.54766327465119e-294,"23","BNC2"
"WDFY4",3.79352063982529e-297,1.23493111352065,0.586,0.157,7.58704127965058e-294,"23","WDFY4"
"ZFHX32",1.32553436664963e-294,1.90610419121751,0.806,0.412,2.65106873329926e-291,"23","ZFHX3"
"RAPGEF11",2.04670728789649e-294,2.22505222500904,0.81,0.453,4.09341457579297e-291,"23","RAPGEF1"
"TNFRSF1B",1.30453958376764e-289,1.60059752113574,0.615,0.217,2.60907916753527e-286,"23","TNFRSF1B"
"ETV66",3.126782374982e-289,1.91405197974176,0.802,0.399,6.253564749964e-286,"23","ETV6"
"LDLRAD46",3.54048638106693e-284,2.08858910545645,0.894,0.558,7.08097276213386e-281,"23","LDLRAD4"
"IRAK3",1.92867606396496e-283,1.40519112808059,0.631,0.23,3.85735212792992e-280,"23","IRAK3"
"LRRK1",1.58363758755256e-280,1.30011742859291,0.634,0.233,3.16727517510512e-277,"23","LRRK1"
"NCK2",7.18009818052418e-277,1.63710236332983,0.732,0.377,1.43601963610484e-273,"23","NCK2"
"RREB1",1.30624508966107e-274,1.38630262727873,0.645,0.25,2.61249017932213e-271,"23","RREB1"
"FYB1",7.1189425831037e-271,2.0471263954571,0.681,0.33,1.42378851662074e-267,"23","FYB1"
"PIK3R5",9.51578745945352e-269,1.20256862807928,0.601,0.254,1.9031574918907e-265,"23","PIK3R5"
"MAML23",9.17814519627701e-265,1.35747050774624,0.856,0.419,1.8356290392554e-261,"23","MAML2"
"SLC8A13",5.04307590132078e-264,1.75641655110741,0.742,0.323,1.00861518026416e-260,"23","SLC8A1"
"ETS2",3.99316493678569e-261,1.15926002430837,0.587,0.16,7.98632987357137e-258,"23","ETS2"
"NEDD4L4",1.64129580029181e-259,1.19828381541024,0.778,0.441,3.28259160058363e-256,"23","NEDD4L"
"CPED1",3.12419477963212e-259,1.38902174194925,0.593,0.202,6.24838955926425e-256,"23","CPED1"
"SLC25A371",1.20148016794455e-258,1.93197288711061,0.76,0.341,2.4029603358891e-255,"23","SLC25A37"
"FOXN33",1.06776379897398e-256,1.8276357531982,0.853,0.5,2.13552759794796e-253,"23","FOXN3"
"FAM13A3",3.24399966870366e-253,1.97272621801093,0.768,0.44,6.48799933740732e-250,"23","FAM13A"
"HCLS1",2.63093542658467e-248,1.33078115605059,0.575,0.171,5.26187085316933e-245,"23","HCLS1"
"HMOX1",1.13725787953967e-247,1.46805053157233,0.596,0.199,2.27451575907934e-244,"23","HMOX1"
"ITGAX",6.3158740663137e-245,1.38460713964358,0.591,0.227,1.26317481326274e-241,"23","ITGAX"
"AC120193.1",1.16744699591966e-241,0.977919096915276,0.625,0.286,2.33489399183932e-238,"23","AC120193.1"
"LINC02232",3.32481559596791e-241,0.974893554139549,0.539,0.202,6.64963119193582e-238,"23","LINC02232"
"RASSF3",2.40502545846668e-240,1.12157798821506,0.617,0.254,4.81005091693336e-237,"23","RASSF3"
"IKZF1",1.21352758331576e-239,1.63183350847996,0.579,0.171,2.42705516663153e-236,"23","IKZF1"
"CPVL",4.59048216618745e-238,1.37281018771429,0.656,0.328,9.1809643323749e-235,"23","CPVL"
"GPRIN32",1.72857672824539e-237,1.39838533072124,0.62,0.269,3.45715345649077e-234,"23","GPRIN3"
"FGD45",2.7720526615959e-237,1.81813646530814,0.817,0.478,5.5441053231918e-234,"23","FGD4"
"NFATC2",1.22694764794564e-236,1.44062440611307,0.64,0.299,2.45389529589127e-233,"23","NFATC2"
"SAT12",8.55044615524318e-236,2.31135899707637,0.682,0.241,1.71008923104864e-232,"23","SAT1"
"DIAPH23",6.56695856739757e-235,1.54994203648352,0.692,0.309,1.31339171347951e-231,"23","DIAPH2"
"KYNU",4.5617968465643e-232,0.992632931381493,0.543,0.131,9.12359369312861e-229,"23","KYNU"
"B3GNT5",9.23882383323792e-229,1.76895901324948,0.677,0.358,1.84776476664758e-225,"23","B3GNT5"
"RPS6KA34",4.24477105059693e-228,1.23263770854362,0.766,0.409,8.48954210119385e-225,"23","RPS6KA3"
"DOCK21",3.18605537404706e-226,1.51720263565818,0.685,0.344,6.37211074809412e-223,"23","DOCK2"
"CAMK1D3",8.34000870660229e-222,1.47244286296134,0.633,0.271,1.66800174132046e-218,"23","CAMK1D"
"FAM49A3",9.03765661700856e-220,1.2703331030889,0.674,0.317,1.80753132340171e-216,"23","FAM49A"
"RUBCNL",1.28560046449061e-219,0.950082389413361,0.588,0.238,2.57120092898123e-216,"23","RUBCNL"
"WIPF3",1.38256397079856e-219,0.634215613580841,0.526,0.171,2.76512794159713e-216,"23","WIPF3"
"USP6NL3",2.93187075414195e-218,1.1992927549837,0.7,0.361,5.86374150828389e-215,"23","USP6NL"
"SORL17",1.8866352972836e-217,1.99508717651227,0.882,0.659,3.77327059456721e-214,"23","SORL1"
"ITPR23",1.99949191952031e-217,1.85108726484075,0.785,0.505,3.99898383904063e-214,"23","ITPR2"
"ARHGAP15",3.94081878621427e-217,2.13158694004765,0.671,0.326,7.88163757242855e-214,"23","ARHGAP15"
"SLC7A55",2.50252824125784e-216,1.16947924141168,0.659,0.346,5.00505648251567e-213,"23","SLC7A5"
"SYTL3",2.97504236234967e-216,1.37678343642378,0.625,0.313,5.95008472469934e-213,"23","SYTL3"
"SH3RF33",3.55561887643771e-216,1.65500923207963,0.676,0.327,7.11123775287541e-213,"23","SH3RF3"
"ABCC4",2.43641164615008e-215,1.56109269337912,0.626,0.29,4.87282329230016e-212,"23","ABCC4"
"MERTK",4.64036909913877e-215,1.43116158301002,0.617,0.281,9.28073819827754e-212,"23","MERTK"
"ALDH1A2",1.5425832699207e-214,1.01210937948323,0.613,0.27,3.08516653984141e-211,"23","ALDH1A2"
"LRRFIP13",1.57818874882858e-213,1.21336271869865,0.68,0.294,3.15637749765715e-210,"23","LRRFIP1"
"CIITA",1.61017870367318e-213,0.964227855864649,0.563,0.232,3.22035740734635e-210,"23","CIITA"
"PLEKHA23",6.43155273892671e-210,1.10235700185624,0.648,0.294,1.28631054778534e-206,"23","PLEKHA2"
"SLC16A103",3.30097771384715e-208,0.747975770454708,0.522,0.189,6.60195542769431e-205,"23","SLC16A10"
"LINC00278",1.9862153829372e-207,0.923368000155347,0.526,0.156,3.9724307658744e-204,"23","LINC00278"
"KCNQ33",5.0457718139646e-204,2.11047270397597,0.689,0.353,1.00915436279292e-200,"23","KCNQ3"
"P4HA16",1.07346904574091e-203,2.02553635981861,0.845,0.571,2.14693809148183e-200,"23","P4HA1"
"PALD1",1.14287781723132e-203,1.47320613324851,0.571,0.2,2.28575563446263e-200,"23","PALD1"
"OSBPL33",3.95069002205965e-202,1.13480461116166,0.613,0.237,7.9013800441193e-199,"23","OSBPL3"
"NEAT15",7.70687826099898e-202,1.19746434958587,0.979,0.891,1.5413756521998e-198,"23","NEAT1"
"PARVG",9.19741789825142e-201,0.745839676530294,0.526,0.164,1.83948357965029e-197,"23","PARVG"
"RASAL24",3.2042794642611e-200,1.33406113660774,0.745,0.398,6.4085589285222e-197,"23","RASAL2"
"AL034397.3",3.80715508588851e-199,0.488252889324888,0.452,0.137,7.61431017177702e-196,"23","AL034397.3"
"TRPM2",4.03266112535082e-198,0.865987027289017,0.503,0.149,8.06532225070164e-195,"23","TRPM2"
"RAB313",1.23109031642957e-197,1.02032015209241,0.707,0.353,2.46218063285914e-194,"23","RAB31"
"PLA2G4A",1.73679795085546e-195,0.811713285770273,0.53,0.198,3.47359590171091e-192,"23","PLA2G4A"
"PRKCH",3.60101657640061e-195,1.15443868989352,0.59,0.277,7.20203315280123e-192,"23","PRKCH"
"OXR13",3.84920128756465e-193,1.58887079336487,0.684,0.297,7.6984025751293e-190,"23","OXR1"
"CD53",5.74036018178332e-193,1.26828168808393,0.532,0.144,1.14807203635666e-189,"23","CD53"
"IQGAP2",1.24925431084634e-191,0.740231382818999,0.529,0.236,2.49850862169268e-188,"23","IQGAP2"
"RCSD1",2.65184207585744e-191,1.2066970515497,0.567,0.266,5.30368415171488e-188,"23","RCSD1"
"MAML33",3.78069360970758e-191,1.54066827738206,0.782,0.497,7.56138721941517e-188,"23","MAML3"
"HIF1A-AS21",5.43452820937286e-190,1.36163921898789,0.664,0.399,1.08690564187457e-186,"23","HIF1A-AS2"
"PARP83",3.2923488400499e-189,1.22264750962197,0.621,0.276,6.5846976800998e-186,"23","PARP8"
"RUNX22",1.07171070076382e-188,1.17247744856841,0.685,0.361,2.14342140152764e-185,"23","RUNX2"
"MAN1A1",1.47477291716727e-187,1.09058307880774,0.597,0.298,2.94954583433454e-184,"23","MAN1A1"
"GK",3.55681084307375e-187,1.14512400267141,0.636,0.312,7.1136216861475e-184,"23","GK"
"LY86",2.15649220146131e-186,1.33746388085728,0.53,0.19,4.31298440292263e-183,"23","LY86"
"CD86",1.77167277169395e-185,1.17711721473531,0.533,0.219,3.54334554338791e-182,"23","CD86"
"OGFRL11",7.18569981063882e-185,1.45084768176872,0.684,0.393,1.43713996212776e-181,"23","OGFRL1"
"PLSCR11",2.64204470866313e-184,0.985926730540595,0.533,0.163,5.28408941732627e-181,"23","PLSCR1"
"FNBP1L3",3.03945185911218e-184,0.871404640356062,0.598,0.295,6.07890371822436e-181,"23","FNBP1L"
"NHSL12",3.09606976309323e-184,1.66479582240975,0.616,0.337,6.19213952618646e-181,"23","NHSL1"
"LAT2",4.46544589539917e-184,1.21996556007218,0.605,0.277,8.93089179079834e-181,"23","LAT2"
"FAM129A",1.32595652194426e-183,0.772314026354163,0.503,0.176,2.65191304388853e-180,"23","FAM129A"
"PRDM1",7.86607675730038e-182,0.632561909100885,0.49,0.181,1.57321535146008e-178,"23","PRDM1"
"TG",1.47517967899516e-180,0.260485097592154,0.464,0.159,2.95035935799031e-177,"23","TG"
"PSMA12",2.48748424154266e-179,1.24303256154821,0.571,0.222,4.97496848308531e-176,"23","PSMA1"
"CDKN1A4",1.18913871010242e-178,0.613168473486822,0.605,0.318,2.37827742020485e-175,"23","CDKN1A"
"LHFPL22",2.29920173765267e-178,1.63956394407206,0.67,0.377,4.59840347530534e-175,"23","LHFPL2"
"CSGALNACT13",3.17432977441152e-178,1.44596102681839,0.638,0.262,6.34865954882305e-175,"23","CSGALNACT1"
"PACS13",3.03082532731632e-175,1.16949254151629,0.687,0.349,6.06165065463263e-172,"23","PACS1"
"TYMP",1.58855049529756e-174,0.816091235408008,0.479,0.132,3.17710099059513e-171,"23","TYMP"
"PIK3AP1",2.18019269651838e-171,0.93762388317732,0.551,0.229,4.36038539303677e-168,"23","PIK3AP1"
"RBM47",6.45632408859139e-171,1.59746998366306,0.62,0.314,1.29126481771828e-167,"23","RBM47"
"HK22",2.12285996189805e-170,1.27180030015001,0.636,0.382,4.24571992379611e-167,"23","HK2"
"MAP3K53",8.15481104336729e-170,1.29720101823945,0.629,0.315,1.63096220867346e-166,"23","MAP3K5"
"SLC2A5",5.52802964603096e-169,1.50312770449284,0.573,0.248,1.10560592920619e-165,"23","SLC2A5"
"FAM110B3",1.15532982631614e-168,0.825125437081387,0.606,0.28,2.31065965263228e-165,"23","FAM110B"
"S100Z",5.37713620115444e-168,0.648032081968501,0.504,0.23,1.07542724023089e-164,"23","S100Z"
"SDK13",4.09667480090318e-166,1.54597713213886,0.7,0.459,8.19334960180637e-163,"23","SDK1"
"SKAP21",6.38463874472824e-166,1.23280540109355,0.628,0.314,1.27692774894565e-162,"23","SKAP2"
"ROR2",5.26982128618232e-165,0.719765375276557,0.547,0.279,1.05396425723646e-161,"23","ROR2"
"SP100",3.1573054726213e-164,1.17640871026299,0.578,0.241,6.3146109452426e-161,"23","SP100"
"TAGAP",1.05292427425818e-163,0.338295041737871,0.491,0.195,2.10584854851637e-160,"23","TAGAP"
"TMEM51",3.83160942462831e-163,0.852273754276566,0.53,0.214,7.66321884925662e-160,"23","TMEM51"
"SMAD33",7.25931857601095e-163,0.601837587410747,0.555,0.239,1.45186371520219e-159,"23","SMAD3"
"TGFBR12",1.76556107675652e-159,1.56889159689266,0.598,0.254,3.53112215351303e-156,"23","TGFBR1"
"B4GALT1",2.72789657631864e-159,1.07072651402639,0.568,0.284,5.45579315263727e-156,"23","B4GALT1"
"TRIO3",4.15619583847102e-159,0.686271041619341,0.834,0.519,8.31239167694204e-156,"23","TRIO"
"PLEK",6.71688849762509e-159,0.600173398877784,0.474,0.148,1.34337769952502e-155,"23","PLEK"
"TBC1D92",7.86855335307073e-158,0.700886715841708,0.528,0.238,1.57371067061415e-154,"23","TBC1D9"
"UTRN3",1.46232475531386e-157,1.15666441705435,0.602,0.346,2.92464951062771e-154,"23","UTRN"
"RGS1",1.36536045795851e-156,1.64230259010409,0.584,0.295,2.73072091591702e-153,"23","RGS1"
"MYOF",2.20634869025452e-156,0.863956485882228,0.566,0.294,4.41269738050904e-153,"23","MYOF"
"SLC1A31",1.84295850173967e-154,1.72160727461613,0.799,0.56,3.68591700347933e-151,"23","SLC1A3"
"MAFB",3.16805809329578e-153,0.892572365256333,0.488,0.187,6.33611618659156e-150,"23","MAFB"
"TNFAIP8",1.56370338710972e-150,0.808523751762427,0.532,0.27,3.12740677421945e-147,"23","TNFAIP8"
"TGFBR2",1.63217232547614e-149,1.39162572142399,0.609,0.317,3.26434465095229e-146,"23","TGFBR2"
"AC044781.1",8.27676221564304e-149,0.271503409885859,0.445,0.17,1.65535244312861e-145,"23","AC044781.1"
"LRMP",1.73421500894895e-148,0.895155448403618,0.492,0.18,3.4684300178979e-145,"23","LRMP"
"ALPK1",3.44563993171426e-148,0.994728421653997,0.532,0.258,6.89127986342853e-145,"23","ALPK1"
"HCK",4.69663569584633e-148,0.970895008362907,0.495,0.214,9.39327139169266e-145,"23","HCK"
"IPCEF1",2.82543980304147e-146,1.20256257041893,0.573,0.256,5.65087960608295e-143,"23","IPCEF1"
"BCAT13",3.11593177898484e-143,0.982323122286471,0.564,0.243,6.23186355796967e-140,"23","BCAT1"
"PTPRM3",4.66386393260514e-141,0.817981306551562,0.778,0.516,9.32772786521028e-138,"23","PTPRM"
"MEF2C3",5.42395425617179e-140,2.16626850846452,0.608,0.196,1.08479085123436e-136,"23","MEF2C"
"SPP18",8.85831054297707e-139,1.49484823437323,0.863,0.695,1.77166210859541e-135,"23","SPP1"
"RALGPS23",1.19735275795584e-138,0.58881153311798,0.545,0.266,2.39470551591168e-135,"23","RALGPS2"
"F13A1",3.09606210386432e-137,0.383026312358979,0.488,0.223,6.19212420772865e-134,"23","F13A1"
"NRP1",1.31105780857219e-136,0.717527429434409,0.479,0.175,2.62211561714438e-133,"23","NRP1"
"SYT173",1.91309660215758e-135,0.726327224392679,0.55,0.267,3.82619320431515e-132,"23","SYT17"
"ALOX5",4.08054982414277e-134,1.34860801597646,0.564,0.298,8.16109964828555e-131,"23","ALOX5"
"SERPINE1",8.90358799398604e-134,1.31183903967256,0.523,0.271,1.78071759879721e-130,"23","SERPINE1"
"SDC2",4.57202147685024e-133,0.281112438872518,0.513,0.289,9.14404295370049e-130,"23","SDC2"
"BASP13",3.35613281690551e-132,0.740012374713975,0.509,0.192,6.71226563381103e-129,"23","BASP1"
"LCP2",3.97915325686721e-132,0.674275860772425,0.436,0.108,7.95830651373441e-129,"23","LCP2"
"DLEU7-AS1",3.71990782511759e-131,0.78186909987661,0.484,0.183,7.43981565023517e-128,"23","DLEU7-AS1"
"GBE13",3.21502090831197e-130,1.0754495198732,0.644,0.36,6.43004181662394e-127,"23","GBE1"
"ZNF804A3",1.5570086488216e-129,0.594593298118027,0.542,0.252,3.1140172976432e-126,"23","ZNF804A"
"KIAA1211L",2.64083708009074e-129,0.284410717909079,0.418,0.15,5.28167416018147e-126,"23","KIAA1211L"
"CD74",3.75863000426208e-129,2.19067707025692,0.587,0.278,7.51726000852417e-126,"23","CD74"
"GNB4",7.20066911453233e-129,1.26983933982558,0.563,0.271,1.44013382290647e-125,"23","GNB4"
"RYR1",3.58791545378684e-128,1.03079296989483,0.562,0.304,7.17583090757369e-125,"23","RYR1"
"MSR1",4.78280074708958e-128,1.30702419921334,0.547,0.274,9.56560149417916e-125,"23","MSR1"
"USP532",6.07959679931111e-128,1.2302777211702,0.605,0.386,1.21591935986222e-124,"23","USP53"
"CMTM7",9.58868663664597e-126,0.69819928334377,0.501,0.233,1.91773732732919e-122,"23","CMTM7"
"ST8SIA4",6.75533778095408e-125,0.975888657989496,0.472,0.202,1.35106755619082e-121,"23","ST8SIA4"
"ARHGAP63",1.77420862003146e-122,1.15004754670099,0.609,0.362,3.54841724006293e-119,"23","ARHGAP6"
"LINC01091",1.77695130055394e-122,0.459100557189811,0.487,0.26,3.55390260110788e-119,"23","LINC01091"
"PHACTR21",7.5448096731763e-121,0.721845245386647,0.552,0.316,1.50896193463526e-117,"23","PHACTR2"
"ARHGAP181",2.64434928049291e-120,0.780050094145439,0.534,0.295,5.28869856098582e-117,"23","ARHGAP18"
"IGSF213",2.72366097652845e-120,0.6753105872008,0.506,0.2,5.4473219530569e-117,"23","IGSF21"
"E2F32",1.2660363471809e-119,0.512860930252816,0.446,0.163,2.53207269436181e-116,"23","E2F3"
"HSPA64",1.41778459139783e-119,0.732701275299117,0.668,0.478,2.83556918279565e-116,"23","HSPA6"
"FNDC3B6",1.74602344961802e-119,0.950568368870203,0.691,0.454,3.49204689923603e-116,"23","FNDC3B"
"BST2",7.52311938905311e-116,0.51533399462117,0.485,0.224,1.50462387781062e-112,"23","BST2"
"HSPB16",2.7657995730796e-115,0.771253843272503,0.779,0.578,5.5315991461592e-112,"23","HSPB1"
"BAG35",5.32921892120129e-115,0.547507209097047,0.739,0.559,1.06584378424026e-111,"23","BAG3"
"VEGFA4",1.70549337205331e-114,0.691912411054154,0.573,0.324,3.41098674410661e-111,"23","VEGFA"
"MRC1",1.05307238140392e-113,0.38468182464152,0.451,0.18,2.10614476280784e-110,"23","MRC1"
"FTL5",1.51208002833778e-113,1.43193517198799,0.806,0.612,3.02416005667556e-110,"23","FTL"
"AOAH1",1.77343643189189e-112,1.34365090688297,0.592,0.299,3.54687286378378e-109,"23","AOAH"
"TNS33",3.21189729593678e-112,0.85554117492269,0.599,0.341,6.42379459187355e-109,"23","TNS3"
"MAMLD13",4.62826674669773e-112,0.321866686325702,0.53,0.271,9.25653349339545e-109,"23","MAMLD1"
"CXCR4",3.49671282876433e-111,0.776151038809187,0.473,0.198,6.99342565752866e-108,"23","CXCR4"
"DISC13",2.20954556154913e-110,1.12098821836764,0.675,0.379,4.41909112309826e-107,"23","DISC1"
"ADAMTS173",2.96112207882767e-110,0.717606105723861,0.565,0.317,5.92224415765535e-107,"23","ADAMTS17"
"FMN1",3.08331964722067e-109,1.53694135819362,0.514,0.207,6.16663929444134e-106,"23","FMN1"
"CSF3R",5.59652251580086e-109,1.08986971158568,0.492,0.182,1.11930450316017e-105,"23","CSF3R"
"FOXP2",1.52003346288003e-107,1.0259880461211,0.572,0.363,3.04006692576006e-104,"23","FOXP2"
"KLF65",7.38908733092195e-107,0.736708242661922,0.665,0.446,1.47781746618439e-103,"23","KLF6"
"KCNIP13",2.69026906230831e-106,0.503648858748624,0.52,0.244,5.38053812461661e-103,"23","KCNIP1"
"PLCL23",5.74439306135117e-106,0.845521395356029,0.523,0.259,1.14887861227024e-102,"23","PLCL2"
"FGFR17",7.15905902802142e-105,0.37006907511931,0.668,0.46,1.43181180560428e-101,"23","FGFR1"
"PTPRG3",1.08494733019526e-103,0.513464599679463,0.603,0.36,2.16989466039051e-100,"23","PTPRG"
"LRP13",1.26131657212835e-103,0.687862136025583,0.524,0.234,2.5226331442567e-100,"23","LRP1"
"PPARG",3.39357891625454e-103,0.818898382900608,0.479,0.195,6.78715783250907e-100,"23","PPARG"
"LINC01141",3.61361768299998e-103,0.616235085691114,0.445,0.215,7.22723536599996e-100,"23","LINC01141"
"DIRC33",5.79611478843429e-103,0.437158656086752,0.508,0.287,1.15922295768686e-99,"23","DIRC3"
"SLC2A133",1.82395109046257e-102,0.55662531393336,0.627,0.406,3.64790218092514e-99,"23","SLC2A13"
"MIS18BP1",8.78350127739227e-102,1.23716350605574,0.547,0.269,1.75670025547845e-98,"23","MIS18BP1"
"PPP1R15A5",9.51667286963536e-101,0.526757936990928,0.616,0.415,1.90333457392707e-97,"23","PPP1R15A"
"LRRK23",2.53420989262629e-100,0.607116310308909,0.494,0.228,5.06841978525257e-97,"23","LRRK2"
"NCF1",4.13362393940627e-100,0.389612953581116,0.466,0.223,8.26724787881254e-97,"23","NCF1"
"KHDRBS33",3.43682060717356e-99,0.687948300316993,0.683,0.405,6.87364121434712e-96,"23","KHDRBS3"
"TBC1D42",4.63071904992045e-99,0.914158507778267,0.549,0.353,9.26143809984091e-96,"23","TBC1D4"
"FLT1",9.02648366292122e-99,0.608749383544354,0.493,0.308,1.80529673258424e-95,"23","FLT1"
"PCSK53",7.92316337809026e-98,0.564823106206469,0.618,0.423,1.58463267561805e-94,"23","PCSK5"
"ENTPD1",1.60565977668234e-96,1.37952660588282,0.537,0.305,3.21131955336468e-93,"23","ENTPD1"
"GRAMD1B3",2.53830127843643e-96,0.562748703380265,0.517,0.268,5.07660255687285e-93,"23","GRAMD1B"
"HLA-B4",1.27890190508645e-95,1.18582279480518,0.547,0.286,2.5578038101729e-92,"23","HLA-B"
"LILRB1",1.21076979186117e-94,0.607046504116456,0.409,0.151,2.42153958372235e-91,"23","LILRB1"
"GLIS32",6.534929774229e-94,0.552792713756551,0.576,0.394,1.3069859548458e-90,"23","GLIS3"
"OLR1",2.65014541314355e-93,1.21463845742412,0.435,0.101,5.3002908262871e-90,"23","OLR1"
"NOP585",3.26381695349214e-92,0.48728358256049,0.73,0.518,6.52763390698427e-89,"23","NOP58"
"IFNLR1",3.98677143734053e-92,0.378016617658783,0.427,0.194,7.97354287468106e-89,"23","IFNLR1"
"SLC2A34",2.43247380354451e-90,1.11300848788818,0.558,0.352,4.86494760708902e-87,"23","SLC2A3"
"CACNA1A3",5.41325545043169e-90,0.257213767322685,0.634,0.419,1.08265109008634e-86,"23","CACNA1A"
"ITPR12",7.98932977608021e-90,0.860821465239502,0.561,0.344,1.59786595521604e-86,"23","ITPR1"
"EPSTI1",1.11725422880109e-88,0.680764669412772,0.429,0.14,2.23450845760219e-85,"23","EPSTI1"
"HSPH15",2.80383804254304e-87,0.643758267418634,0.854,0.691,5.60767608508608e-84,"23","HSPH1"
"LIMD15",9.44491632433006e-87,0.384018118971574,0.609,0.398,1.88898326486601e-83,"23","LIMD1"
"ARHGAP25",1.55048968842731e-84,0.940296640465694,0.454,0.196,3.10097937685462e-81,"23","ARHGAP25"
"TENT5A3",1.94436018206417e-83,0.373091867390293,0.5,0.279,3.88872036412833e-80,"23","TENT5A"
"RAMP13",4.44460077251321e-82,0.330251041403172,0.55,0.337,8.88920154502642e-79,"23","RAMP1"
"SH3TC1",2.28457740404663e-81,0.803705879112984,0.432,0.101,4.56915480809325e-78,"23","SH3TC1"
"IRF8",1.04607914980583e-80,0.704447091129789,0.38,0.094,2.09215829961167e-77,"23","IRF8"
"JUNB3",1.22018169423045e-80,0.628370258202809,0.505,0.302,2.4403633884609e-77,"23","JUNB"
"BLNK",6.49621641790934e-80,1.11603115667131,0.453,0.213,1.29924328358187e-76,"23","BLNK"
"IL18",3.21491044905185e-79,0.870998948634913,0.491,0.287,6.42982089810371e-76,"23","IL18"
"ARL152",7.83977528930981e-79,0.802037028769373,0.68,0.485,1.56795505786196e-75,"23","ARL15"
"MARCH33",1.28056266032131e-78,0.683143060963488,0.549,0.366,2.56112532064262e-75,"23","MARCH3"
"MS4A4A",2.95916948358052e-77,0.368778502555597,0.368,0.121,5.91833896716104e-74,"23","MS4A4A"
"TBC1D13",3.18646063339302e-77,0.945754885716754,0.533,0.32,6.37292126678604e-74,"23","TBC1D1"
"B2M6",2.54585421814909e-76,0.802825845979267,0.768,0.543,5.09170843629818e-73,"23","B2M"
"CERS64",1.25065324318627e-74,0.64552658322282,0.587,0.394,2.50130648637254e-71,"23","CERS6"
"DNAJB16",2.10776256330635e-74,0.545840603828752,0.79,0.618,4.21552512661269e-71,"23","DNAJB1"
"COL27A13",1.29271841977632e-73,0.303572830188382,0.445,0.213,2.58543683955264e-70,"23","COL27A1"
"CEBPD1",1.86172701874053e-72,1.13766749561817,0.565,0.395,3.72345403748105e-69,"23","CEBPD"
"AC068992.1",1.13120449094064e-70,0.293194684718838,0.4,0.17,2.26240898188127e-67,"23","AC068992.1"
"EYA21",1.57983939993502e-70,0.300980825227891,0.474,0.302,3.15967879987005e-67,"23","EYA2"
"TMSB4X3",1.87017567599172e-70,1.02210768692413,0.659,0.414,3.74035135198345e-67,"23","TMSB4X"
"MCTP13",3.49100520555587e-70,0.253968025943092,0.514,0.338,6.98201041111175e-67,"23","MCTP1"
"GFAP5",4.44589896677351e-70,0.932231010738778,0.642,0.511,8.89179793354702e-67,"23","GFAP"
"RGS16",8.32120920264746e-70,0.596720256072292,0.426,0.198,1.66424184052949e-66,"23","RGS16"
"CD441",1.02868158847342e-69,0.426953344547618,0.513,0.34,2.05736317694685e-66,"23","CD44"
"APOE1",1.03407516203101e-68,1.60560214187102,0.531,0.306,2.06815032406203e-65,"23","APOE"
"FARP13",2.39930686365043e-68,0.504553597476949,0.493,0.296,4.79861372730086e-65,"23","FARP1"
"UBASH3B3",4.0941910815287e-68,0.454418691386235,0.475,0.278,8.1883821630574e-65,"23","UBASH3B"
"CLEC7A",5.36771306411579e-68,0.677268743493112,0.399,0.114,1.07354261282316e-64,"23","CLEC7A"
"CSF2RA",5.26976290594284e-67,1.12933282266234,0.468,0.237,1.05395258118857e-63,"23","CSF2RA"
"ABCA13",7.00753962449527e-66,0.583781481726715,0.523,0.325,1.40150792489905e-62,"23","ABCA1"
"SCIN",2.41847495131076e-64,1.16870698417155,0.491,0.252,4.83694990262151e-61,"23","SCIN"
"HLA-A5",5.17518926294041e-64,0.827454374398138,0.524,0.285,1.03503785258808e-60,"23","HLA-A"
"SUFU1",5.49898469497397e-64,0.384406970657544,0.575,0.412,1.09979693899479e-60,"23","SUFU"
"RASSF82",1.33915731949618e-63,0.92758361422457,0.609,0.414,2.67831463899236e-60,"23","RASSF8"
"HLA-DRB1",2.13679462255946e-63,0.987840452080023,0.434,0.175,4.27358924511892e-60,"23","HLA-DRB1"
"TENM45",7.7899722577452e-63,0.728882298450235,0.569,0.406,1.55799445154904e-59,"23","TENM4"
"HDAC93",1.77259942469774e-62,0.84687393973493,0.713,0.527,3.54519884939548e-59,"23","HDAC9"
"CST34",7.6667140669755e-62,0.599183673874945,0.492,0.274,1.5333428133951e-58,"23","CST3"
"HSP90AA17",1.91285529715359e-61,0.925823821269493,0.977,0.943,3.82571059430717e-58,"23","HSP90AA1"
"MPZL13",2.86760369483436e-61,0.602639135764201,0.484,0.285,5.73520738966871e-58,"23","MPZL1"
"FCHSD27",7.65468764083288e-61,0.608277519863985,0.823,0.616,1.53093752816658e-57,"23","FCHSD2"
"GPNMB3",2.55569016694975e-60,0.578602531350883,0.45,0.253,5.11138033389951e-57,"23","GPNMB"
"MTHFD1L5",2.86758852928975e-59,1.05699757113366,0.567,0.387,5.73517705857951e-56,"23","MTHFD1L"
"KLRD15",8.55912809095663e-59,0.271963981552396,0.62,0.467,1.71182561819133e-55,"23","KLRD1"
"VIM2",7.46448202619427e-58,0.517775181698577,0.528,0.383,1.49289640523885e-54,"23","VIM"
"MB21D22",1.21488805233201e-57,0.389392745756064,0.567,0.377,2.42977610466403e-54,"23","MB21D2"
"LPP4",1.42748737190358e-57,0.803581070030714,0.763,0.588,2.85497474380715e-54,"23","LPP"
"NUPR1",1.63899528823661e-57,0.478992992376288,0.421,0.222,3.27799057647321e-54,"23","NUPR1"
"NOTCH23",2.08458790492509e-56,0.493102275751965,0.547,0.387,4.16917580985018e-53,"23","NOTCH2"
"MAP3K13",3.43040636315231e-56,0.386402421668004,0.495,0.308,6.86081272630461e-53,"23","MAP3K1"
"FGD2",2.22699051481254e-54,1.08885171044943,0.43,0.182,4.45398102962507e-51,"23","FGD2"
"MX2",2.68100033771113e-54,0.35850062601246,0.399,0.197,5.36200067542225e-51,"23","MX2"
"ARHGAP313",3.47828646589261e-53,0.395382490326045,0.508,0.357,6.95657293178521e-50,"23","ARHGAP31"
"CARMIL1",5.35189269491541e-53,0.289440670802595,0.482,0.348,1.07037853898308e-49,"23","CARMIL1"
"BCL67",6.13120793086038e-53,0.304756099357803,0.704,0.522,1.22624158617208e-49,"23","BCL6"
"DLEU71",1.09009476244714e-52,0.315145076399667,0.484,0.341,2.18018952489429e-49,"23","DLEU7"
"ASAP15",4.43045811735431e-52,0.479315710593474,0.76,0.582,8.86091623470862e-49,"23","ASAP1"
"FAM107A1",5.37515527860666e-52,0.38143706691403,0.55,0.435,1.07503105572133e-48,"23","FAM107A"
"RHBDF2",6.34403458322302e-52,1.55464394720345,0.511,0.248,1.2688069166446e-48,"23","RHBDF2"
"CD99",1.62081438504459e-50,0.511037027548503,0.453,0.279,3.24162877008919e-47,"23","CD99"
"SLCO2B1",2.30087880745583e-50,1.74667767593492,0.486,0.248,4.60175761491165e-47,"23","SLCO2B1"
"CDC14A3",9.31908877772622e-50,0.434836198790303,0.51,0.363,1.86381775554524e-46,"23","CDC14A"
"PDGFC3",2.56856667048089e-49,0.352876254567791,0.484,0.304,5.13713334096178e-46,"23","PDGFC"
"RHOH",6.52859350806914e-49,0.281593623023922,0.393,0.173,1.30571870161383e-45,"23","RHOH"
"TRERF13",1.44203472408088e-48,0.44618848090302,0.415,0.209,2.88406944816176e-45,"23","TRERF1"
"IL1RAP3",3.47366362154374e-48,0.354309723366658,0.463,0.256,6.94732724308748e-45,"23","IL1RAP"
"HLA-E2",2.23962200560925e-47,0.9228870322656,0.461,0.263,4.4792440112185e-44,"23","HLA-E"
"SIPA1L24",7.21597237843383e-44,0.796123270506026,0.546,0.376,1.44319447568677e-40,"23","SIPA1L2"
"HSPA1A6",8.45445160892144e-44,0.669395220182853,0.908,0.81,1.69089032178429e-40,"23","HSPA1A"
"SMYD34",7.69663292279044e-43,0.598243706902436,0.658,0.504,1.53932658455809e-39,"23","SMYD3"
"IMMP2L1",1.8665909549079e-42,0.527851361287218,0.755,0.567,3.7331819098158e-39,"23","IMMP2L"
"SERPINB91",1.47320870123543e-40,0.780590117887444,0.496,0.344,2.94641740247087e-37,"23","SERPINB9"
"CSF1R",2.59586631135593e-40,1.51122320360167,0.432,0.163,5.19173262271187e-37,"23","CSF1R"
"CHSY32",1.59075695625192e-39,0.651656290529829,0.552,0.424,3.18151391250385e-36,"23","CHSY3"
"ARHGEF63",1.81131081243458e-38,0.570023038460058,0.489,0.366,3.62262162486916e-35,"23","ARHGEF6"
"HLA-DPA1",3.84178203914671e-37,0.847588232284251,0.448,0.299,7.68356407829343e-34,"23","HLA-DPA1"
"ETV53",1.81275126619873e-36,0.372852482464261,0.495,0.392,3.62550253239746e-33,"23","ETV5"
"DUSP13",8.8702211135922e-36,1.07571935116432,0.437,0.266,1.77404422271844e-32,"23","DUSP1"
"CTSC1",7.33739970443292e-35,0.918242895540655,0.412,0.208,1.46747994088658e-31,"23","CTSC"
"MT-ND24",7.31586165935624e-34,0.398587238051152,0.671,0.505,1.46317233187125e-30,"23","MT-ND2"
"FAR21",9.63490518185436e-33,0.684368787743497,0.493,0.37,1.92698103637087e-29,"23","FAR2"
"CABLES13",1.27596884228167e-32,0.270332088059541,0.362,0.176,2.55193768456335e-29,"23","CABLES1"
"PPM1L3",4.90828858302907e-32,0.252867046769105,0.491,0.354,9.81657716605815e-29,"23","PPM1L"
"MEF2C-AS13",1.19393060930886e-31,0.662942850821014,0.445,0.317,2.38786121861771e-28,"23","MEF2C-AS1"
"DTNA8",1.36390021153476e-31,0.445455358293072,0.725,0.6,2.72780042306951e-28,"23","DTNA"
"MT-CO15",1.6839238961002e-31,0.535438496380469,0.616,0.467,3.3678477922004e-28,"23","MT-CO1"
"BACH12",2.8902054988279e-31,0.671320182238096,0.522,0.37,5.7804109976558e-28,"23","BACH1"
"UST3",2.07375571838967e-30,0.260477540347122,0.549,0.434,4.14751143677933e-27,"23","UST"
"IGKC2",3.87137932245073e-29,0.263382313306233,0.545,0.436,7.74275864490146e-26,"23","IGKC"
"EIF2AK24",4.22766622906692e-29,0.260480571256832,0.461,0.313,8.45533245813384e-26,"23","EIF2AK2"
"AC008691.1",3.14763248084902e-28,0.377776853114425,0.406,0.305,6.29526496169804e-25,"23","AC008691.1"
"TFEC",4.01034609940325e-28,0.753382828502854,0.368,0.12,8.0206921988065e-25,"23","TFEC"
"MT-ATP66",4.96169517181047e-28,0.617392672059233,0.675,0.561,9.92339034362093e-25,"23","MT-ATP6"
"MT-ND12",6.52494662041917e-28,0.597907786425467,0.611,0.474,1.30498932408383e-24,"23","MT-ND1"
"TTTY146",9.58647367195186e-27,0.259584001779361,0.6,0.476,1.91729473439037e-23,"23","TTTY14"
"CD84",1.03063165770452e-26,0.608553032022963,0.384,0.225,2.06126331540903e-23,"23","CD84"
"MGAT56",1.95622306373414e-26,0.278712386241649,0.747,0.587,3.91244612746828e-23,"23","MGAT5"
"GPR183",7.77745237144095e-25,0.41242669381901,0.357,0.164,1.55549047428819e-21,"23","GPR183"
"TAOK33",1.30935993466527e-24,0.321424204366301,0.823,0.667,2.61871986933054e-21,"23","TAOK3"
"SESN36",2.22153397897753e-24,0.615083070198905,0.571,0.468,4.44306795795505e-21,"23","SESN3"
"ZFP36L12",3.6308995013067e-24,1.40574487659372,0.455,0.329,7.26179900261341e-21,"23","ZFP36L1"
"MT-CO35",5.04812009373251e-23,0.54385993248553,0.69,0.574,1.0096240187465e-19,"23","MT-CO3"
"TIAM16",1.03402166758408e-22,0.303821539650261,0.665,0.526,2.06804333516817e-19,"23","TIAM1"
"HLA-DRA",1.30499472051968e-22,1.38359555529469,0.448,0.312,2.60998944103935e-19,"23","HLA-DRA"
"MT-ND34",2.05084984790863e-22,0.51176116038151,0.666,0.554,4.10169969581725e-19,"23","MT-ND3"
"GLUL5",3.49894650432408e-22,0.478736061041442,0.644,0.52,6.99789300864816e-19,"23","GLUL"
"HLA-C3",9.95429863451935e-20,0.550790736674832,0.454,0.318,1.99085972690387e-16,"23","HLA-C"
"MT-ND43",2.37189616190968e-19,0.456345982529158,0.655,0.541,4.74379232381936e-16,"23","MT-ND4"
"S100A11",5.74716287623516e-19,0.600905993295205,0.371,0.225,1.14943257524703e-15,"23","S100A11"
"ANO63",1.55376507060522e-18,0.356673082498108,0.436,0.323,3.10753014121045e-15,"23","ANO6"
"AQP4",2.31308899592253e-18,0.321215738529307,0.413,0.316,4.62617799184506e-15,"23","AQP4"
"PCED1B",8.34602526819117e-18,0.52797366773543,0.413,0.284,1.66920505363823e-14,"23","PCED1B"
"CD163",1.27039545126413e-16,0.563351116925478,0.32,0.107,2.54079090252826e-13,"23","CD163"
"RAD51B6",1.59161795140599e-15,0.254557934375285,0.689,0.568,3.18323590281197e-12,"23","RAD51B"
"CYBA",1.70312287917385e-15,0.797913145830099,0.376,0.244,3.4062457583477e-12,"23","CYBA"
"CACNA1D3",2.78948485335955e-15,0.39602839180743,0.499,0.397,5.57896970671909e-12,"23","CACNA1D"
"LINC01094",7.80072066696007e-15,0.590493777277252,0.401,0.282,1.56014413339201e-11,"23","LINC01094"
"VSIG4",8.72119231524192e-14,0.763873720786879,0.346,0.143,1.74423846304838e-10,"23","VSIG4"
"JDP22",1.26621963167795e-13,0.352959535697303,0.465,0.379,2.53243926335590e-10,"23","JDP2"
"MT-CO25",5.70039160495394e-13,0.38143015826683,0.699,0.616,1.14007832099079e-09,"23","MT-CO2"
"MT2A2",7.79127848411949e-13,0.607471598622733,0.335,0.21,1.5582556968239e-09,"23","MT2A"
"CCDC261",8.14803230701306e-13,0.701619630520131,0.306,0.371,1.62960646140261e-09,"23","CCDC26"
"MARCKS3",1.02779309803496e-12,0.42701481327399,0.414,0.318,2.05558619606993e-09,"23","MARCKS"
"TMOD32",3.19020095003615e-12,0.258894582233763,0.453,0.363,6.3804019000723e-09,"23","TMOD3"
"RBMS13",5.81046820958934e-12,0.487654900963159,0.365,0.428,1.16209364191787e-08,"23","RBMS1"
"TMSB101",6.72706790249017e-12,0.843305117633524,0.342,0.204,1.34541358049803e-08,"23","TMSB10"
"GALNTL6",3.73219367094186e-11,0.287818661810103,0.387,0.301,7.46438734188372e-08,"23","GALNTL6"
"TMEM156",5.63824063180509e-11,0.572152065348301,0.34,0.21,1.12764812636102e-07,"23","TMEM156"
"P2RY12",7.7752226974971e-10,0.884459938960939,0.278,0.285,1.55504453949942e-06,"23","P2RY12"
"PIP5K1B3",2.07746408262443e-09,0.377629483449661,0.39,0.322,4.15492816524886e-06,"23","PIP5K1B"
"IGHG1",2.9828921468633e-09,0.250550502259517,0.451,0.332,5.96578429372659e-06,"23","IGHG1"
"JAK3",4.23672984136583e-09,0.521772967874859,0.289,0.224,8.47345968273167e-06,"23","JAK3"
"TPK1",5.73926252254521e-09,0.396153993477583,0.4,0.301,1.14785250450904e-05,"23","TPK1"
"ZNF5163",5.79853030041388e-09,0.322389964283041,0.451,0.364,1.15970606008278e-05,"23","ZNF516"
"FCGR1A",2.28849433010097e-08,0.708045610950784,0.306,0.126,4.57698866020194e-05,"23","FCGR1A"
"HIVEP34",1.30586904538734e-07,0.334011561768289,0.512,0.445,0.000261173809077468,"23","HIVEP3"
"MIR646HG1",1.32237594637908e-07,0.533227946152893,0.272,0.27,0.000264475189275817,"23","MIR646HG"
"A2M",6.87878067318877e-07,1.12688842193864,0.354,0.4,0.00137575613463776,"23","A2M"
"C1QB",1.44828292129062e-06,1.12182046905087,0.308,0.283,0.00289656584258123,"23","C1QB"
"LGALS13",1.93176450749866e-06,0.404851402834407,0.375,0.311,0.00386352901499732,"23","LGALS1"
"PELI23",7.99977746367813e-06,0.252782120558304,0.539,0.461,0.0159995549273563,"23","PELI2"
"POU2F2",8.24105378152304e-06,0.949650369919268,0.306,0.272,0.0164821075630461,"23","POU2F2"
"C3",3.17350718696679e-05,1.34329065490431,0.389,0.25,0.0634701437393359,"23","C3"
"BIN2",3.82736150700647e-05,0.390272508065377,0.261,0.218,0.0765472301401294,"23","BIN2"
"LPAR6",0.000279480290847641,0.912669943397795,0.382,0.313,0.558960581695283,"23","LPAR6"
"XAF11",0.00109724153231802,0.534729661321673,0.279,0.184,1,"23","XAF1"
"IFITM32",0.00126743812631434,0.373612597464049,0.304,0.214,1,"23","IFITM3"
"PARP144",0.00171176732842816,0.747319037966519,0.325,0.177,1,"23","PARP14"
"IGLC2",0.00192111667654862,1.18902731635239,0.327,0.301,1,"23","IGLC2"
"TPRG1",0.00202952881789411,0.43783706920152,0.344,0.287,1,"23","TPRG1"
"LPAR5",0.00443824519035015,0.466566687771218,0.295,0.235,1,"23","LPAR5"
"DENND1B3",0.00582185467974981,0.351760589337472,0.343,0.27,1,"23","DENND1B"
"GAS61",0.00619410642256903,0.371541423352588,0.346,0.348,1,"23","GAS6"
"ITGAM",0.00681830249224076,0.629108918498922,0.355,0.261,1,"23","ITGAM"
"CD69",0.00992211463471974,0.270636380292725,0.252,0.104,1,"23","CD69"
"MT-CO26",1.22519344596269e-145,0.914412093802783,0.862,0.614,2.45038689192537e-142,"24","MT-CO2"
"MT-ND13",5.30538456603507e-137,1.20841254640218,0.716,0.473,1.06107691320701e-133,"24","MT-ND1"
"MT-CO36",5.23320082628372e-135,1.03640353399122,0.802,0.573,1.04664016525674e-131,"24","MT-CO3"
"KIRREL38",1.54422112609336e-130,0.957254568760749,0.95,0.862,3.08844225218672e-127,"24","KIRREL3"
"MT-CO16",5.83202414662873e-119,1.09055972432566,0.693,0.467,1.16640482932575e-115,"24","MT-CO1"
"MT-ND25",4.12554382809001e-117,1.06910508762352,0.723,0.504,8.25108765618001e-114,"24","MT-ND2"
"MT-ND35",6.01367196157291e-111,0.931338379787916,0.782,0.553,1.20273439231458e-107,"24","MT-ND3"
"MT-ND44",1.32498841209514e-106,0.876652524060879,0.746,0.54,2.64997682419028e-103,"24","MT-ND4"
"MT-ATP67",3.47935795639612e-99,0.794668242587366,0.768,0.56,6.95871591279223e-96,"24","MT-ATP6"
"CNTNAP47",3.56443954238652e-84,0.949415695344847,0.832,0.754,7.12887908477304e-81,"24","CNTNAP4"
"PTPRM4",1.0948587195875e-77,1.87198405726957,0.609,0.519,2.189717439175e-74,"24","PTPRM"
"DCC3",2.17928100432825e-75,1.53533866782066,0.643,0.544,4.3585620086565e-72,"24","DCC"
"GFAP6",6.2109651844755e-64,1.54261051603726,0.58,0.512,1.2421930368951e-60,"24","GFAP"
"MYRIP5",3.8629332281632e-46,1.50955791398756,0.61,0.603,7.72586645632641e-43,"24","MYRIP"
"ST6GALNAC37",3.25777655631779e-40,0.740874791695659,0.801,0.81,6.51555311263558e-37,"24","ST6GALNAC3"
"NKAIN28",1.72520945800156e-33,0.403263350027068,0.938,0.91,3.45041891600311e-30,"24","NKAIN2"
"NAV27",2.70961400687988e-27,0.740713537182018,0.726,0.753,5.41922801375976e-24,"24","NAV2"
"CNTN33",4.93213017812058e-27,0.304441134482848,0.286,0.534,9.86426035624116e-24,"24","CNTN3"
"ABCA65",5.60207554290134e-27,0.691808864122748,0.694,0.72,1.12041510858027e-23,"24","ABCA6"
"LINC022402",9.12473415862748e-24,0.367513412769669,0.245,0.49,1.8249468317255e-20,"24","LINC02240"
"C5orf174",7.27748071582093e-22,0.506170373160931,0.246,0.463,1.45549614316419e-18,"24","C5orf17"
"BCL25",2.29864674702552e-21,0.879154856897566,0.621,0.665,4.59729349405105e-18,"24","BCL2"
"FOXP21",1.20035829929463e-19,0.355175956984052,0.154,0.369,2.40071659858925e-16,"24","FOXP2"
"CALN15",5.78008629575566e-18,0.335290115548546,0.42,0.677,1.15601725915113e-14,"24","CALN1"
"ABCA93",2.61511331583574e-16,0.343089245151325,0.33,0.562,5.23022663167148e-13,"24","ABCA9"
"ADAMTS195",1.26145993305465e-15,0.339836384652067,0.238,0.46,2.52291986610931e-12,"24","ADAMTS19"
"ROBO21",4.12468520829027e-14,0.254748134093063,0.166,0.384,8.24937041658054e-11,"24","ROBO2"
"SHISA63",5.33045156135874e-14,0.461206900229545,0.19,0.385,1.06609031227175e-10,"24","SHISA6"
"EDA1",1.85963545888206e-13,0.338214757453074,0.283,0.507,3.71927091776411e-10,"24","EDA"
"ARHGAP243",1.23805745120195e-12,1.44488582839067,0.377,0.418,2.4761149024039e-09,"24","ARHGAP24"
"SFRP14",1.05061804749126e-11,1.00728087882204,0.363,0.404,2.10123609498252e-08,"24","SFRP1"
"FAM107A2",1.27424650144411e-11,1.2362080528244,0.391,0.437,2.54849300288823e-08,"24","FAM107A"
"P3H22",2.19824603422952e-11,0.624138821127264,0.274,0.472,4.39649206845903e-08,"24","P3H2"
"LURAP1L-AS15",2.2108148873513e-11,0.645343623805568,0.568,0.616,4.42162977470259e-08,"24","LURAP1L-AS1"
"FAR22",4.12435733583971e-11,0.275247137057301,0.169,0.375,8.24871467167942e-08,"24","FAR2"
"AC025159.15",4.42057633267277e-11,0.278216064332968,0.336,0.551,8.84115266534555e-08,"24","AC025159.1"
"AP000282.14",3.16011436948517e-10,0.26840045411691,0.236,0.445,6.32022873897035e-07,"24","AP000282.1"
"MIPOL13",3.96175891796035e-10,0.274729739470309,0.219,0.424,7.9235178359207e-07,"24","MIPOL1"
"AP001347.13",7.81576904768798e-10,0.59961817858692,0.277,0.468,1.5631538095376e-06,"24","AP001347.1"
"DGKH2",8.64733818939197e-10,0.288104529762635,0.193,0.397,1.72946763787839e-06,"24","DGKH"
"CHSY33",1.30843481611347e-09,0.518972476547433,0.23,0.428,2.61686963222694e-06,"24","CHSY3"
"POT1-AS14",3.95834208753248e-09,0.301930215932058,0.26,0.466,7.91668417506496e-06,"24","POT1-AS1"
"CPB1",5.98617733523730e-09,0.443073596181041,0.186,0.252,1.19723546704746e-05,"24","CPB1"
"VIM3",8.35149121739922e-09,0.299797407786475,0.191,0.387,1.67029824347984e-05,"24","VIM"
"AHCYL23",8.93453788576151e-09,0.271072744284001,0.282,0.488,1.7869075771523e-05,"24","AHCYL2"
"SDK21",1.70030656747938e-08,0.291303081367199,0.214,0.404,3.40061313495877e-05,"24","SDK2"
"CENPP2",2.3396645691018e-08,0.894861401172697,0.325,0.381,4.67932913820361e-05,"24","CENPP"
"SPP19",3.23768769981506e-08,0.326857502286117,0.646,0.698,6.47537539963012e-05,"24","SPP1"
"RANBP177",9.43487384227307e-08,0.386744044642709,0.431,0.631,0.000188697476845461,"24","RANBP17"
"AC026316.58",1.9830827870283e-07,0.280827208832469,0.814,0.866,0.000396616557405661,"24","AC026316.5"
"LINC01122",2.45685081427581e-07,0.2636945515852,0.224,0.419,0.000491370162855161,"24","LINC01122"
"TCF7L25",2.72953729618379e-07,0.440129593099621,0.378,0.574,0.000545907459236758,"24","TCF7L2"
"FANCC1",7.78788759120485e-07,0.368774976281055,0.287,0.481,0.00155757751824097,"24","FANCC"
"HBB2",1.50463067884464e-06,0.61007274728143,0.244,0.305,0.00300926135768928,"24","HBB"
"AC027117.25",1.75086027726663e-06,0.533748121626418,0.316,0.496,0.00350172055453325,"24","AC027117.2"
"ADAM233",2.48337705939643e-06,0.250510854057793,0.225,0.412,0.00496675411879286,"24","ADAM23"
"HLA-A6",5.22480424656715e-06,0.370959685696468,0.207,0.289,0.0104496084931343,"24","HLA-A"
"AC073529.1",6.17864923910598e-06,0.322530729426129,0.194,0.379,0.012357298478212,"24","AC073529.1"
"CLU4",1.76539892471529e-05,0.256105654511178,0.289,0.367,0.0353079784943057,"24","CLU"
"EXT13",2.59380481907298e-05,0.321800305395562,0.33,0.514,0.0518760963814597,"24","EXT1"
"GULP12",0.000124816904614311,1.34929108172753,0.394,0.482,0.249633809228623,"24","GULP1"
"ITGBL1",0.000170624603048296,0.412108972814698,0.163,0.339,0.341249206096593,"24","ITGBL1"
"HLA-C4",0.000214616933541996,0.617707213815716,0.242,0.321,0.429233867083991,"24","HLA-C"
"CABCOCO11",0.000231553007154834,0.277966188706176,0.198,0.369,0.463106014309668,"24","CABCOCO1"
"LINC0160810",0.000369050426521688,0.313605538646838,0.551,0.623,0.738100853043376,"24","LINC01608"
"AL354809.16",0.000651765172804156,0.691804321169603,0.41,0.496,1,"24","AL354809.1"
"CA25",0.0014103077558164,0.412239096266834,0.45,0.545,1,"24","CA2"
"NPTX24",0.00346819277061468,0.272238142717177,0.235,0.403,1,"24","NPTX2"
"KCND35",0.00551613005933475,0.808794001191534,0.347,0.508,1,"24","KCND3"
"ROR13",0.0065161636327581,0.252305464946672,0.195,0.363,1,"24","ROR1"
"GRM82",0.00716923605508495,0.86359084164117,0.279,0.434,1,"24","GRM8"
"AC025810.1",0.00819164885951431,0.749218939572584,0.228,0.304,1,"24","AC025810.1"
"LINC010102",0.0089897670608308,0.353002350519973,0.202,0.363,1,"24","LINC01010"
"CNTN13",0,3.02971147510587,0.94,0.466,0,"25","CNTN1"
"CADM25",0,2.16208172600906,0.999,0.811,0,"25","CADM2"
"ERBB44",3.50068704610981e-307,1.71698765811548,0.99,0.846,7.00137409221962e-304,"25","ERBB4"
"HSPA4L5",1.69467766638377e-280,2.19438604376641,0.873,0.591,3.38935533276754e-277,"25","HSPA4L"
"LRRC75",1.65023830345613e-264,1.67023257455048,0.953,0.754,3.30047660691225e-261,"25","LRRC7"
"NLGN14",5.95291053986222e-254,1.38577165988434,0.974,0.74,1.19058210797244e-250,"25","NLGN1"
"FCHSD28",3.06341250858111e-226,1.45670857427962,0.917,0.616,6.12682501716221e-223,"25","FCHSD2"
"PRKD13",1.63800879045449e-220,2.1133938867412,0.814,0.549,3.27601758090897e-217,"25","PRKD1"
"SORBS18",4.73862975233816e-199,1.37757689137734,0.867,0.637,9.47725950467633e-196,"25","SORBS1"
"HSPH16",6.57765305689351e-190,0.367186174259472,0.965,0.69,1.3155306113787e-186,"25","HSPH1"
"HDAC2-AS23",1.20389288424241e-171,1.54209535023555,0.904,0.737,2.40778576848481e-168,"25","HDAC2-AS2"
"GRID23",1.20912176678052e-169,1.2346184667866,0.841,0.557,2.41824353356104e-166,"25","GRID2"
"ATRNL13",1.07686546938744e-158,1.35439742128912,0.686,0.375,2.15373093877489e-155,"25","ATRNL1"
"CTNND28",2.62244048074056e-154,0.933841049287084,0.929,0.712,5.24488096148111e-151,"25","CTNND2"
"ARHGAP52",1.10896570054698e-134,1.04225324603875,0.824,0.615,2.21793140109395e-131,"25","ARHGAP5"
"FRY3",1.57541632833728e-133,1.79981916940042,0.67,0.46,3.15083265667457e-130,"25","FRY"
"MDGA23",3.85364358650667e-128,1.45256870733674,0.722,0.511,7.70728717301334e-125,"25","MDGA2"
"ADGRL33",6.64355270060933e-121,0.695489666644196,0.774,0.528,1.32871054012187e-117,"25","ADGRL3"
"LRP1B3",1.89695911356804e-119,0.517740472548827,0.921,0.745,3.79391822713608e-116,"25","LRP1B"
"KANK14",1.8798998674008e-113,0.967312570886305,0.849,0.708,3.7597997348016e-110,"25","KANK1"
"TAOK34",1.07000068124613e-107,0.808652864452153,0.831,0.667,2.14000136249225e-104,"25","TAOK3"
"ZNF3653",6.08729675107041e-103,1.32926344221326,0.728,0.576,1.21745935021408e-99,"25","ZNF365"
"ANO46",2.81192353596833e-101,0.952932412037026,0.857,0.714,5.62384707193667e-98,"25","ANO4"
"ZDHHC206",2.45509005273283e-98,0.70070290668953,0.924,0.827,4.91018010546566e-95,"25","ZDHHC20"
"CSMD25",9.6201178844679e-97,1.00793443274934,0.744,0.585,1.92402357689358e-93,"25","CSMD2"
"FIGN4",1.29476628003141e-94,1.03222944545477,0.692,0.516,2.58953256006282e-91,"25","FIGN"
"CAMK2D7",5.56274549437891e-89,0.90945807118751,0.744,0.595,1.11254909887578e-85,"25","CAMK2D"
"FUT95",6.9194690890561e-87,1.17666605301362,0.667,0.521,1.38389381781122e-83,"25","FUT9"
"NEAT16",4.67205784897467e-85,0.542157980149648,0.981,0.892,9.34411569794934e-82,"25","NEAT1"
"NKAIN29",1.09553293683613e-82,0.603522745166743,0.983,0.91,2.19106587367226e-79,"25","NKAIN2"
"CSMD33",5.47983631064435e-82,0.644967343511116,0.602,0.418,1.09596726212887e-78,"25","CSMD3"
"SGCZ4",3.52017143862329e-75,3.08258407543211,0.583,0.51,7.04034287724657e-72,"25","SGCZ"
"MAP23",8.9818199416423e-68,0.658461097853453,0.532,0.387,1.79636398832846e-64,"25","MAP2"
"ST6GALNAC38",1.28441419722265e-64,0.754350987412209,0.868,0.81,2.56882839444531e-61,"25","ST6GALNAC3"
"BAG36",6.05855405008065e-60,0.936361803055176,0.633,0.56,1.21171081001613e-56,"25","BAG3"
"HSPB17",2.50329546345978e-49,0.512690179614894,0.651,0.58,5.00659092691955e-46,"25","HSPB1"
"LINC008774",2.09596614992699e-48,0.968066936493619,0.584,0.526,4.19193229985397e-45,"25","LINC00877"
"HHIP9",5.33697252956317e-47,0.554347682877988,0.717,0.59,1.06739450591263e-43,"25","HHIP"
"MAPK106",3.58057106134187e-45,0.490201032947874,0.721,0.641,7.16114212268375e-42,"25","MAPK10"
"KCTD85",1.47357297715634e-44,0.866774805645694,0.727,0.687,2.94714595431268e-41,"25","KCTD8"
"PALM27",2.03956803116679e-44,0.812004139403486,0.699,0.644,4.07913606233358e-41,"25","PALM2"
"LAMA26",7.18022249358234e-42,1.30945244435981,0.5,0.438,1.43604449871647e-38,"25","LAMA2"
"PRKCA3",6.52091819791288e-36,0.394584111814888,0.77,0.733,1.30418363958258e-32,"25","PRKCA"
"CA26",3.93153812744699e-33,0.459771961837867,0.598,0.543,7.86307625489398e-30,"25","CA2"
"NEDD4L5",2.12040256002642e-31,0.986602731126765,0.47,0.445,4.24080512005283e-28,"25","NEDD4L"
"PLPP43",1.1126504836366e-30,1.06200284371001,0.551,0.564,2.2253009672732e-27,"25","PLPP4"
"AP001347.14",8.5272396681027e-30,0.289749861591547,0.154,0.469,1.70544793362054e-26,"25","AP001347.1"
"BCAS15",2.0526310288181e-29,0.316212325094664,0.841,0.839,4.1052620576362e-26,"25","BCAS1"
"PARD34",1.81231083908247e-27,1.24374716110203,0.5,0.496,3.62462167816494e-24,"25","PARD3"
"EDA2",4.15225180402574e-27,1.4266806371277,0.491,0.505,8.30450360805148e-24,"25","EDA"
"AC073050.13",3.22892712850203e-26,0.343290507267746,0.096,0.404,6.45785425700406e-23,"25","AC073050.1"
"PAK53",1.2574890431622e-24,1.52489251901005,0.385,0.39,2.51497808632441e-21,"25","PAK5"
"HDAC94",5.37858528062409e-24,0.654341763044329,0.545,0.53,1.07571705612482e-20,"25","HDAC9"
"GALNT133",1.19971550346253e-23,0.412663865145038,0.705,0.691,2.39943100692506e-20,"25","GALNT13"
"LUZP23",1.36792628876391e-23,0.790268677130353,0.489,0.483,2.73585257752781e-20,"25","LUZP2"
"MBOAT13",8.15760712845044e-23,0.308633372301306,0.163,0.439,1.63152142569009e-19,"25","MBOAT1"
"PDE4D7",1.7188438563203e-21,0.616546978558986,0.639,0.637,3.4376877126406e-18,"25","PDE4D"
"MCU2",5.0150248683881e-21,0.938738540884875,0.435,0.455,1.00300497367762e-17,"25","MCU"
"GRIA44",5.37780449305821e-21,0.418845860155594,0.695,0.727,1.07556089861164e-17,"25","GRIA4"
"CERS65",6.19495713019976e-20,1.1318232781431,0.382,0.397,1.23899142603995e-16,"25","CERS6"
"TRIM93",2.55487677685531e-19,0.401696050338314,0.517,0.511,5.10975355371061e-16,"25","TRIM9"
"RAB3IP4",9.11102141687249e-18,0.395537247644159,0.431,0.441,1.8222042833745e-14,"25","RAB3IP"
"ZNF5164",6.00921648614522e-17,0.37475320225156,0.133,0.368,1.20184329722904e-13,"25","ZNF516"
"AP000446.1",3.4622338472292e-16,0.283276071124194,0.112,0.39,6.92446769445839e-13,"25","AP000446.1"
"HSPA65",5.57481827429124e-16,0.276178785747498,0.236,0.483,1.11496365485825e-12,"25","HSPA6"
"SLC8A1-AS13",8.50739621918214e-16,0.475585287321825,0.13,0.386,1.70147924383643e-12,"25","SLC8A1-AS1"
"CHSY34",2.73864262952071e-15,0.459578216451209,0.163,0.428,5.47728525904141e-12,"25","CHSY3"
"FBXO326",3.34015727995117e-14,0.488358937082127,0.522,0.557,6.68031455990234e-11,"25","FBXO32"
"HUNK3",6.07742326587245e-14,0.388755598110241,0.113,0.361,1.21548465317449e-10,"25","HUNK"
"LINC001591",1.15103499811556e-13,0.342779045021702,0.149,0.414,2.30206999623112e-10,"25","LINC00159"
"ARHGAP203",2.13400481512321e-13,1.13880770014638,0.298,0.343,4.26800963024642e-10,"25","ARHGAP20"
"PYGL3",2.9321253888174e-13,0.782353866343864,0.266,0.32,5.86425077763479e-10,"25","PYGL"
"HS3ST57",5.6537252799042e-13,0.511041221192132,0.571,0.617,1.13074505598084e-09,"25","HS3ST5"
"GPC54",2.51883299461597e-12,0.251926460409567,0.273,0.53,5.03766598923194e-09,"25","GPC5"
"CHL13",6.72681799538093e-12,0.29425362709405,0.285,0.327,1.34536359907619e-08,"25","CHL1"
"SEMA3E3",2.83905332008194e-11,0.368409148996727,0.232,0.304,5.67810664016388e-08,"25","SEMA3E"
"LEPR1",3.50635985754202e-11,0.271826536635314,0.149,0.406,7.01271971508404e-08,"25","LEPR"
"SDK22",3.76141299832299e-11,0.359701313778972,0.155,0.404,7.52282599664598e-08,"25","SDK2"
"TTN-AS12",3.94526194811854e-11,0.635532482106328,0.341,0.404,7.89052389623708e-08,"25","TTN-AS1"
"GRIK23",4.19587817193409e-11,0.360928693106552,0.331,0.379,8.39175634386819e-08,"25","GRIK2"
"TNIK4",1.22167265990502e-10,0.351449339234244,0.582,0.639,2.44334531981004e-07,"25","TNIK"
"GOLIM43",1.34026618730903e-10,0.730376852101758,0.325,0.391,2.68053237461807e-07,"25","GOLIM4"
"PACRG-AS3",7.22070412523416e-08,0.31356801217853,0.234,0.327,0.000144414082504683,"25","PACRG-AS3"
"FAM13A4",5.8010790430456e-07,0.25746566621869,0.216,0.447,0.00116021580860912,"25","FAM13A"
"JDP23",8.35871443838896e-07,0.525431563030241,0.177,0.383,0.00167174288767779,"25","JDP2"
"FANCC2",1.83375280781612e-06,0.859805960272128,0.386,0.479,0.00366750561563224,"25","FANCC"
"PCDH11Y3",2.70562231896433e-06,0.445323149045608,0.123,0.344,0.00541124463792866,"25","PCDH11Y"
"SCN3A3",4.80829021783323e-06,0.488484444493896,0.238,0.302,0.00961658043566647,"25","SCN3A"
"PLEKHA53",6.77768206556556e-06,0.776971154147941,0.427,0.526,0.0135553641311311,"25","PLEKHA5"
"EPB41L4A4",8.97520252192129e-06,0.568257065722327,0.285,0.384,0.0179504050438426,"25","EPB41L4A"
"RFC3",1.05684079135543e-05,0.413317380315566,0.167,0.399,0.0211368158271085,"25","RFC3"
"MAN1A11",1.51283550359688e-05,0.263006123191347,0.098,0.304,0.0302567100719375,"25","MAN1A1"
"ISPD1",1.5148222358443e-05,0.263917444809408,0.141,0.38,0.0302964447168861,"25","ISPD"
"GALNT18",4.94145930885416e-05,0.409587021666975,0.19,0.414,0.0988291861770833,"25","GALNT18"
"MIPOL14",5.01145864986711e-05,0.371651187437479,0.197,0.424,0.100229172997342,"25","MIPOL1"
"AP000282.15",5.06498355483379e-05,0.691074973837343,0.342,0.443,0.101299671096676,"25","AP000282.1"
"BCL26",6.93273268343237e-05,0.398642316247478,0.557,0.666,0.138654653668647,"25","BCL2"
"PRIM2",7.90883671040232e-05,0.669013318051768,0.301,0.406,0.158176734208046,"25","PRIM2"
"ANKRD7",0.000100588006714963,0.47271019753755,0.15,0.369,0.201176013429926,"25","ANKRD7"
"MARK13",0.000112803295024059,0.50955116510422,0.275,0.379,0.225606590048119,"25","MARK1"
"TTTY147",0.000376142466458607,0.278650561312056,0.267,0.48,0.752284932917215,"25","TTTY14"
"NEDD45",0.000457468282041519,0.443953003657202,0.231,0.44,0.914936564083037,"25","NEDD4"
"ETV54",0.000565974406773194,0.33513603538937,0.187,0.396,1,"25","ETV5"
"HIF1A-AS22",0.00106664632408586,0.609670251371103,0.208,0.405,1,"25","HIF1A-AS2"
"AC007364.15",0.00140191988245466,0.403820888874885,0.267,0.481,1,"25","AC007364.1"
"FRMD3",0.00175275467200833,0.300684253311679,0.145,0.368,1,"25","FRMD3"
"RALYL3",0.00181443475726258,0.373399081123073,0.154,0.292,1,"25","RALYL"
"GRM83",0.00216867344887953,0.932998925685878,0.233,0.434,1,"25","GRM8"
"MAGI34",0.00217028617513343,0.501355444232026,0.201,0.412,1,"25","MAGI3"
"SPRED25",0.00251054505267705,0.274541169395077,0.163,0.38,1,"25","SPRED2"
"PIP5K1B4",0.00258697664762929,0.714390332846217,0.133,0.325,1,"25","PIP5K1B"
"TMEM26",0.003037128045642,0.649168286516601,0.182,0.331,1,"25","TMEM26"
"PPM1E6",0.00526275053761363,0.342112234985839,0.17,0.381,1,"25","PPM1E"
"OGFRL12",0.00536492293501578,0.375574146142201,0.199,0.399,1,"25","OGFRL1"
"CDH121",0.00728783466436414,0.452552584429577,0.316,0.52,1,"25","CDH12"
"KLRD16",0.00952909213790861,0.543432616924352,0.277,0.471,1,"25","KLRD1"
"MT-CO27",1.19841744654287e-289,3.4081041575243,1,0.615,2.39683489308573e-286,"26","MT-CO2"
"MT-ND45",1.17158234392146e-288,3.32819320617863,1,0.54,2.34316468784291e-285,"26","MT-ND4"
"MT-ATP68",3.35659899122781e-287,3.2598725944006,1,0.56,6.71319798245561e-284,"26","MT-ATP6"
"MT-CO37",1.04083162931524e-286,3.10511599367614,1,0.573,2.08166325863049e-283,"26","MT-CO3"
"MT-ND14",4.02835363726043e-282,3.02783287187636,1,0.473,8.05670727452085e-279,"26","MT-ND1"
"MT-CO17",4.56812712134896e-279,2.86070761543972,0.998,0.466,9.13625424269792e-276,"26","MT-CO1"
"MT-ND26",2.30149664826391e-276,2.82151675431759,0.998,0.504,4.60299329652782e-273,"26","MT-ND2"
"MT-ND36",3.18340294360754e-260,2.5319479652949,0.998,0.553,6.36680588721508e-257,"26","MT-ND3"
"CRYAB8",8.63766418563921e-80,0.966370376488465,0.97,0.807,1.72753283712784e-76,"26","CRYAB"
"HSPA1A7",1.83064462488804e-75,0.704375873137987,0.987,0.811,3.66128924977607e-72,"26","HSPA1A"
"CA27",3.62712761801937e-65,0.96416103352903,0.773,0.542,7.25425523603874e-62,"26","CA2"
"SLC5A119",1.30518245907273e-60,0.780325514785519,0.895,0.689,2.61036491814546e-57,"26","SLC5A11"
"CST35",1.92630771276595e-55,0.817760898775451,0.51,0.276,3.8526154255319e-52,"26","CST3"
"CLU5",7.81769929680938e-54,0.737656667916011,0.647,0.365,1.56353985936188e-50,"26","CLU"
"GFAP7",8.11965898206074e-53,1.04304770803678,0.662,0.512,1.62393179641215e-49,"26","GFAP"
"ZNF3654",7.68018971012203e-46,0.850075295475107,0.739,0.576,1.53603794202441e-42,"26","ZNF365"
"SPARCL13",1.13619320083716e-45,0.657197825895897,0.448,0.257,2.27238640167432e-42,"26","SPARCL1"
"SPP110",5.71411628657316e-44,0.648832174015776,0.887,0.696,1.14282325731463e-40,"26","SPP1"
"FTL6",1.24333125604201e-42,0.561180801579304,0.857,0.613,2.48666251208403e-39,"26","FTL"
"PEA154",4.34639742329393e-30,0.475794479332991,0.433,0.308,8.69279484658786e-27,"26","PEA15"
"SYT12",3.08780381425002e-28,0.479702354663166,0.27,0.198,6.17560762850005e-25,"26","SYT1"
"TUBA1B6",9.21385795858762e-27,0.330493212038484,0.507,0.369,1.84277159171752e-23,"26","TUBA1B"
"SNAP254",1.22851878756019e-25,0.360868743548572,0.328,0.236,2.45703757512038e-22,"26","SNAP25"
"PDE1A7",1.26964036809261e-25,0.369964644068641,0.799,0.652,2.53928073618522e-22,"26","PDE1A"
"FAM107A3",1.17061579997081e-24,1.08607298169684,0.486,0.436,2.34123159994162e-21,"26","FAM107A"
"TMSB4X4",6.55042914598624e-24,0.327254437029602,0.576,0.417,1.31008582919725e-20,"26","TMSB4X"
"APOD5",7.48106584103725e-24,0.330856233486684,0.704,0.528,1.49621316820745e-20,"26","APOD"
"SPARC4",6.8443002146894e-23,0.32267041452762,0.358,0.283,1.36886004293788e-19,"26","SPARC"
"UCHL12",1.44648118107844e-21,0.329269471457386,0.268,0.216,2.89296236215687e-18,"26","UCHL1"
"GRIA23",1.0317588371198e-20,0.255651469900293,0.715,0.592,2.06351767423961e-17,"26","GRIA2"
"HHIP10",3.84861339056689e-20,0.320675385879753,0.711,0.591,7.69722678113378e-17,"26","HHIP"
"CNTNAP24",1.79049213492182e-19,0.85574145291,0.529,0.455,3.58098426984364e-16,"26","CNTNAP2"
"PLP18",2.34802973275358e-19,0.318946500246126,0.989,0.954,4.69605946550716e-16,"26","PLP1"
"CHRM55",9.5517391020862e-18,0.919500373665125,0.43,0.38,1.91034782041724e-14,"26","CHRM5"
"ST6GALNAC39",8.00066183050523e-17,0.327884295508637,0.891,0.81,1.60013236610105e-13,"26","ST6GALNAC3"
"AC006148.14",1.22894024895153e-16,0.625090323281609,0.501,0.454,2.45788049790305e-13,"26","AC006148.1"
"ADAMTS187",5.93141334604724e-14,0.404670226726262,0.602,0.558,1.18628266920945e-10,"26","ADAMTS18"
"HSPA54",2.06121838541669e-13,0.36970361991613,0.456,0.42,4.12243677083337e-10,"26","HSPA5"
"ANKRD18A6",2.60587048037606e-13,0.612974885872636,0.589,0.572,5.21174096075213e-10,"26","ANKRD18A"
"AZGP13",5.576721577375e-13,0.457152253161393,0.293,0.293,1.115344315475e-09,"26","AZGP1"
"ITM2C2",2.63845655075366e-11,0.357622254909831,0.291,0.294,5.27691310150732e-08,"26","ITM2C"
"IGHG11",1.87680447123591e-10,0.392687330964026,0.15,0.334,3.75360894247182e-07,"26","IGHG1"
"RBFOX16",6.61401346818308e-10,0.99497439606609,0.497,0.481,1.32280269363662e-06,"26","RBFOX1"
"APOE2",5.05404561918163e-08,0.378728438277403,0.285,0.309,0.000101080912383633,"26","APOE"
"FCHSD29",8.65705990778815e-08,0.445159803990728,0.591,0.619,0.000173141198155763,"26","FCHSD2"
"SLC38A13",1.09995007423483e-07,0.343454115282258,0.257,0.288,0.000219990014846967,"26","SLC38A1"
"DHCR245",2.07606410149092e-07,0.31176027890927,0.413,0.411,0.000415212820298185,"26","DHCR24"
"HSPA4L6",2.70586314042986e-06,0.25767327077398,0.555,0.594,0.00541172628085972,"26","HSPA4L"
"GRIN2A3",1.58203609124162e-05,0.385669609196279,0.255,0.301,0.0316407218248324,"26","GRIN2A"
"PLD53",2.33843333861838e-05,0.251366118027016,0.563,0.591,0.0467686667723675,"26","PLD5"
"PDE10A",2.70361473268829e-05,0.30423317019237,0.244,0.304,0.0540722946537659,"26","PDE10A"
"ESRRG4",0.000108566915655227,0.353127340201171,0.321,0.368,0.217133831310455,"26","ESRRG"
"ABTB24",0.000477180711816334,0.271153116405223,0.373,0.43,0.954361423632669,"26","ABTB2"
"GJA1",0.00109720773323022,0.279817260122982,0.154,0.326,1,"26","GJA1"
"MSRA6",0.00121123584432146,0.396373997267811,0.368,0.413,1,"26","MSRA"
"TMPRSS56",0.00465114639113808,0.440104111539643,0.411,0.478,1,"26","TMPRSS5"
"HSP90AA18",1.07701257051729e-170,1.74803337438694,1,0.943,2.15402514103458e-167,"27","HSP90AA1"
"HSPH17",1.92702590554562e-144,1.7164675053467,0.942,0.692,3.85405181109125e-141,"27","HSPH1"
"HSPA1A8",1.03826989291751e-129,1.46130133379355,0.978,0.811,2.07653978583502e-126,"27","HSPA1A"
"DNAJB17",2.4796835260842e-121,1.68847336457853,0.866,0.619,4.95936705216841e-118,"27","DNAJB1"
"FRY4",9.70561980444826e-120,2.24753676213055,0.76,0.46,1.94112396088965e-116,"27","FRY"
"NEDD4L6",4.21294942331219e-117,2.59842425345936,0.734,0.444,8.42589884662438e-114,"27","NEDD4L"
"CNTN14",1.06413892085286e-115,1.90184796903217,0.773,0.469,2.12827784170571e-112,"27","CNTN1"
"NEAT17",7.55381419142718e-103,1.04958660135547,0.978,0.892,1.51076283828544e-99,"27","NEAT1"
"HSPA1B5",2.28821121037372e-80,1.76349317190635,0.764,0.6,4.57642242074744e-77,"27","HSPA1B"
"HSPB18",1.22289987351355e-71,1.65723752338491,0.738,0.58,2.44579974702709e-68,"27","HSPB1"
"MSMO15",6.5833938494897e-64,1.33641165633614,0.708,0.518,1.31667876989794e-60,"27","MSMO1"
"BCL68",2.13210295693774e-63,1.255499702427,0.706,0.524,4.26420591387547e-60,"27","BCL6"
"TPST16",8.89843275902378e-60,1.72958273190058,0.677,0.51,1.77968655180476e-56,"27","TPST1"
"P4HA17",4.69824097184226e-59,1.4554972194952,0.712,0.574,9.39648194368453e-56,"27","P4HA1"
"CAMK2D8",6.81039171502179e-56,1.21535523339367,0.745,0.596,1.36207834300436e-52,"27","CAMK2D"
"FUT96",5.75537250958839e-55,1.43866778517326,0.677,0.522,1.15107450191768e-51,"27","FUT9"
"ERBB45",4.94590623087146e-51,0.751467733459159,0.911,0.847,9.89181246174293e-48,"27","ERBB4"
"CRYAB9",1.04227207462158e-49,0.692224933694292,0.931,0.807,2.08454414924316e-46,"27","CRYAB"
"ANO47",3.4732116811533e-48,0.856702195232578,0.814,0.715,6.94642336230659e-45,"27","ANO4"
"UBB6",2.4270786354754e-47,0.982852744440066,0.747,0.586,4.8541572709508e-44,"27","UBB"
"TIAM17",2.30259778688913e-46,1.17145489013197,0.665,0.527,4.60519557377827e-43,"27","TIAM1"
"MYO5B1",1.00344774182354e-45,2.20820532200072,0.537,0.42,2.00689548364708e-42,"27","MYO5B"
"SORBS19",6.44449751930553e-42,0.971009598693084,0.719,0.638,1.28889950386111e-38,"27","SORBS1"
"CSMD26",5.00271340187117e-40,1.01548495623202,0.695,0.586,1.00054268037423e-36,"27","CSMD2"
"PCDH73",1.36802339990261e-38,1.45829955027049,0.483,0.342,2.73604679980523e-35,"27","PCDH7"
"PARD35",4.19291095614615e-38,1.41932329847486,0.606,0.496,8.38582191229229e-35,"27","PARD3"
"FOS5",1.91611101877563e-37,1.37029231410705,0.6,0.505,3.83222203755125e-34,"27","FOS"
"CD98",7.86588641682016e-37,0.847011355118076,0.714,0.592,1.57317728336403e-33,"27","CD9"
"DLGAP13",9.01787238267332e-37,0.939734933443459,0.496,0.349,1.80357447653466e-33,"27","DLGAP1"
"INSIG15",5.45957645034613e-36,0.959533428089958,0.556,0.418,1.09191529006923e-32,"27","INSIG1"
"SEMA3E4",6.96656398940718e-35,0.979613023400645,0.422,0.303,1.39331279788144e-31,"27","SEMA3E"
"BAALC5",1.37628375988622e-33,1.23267277376113,0.491,0.365,2.75256751977243e-30,"27","BAALC"
"FYN3",2.86182270270529e-33,0.72230526426307,0.786,0.738,5.72364540541058e-30,"27","FYN"
"MDGA24",1.10683446652243e-32,0.820512190085939,0.628,0.513,2.21366893304486e-29,"27","MDGA2"
"NLGN15",5.20763431159301e-31,0.371821226452322,0.853,0.742,1.0415268623186e-27,"27","NLGN1"
"TMEM132B3",5.87142025904761e-31,1.08734772341464,0.465,0.362,1.17428405180952e-27,"27","TMEM132B"
"CTNND29",2.19044947607633e-30,0.565735412779898,0.81,0.714,4.38089895215266e-27,"27","CTNND2"
"FRMD4A3",4.46844587510257e-30,0.79245502410347,0.589,0.483,8.93689175020513e-27,"27","FRMD4A"
"GRIK48",1.98819443987939e-29,1.12750689063073,0.522,0.42,3.97638887975878e-26,"27","GRIK4"
"HSPA4L7",2.8465656067387e-28,1.11297637174217,0.621,0.594,5.6931312134774e-25,"27","HSPA4L"
"HMGCS17",3.43656909948749e-28,1.07871800727455,0.563,0.482,6.87313819897498e-25,"27","HMGCS1"
"TNIK5",4.06697972572336e-28,0.764926884029852,0.697,0.638,8.13395945144671e-25,"27","TNIK"
"FCHSD210",1.12029032240078e-27,0.719955769610801,0.71,0.619,2.24058064480155e-24,"27","FCHSD2"
"LINC005113",2.06147144894483e-22,0.887316271002837,0.487,0.413,4.12294289788966e-19,"27","LINC00511"
"TRIO4",4.75268788121302e-21,0.678097329587753,0.589,0.523,9.50537576242605e-18,"27","TRIO"
"RALYL4",3.16630134523642e-20,0.883884329667922,0.333,0.291,6.33260269047284e-17,"27","RALYL"
"GPR1554",1.03964834739642e-19,1.0047733091119,0.403,0.338,2.07929669479284e-16,"27","GPR155"
"GRIK24",2.85736837889542e-18,0.688275302116564,0.437,0.378,5.71473675779084e-15,"27","GRIK2"
"PALM28",3.69167034727479e-18,0.575842701435161,0.688,0.644,7.38334069454959e-15,"27","PALM2"
"GLUL6",8.32765679423243e-18,0.434166648081074,0.606,0.522,1.66553135884649e-14,"27","GLUL"
"CNKSR23",1.38667441400563e-17,0.538578485421788,0.26,0.225,2.77334882801127e-14,"27","CNKSR2"
"AKAP123",3.02717182739605e-17,0.851823004571056,0.312,0.275,6.0543436547921e-14,"27","AKAP12"
"FTL7",4.27907452530135e-16,0.454745942140486,0.693,0.614,8.5581490506027e-13,"27","FTL"
"IGF2BP23",1.81146495687217e-15,1.12993559218834,0.385,0.319,3.62292991374433e-12,"27","IGF2BP2"
"SMOC13",1.84406380643345e-15,0.618614268500073,0.487,0.436,3.68812761286690e-12,"27","SMOC1"
"DTNA9",4.50177461053598e-15,0.757460355172861,0.61,0.602,9.00354922107196e-12,"27","DTNA"
"LDLR6",1.24023337620931e-14,0.81733689437274,0.435,0.425,2.48046675241862e-11,"27","LDLR"
"BAG37",1.61002350217784e-14,0.977624397659375,0.543,0.561,3.22004700435567e-11,"27","BAG3"
"PLCB13",4.89125282679472e-14,0.723621969307449,0.355,0.331,9.78250565358944e-11,"27","PLCB1"
"OSMR2",8.82730777267616e-14,0.264752100280628,0.108,0.356,1.76546155453523e-10,"27","OSMR"
"ETV67",5.60412830857596e-13,1.02691001916837,0.426,0.405,1.12082566171519e-09,"27","ETV6"
"GADD45B5",6.39298614626057e-12,1.06939762723293,0.372,0.357,1.27859722925211e-08,"27","GADD45B"
"PTN5",5.90774697938847e-11,0.588583670298944,0.535,0.526,1.18154939587769e-07,"27","PTN"
"SYNE23",7.71764438458347e-11,0.310223500534518,0.171,0.408,1.54352887691669e-07,"27","SYNE2"
"ARHGEF37",8.51377260524704e-11,0.789565142039865,0.381,0.371,1.70275452104941e-07,"27","ARHGEF3"
"SLC2A35",1.63105451518107e-10,0.948810366683618,0.342,0.355,3.26210903036214e-07,"27","SLC2A3"
"PCLO6",3.40277387003744e-10,0.608536408739959,0.266,0.28,6.80554774007488e-07,"27","PCLO"
"JUN6",4.35898122131171e-10,0.860640536092866,0.463,0.49,8.71796244262342e-07,"27","JUN"
"PHACTR17",4.91341548251709e-10,0.789614564912513,0.632,0.67,9.82683096503418e-07,"27","PHACTR1"
"CNDP16",2.6288833637209e-09,0.673804034974717,0.604,0.618,5.2577667274418e-06,"27","CNDP1"
"ACAN2",3.30961533360328e-08,0.761216881736032,0.277,0.25,6.61923066720657e-05,"27","ACAN"
"NTRK25",8.26980280216268e-08,0.62262792370275,0.526,0.552,0.000165396056043254,"27","NTRK2"
"PLP19",1.07715742082296e-07,0.319246487684052,0.95,0.955,0.000215431484164592,"27","PLP1"
"FIGN5",1.1310028053314e-07,0.490869059518225,0.498,0.518,0.00022620056106628,"27","FIGN"
"NTM7",2.08622648992282e-07,0.313093238039144,0.896,0.879,0.000417245297984563,"27","NTM"
"KANK15",2.73075459943737e-07,0.441318604616446,0.649,0.709,0.000546150919887473,"27","KANK1"
"OPALIN8",3.6769985489058e-07,0.265156412669816,0.422,0.428,0.000735399709781161,"27","OPALIN"
"DBI3",4.08501366770794e-07,0.271526397782781,0.216,0.264,0.000817002733541588,"27","DBI"
"LINC010991",4.48195732863389e-07,1.57263690760202,0.361,0.397,0.000896391465726778,"27","LINC01099"
"PARP84",5.4817602577175e-07,0.533274012855859,0.253,0.281,0.0010963520515435,"27","PARP8"
"REV3L4",6.77992394788467e-07,0.427984500546209,0.522,0.561,0.00135598478957693,"27","REV3L"
"CD991",1.49585324508607e-06,0.261885534510854,0.11,0.282,0.00299170649017213,"27","CD99"
"LUZP24",1.92666797241888e-06,0.491071764162876,0.455,0.484,0.00385333594483777,"27","LUZP2"
"PRICKLE23",1.93385723356813e-06,0.744762162022472,0.242,0.271,0.00386771446713627,"27","PRICKLE2"
"PRKD14",2.54868184673302e-06,0.753125122128034,0.517,0.552,0.00509736369346604,"27","PRKD1"
"MSRA7",2.89917225995253e-06,0.680512028788378,0.383,0.413,0.00579834451990506,"27","MSRA"
"SDK23",5.53768721011472e-06,0.371978504100096,0.195,0.403,0.0110753744202294,"27","SDK2"
"SESN37",8.68643947979067e-06,0.297468897958708,0.258,0.471,0.0173728789595813,"27","SESN3"
"HSPA66",1.17251403133654e-05,1.19410278960519,0.422,0.481,0.0234502806267308,"27","HSPA6"
"LIMD16",1.20719661542297e-05,0.887102693615024,0.357,0.402,0.0241439323084594,"27","LIMD1"
"KLF66",1.23792107809227e-05,0.67886392160591,0.396,0.45,0.0247584215618453,"27","KLF6"
"EPB41L4A5",4.48794200340181e-05,0.885165441135789,0.335,0.383,0.0897588400680362,"27","EPB41L4A"
"LAMA27",4.89169727160968e-05,0.854027556689748,0.405,0.439,0.0978339454321937,"27","LAMA2"
"PMP26",5.99843826789814e-05,0.359998286466283,0.338,0.391,0.119968765357963,"27","PMP2"
"SGCZ5",0.000228263505548006,1.15346059125832,0.442,0.511,0.456527011096012,"27","SGCZ"
"ARHGAP244",0.000256971664115543,0.476526590837926,0.225,0.418,0.513943328231085,"27","ARHGAP24"
"PLCL24",0.000265014296749876,0.568737374576833,0.219,0.263,0.530028593499752,"27","PLCL2"
"RUNX1T14",0.000392878762823842,0.819483817830593,0.368,0.419,0.785757525647683,"27","RUNX1T1"
"MGAT57",0.000509718077839954,0.361985087676882,0.528,0.589,1,"27","MGAT5"
"PLEKHG15",0.000524915888956634,0.276665769229662,0.236,0.434,1,"27","PLEKHG1"
"RPS6KA35",0.000677818831487903,0.647811225614353,0.348,0.414,1,"27","RPS6KA3"
"TCF7L12",0.000766083068965868,0.431678341658709,0.186,0.317,1,"27","TCF7L1"
"HK23",0.00110286390938048,0.346806361935433,0.214,0.386,1,"27","HK2"
"ZNF5165",0.00126176296845909,0.73394218905418,0.323,0.366,1,"27","ZNF516"
"DOCK6",0.00131066693318796,0.315974097033829,0.173,0.26,1,"27","DOCK6"
"MLLT33",0.0013681281742,0.615069592885077,0.4,0.462,1,"27","MLLT3"
"PARD3B3",0.00154238150034789,0.283698558279937,0.312,0.506,1,"27","PARD3B"
"KLRD17",0.00179552725443195,0.85072987703038,0.379,0.47,1,"27","KLRD1"
"EML54",0.00204318060540646,0.50769643805772,0.214,0.287,1,"27","EML5"
"TENM32",0.00225704701712243,0.952892896469522,0.24,0.422,1,"27","TENM3"
"PIP5K1B5",0.00251940550441038,0.908762554418258,0.268,0.323,1,"27","PIP5K1B"
"HMGCR6",0.00366891280179855,0.57186106059148,0.385,0.458,1,"27","HMGCR"
"VEGFA5",0.00444091926874199,0.394551466447293,0.258,0.328,1,"27","VEGFA"
"GNG123",0.00475237048557868,0.763033326908996,0.277,0.331,1,"27","GNG12"
"PCDH11Y4",0.00557441591905542,1.07607185385073,0.286,0.342,1,"27","PCDH11Y"
"TENM13",0.00561052847203356,0.321448834925792,0.225,0.295,1,"27","TENM1"
"AC092691.13",0.00570354335688361,0.645397920545035,0.37,0.421,1,"27","AC092691.1"
"PCDH11X3",0.00631883806353804,0.640694844666862,0.186,0.342,1,"27","PCDH11X"
"HIST1H1C2",0.00969819124774612,1.05574915301471,0.286,0.375,1,"27","HIST1H1C"
"AC073529.11",2.24203239709582e-284,2.82291184206482,0.959,0.374,4.48406479419165e-281,"28","AC073529.1"
"MID13",1.15619185790959e-173,2.38696662826723,0.823,0.355,2.31238371581917e-170,"28","MID1"
"XIST9",2.02954485635924e-67,1.12114694216463,0.819,0.494,4.05908971271848e-64,"28","XIST"
"PLXDC28",4.91877944099961e-30,0.589388407684152,0.806,0.673,9.83755888199922e-27,"28","PLXDC2"
"AC026316.59",1.08344161863111e-28,0.59375043388781,0.93,0.865,2.16688323726221e-25,"28","AC026316.5"
"LINC0160811",1.27870776894255e-28,0.65700390248201,0.758,0.621,2.5574155378851e-25,"28","LINC01608"
"PALM29",2.11667666875777e-19,0.570129793655316,0.714,0.644,4.23335333751555e-16,"28","PALM2"
"LURAP1L-AS16",2.7409696909911e-19,0.768813327639304,0.707,0.615,5.4819393819822e-16,"28","LURAP1L-AS1"
"ABCA66",1.06202783978104e-17,0.433419142669941,0.843,0.719,2.12405567956208e-14,"28","ABCA6"
"PPP2R2B7",2.61738069349863e-17,0.267584735671311,0.934,0.904,5.23476138699726e-14,"28","PPP2R2B"
"PLP110",2.20766080577e-16,0.331415206719333,0.985,0.954,4.41532161154001e-13,"28","PLP1"
"OPALIN9",3.12625312435546e-15,0.45156888717936,0.57,0.427,6.25250624871092e-12,"28","OPALIN"
"KIRREL39",1.17621727447723e-13,0.295606812637,0.934,0.863,2.35243454895447e-10,"28","KIRREL3"
"ANO48",6.44075805341156e-13,0.326470878238922,0.777,0.715,1.28815161068231e-09,"28","ANO4"
"EFCAB111",7.32216882124361e-13,0.254509542251919,0.199,0.328,1.46443376424872e-09,"28","EFCAB11"
"TMPRSS57",8.9373793779805e-13,0.663816949579634,0.585,0.477,1.7874758755961e-09,"28","TMPRSS5"
"LINC008446",1.11715326743507e-12,0.396223797606555,0.461,0.317,2.23430653487015e-09,"28","LINC00844"
"ASTN26",4.55439919083157e-11,0.31318122555626,0.734,0.665,9.10879838166313e-08,"28","ASTN2"
"LIX1-AS11",1.06080056323279e-10,0.336425383310801,0.231,0.353,2.12160112646559e-07,"28","LIX1-AS1"
"RELN4",4.12863122635192e-10,0.286353425602941,0.572,0.487,8.25726245270384e-07,"28","RELN"
"HDAC2-AS24",4.14585182793205e-09,0.380787541973063,0.771,0.738,8.29170365586409e-06,"28","HDAC2-AS2"
"AC104123.12",8.35218608909794e-09,0.334506832583237,0.297,0.417,1.67043721781959e-05,"28","AC104123.1"
"FCHSD211",8.38429368141854e-08,0.254099800213373,0.666,0.619,0.000167685873628371,"28","FCHSD2"
"LAMA28",1.12710468277633e-07,0.686157150704326,0.498,0.438,0.000225420936555265,"28","LAMA2"
"MAGEC34",3.20656696032579e-07,0.387680020403816,0.592,0.522,0.000641313392065158,"28","MAGEC3"
"AC078881.13",1.07109242006445e-06,0.330696851562948,0.284,0.403,0.0021421848401289,"28","AC078881.1"
"RANBP178",3.26399750246564e-06,0.552042863668208,0.699,0.628,0.00652799500493127,"28","RANBP17"
"RYR26",3.54414744374222e-05,0.314754779371024,0.627,0.562,0.0708829488748445,"28","RYR2"
"AC004784.11",7.01131449015865e-05,0.311597493498473,0.321,0.379,0.140226289803173,"28","AC004784.1"
"DYSF8",0.000130774951205853,0.340353826146609,0.531,0.506,0.261549902411707,"28","DYSF"
"ROR14",0.000183616326715534,0.313618222710256,0.277,0.362,0.367232653431069,"28","ROR1"
"P3H23",0.000674509664178599,0.302386355865672,0.55,0.469,1,"28","P3H2"
"AC138627.14",0.000990643601835295,0.359550484737844,0.323,0.395,1,"28","AC138627.1"
"AL078590.32",0.00132299006205043,0.267329947049192,0.321,0.403,1,"28","AL078590.3"
"STPG23",0.00223095350490479,0.265271910903284,0.402,0.473,1,"28","STPG2"
"SVEP12",0.00251016458274401,0.335205109357077,0.334,0.291,1,"28","SVEP1"
"AC025159.16",0.00387324886912776,0.471474300044729,0.574,0.548,1,"28","AC025159.1"
"AC112206.22",0.00431646769431306,0.335540434309866,0.362,0.41,1,"28","AC112206.2"
"KCNAB18",0.00500819506335687,0.467611276485318,0.487,0.481,1,"28","KCNAB1"
"CYP7B16",0.00651663527795994,0.309402060818945,0.616,0.575,1,"28","CYP7B1"
"KCND23",4.15362264453772e-292,3.63864418842561,0.99,0.296,8.30724528907544e-289,"29","KCND2"
"BRINP33",3.07345965824329e-287,3.13844169144451,0.973,0.269,6.14691931648657e-284,"29","BRINP3"
"SNTG13",2.70294218496215e-281,3.66728844447684,1,0.323,5.4058843699243e-278,"29","SNTG1"
"MMP163",3.53344904471809e-279,3.21692714972009,0.998,0.347,7.06689808943617e-276,"29","MMP16"
"PCDH153",1.19804802113477e-275,3.5188101079736,1,0.405,2.39609604226953e-272,"29","PCDH15"
"VCAN3",1.70740723867995e-275,3.39472969666001,0.995,0.37,3.4148144773599e-272,"29","VCAN"
"ATRNL14",9.39044708226079e-272,3.25692972514087,0.993,0.374,1.87808941645216e-268,"29","ATRNL1"
"DSCAM3",7.37700907828551e-269,3.42156859862887,1,0.357,1.4754018156571e-265,"29","DSCAM"
"NRXN13",1.07393994525708e-268,3.60902863664657,0.998,0.291,2.14787989051416e-265,"29","NRXN1"
"MAP24",5.94786879445221e-267,3.20441176300576,0.995,0.386,1.18957375889044e-263,"29","MAP2"
"CDH103",6.06990027064917e-267,2.79317175066036,0.927,0.212,1.21398005412983e-263,"29","CDH10"
"CSMD34",5.5126604931211e-265,3.09989140299456,0.99,0.417,1.10253209862422e-261,"29","CSMD3"
"CSMD13",1.31655134150988e-262,3.30515185167531,0.998,0.44,2.63310268301976e-259,"29","CSMD1"
"SOX53",2.40007599741235e-261,2.8903265076735,0.988,0.429,4.80015199482471e-258,"29","SOX5"
"LRRTM43",3.32412836340108e-261,3.1685862706592,0.998,0.372,6.64825672680216e-258,"29","LRRTM4"
"LUZP25",6.96130573082285e-259,3.15937289359178,0.988,0.481,1.39226114616457e-255,"29","LUZP2"
"FAM155A3",1.36980120376208e-258,2.97501046321362,0.985,0.343,2.73960240752416e-255,"29","FAM155A"
"CA103",1.73173155243875e-258,2.70364429690728,0.969,0.298,3.46346310487749e-255,"29","CA10"
"SOX63",5.85191671046055e-254,2.81438366817928,0.988,0.347,1.17038334209211e-250,"29","SOX6"
"CHL14",1.59571029979324e-253,2.75207531639015,0.969,0.323,3.19142059958647e-250,"29","CHL1"
"TNR3",5.63727302483155e-253,2.90351609978911,1,0.356,1.12745460496631e-249,"29","TNR"
"OPCML3",2.28892118539346e-248,2.64377602195022,0.998,0.388,4.57784237078692e-245,"29","OPCML"
"PTPRZ13",2.57166887395181e-248,2.99520821333983,0.983,0.368,5.14333774790363e-245,"29","PTPRZ1"
"ADGRL34",7.6060247148368e-247,2.63681474550998,0.998,0.528,1.52120494296736e-243,"29","ADGRL3"
"LHFPL33",1.8779821188555e-246,2.98180083904337,0.998,0.538,3.75596423771099e-243,"29","LHFPL3"
"FGF143",3.73579794929552e-245,2.96714064134236,0.985,0.405,7.47159589859103e-242,"29","FGF14"
"GRM73",2.39367369499641e-244,2.71418950884484,0.971,0.338,4.78734738999283e-241,"29","GRM7"
"MDGA25",9.52635697398457e-244,2.78340801084799,0.988,0.511,1.90527139479691e-240,"29","MDGA2"
"LRP1B4",3.01241068683255e-243,2.55616624217153,1,0.745,6.0248213736651e-240,"29","LRP1B"
"ARPP213",5.62900387423154e-243,2.53257407853186,0.939,0.233,1.12580077484631e-239,"29","ARPP21"
"NXPH13",1.92728704488495e-242,2.89272662067643,0.918,0.277,3.85457408976989e-239,"29","NXPH1"
"GRID24",3.82356394429161e-242,2.75793138643166,0.998,0.558,7.64712788858321e-239,"29","GRID2"
"NRCAM3",5.70286514498308e-241,2.64100772722292,0.985,0.358,1.14057302899662e-237,"29","NRCAM"
"CNTN15",1.04709895844408e-240,2.72742888933198,0.978,0.468,2.09419791688817e-237,"29","CNTN1"
"PRRX13",1.82385252585734e-240,2.78613845673344,0.901,0.366,3.64770505171469e-237,"29","PRRX1"
"LRRC4C3",1.89297473882615e-240,2.88722119248943,1,0.541,3.7859494776523e-237,"29","LRRC4C"
"KCNIP43",2.53096168839867e-235,2.90344336756577,0.995,0.574,5.06192337679733e-232,"29","KCNIP4"
"SCN1A2",3.01388400843436e-235,2.43209040019287,0.898,0.208,6.02776801686872e-232,"29","SCN1A"
"NRG33",5.10587729723967e-235,2.99430244384656,0.954,0.417,1.02117545944793e-231,"29","NRG3"
"CNTNAP53",9.14653084737916e-233,2.93339884104733,0.932,0.357,1.82930616947583e-229,"29","CNTNAP5"
"TOX4",3.30391453604803e-232,2.84656311520352,0.898,0.343,6.60782907209606e-229,"29","TOX"
"AC004852.23",6.83149046805702e-231,2.73538658525486,0.818,0.227,1.3662980936114e-227,"29","AC004852.2"
"SEZ6L3",1.37265571129425e-230,2.50759217261434,0.889,0.241,2.7453114225885e-227,"29","SEZ6L"
"MAML24",2.70264886480767e-230,2.50066240944459,0.983,0.422,5.40529772961535e-227,"29","MAML2"
"FGF123",2.17482442177253e-229,2.94641746592071,0.937,0.32,4.34964884354505e-226,"29","FGF12"
"GRIK25",4.98515560566784e-229,2.37061129852486,0.959,0.375,9.97031121133569e-226,"29","GRIK2"
"DLGAP14",1.71653682922457e-227,2.69847609244283,0.944,0.347,3.43307365844915e-224,"29","DLGAP1"
"PARD36",3.86642245032168e-227,2.54364190707686,0.964,0.494,7.73284490064337e-224,"29","PARD3"
"MEGF113",5.5805434642103e-226,2.08738047078551,0.949,0.376,1.11610869284206e-222,"29","MEGF11"
"DGKG3",7.92933466341725e-225,2.28334776889622,0.932,0.37,1.58586693268345e-221,"29","DGKG"
"NLGN16",9.61106746737806e-225,2.207484697852,0.998,0.741,1.92221349347561e-221,"29","NLGN1"
"LRRN13",9.23680216597247e-224,2.73187757309201,0.903,0.336,1.84736043319449e-220,"29","LRRN1"
"LINC005114",2.16920385538439e-223,2.17104465478324,0.954,0.411,4.33840771076877e-220,"29","LINC00511"
"AFAP1L23",3.14467064647533e-223,2.34413906876799,0.801,0.219,6.28934129295067e-220,"29","AFAP1L2"
"RORA3",3.65841067723537e-223,2.36001541644394,0.99,0.53,7.31682135447075e-220,"29","RORA"
"ZEB13",1.15548386187423e-222,2.24786883699832,0.93,0.332,2.31096772374847e-219,"29","ZEB1"
"PCDH74",3.47152582570742e-222,2.76541201311644,0.92,0.34,6.94305165141484e-219,"29","PCDH7"
"DPP63",6.61588898164476e-218,2.17208098012785,0.998,0.622,1.32317779632895e-214,"29","DPP6"
"GRM53",2.26975579514732e-217,2.38226049330896,0.908,0.288,4.53951159029464e-214,"29","GRM5"
"GPM6A3",1.63841982449803e-214,2.40061589589096,0.927,0.277,3.27683964899605e-211,"29","GPM6A"
"OPHN13",3.2220430166115e-214,2.29403461071245,0.935,0.371,6.444086033223e-211,"29","OPHN1"
"GRIK13",2.43732178203838e-213,2.83931987079399,0.886,0.326,4.87464356407675e-210,"29","GRIK1"
"CTNNA23",1.31058943284408e-212,2.68416932113557,0.944,0.434,2.62117886568816e-209,"29","CTNNA2"
"LSAMP3",5.88616211637479e-210,1.86733446760763,1,0.779,1.17723242327496e-206,"29","LSAMP"
"FLRT23",9.992192090724e-210,2.32549279435204,0.818,0.227,1.9984384181448e-206,"29","FLRT2"
"PLCB14",5.81777788429956e-208,2.37031571750847,0.903,0.328,1.16355557685991e-204,"29","PLCB1"
"SLC35F13",3.22004137034362e-207,2.30648640911979,0.906,0.288,6.44008274068723e-204,"29","SLC35F1"
"STK32A3",2.27604278316451e-205,2.20321756492361,0.814,0.273,4.55208556632902e-202,"29","STK32A"
"NOVA13",2.55771290667926e-205,2.24262610777889,0.988,0.648,5.11542581335852e-202,"29","NOVA1"
"CHST114",7.52525413692158e-204,2.22217973640435,0.908,0.371,1.50505082738432e-200,"29","CHST11"
"PTPRG4",5.33383812585139e-203,2.13473304384143,0.903,0.361,1.06676762517028e-199,"29","PTPRG"
"KCNMA14",7.17196507236716e-203,1.98526747614928,0.915,0.361,1.43439301447343e-199,"29","KCNMA1"
"SEMA5A3",9.39131531868899e-203,2.21226464505275,0.971,0.592,1.8782630637378e-199,"29","SEMA5A"
"ZFPM23",2.3187109653388e-198,2.44770436099998,0.913,0.441,4.6374219306776e-195,"29","ZFPM2"
"AC092691.14",3.35377814760468e-198,2.33714627369896,0.935,0.418,6.70755629520935e-195,"29","AC092691.1"
"SLC8A14",4.54094550855407e-198,2.40602739000736,0.874,0.327,9.08189101710814e-195,"29","SLC8A1"
"DAB13",1.05558476871716e-197,2.34757505526793,0.918,0.418,2.11116953743431e-194,"29","DAB1"
"CADM26",2.0358378692007e-197,1.82845002060393,0.998,0.812,4.0716757384014e-194,"29","CADM2"
"DPP103",2.13385673998419e-193,2.26280279168582,0.918,0.444,4.26771347996839e-190,"29","DPP10"
"CACNA1A4",4.11949320083891e-192,1.959421086506,0.908,0.42,8.23898640167782e-189,"29","CACNA1A"
"GRIA24",2.16070583201932e-191,1.97596428025408,0.973,0.591,4.32141166403863e-188,"29","GRIA2"
"SORCS13",5.56949261710158e-191,2.82822243683261,0.852,0.357,1.11389852342032e-187,"29","SORCS1"
"KHDRBS34",1.70518822793334e-189,2.03363490130122,0.92,0.407,3.41037645586669e-186,"29","KHDRBS3"
"HS6ST33",3.67251830232723e-187,2.48220340887002,0.811,0.241,7.34503660465446e-184,"29","HS6ST3"
"CERS66",1.69037658539925e-186,2.42127869256281,0.857,0.395,3.3807531707985e-183,"29","CERS6"
"NAV34",4.03536449401011e-186,1.96747197267512,0.973,0.62,8.07072898802023e-183,"29","NAV3"
"GALNT134",9.29379287572312e-185,1.90820265964571,0.99,0.689,1.85875857514462e-181,"29","GALNT13"
"PDZD23",2.58210485338767e-184,1.88342424194883,0.923,0.421,5.16420970677534e-181,"29","PDZD2"
"KCNT23",4.5275790146239e-184,2.31747631747258,0.797,0.28,9.0551580292478e-181,"29","KCNT2"
"KAZN3",4.36442200969817e-181,1.81027472859044,0.978,0.678,8.72884401939634e-178,"29","KAZN"
"PLPPR53",1.77751697135663e-179,2.16044026541548,0.746,0.244,3.55503394271326e-176,"29","PLPPR5"
"SCN3A4",2.73413443621164e-179,2.00392128578706,0.811,0.299,5.46826887242328e-176,"29","SCN3A"
"COL11A13",1.52181277759822e-178,1.90173136207102,0.835,0.321,3.04362555519643e-175,"29","COL11A1"
"LINC013223",1.70362338329523e-178,2.39876298371453,0.855,0.429,3.40724676659047e-175,"29","LINC01322"
"DCC4",5.34989263848646e-178,2.00664870459252,0.947,0.543,1.06997852769729e-174,"29","DCC"
"KIAA12173",3.91638936835132e-175,2.42819833871304,0.814,0.327,7.83277873670263e-172,"29","KIAA1217"
"SMOC14",5.77513040188783e-173,1.76088963646781,0.92,0.434,1.15502608037757e-169,"29","SMOC1"
"AL445250.13",7.07588477223692e-172,2.51983232756903,0.833,0.364,1.41517695444738e-168,"29","AL445250.1"
"NTRK33",5.59573335133569e-168,1.79311518033661,0.835,0.352,1.11914667026714e-164,"29","NTRK3"
"SORCS33",2.74224513885799e-166,2.06347258725432,0.801,0.332,5.48449027771598e-163,"29","SORCS3"
"PRKD15",2.53291065101782e-165,1.97652284934229,0.918,0.55,5.06582130203564e-162,"29","PRKD1"
"NLGN4X3",3.86209967423796e-163,1.91142209459056,0.872,0.44,7.72419934847591e-160,"29","NLGN4X"
"CELF24",5.79321977069163e-163,1.83646149902966,0.828,0.335,1.15864395413833e-159,"29","CELF2"
"CTNND210",3.4329664847197e-161,1.51653446163044,0.988,0.713,6.86593296943941e-158,"29","CTNND2"
"MEG83",7.50519007451498e-160,1.88433314248747,0.734,0.221,1.501038014903e-156,"29","MEG8"
"SCN2A3",1.02225172068117e-159,1.76142883778783,0.726,0.207,2.04450344136234e-156,"29","SCN2A"
"SLC1A23",1.23093823276445e-157,1.94413528140468,0.785,0.257,2.46187646552891e-154,"29","SLC1A2"
"TMEM132D3",2.1913580197789e-157,2.14021019080184,0.809,0.369,4.3827160395578e-154,"29","TMEM132D"
"GABRB13",1.30096356986976e-156,2.2711056913415,0.775,0.336,2.60192713973952e-153,"29","GABRB1"
"NKAIN33",4.16390880901483e-156,2.46392551925779,0.785,0.354,8.32781761802965e-153,"29","NKAIN3"
"CSMD27",2.83292906676903e-155,1.61747412587201,0.937,0.585,5.66585813353805e-152,"29","CSMD2"
"STXBP5L3",5.84422856215628e-155,2.07514563148217,0.775,0.297,1.16884571243126e-151,"29","STXBP5L"
"RAPGEF43",7.67256102625449e-155,2.15504546650341,0.794,0.373,1.5345122052509e-151,"29","RAPGEF4"
"TMEM132C3",1.6934186475718e-153,1.57349079843777,0.925,0.533,3.3868372951436e-150,"29","TMEM132C"
"PITPNC13",2.42387928615337e-153,2.02346194537341,0.831,0.41,4.84775857230673e-150,"29","PITPNC1"
"THRB3",3.77342949604204e-153,2.11941920757521,0.782,0.344,7.54685899208408e-150,"29","THRB"
"ERBB46",5.54031086076699e-153,1.4257188939858,0.995,0.847,1.1080621721534e-149,"29","ERBB4"
"SLC24A33",6.21432053336795e-153,2.25641011385311,0.782,0.368,1.24286410667359e-149,"29","SLC24A3"
"CSGALNACT14",4.14291267750024e-152,1.87248394801014,0.743,0.265,8.28582535500047e-149,"29","CSGALNACT1"
"NTNG13",7.24787062672037e-152,2.28007137744979,0.724,0.266,1.44957412534407e-148,"29","NTNG1"
"NLGN4Y5",2.59790787146649e-151,1.96153064650231,0.881,0.527,5.19581574293298e-148,"29","NLGN4Y"
"PRKCA4",3.15268726422049e-149,1.32568216418938,0.988,0.732,6.30537452844097e-146,"29","PRKCA"
"CALCRL3",5.29719210465206e-148,1.96985659904551,0.692,0.24,1.05943842093041e-144,"29","CALCRL"
"RIMS23",4.30950392999669e-146,2.20985045841022,0.743,0.29,8.61900785999338e-143,"29","RIMS2"
"RGS73",6.97261344994065e-146,1.80310224796644,0.831,0.37,1.39452268998813e-142,"29","RGS7"
"UST4",1.40062281041193e-145,2.02658987646035,0.818,0.433,2.80124562082385e-142,"29","UST"
"SORBS110",1.45093755678715e-145,1.65964988577257,0.937,0.637,2.9018751135743e-142,"29","SORBS1"
"UNC803",1.72115109047158e-145,1.91849257382838,0.707,0.232,3.44230218094316e-142,"29","UNC80"
"ASAP16",1.43274080412381e-144,1.45418100122133,0.939,0.583,2.86548160824763e-141,"29","ASAP1"
"TRIO5",4.57397168590334e-143,1.35919035728456,0.91,0.522,9.14794337180669e-140,"29","TRIO"
"MAPK107",6.97660281060935e-143,1.50693281151226,0.956,0.64,1.39532056212187e-139,"29","MAPK10"
"CCDC503",3.00958891197051e-142,1.63844917651598,0.777,0.32,6.01917782394102e-139,"29","CCDC50"
"HECW13",9.23766921683915e-141,1.86959302035048,0.695,0.241,1.84753384336783e-137,"29","HECW1"
"CSRNP33",4.06580143932419e-140,1.71937262206686,0.835,0.441,8.13160287864838e-137,"29","CSRNP3"
"AL589740.17",5.90516684249453e-140,1.81546405309318,0.908,0.608,1.18103336849891e-136,"29","AL589740.1"
"ZNF804A4",1.92238216933323e-139,2.34313857603073,0.685,0.254,3.84476433866646e-136,"29","ZNF804A"
"DISC14",2.97474843515674e-139,1.6685384348597,0.811,0.381,5.94949687031349e-136,"29","DISC1"
"MPPED23",1.81931554451778e-138,1.72526091936675,0.676,0.229,3.63863108903556e-135,"29","MPPED2"
"CACNA1D4",3.20319111739955e-137,2.20761400602213,0.77,0.397,6.4063822347991e-134,"29","CACNA1D"
"XYLT14",2.10178290369777e-136,1.33704845278746,0.906,0.547,4.20356580739554e-133,"29","XYLT1"
"MYT1L3",6.27478118155229e-136,2.29788395740657,0.692,0.263,1.25495623631046e-132,"29","MYT1L"
"FERMT13",1.39834393601356e-135,1.79690041922113,0.695,0.283,2.79668787202712e-132,"29","FERMT1"
"POU6F23",3.44022716801475e-135,1.95261454750344,0.673,0.24,6.88045433602949e-132,"29","POU6F2"
"KLF123",4.01395568909633e-135,1.92442410835629,0.753,0.354,8.02791137819265e-132,"29","KLF12"
"NEBL3",2.65715415013498e-134,1.88526204349443,0.751,0.36,5.31430830026996e-131,"29","NEBL"
"LINC025883",3.34717099866309e-134,2.20974401104897,0.692,0.282,6.69434199732618e-131,"29","LINC02588"
"PID13",2.02287251827534e-131,1.89148304199604,0.746,0.359,4.04574503655068e-128,"29","PID1"
"PLPPR13",1.60493799465493e-129,1.52277133611434,0.906,0.556,3.20987598930985e-126,"29","PLPPR1"
"XKR43",2.08736789585354e-127,1.93836887946379,0.738,0.35,4.17473579170707e-124,"29","XKR4"
"CDK143",1.81952493095055e-126,1.85224150821175,0.814,0.501,3.6390498619011e-123,"29","CDK14"
"MAP3K54",9.51569190060852e-126,1.7614793950888,0.705,0.317,1.9031383801217e-122,"29","MAP3K5"
"NOL43",1.13358364852564e-125,1.8500071926433,0.695,0.303,2.26716729705127e-122,"29","NOL4"
"RNF1503",1.08126066364412e-121,1.83384419637451,0.697,0.315,2.16252132728823e-118,"29","RNF150"
"PALLD3",2.02841315916517e-118,1.94092519591806,0.722,0.386,4.05682631833034e-115,"29","PALLD"
"GRIA34",8.48962216156186e-118,1.47634349113106,0.763,0.369,1.69792443231237e-114,"29","GRIA3"
"LRP14",1.2701330518947e-117,1.54513086360216,0.646,0.236,2.5402661037894e-114,"29","LRP1"
"SLC2A134",7.47962231502669e-117,1.69836476750119,0.751,0.408,1.49592446300534e-113,"29","SLC2A13"
"CTXND13",1.24021820112078e-116,1.59592132451254,0.533,0.149,2.48043640224155e-113,"29","CTXND1"
"SEMA3E5",1.74619583037953e-116,1.73024113960227,0.688,0.302,3.49239166075906e-113,"29","SEMA3E"
"PLPP44",2.31470929074512e-116,1.75138908863586,0.818,0.563,4.62941858149023e-113,"29","PLPP4"
"ABHD23",3.53564300119756e-116,1.36269697498403,0.712,0.294,7.07128600239513e-113,"29","ABHD2"
"FAM19A23",4.053399367032e-116,1.99892071306929,0.705,0.343,8.10679873406399e-113,"29","FAM19A2"
"CADPS4",1.74756434680039e-115,1.69210812098206,0.685,0.309,3.49512869360077e-112,"29","CADPS"
"RALYL5",1.88232923054695e-115,2.00098959809484,0.671,0.289,3.76465846109389e-112,"29","RALYL"
"ATP13A43",1.20566498499581e-114,1.61416439830017,0.736,0.394,2.41132996999162e-111,"29","ATP13A4"
"TRIM94",4.06272311478567e-114,1.18966499291924,0.872,0.509,8.12544622957134e-111,"29","TRIM9"
"ESRRG5",5.14772872717266e-114,1.98184900615132,0.729,0.366,1.02954574543453e-110,"29","ESRRG"
"PDE7B3",8.24533559822866e-114,1.77434019562101,0.639,0.261,1.64906711964573e-110,"29","PDE7B"
"ASTN13",1.07410941507791e-113,1.56572700179895,0.705,0.344,2.14821883015581e-110,"29","ASTN1"
"HIF3A3",2.00223888996575e-113,1.41858777545109,0.695,0.322,4.00447777993151e-110,"29","HIF3A"
"GRIA45",2.95499428059497e-112,1.56165875009642,0.927,0.726,5.90998856118995e-109,"29","GRIA4"
"MSRA8",5.11957879475607e-112,1.54526704908261,0.77,0.411,1.02391575895121e-108,"29","MSRA"
"SORBS23",3.59454362014443e-111,1.76995120138708,0.627,0.26,7.18908724028886e-108,"29","SORBS2"
"TMEM1963",4.12336477816319e-111,1.46723758389215,0.508,0.132,8.24672955632639e-108,"29","TMEM196"
"LRRC76",4.59860993042991e-109,1.39670991331595,0.906,0.755,9.19721986085981e-106,"29","LRRC7"
"B3GAT23",7.60177634769021e-109,1.73275527392894,0.646,0.297,1.52035526953804e-105,"29","B3GAT2"
"BCAN3",7.35575821268878e-108,1.75582186188435,0.668,0.297,1.47115164253776e-104,"29","BCAN"
"GUCY1A23",8.57807635618692e-108,1.74060856613924,0.69,0.359,1.71561527123738e-104,"29","GUCY1A2"
"CASK3",2.01747632253748e-107,1.40286411976667,0.809,0.489,4.03495264507496e-104,"29","CASK"
"CDH183",1.39459771592813e-106,1.79953595454968,0.644,0.3,2.78919543185626e-103,"29","CDH18"
"FRY5",2.02220782126879e-106,1.41348703520124,0.787,0.46,4.04441564253757e-103,"29","FRY"
"SHISA93",1.62677171788288e-105,1.71638528724495,0.642,0.269,3.25354343576577e-102,"29","SHISA9"
"RIT23",3.30829881503424e-105,1.84404128735614,0.562,0.2,6.61659763006848e-102,"29","RIT2"
"RAB314",1.35297427996368e-104,1.5152190475736,0.7,0.356,2.70594855992737e-101,"29","RAB31"
"PDE4D8",1.45564336789428e-104,1.279976298915,0.923,0.636,2.91128673578857e-101,"29","PDE4D"
"FAM110B4",3.73573020023684e-104,1.63485819165134,0.637,0.283,7.47146040047369e-101,"29","FAM110B"
"SCN9A3",8.35156301890689e-104,1.63768833986892,0.62,0.269,1.67031260378138e-100,"29","SCN9A"
"ITPR24",1.65782151490392e-102,1.48314306388513,0.785,0.508,3.31564302980784e-99,"29","ITPR2"
"NELL13",2.05997346322703e-101,2.00441186073913,0.605,0.267,4.11994692645407e-98,"29","NELL1"
"KIF26B3",7.41739310081921e-101,1.75475135908387,0.666,0.344,1.48347862016384e-97,"29","KIF26B"
"FCHSD212",8.29552032872559e-101,1.03168472994457,0.93,0.618,1.65910406574512e-97,"29","FCHSD2"
"CDH133",2.54255737878752e-99,1.45447771519217,0.719,0.37,5.08511475757505e-96,"29","CDH13"
"FAM19A13",3.06571833896874e-99,2.21500974118902,0.644,0.328,6.13143667793748e-96,"29","FAM19A1"
"EGFR3",2.6055235131411e-98,1.94365720984394,0.632,0.31,5.21104702628221e-95,"29","EGFR"
"LRRK24",8.53096431647858e-96,1.48632967509721,0.576,0.23,1.70619286329572e-92,"29","LRRK2"
"SERPINE23",3.06940351835878e-94,1.36392626488246,0.605,0.274,6.13880703671757e-91,"29","SERPINE2"
"LMO33",5.11677220210736e-94,1.45202023321231,0.523,0.199,1.02335444042147e-90,"29","LMO3"
"MT-ATP69",9.35773680499969e-94,2.46229325905874,0.809,0.562,1.87154736099994e-90,"29","MT-ATP6"
"HRASLS3",2.04239347174189e-93,1.47089703025198,0.516,0.185,4.08478694348377e-90,"29","HRASLS"
"NEGR17",6.16948487526562e-93,1.20563027554592,0.903,0.678,1.23389697505312e-89,"29","NEGR1"
"CACNA2D33",6.37961619781988e-93,1.58980446490421,0.634,0.312,1.27592323956398e-89,"29","CACNA2D3"
"TMEM132B4",1.29557212690839e-92,1.51588893416477,0.668,0.361,2.59114425381678e-89,"29","TMEM132B"
"BASP1-AS13",2.25084375498737e-92,1.61349311101025,0.554,0.234,4.50168750997474e-89,"29","BASP1-AS1"
"PDZRN43",3.42607998234703e-92,1.97272409960862,0.622,0.319,6.85215996469405e-89,"29","PDZRN4"
"MARK14",7.2705860806524e-92,1.42240849077586,0.676,0.377,1.45411721613048e-88,"29","MARK1"
"SNAP915",9.02762356909146e-92,1.50996175371381,0.634,0.319,1.80552471381829e-88,"29","SNAP91"
"NOS13",1.74423975114588e-91,1.4380793939957,0.542,0.227,3.48847950229177e-88,"29","NOS1"
"GAD13",3.95905157536444e-91,1.33297543148839,0.501,0.174,7.91810315072888e-88,"29","GAD1"
"PRICKLE24",4.76737539160678e-91,1.55109471516814,0.581,0.269,9.53475078321356e-88,"29","PRICKLE2"
"C1orf213",1.93388623800791e-89,1.58355830050646,0.676,0.401,3.86777247601582e-86,"29","C1orf21"
"ADAMTS174",2.13536972797445e-89,1.67197426990574,0.622,0.319,4.27073945594889e-86,"29","ADAMTS17"
"MT-ND46",2.90009107457395e-89,2.446776323748,0.787,0.541,5.8001821491479e-86,"29","MT-ND4"
"TAOK35",3.57956738526619e-89,0.874201865094346,0.918,0.668,7.15913477053238e-86,"29","TAOK3"
"KCNIP14",1.49038221594932e-88,1.4955984089439,0.574,0.247,2.98076443189864e-85,"29","KCNIP1"
"GLCCI13",1.73670179151596e-88,1.43293414751505,0.722,0.441,3.47340358303191e-85,"29","GLCCI1"
"PRKG23",9.0084014990276e-88,1.49399214101469,0.523,0.207,1.80168029980552e-84,"29","PRKG2"
"GSG1L3",3.41204684537481e-86,1.55854482873102,0.593,0.296,6.82409369074961e-83,"29","GSG1L"
"NTRK26",1.09040016387478e-85,0.958595812975978,0.852,0.551,2.18080032774957e-82,"29","NTRK2"
"TMEM1083",1.22813103060201e-85,1.56063874664909,0.671,0.395,2.45626206120402e-82,"29","TMEM108"
"ARHGAP423",2.82022053338657e-85,1.5681476261719,0.622,0.342,5.64044106677314e-82,"29","ARHGAP42"
"DZIP13",9.12251803929028e-85,1.31722985707175,0.535,0.227,1.82450360785806e-81,"29","DZIP1"
"MT-ND15",1.03473347806165e-84,2.22646479662124,0.726,0.474,2.0694669561233e-81,"29","MT-ND1"
"ST6GAL23",2.07050566190557e-84,1.23239943763219,0.429,0.122,4.14101132381114e-81,"29","ST6GAL2"
"FAM13A5",9.75560132486256e-83,1.62210927047786,0.68,0.444,1.95112026497251e-79,"29","FAM13A"
"MT-ND27",2.42315856014142e-82,2.1715475103103,0.738,0.506,4.84631712028284e-79,"29","MT-ND2"
"ZEB1-AS13",5.07895709109562e-81,1.64428556001893,0.523,0.228,1.01579141821912e-77,"29","ZEB1-AS1"
"MYT13",1.97783879648196e-80,1.03171189350303,0.482,0.171,3.95567759296391e-77,"29","MYT1"
"TMEM178B3",2.54276409332164e-80,1.38645059240023,0.61,0.32,5.08552818664328e-77,"29","TMEM178B"
"COL9A13",2.77439342063751e-80,1.35088244185252,0.567,0.264,5.54878684127502e-77,"29","COL9A1"
"FIGN6",1.24090978015581e-79,1.06358941852661,0.794,0.517,2.48181956031161e-76,"29","FIGN"
"MYO163",8.1897390087776e-79,1.55571721419565,0.538,0.251,1.63794780175552e-75,"29","MYO16"
"MT-ND37",1.04525941089351e-78,1.79679443501101,0.782,0.554,2.09051882178702e-75,"29","MT-ND3"
"TTTY148",1.91476531396368e-78,1.46422555849438,0.717,0.476,3.82953062792737e-75,"29","TTTY14"
"NR2F1-AS13",2.24654957416176e-78,1.38348697410144,0.499,0.216,4.49309914832351e-75,"29","NR2F1-AS1"
"LINC004613",9.79069612509154e-78,1.11246091932903,0.642,0.344,1.95813922501831e-74,"29","LINC00461"
"ETV13",3.96874670656037e-77,1.40874007706201,0.499,0.207,7.93749341312075e-74,"29","ETV1"
"MARCKS4",1.20192976123474e-76,1.3859995215756,0.596,0.318,2.40385952246948e-73,"29","MARCKS"
"RNF1804",1.45119091729695e-76,1.45123984693205,0.586,0.326,2.9023818345939e-73,"29","RNF180"
"SULF23",5.05333671489567e-75,1.29153230422656,0.571,0.288,1.01066734297913e-71,"29","SULF2"
"TENM14",7.95347931007384e-75,1.47533812382881,0.562,0.294,1.59069586201477e-71,"29","TENM1"
"CPE3",3.79631874640698e-73,1.20640544095049,0.569,0.292,7.59263749281396e-70,"29","CPE"
"REV3L5",6.40855543280361e-73,0.918905080145574,0.818,0.56,1.28171108656072e-69,"29","REV3L"
"CRB13",1.1750654073159e-72,1.27411204376988,0.673,0.426,2.35013081463179e-69,"29","CRB1"
"VWC23",1.43893366721756e-72,1.38930489194023,0.431,0.158,2.87786733443512e-69,"29","VWC2"
"MT-CO28",7.52540447823045e-72,2.43068893563494,0.801,0.617,1.50508089564609e-68,"29","MT-CO2"
"RIMS14",8.74310748801646e-72,1.50659037778456,0.649,0.422,1.74862149760329e-68,"29","RIMS1"
"GOLIM44",1.41662478529193e-71,1.26361797549436,0.632,0.389,2.83324957058385e-68,"29","GOLIM4"
"DGKI3",1.56982578318502e-71,1.12305472321637,0.709,0.455,3.13965156637003e-68,"29","DGKI"
"SEL1L33",2.82196654877467e-71,1.52476505283028,0.513,0.247,5.64393309754935e-68,"29","SEL1L3"
"CMYA53",7.99501490651661e-71,1.50928122097083,0.574,0.332,1.59900298130332e-67,"29","CMYA5"
"DIAPH24",8.29777667573795e-71,1.40783153700598,0.562,0.313,1.65955533514759e-67,"29","DIAPH2"
"SNAP255",4.31068820613284e-70,1.06752235813875,0.506,0.235,8.62137641226567e-67,"29","SNAP25"
"SYT174",7.0045489387097e-70,1.29810516375605,0.53,0.269,1.40090978774194e-66,"29","SYT17"
"SLC4A103",7.89938973681865e-69,1.25972166518371,0.45,0.21,1.57987794736373e-65,"29","SLC4A10"
"ERC24",1.87136959268603e-68,1.29115629427561,0.656,0.403,3.74273918537206e-65,"29","ERC2"
"PTPRN23",5.47813642012313e-68,1.29549175304077,0.559,0.321,1.09562728402463e-64,"29","PTPRN2"
"ST6GAL14",1.35124683304735e-67,1.37395287357366,0.569,0.323,2.70249366609471e-64,"29","ST6GAL1"
"MT-CO18",2.64900482928614e-67,1.98066147576793,0.673,0.468,5.29800965857227e-64,"29","MT-CO1"
"SLC44A53",5.25143014928555e-67,1.71592516866518,0.598,0.389,1.05028602985711e-63,"29","SLC44A5"
"CA83",5.75320817476638e-67,1.50378814959426,0.501,0.246,1.15064163495328e-63,"29","CA8"
"GRIA13",7.54971619874912e-67,1.1894237144929,0.477,0.232,1.50994323974982e-63,"29","GRIA1"
"MCTP14",8.42496888644624e-67,1.55863205634656,0.564,0.34,1.68499377728925e-63,"29","MCTP1"
"RUNX1T15",6.38531533527567e-66,1.26375806857118,0.639,0.417,1.27706306705513e-62,"29","RUNX1T1"
"MAGI35",8.63324071687876e-66,1.60699863644424,0.61,0.408,1.72664814337575e-62,"29","MAGI3"
"SPARCL14",2.13959022088642e-65,1.1009359913958,0.513,0.256,4.27918044177285e-62,"29","SPARCL1"
"DCLK24",1.89207090010906e-64,1.23429144502598,0.554,0.331,3.78414180021811e-61,"29","DCLK2"
"ST8SIA13",9.06588466280753e-64,1.29757545002154,0.504,0.274,1.81317693256151e-60,"29","ST8SIA1"
"LINC022233",1.32826106804811e-63,1.41382565115707,0.4,0.167,2.65652213609622e-60,"29","LINC02223"
"GABRB33",7.37566237314438e-63,1.4140699314976,0.523,0.304,1.47513247462888e-59,"29","GABRB3"
"SHC33",1.100069315252e-62,1.19154406787706,0.593,0.373,2.20013863050401e-59,"29","SHC3"
"PDGFRA3",1.38742157544823e-62,1.11561001026592,0.404,0.151,2.77484315089647e-59,"29","PDGFRA"
"SAMD4A8",2.45819251589157e-62,1.19509825357333,0.731,0.53,4.91638503178314e-59,"29","SAMD4A"
"OSBPL63",4.09091752875838e-62,1.2598255768613,0.467,0.241,8.18183505751676e-59,"29","OSBPL6"
"ZNF3655",1.05182995405662e-61,1.04122035984574,0.77,0.576,2.10365990811325e-58,"29","ZNF365"
"ALK3",1.26191252375417e-61,1.53100351417837,0.586,0.375,2.52382504750833e-58,"29","ALK"
"ANTXR13",6.81165899892492e-60,1.43368436099005,0.533,0.31,1.36233179978498e-56,"29","ANTXR1"
"SLC38A14",7.37229760599856e-60,1.13233789422906,0.506,0.287,1.47445952119971e-56,"29","SLC38A1"
"XKR65",8.27919874221038e-60,1.2324109027228,0.714,0.548,1.65583974844208e-56,"29","XKR6"
"IGSF214",1.77334676111881e-59,0.948917215763412,0.443,0.203,3.54669352223762e-56,"29","IGSF21"
"FMN23",2.18008064519963e-59,1.3125882201778,0.588,0.394,4.36016129039927e-56,"29","FMN2"
"HDAC95",9.20629118612561e-59,1.16235943801464,0.731,0.529,1.84125823722512e-55,"29","HDAC9"
"MT-CO38",1.70642630941964e-58,2.1702888152855,0.719,0.575,3.41285261883929e-55,"29","MT-CO3"
"BCHE3",1.87791068915182e-58,1.40369659917928,0.54,0.344,3.75582137830363e-55,"29","BCHE"
"PTPRT3",2.00656170679017e-57,1.66999962196251,0.518,0.322,4.01312341358034e-54,"29","PTPRT"
"ARHGEF43",8.9593059584606e-57,1.1493466873038,0.525,0.322,1.79186119169212e-53,"29","ARHGEF4"
"FRMD4A4",1.29977207473997e-56,0.800061441182643,0.7,0.483,2.59954414947994e-53,"29","FRMD4A"
"PAK33",1.66932452390501e-56,1.12780182550424,0.358,0.167,3.33864904781003e-53,"29","PAK3"
"SUSD42",3.08003148622397e-56,1.02850998158115,0.375,0.162,6.16006297244794e-53,"29","SUSD4"
"RBFOX17",2.33424414088356e-55,0.964383175775345,0.7,0.48,4.66848828176713e-52,"29","RBFOX1"
"GRIN2B3",4.90972696129225e-55,1.09324033447822,0.412,0.206,9.8194539225845e-52,"29","GRIN2B"
"BASP14",2.28737798691162e-54,0.778044765263573,0.378,0.195,4.57475597382324e-51,"29","BASP1"
"PLEKHH23",2.77982787947665e-54,1.24400069934137,0.508,0.314,5.55965575895331e-51,"29","PLEKHH2"
"CST36",2.825086629203e-54,1.24629181050862,0.479,0.276,5.65017325840599e-51,"29","CST3"
"CAMK2D9",2.97657616492882e-54,0.765342685356138,0.794,0.595,5.95315232985764e-51,"29","CAMK2D"
"FGFR18",4.58171167191204e-54,1.0141885756149,0.639,0.462,9.16342334382409e-51,"29","FGFR1"
"DPYSL33",8.43667983764992e-54,1.01155888279652,0.443,0.242,1.68733596752998e-50,"29","DPYSL3"
"GPR1583",1.0012084356438e-53,1.31165305386359,0.504,0.312,2.0024168712876e-50,"29","GPR158"
"NTN13",1.26293263066053e-53,1.21437994701083,0.484,0.273,2.52586526132106e-50,"29","NTN1"
"UNC794",1.50254343555609e-53,1.09324961356928,0.615,0.408,3.00508687111218e-50,"29","UNC79"
"LRMDA2",1.56680742654539e-53,1.88793271251136,0.533,0.354,3.13361485309078e-50,"29","LRMDA"
"NCALD3",2.73217716317947e-53,1.39454352066696,0.479,0.295,5.46435432635895e-50,"29","NCALD"
"NTM8",6.16643968589923e-53,0.578790560587044,0.985,0.879,1.23328793717985e-49,"29","NTM"
"THSD7A3",7.26402379835084e-53,1.36948863035003,0.424,0.223,1.45280475967017e-49,"29","THSD7A"
"TNS34",1.01769772165737e-52,1.18428228718211,0.54,0.344,2.03539544331474e-49,"29","TNS3"
"HSPA4L8",1.83316174097311e-52,1.24383860575966,0.717,0.593,3.66632348194623e-49,"29","HSPA4L"
"PDGFC4",4.27736698326665e-52,1.33368979769186,0.506,0.306,8.55473396653331e-49,"29","PDGFC"
"ELAVL43",4.82333028855203e-52,0.933103293401754,0.351,0.171,9.64666057710406e-49,"29","ELAVL4"
"SYT163",2.79625446392615e-51,0.858372698468284,0.344,0.191,5.5925089278523e-48,"29","SYT16"
"C1orf613",3.73968258742791e-50,0.772851782461195,0.467,0.27,7.47936517485581e-47,"29","C1orf61"
"LRRFIP14",4.13823733292447e-50,1.0678518234244,0.477,0.298,8.27647466584894e-47,"29","LRRFIP1"
"PARP85",2.85419833282882e-49,1.31670271962523,0.46,0.28,5.70839666565763e-46,"29","PARP8"
"LPP5",6.09284397919384e-49,0.746283827144406,0.772,0.589,1.21856879583877e-45,"29","LPP"
"ASTN27",9.11972470689555e-49,0.675461419669709,0.847,0.664,1.82394494137911e-45,"29","ASTN2"
"DDAH13",2.05462016245951e-47,1.11637109682405,0.397,0.234,4.10924032491902e-44,"29","DDAH1"
"CCSER13",3.40780505771794e-47,1.67310314233537,0.506,0.347,6.81561011543587e-44,"29","CCSER1"
"LAMA43",6.60145398965996e-47,1.22235902900089,0.424,0.245,1.32029079793199e-43,"29","LAMA4"
"RAB3C3",1.6221227777952e-46,0.953867629234216,0.344,0.189,3.24424555559039e-43,"29","RAB3C"
"PCSK54",8.14401194389569e-46,1.47118623293344,0.559,0.425,1.62880238877914e-42,"29","PCSK5"
"PLCB43",9.44705477988528e-46,1.37822109675099,0.475,0.295,1.88941095597706e-42,"29","PLCB4"
"MGLL3",1.056933439758e-45,1.21180447021645,0.489,0.331,2.11386687951599e-42,"29","MGLL"
"DPH6-DT3",1.89667794536398e-45,1.27339897550657,0.62,0.477,3.79335589072796e-42,"29","DPH6-DT"
"MEF2C-AS14",2.45122012410026e-45,1.57618436411711,0.475,0.318,4.90244024820051e-42,"29","MEF2C-AS1"
"LRFN53",2.54366207300295e-45,1.48399816231124,0.409,0.251,5.08732414600589e-42,"29","LRFN5"
"LINC022832",1.33551544255729e-44,1.12014151296617,0.341,0.185,2.67103088511457e-41,"29","LINC02283"
"ARHGAP314",1.45165163766897e-44,1.22760920243719,0.513,0.358,2.90330327533795e-41,"29","ARHGAP31"
"MID14",1.46070081367288e-44,1.25078373725378,0.506,0.357,2.92140162734576e-41,"29","MID1"
"PACS14",1.60658185007397e-44,0.970420513994624,0.516,0.353,3.21316370014794e-41,"29","PACS1"
"CHST93",1.666978792658e-44,1.40929359039897,0.504,0.324,3.33395758531601e-41,"29","CHST9"
"NMNAT23",2.19484013476924e-44,1.31676898228536,0.453,0.294,4.38968026953848e-41,"29","NMNAT2"
"DGKB3",2.82148436211087e-44,1.63578940329615,0.46,0.314,5.64296872422175e-41,"29","DGKB"
"RPS6KA36",3.3157712234081e-44,1.01792081498598,0.569,0.413,6.6315424468162e-41,"29","RPS6KA3"
"KHDRBS23",1.57287120610181e-43,1.44641612436924,0.501,0.356,3.14574241220361e-40,"29","KHDRBS2"
"MAP3K14",3.59362692016931e-43,0.994433274965503,0.458,0.31,7.18725384033861e-40,"29","MAP3K1"
"RAMP14",4.59384574841894e-43,0.978282235410005,0.492,0.339,9.18769149683788e-40,"29","RAMP1"
"ADRA1A3",9.50323380585969e-43,1.07316550950538,0.387,0.212,1.90064676117194e-39,"29","ADRA1A"
"ATCAY3",1.17939117464458e-42,0.810912575650819,0.339,0.179,2.35878234928917e-39,"29","ATCAY"
"MPZL14",1.80226468150886e-42,1.01383360454821,0.431,0.287,3.60452936301773e-39,"29","MPZL1"
"TNIK6",2.34221100383343e-42,0.745640617181263,0.77,0.638,4.68442200766685e-39,"29","TNIK"
"SMYD35",3.84096091744584e-42,0.951066736027522,0.659,0.506,7.68192183489169e-39,"29","SMYD3"
"MIAT3",5.08131559251635e-42,0.569293117291297,0.254,0.112,1.01626311850327e-38,"29","MIAT"
"ANO53",6.11314724247887e-42,0.876624658117072,0.312,0.153,1.22262944849577e-38,"29","ANO5"
"EMID13",6.9032610347961e-42,0.993677579622885,0.39,0.21,1.38065220695922e-38,"29","EMID1"
"OLFM23",1.49352889608646e-41,0.833879362198247,0.375,0.212,2.98705779217291e-38,"29","OLFM2"
"TACC23",1.57523064805132e-41,0.876081731123019,0.366,0.222,3.15046129610265e-38,"29","TACC2"
"TRERF14",3.20427944269808e-41,0.983874926509409,0.375,0.211,6.40855888539616e-38,"29","TRERF1"
"MAST46",3.63906331687711e-41,1.02216203121642,0.545,0.395,7.27812663375422e-38,"29","MAST4"
"FOXN34",8.17145288574995e-41,0.754565973015235,0.663,0.505,1.63429057714999e-37,"29","FOXN3"
"DPY19L23",9.56534959933827e-41,1.30134354891117,0.513,0.386,1.91306991986765e-37,"29","DPY19L2"
"AMPH3",1.27361773724188e-40,0.930406667257161,0.341,0.194,2.54723547448376e-37,"29","AMPH"
"GNG23",1.45316224982555e-40,0.915469471148385,0.341,0.193,2.9063244996511e-37,"29","GNG2"
"CHN14",2.5069365640097e-40,0.61666431540227,0.429,0.275,5.0138731280194e-37,"29","CHN1"
"TSC22D13",7.08386118851146e-40,0.709848268318259,0.642,0.461,1.41677223770229e-36,"29","TSC22D1"
"NSG23",7.75673734286102e-40,0.830501604043912,0.32,0.195,1.5513474685722e-36,"29","NSG2"
"IGSF9B3",9.16908565309911e-40,0.759687997176746,0.37,0.206,1.83381713061982e-36,"29","IGSF9B"
"ASIC42",9.92454261568585e-40,0.913714659369365,0.349,0.18,1.98490852313717e-36,"29","ASIC4"
"KCNAB19",1.00024599367878e-39,0.727840789608363,0.649,0.48,2.00049198735756e-36,"29","KCNAB1"
"CNKSR24",2.82333144471186e-39,0.957114131119126,0.354,0.224,5.64666288942372e-36,"29","CNKSR2"
"TNK23",8.14531699272977e-39,0.825929112908013,0.506,0.353,1.62906339854595e-35,"29","TNK2"
"GRIK49",2.11121543513505e-38,0.796694223249923,0.571,0.419,4.22243087027009e-35,"29","GRIK4"
"ZMAT32",2.43194344924372e-38,0.692453967458037,0.341,0.229,4.86388689848743e-35,"29","ZMAT3"
"KALRN4",2.43594589139519e-38,0.834012379640929,0.47,0.33,4.87189178279037e-35,"29","KALRN"
"RALGPS24",2.88963011116642e-38,1.11619704439458,0.412,0.269,5.77926022233283e-35,"29","RALGPS2"
"NETO13",8.38499465092853e-38,1.14635271748234,0.387,0.248,1.67699893018571e-34,"29","NETO1"
"ATP1A23",8.95125708955656e-38,0.987818064738484,0.407,0.271,1.79025141791131e-34,"29","ATP1A2"
"STK32B3",1.93009222596187e-37,1.34080130576291,0.46,0.306,3.86018445192373e-34,"29","STK32B"
"BRINP13",3.83655661695372e-37,0.840449814014648,0.327,0.2,7.67311323390744e-34,"29","BRINP1"
"SMAD34",4.16801325656779e-37,1.04839963507164,0.4,0.243,8.33602651313558e-34,"29","SMAD3"
"ADCY23",4.25404745708344e-37,1.23563265009193,0.472,0.356,8.50809491416687e-34,"29","ADCY2"
"IL1RAP4",6.93952289204154e-37,0.887859281855584,0.414,0.258,1.38790457840831e-33,"29","IL1RAP"
"TSPAN73",2.21802353364831e-36,0.565493474365413,0.252,0.18,4.43604706729663e-33,"29","TSPAN7"
"CPNE53",3.02332343044619e-35,0.72169038307181,0.3,0.159,6.04664686089238e-32,"29","CPNE5"
"ADCY83",6.44857041800532e-35,1.33270077629525,0.45,0.306,1.28971408360106e-31,"29","ADCY8"
"ADGRG13",1.40537624814426e-34,0.740191072164037,0.303,0.199,2.81075249628851e-31,"29","ADGRG1"
"PAM3",1.71748620438565e-34,1.16443409635523,0.436,0.316,3.4349724087713e-31,"29","PAM"
"GPR37L12",1.80229530251791e-34,0.410832965377082,0.252,0.187,3.60459060503582e-31,"29","GPR37L1"
"RAB3IP5",1.84858354771521e-34,0.644542565328232,0.581,0.44,3.69716709543043e-31,"29","RAB3IP"
"CLVS13",2.48111109197091e-34,1.02416083613136,0.419,0.308,4.96222218394183e-31,"29","CLVS1"
"OSBPL34",3.32827179726104e-34,1.23169559093886,0.361,0.242,6.65654359452208e-31,"29","OSBPL3"
"CACNA1C3",4.12534461095093e-34,1.19545421632354,0.523,0.426,8.25068922190185e-31,"29","CACNA1C"
"KCTD163",4.44867410452634e-34,1.24407663542313,0.4,0.296,8.89734820905268e-31,"29","KCTD16"
"MEF2C4",5.43386521224714e-34,0.581397689084496,0.276,0.201,1.08677304244943e-30,"29","MEF2C"
"PHLDA12",5.77592924805172e-34,0.976974206984739,0.383,0.243,1.15518584961034e-30,"29","PHLDA1"
"FARP14",1.12781347997343e-33,1.05816720963114,0.419,0.298,2.25562695994687e-30,"29","FARP1"
"BCAS16",1.77598576628977e-33,0.448068798838505,0.92,0.838,3.55197153257955e-30,"29","BCAS1"
"ZNF385D1",4.39203312105116e-33,1.05204015172519,0.341,0.247,8.78406624210233e-30,"29","ZNF385D"
"HUNK4",5.48324786964824e-33,1.82951808959987,0.462,0.358,1.09664957392965e-29,"29","HUNK"
"EPN23",6.68563209112571e-33,0.660879231468336,0.804,0.739,1.33712641822514e-29,"29","EPN2"
"LINC019653",7.40812912244322e-33,1.17378139163977,0.39,0.235,1.48162582448864e-29,"29","LINC01965"
"SYT145",1.60878153041496e-32,0.715864243675379,0.45,0.328,3.21756306082991e-29,"29","SYT14"
"ATP2B23",3.57163266159686e-32,0.775162105370515,0.305,0.207,7.14326532319372e-29,"29","ATP2B2"
"MACROD27",4.17145371861642e-32,1.03815415914942,0.671,0.594,8.34290743723285e-29,"29","MACROD2"
"MLLT34",4.33342606838449e-32,0.611180944559769,0.6,0.461,8.66685213676898e-29,"29","MLLT3"
"ANO64",1.12466750848952e-31,1.17498522486222,0.424,0.324,2.24933501697904e-28,"29","ANO6"
"SLC8A33",2.09306305083122e-31,0.878470165042456,0.332,0.242,4.18612610166243e-28,"29","SLC8A3"
"CSPG51",2.96323723551576e-31,0.655800790397376,0.269,0.202,5.92647447103152e-28,"29","CSPG5"
"NRG27",2.98363477777947e-31,0.805828046994155,0.438,0.339,5.96726955555894e-28,"29","NRG2"
"CNTN34",9.48780515532729e-31,1.2602498940122,0.586,0.531,1.89756103106546e-27,"29","CNTN3"
"CLU6",1.00630415572237e-30,0.554740908049707,0.523,0.366,2.01260831144474e-27,"29","CLU"
"SLC1A32",1.26522374790196e-30,0.509377015080585,0.705,0.563,2.53044749580392e-27,"29","SLC1A3"
"PKNOX23",1.7925136969682e-30,1.13356750065149,0.46,0.361,3.58502739393639e-27,"29","PKNOX2"
"FHIT5",1.83240645405124e-30,0.484531103023468,0.937,0.81,3.66481290810248e-27,"29","FHIT"
"SCG32",2.07637784327436e-30,0.692768766722149,0.269,0.201,4.15275568654871e-27,"29","SCG3"
"TLL12",2.73221147459291e-30,1.1333925952669,0.305,0.174,5.46442294918581e-27,"29","TLL1"
"CNTNAP25",3.54900108447758e-30,1.17062815143942,0.581,0.455,7.09800216895516e-27,"29","CNTNAP2"
"TTN-AS13",4.76973166059333e-30,1.01730910386183,0.501,0.403,9.53946332118666e-27,"29","TTN-AS1"
"PELI24",6.69677490563727e-30,0.826265923083148,0.557,0.462,1.33935498112745e-26,"29","PELI2"
"MYRFL3",9.93175486977795e-30,1.40277110011517,0.446,0.35,1.98635097395559e-26,"29","MYRFL"
"ABCA14",1.35691165846445e-29,0.896082278933137,0.416,0.328,2.7138233169289e-26,"29","ABCA1"
"NR3C23",3.09693082910198e-29,0.846151189991613,0.53,0.43,6.19386165820396e-26,"29","NR3C2"
"DTNA10",3.19312214016141e-29,0.561942510487817,0.712,0.601,6.38624428032282e-26,"29","DTNA"
"UPP23",3.66052042539924e-29,1.17563861004306,0.455,0.376,7.32104085079847e-26,"29","UPP2"
"ARHGEF263",6.52050174521818e-29,1.20688933265688,0.397,0.29,1.30410034904364e-25,"29","ARHGEF26"
"MED12L3",6.65793096061466e-29,1.08278179140988,0.404,0.318,1.33158619212293e-25,"29","MED12L"
"EML55",1.01248676238709e-28,0.847671251840171,0.363,0.286,2.02497352477418e-25,"29","EML5"
"LHFPL23",2.60018574128715e-28,1.06639806012562,0.46,0.381,5.20037148257431e-25,"29","LHFPL2"
"PLEKHA54",2.75165605060633e-28,0.888191156237889,0.6,0.524,5.50331210121267e-25,"29","PLEKHA5"
"FBXL175",5.10616741648746e-28,0.641612519526775,0.562,0.443,1.02123348329749e-24,"29","FBXL17"
"GPC63",1.59619221809934e-27,1.64446759918589,0.407,0.319,3.19238443619867e-24,"29","GPC6"
"DOK63",1.6948790939866e-27,1.1163136683577,0.346,0.278,3.38975818797319e-24,"29","DOK6"
"SGCD5",1.70825625484102e-27,0.652668597499139,0.717,0.632,3.41651250968205e-24,"29","SGCD"
"PDLIM53",1.7590926731806e-27,0.905624414687921,0.535,0.456,3.5181853463612e-24,"29","PDLIM5"
"SYN23",2.22626908879263e-27,0.745014367778696,0.266,0.213,4.45253817758527e-24,"29","SYN2"
"CNTN42",2.57171494433813e-27,0.979048509065472,0.317,0.254,5.14342988867627e-24,"29","CNTN4"
"U91319.13",4.26592652112078e-27,1.24856669716615,0.419,0.307,8.53185304224156e-24,"29","U91319.1"
"BRINP23",6.28721323423468e-27,0.651478194418292,0.271,0.226,1.25744264684694e-23,"29","BRINP2"
"SAT13",6.29790525618644e-27,0.560058198919222,0.308,0.246,1.25958105123729e-23,"29","SAT1"
"ADGRB13",9.53086853457696e-27,0.636758939020096,0.269,0.173,1.90617370691539e-23,"29","ADGRB1"
"SLC35F34",2.40268514747971e-26,1.10203602891768,0.443,0.369,4.80537029495941e-23,"29","SLC35F3"
"NELL23",5.8850288565578e-26,0.985460709619817,0.288,0.238,1.17700577131156e-22,"29","NELL2"
"TEK3",1.06127857486448e-25,1.02468467216311,0.419,0.328,2.12255714972897e-22,"29","TEK"
"SLC1A13",1.16513802847559e-25,1.05093632265835,0.424,0.334,2.33027605695118e-22,"29","SLC1A1"
"CDH23",1.21150797441753e-25,0.730204978467846,0.482,0.393,2.42301594883506e-22,"29","CDH2"
"AL110292.13",1.94423590668242e-25,1.5683581373988,0.409,0.324,3.88847181336483e-22,"29","AL110292.1"
"AMZ13",2.77003726242984e-25,0.709060141971328,0.358,0.297,5.54007452485967e-22,"29","AMZ1"
"NTN43",4.96051144528341e-25,0.763235922159624,0.286,0.215,9.92102289056682e-22,"29","NTN4"
"GNPTAB3",7.68128419766041e-25,0.764226962399787,0.426,0.358,1.53625683953208e-21,"29","GNPTAB"
"EIF2AK25",1.07506180780201e-24,0.602936934941224,0.383,0.315,2.15012361560401e-21,"29","EIF2AK2"
"FUT97",2.53828816036274e-24,0.61039862274782,0.608,0.522,5.07657632072548e-21,"29","FUT9"
"MKL23",2.56986102328862e-24,0.9251202051977,0.368,0.313,5.13972204657724e-21,"29","MKL2"
"PLCE13",6.82817671140985e-24,0.94862159138725,0.378,0.305,1.36563534228197e-20,"29","PLCE1"
"FHOD33",6.90888587868339e-24,0.865628918274683,0.32,0.257,1.38177717573668e-20,"29","FHOD3"
"GRAMD1B4",1.11818870342913e-23,0.828764597000179,0.341,0.271,2.23637740685825e-20,"29","GRAMD1B"
"PLCL25",1.27481615410952e-23,0.691830065965091,0.315,0.262,2.54963230821904e-20,"29","PLCL2"
"UBA6-AS15",1.53031538339267e-23,0.82263332473274,0.479,0.406,3.06063076678534e-20,"29","UBA6-AS1"
"ZSWIM51",1.82160845370436e-23,0.721992636828547,0.489,0.415,3.64321690740871e-20,"29","ZSWIM5"
"SEMA5B3",2.75991762473528e-23,0.884870466788075,0.305,0.206,5.51983524947057e-20,"29","SEMA5B"
"SLIT13",5.08704490064812e-23,0.968839605425068,0.341,0.284,1.01740898012962e-19,"29","SLIT1"
"PTN6",6.97741768299899e-23,0.430103224754013,0.639,0.525,1.3954835365998e-19,"29","PTN"
"MMD23",1.58989268964062e-22,0.941127271770711,0.375,0.287,3.17978537928123e-19,"29","MMD2"
"ME14",1.60833861438904e-22,0.580444648969157,0.322,0.281,3.21667722877808e-19,"29","ME1"
"GRAMD1C3",5.76022037146499e-22,0.994947768236642,0.38,0.302,1.152044074293e-18,"29","GRAMD1C"
"CABLES14",9.54153139653724e-22,0.76578727547717,0.254,0.179,1.90830627930745e-18,"29","CABLES1"
"CACNG43",1.17697107840385e-21,0.959302088257345,0.392,0.281,2.35394215680771e-18,"29","CACNG4"
"ASIC23",1.7535448821339e-21,0.845599895657539,0.305,0.264,3.5070897642678e-18,"29","ASIC2"
"KCNMB2-AS13",2.06564083755113e-21,0.948291988421955,0.392,0.338,4.13128167510226e-18,"29","KCNMB2-AS1"
"APCDD12",2.58080895235677e-21,0.649675247625416,0.421,0.365,5.16161790471354e-18,"29","APCDD1"
"SUCLG2-AS13",3.47195401829821e-21,1.06069169743096,0.38,0.342,6.94390803659641e-18,"29","SUCLG2-AS1"
"ARHGAP103",9.0216856568608e-21,1.00839656344184,0.375,0.293,1.80433713137216e-17,"29","ARHGAP10"
"ETV68",1.11410461463806e-20,0.589811424438075,0.467,0.405,2.22820922927613e-17,"29","ETV6"
"OLIG15",1.29752920317059e-20,0.515757255663843,0.518,0.418,2.59505840634118e-17,"29","OLIG1"
"KSR23",2.04045632026119e-20,0.880260271731802,0.32,0.28,4.08091264052238e-17,"29","KSR2"
"AFAP13",2.54856235625053e-20,0.790939501006002,0.385,0.344,5.09712471250105e-17,"29","AFAP1"
"ZNF5166",2.69455762200042e-20,1.30753525552058,0.429,0.365,5.38911524400084e-17,"29","ZNF516"
"PCSK22",1.09477705548479e-19,0.963482107593025,0.274,0.243,2.18955411096958e-16,"29","PCSK2"
"PDE3B4",2.38366434099812e-19,0.986357515029133,0.344,0.303,4.76732868199623e-16,"29","PDE3B"
"BAALC6",2.82415753338664e-19,0.326509823743035,0.431,0.366,5.64831506677329e-16,"29","BAALC"
"ADCY13",6.24953487436833e-19,0.749414658921379,0.262,0.252,1.24990697487367e-15,"29","ADCY1"
"CACNG23",1.2027740713611e-18,0.81159896779854,0.252,0.188,2.4055481427222e-15,"29","CACNG2"
"PTPRO3",1.50740746143039e-18,1.15686538789092,0.349,0.297,3.01481492286078e-15,"29","PTPRO"
"KIAA12113",2.19544442340235e-18,0.866726874935516,0.324,0.299,4.3908888468047e-15,"29","KIAA1211"
"TENM46",3.23668236446246e-18,1.12026517060042,0.431,0.409,6.47336472892493e-15,"29","TENM4"
"SESN38",3.28087025416124e-18,1.1727219416476,0.484,0.47,6.56174050832248e-15,"29","SESN3"
"MIPOL15",3.51366866758155e-18,0.956741199794543,0.448,0.421,7.0273373351631e-15,"29","MIPOL1"
"ATP13A53",3.58283026465246e-17,0.938566962189703,0.278,0.24,7.16566052930493e-14,"29","ATP13A5"
"GPR172",5.65392028161882e-17,0.785739632843074,0.291,0.253,1.13078405632376e-13,"29","GPR17"
"GPR1555",9.51620201151513e-17,0.468057812395217,0.366,0.338,1.90324040230303e-13,"29","GPR155"
"GRIP13",1.48086813293364e-16,1.15365452416008,0.286,0.28,2.96173626586727e-13,"29","GRIP1"
"AC009975.13",2.30130079454872e-16,1.52139784367922,0.375,0.334,4.60260158909744e-13,"29","AC009975.1"
"ADAM234",2.48452912120205e-16,0.848371247207093,0.429,0.409,4.9690582424041e-13,"29","ADAM23"
"ABLIM13",2.63236460097397e-16,0.86732249095319,0.356,0.329,5.26472920194794e-13,"29","ABLIM1"
"AKAP134",8.14793225557211e-16,0.761730101183324,0.395,0.373,1.62958645111442e-12,"29","AKAP13"
"DOK53",1.50187556871571e-15,0.754709615197022,0.254,0.225,3.00375113743143e-12,"29","DOK5"
"KLHL133",1.73671791082107e-15,1.00514721103568,0.375,0.366,3.47343582164214e-12,"29","KLHL13"
"PLEKHA24",2.82839644730354e-15,0.719058051334301,0.31,0.299,5.65679289460707e-12,"29","PLEKHA2"
"RAB27B2",4.69640594881088e-15,0.862567803190693,0.266,0.221,9.39281189762175e-12,"29","RAB27B"
"GALR13",5.56243196486957e-15,0.656665188940353,0.257,0.192,1.11248639297391e-11,"29","GALR1"
"LHFPL64",1.01308925551631e-14,0.72702448648755,0.46,0.447,2.02617851103262e-11,"29","LHFPL6"
"BLM3",1.58049754049764e-14,0.626860462156155,0.274,0.259,3.16099508099527e-11,"29","BLM"
"ANKRD30BL3",2.73347143088996e-14,0.87282973592641,0.291,0.261,5.46694286177992e-11,"29","ANKRD30BL"
"GFAP8",1.67820648089386e-13,1.02232763460385,0.496,0.513,3.35641296178772e-10,"29","GFAP"
"GRIK33",2.86363949269408e-13,0.9027917059341,0.414,0.416,5.72727898538816e-10,"29","GRIK3"
"LINC009373",4.0755222251128e-13,0.913029899965573,0.363,0.359,8.1510444502256e-10,"29","LINC00937"
"OXR14",2.64305050795013e-12,0.403179298876449,0.276,0.303,5.28610101590026e-09,"29","OXR1"
"BEST33",3.65539614364818e-12,0.717685448846185,0.332,0.272,7.31079228729637e-09,"29","BEST3"
"CDH44",4.47286250760754e-12,0.846806138125144,0.419,0.433,8.94572501521507e-09,"29","CDH4"
"CAMK1D4",5.01259402777737e-12,0.563284992993947,0.252,0.276,1.00251880555547e-08,"29","CAMK1D"
"ITM2C3",5.29233658598249e-12,0.448655685521132,0.264,0.294,1.0584673171965e-08,"29","ITM2C"
"ARHGAP204",5.63245216152834e-12,0.900225911782037,0.334,0.343,1.12649043230567e-08,"29","ARHGAP20"
"AC090568.23",8.55984732197035e-12,1.11941909339105,0.332,0.327,1.71196946439407e-08,"29","AC090568.2"
"SMAP24",1.13836712132643e-11,0.439184018616029,0.286,0.314,2.27673424265287e-08,"29","SMAP2"
"GOLM14",2.13500396977012e-11,0.63910628187599,0.373,0.391,4.27000793954024e-08,"29","GOLM1"
"TENT5A4",2.72907513402142e-11,1.03818854228529,0.291,0.282,5.45815026804284e-08,"29","TENT5A"
"TRHDE3",5.05190603437194e-11,0.850837270626683,0.247,0.258,1.01038120687439e-07,"29","TRHDE"
"CACNB23",5.69196196551865e-11,0.968966183804489,0.283,0.315,1.13839239310373e-07,"29","CACNB2"
"SGSM16",7.76887668722477e-11,0.578345811843444,0.3,0.331,1.55377533744495e-07,"29","SGSM1"
"NEXMIF3",9.45217056910212e-11,0.761035052987437,0.254,0.261,1.89043411382042e-07,"29","NEXMIF"
"AKAP124",9.58162301517581e-11,0.415709969246539,0.259,0.276,1.91632460303516e-07,"29","AKAP12"
"PMP27",1.03685738617711e-10,0.329566465809102,0.38,0.391,2.07371477235422e-07,"29","PMP2"
"AC099792.13",1.09572202900605e-10,0.290249142468037,0.087,0.285,2.1914440580121e-07,"29","AC099792.1"
"FAM49A4",5.16215996845115e-10,0.51809911280924,0.286,0.322,1.03243199369023e-06,"29","FAM49A"
"MAMLD14",5.48008277785382e-10,0.655771872761848,0.245,0.275,1.09601655557076e-06,"29","MAMLD1"
"GHR2",6.19894575692567e-10,1.00040088247815,0.288,0.307,1.23978915138513e-06,"29","GHR"
"ITGA93",6.3614714645325e-10,0.733098681243264,0.257,0.296,1.2722942929065e-06,"29","ITGA9"
"HLA-A7",7.68555336529654e-10,0.25230363017514,0.245,0.288,1.53711067305931e-06,"29","HLA-A"
"FNBP1L4",7.71322763553353e-10,0.686740898839475,0.269,0.299,1.54264552710671e-06,"29","FNBP1L"
"TIAM18",1.08617837717442e-09,0.297442650164783,0.528,0.528,2.17235675434885e-06,"29","TIAM1"
"ME33",1.78457070913519e-09,0.652656241700331,0.276,0.289,3.56914141827037e-06,"29","ME3"
"TMEM1633",1.99174938613758e-09,0.742861758574861,0.341,0.357,3.98349877227515e-06,"29","TMEM163"
"WDR602",3.00000378166715e-09,0.306027645299343,0.416,0.431,6.0000075633343e-06,"29","WDR60"
"DIRC34",3.92449980495372e-09,0.857570133600573,0.237,0.29,7.84899960990744e-06,"29","DIRC3"
"AL392023.23",4.31539505810139e-09,0.757961457570649,0.366,0.404,8.63079011620278e-06,"29","AL392023.2"
"SLC25A181",6.01307614947783e-09,0.517698733882237,0.211,0.273,1.20261522989557e-05,"29","SLC25A18"
"PCDH11X4",7.49495094290242e-09,1.13433940188013,0.312,0.341,1.49899018858048e-05,"29","PCDH11X"
"KCNQ34",9.14769332841302e-09,0.796945572329912,0.32,0.358,1.8295386656826e-05,"29","KCNQ3"
"ATP8A24",1.07213817189184e-08,0.517998640713278,0.257,0.309,2.14427634378369e-05,"29","ATP8A2"
"RASAL25",1.11606880012411e-08,0.51346314753592,0.368,0.403,2.23213760024823e-05,"29","RASAL2"
"SGCZ6",1.34489468673202e-08,1.68283346139617,0.453,0.511,2.68978937346403e-05,"29","SGCZ"
"CRTAC13",2.23328044406994e-08,0.665785250733098,0.276,0.308,4.46656088813987e-05,"29","CRTAC1"
"CCDC262",2.73214644976163e-08,0.611050345384554,0.109,0.371,5.46429289952326e-05,"29","CCDC26"
"MIR2052HG2",3.28850048961073e-08,0.837796319449814,0.295,0.347,6.57700097922145e-05,"29","MIR2052HG"
"VAT1L4",3.65333782350668e-08,0.674623128254511,0.252,0.267,7.30667564701336e-05,"29","VAT1L"
"FRMD62",3.88848621289061e-08,0.689953288536495,0.281,0.321,7.77697242578122e-05,"29","FRMD6"
"CA32",4.09042541411754e-08,0.64389735834054,0.211,0.276,8.18085082823509e-05,"29","CA3"
"IMMP2L2",5.17923068808746e-08,0.259237336665864,0.567,0.569,0.000103584613761749,"29","IMMP2L"
"GLIS33",9.60954720056888e-08,0.423292924037884,0.148,0.398,0.000192190944011378,"29","GLIS3"
"GPNMB4",1.17843304380773e-07,0.912033382848586,0.245,0.256,0.000235686608761546,"29","GPNMB"
"NPAS23",1.34862038284064e-07,0.752369488808301,0.281,0.322,0.000269724076568129,"29","NPAS2"
"ITGA83",1.62152456877621e-07,1.01839173612662,0.317,0.324,0.000324304913755242,"29","ITGA8"
"MCU3",3.27058814221852e-07,0.684899950677683,0.402,0.455,0.000654117628443703,"29","MCU"
"EPHA53",3.36133542439588e-07,0.637498676546425,0.203,0.251,0.000672267084879175,"29","EPHA5"
"GNAL3",4.38571237277702e-07,0.652596482793301,0.201,0.273,0.000877142474555403,"29","GNAL"
"UBE3D3",5.21562675656246e-07,0.583969138720374,0.334,0.388,0.00104312535131249,"29","UBE3D"
"COL8A12",6.21711894110313e-07,0.272310832024495,0.097,0.291,0.00124342378822063,"29","COL8A1"
"EPB41L4A6",7.62180387796508e-07,0.511095512992059,0.327,0.383,0.00152436077559302,"29","EPB41L4A"
"EFEMP1",1.05861923182983e-06,0.582721095875334,0.174,0.404,0.00211723846365967,"29","EFEMP1"
"COL4A43",1.50873857338599e-06,0.364705453137006,0.119,0.3,0.00301747714677198,"29","COL4A4"
"SCRG15",1.77594945537087e-06,0.264509245718617,0.264,0.331,0.00355189891074173,"29","SCRG1"
"LRCH15",1.84390339545229e-06,0.665093959234426,0.249,0.266,0.00368780679090458,"29","LRCH1"
"SPRED26",1.87433799204979e-06,0.56779264396887,0.317,0.378,0.00374867598409958,"29","SPRED2"
"WLS3",2.35603247432863e-06,0.550719290088968,0.242,0.312,0.00471206494865726,"29","WLS"
"SH3RF34",2.48828891463008e-06,0.905843561621877,0.298,0.332,0.00497657782926016,"29","SH3RF3"
"ANKRD553",3.83411672288328e-06,0.769945015219274,0.278,0.28,0.00766823344576657,"29","ANKRD55"
"PCLO7",4.73496402616664e-06,0.399355109329946,0.191,0.28,0.00946992805233327,"29","PCLO"
"AC073332.11",5.04586760174669e-06,0.268949904758539,0.061,0.34,0.0100917352034934,"29","AC073332.1"
"NEDD46",5.0507823911071e-06,0.633740754714193,0.378,0.438,0.0101015647822142,"29","NEDD4"
"TCF7L26",5.47659236658485e-06,0.428666994267109,0.508,0.572,0.0109531847331697,"29","TCF7L2"
"DIAPH3",6.51630648368192e-06,0.252286213362662,0.082,0.315,0.0130326129673638,"29","DIAPH3"
"ADAMTS9-AS23",7.57574037086949e-06,1.06104654443181,0.305,0.329,0.015151480741739,"29","ADAMTS9-AS2"
"HFM13",8.48692932129219e-06,0.608590967315875,0.242,0.302,0.0169738586425844,"29","HFM1"
"AFF37",1.15036463817917e-05,0.425285475197599,0.523,0.594,0.0230072927635834,"29","AFF3"
"SLC7A56",1.19081174307351e-05,0.303966975482524,0.14,0.352,0.0238162348614702,"29","SLC7A5"
"NR6A12",1.22668304369858e-05,0.468013110686591,0.329,0.395,0.0245336608739716,"29","NR6A1"
"PRICKLE12",1.22984670995016e-05,0.672614989509128,0.22,0.261,0.0245969341990033,"29","PRICKLE1"
"GLDC3",1.83232697357667e-05,0.587111939942365,0.259,0.269,0.0366465394715334,"29","GLDC"
"NREP3",3.8683590037987e-05,0.570188839287094,0.186,0.269,0.0773671800759741,"29","NREP"
"MALRD12",4.52517626053022e-05,0.74182695424136,0.201,0.285,0.0905035252106044,"29","MALRD1"
"ZFP36L13",4.94893071722192e-05,0.573685125818688,0.274,0.331,0.0989786143444384,"29","ZFP36L1"
"CLVS23",5.69121712689695e-05,0.375874223215546,0.15,0.37,0.113824342537939,"29","CLVS2"
"BMPER3",6.27704785008872e-05,0.71033259630332,0.232,0.31,0.125540957001774,"29","BMPER"
"C1QL13",9.35156947272625e-05,0.651513762164343,0.252,0.267,0.187031389454525,"29","C1QL1"
"GNG124",9.68655481164096e-05,0.77584056534301,0.286,0.331,0.193731096232819,"29","GNG12"
"PLD54",0.000113335013279271,0.283255350949583,0.53,0.591,0.226670026558543,"29","PLD5"
"ARHGAP64",0.000134902965935034,0.435260000325688,0.15,0.367,0.269805931870067,"29","ARHGAP6"
"PKIA3",0.000139665998265896,0.638761197978025,0.225,0.32,0.279331996531793,"29","PKIA"
"RFX43",0.000174038880272961,0.735936725271136,0.254,0.316,0.348077760545922,"29","RFX4"
"ADAMTS63",0.000176488421875665,0.920722309750989,0.283,0.332,0.35297684375133,"29","ADAMTS6"
"PPM1E7",0.000196289450993206,0.669415100240565,0.293,0.379,0.392578901986412,"29","PPM1E"
"UTRN4",0.000240498689216596,0.394713726202472,0.148,0.351,0.480997378433193,"29","UTRN"
"GRM84",0.000258358758028359,0.547027693271959,0.206,0.433,0.516717516056718,"29","GRM8"
"LIMD17",0.000263661071765058,0.603309430020929,0.322,0.402,0.527322143530116,"29","LIMD1"
"RAPGEF12",0.000264585981087077,0.442252140902331,0.378,0.459,0.529171962174155,"29","RAPGEF1"
"AL133346.12",0.000349493829312636,0.790366974256906,0.308,0.396,0.698987658625272,"29","AL133346.1"
"SPON11",0.000354948256711829,0.270100609434034,0.094,0.288,0.709896513423657,"29","SPON1"
"ANKFN12",0.000485192990708858,0.727539590769903,0.225,0.284,0.970385981417716,"29","ANKFN1"
"SNCAIP1",0.000803275771124648,0.414645629838698,0.126,0.318,1,"29","SNCAIP"
"ZFHX4-AS12",0.000866697620216368,0.520754810891773,0.213,0.322,1,"29","ZFHX4-AS1"
"ARHGEF64",0.00145156326785987,0.684922701932079,0.281,0.368,1,"29","ARHGEF6"
"AC090518.12",0.00146968362255277,0.557726930991384,0.235,0.453,1,"29","AC090518.1"
"KCNQ52",0.00174000070464866,0.512878794989573,0.126,0.253,1,"29","KCNQ5"
"FAR23",0.00195725293659683,0.251368859517964,0.138,0.373,1,"29","FAR2"
"LINC023282",0.00206128089301963,0.557457315096279,0.242,0.35,1,"29","LINC02328"
"TSHZ22",0.00207412518258854,0.394333860083377,0.114,0.331,1,"29","TSHZ2"
"PTH2R1",0.00226451896984555,0.321633520532795,0.09,0.287,1,"29","PTH2R"
"EPHB13",0.00252985505029758,0.570977484428682,0.252,0.355,1,"29","EPHB1"
"DENND1B4",0.00296473179575876,0.532124683649719,0.189,0.271,1,"29","DENND1B"
"NHSL13",0.00296808256995811,0.717813629276884,0.278,0.341,1,"29","NHSL1"
"ETV55",0.00418912054405916,0.301342379788548,0.179,0.395,1,"29","ETV5"
"LDB21",0.00462542517523253,0.686768023416524,0.293,0.396,1,"29","LDB2"
"CEP1122",0.00532264355986419,0.467769355235976,0.165,0.289,1,"29","CEP112"
"SYN32",0.00636134335662527,0.619672017971294,0.184,0.306,1,"29","SYN3"
"AC007262.22",0.00639905240321631,0.512233276102427,0.281,0.39,1,"29","AC007262.2"
"CRISPLD23",0.00736244734505362,0.382503646043958,0.194,0.274,1,"29","CRISPLD2"
"KLRD18",0.00745105314979885,0.409367981753482,0.259,0.471,1,"29","KLRD1"
"AL662796.15",0.0076908455703982,0.354956444137668,0.259,0.48,1,"29","AL662796.1"
"DACH23",0.0081343633857866,1.46621729282516,0.283,0.37,1,"29","DACH2"
"AC008050.12",0.00839863801999937,0.705356466442054,0.247,0.361,1,"29","AC008050.1"
"INPP4B4",0.00849075070372389,0.466846999565263,0.199,0.329,1,"29","INPP4B"
"TNR4",1.23905289027614e-199,3.45124658199385,0.987,0.357,2.47810578055228e-196,"30","TNR"
"DSCAM4",4.05566160044624e-186,3.34544047080631,0.971,0.358,8.11132320089248e-183,"30","DSCAM"
"CSMD14",3.17265569011144e-185,3.43814327067616,0.968,0.441,6.34531138022288e-182,"30","CSMD1"
"OPCML4",5.00723926700152e-185,3.188539965963,0.968,0.389,1.0014478534003e-181,"30","OPCML"
"LRRC4C4",2.64113618138225e-174,2.87197668082052,0.99,0.541,5.2822723627645e-171,"30","LRRC4C"
"FGF144",1.13350664140987e-172,2.99444031586815,0.955,0.406,2.26701328281974e-169,"30","FGF14"
"NRXN14",8.07864622079318e-172,3.13599190004363,0.946,0.292,1.61572924415864e-168,"30","NRXN1"
"LRP1B5",2.06690402956507e-167,2.4392696513789,0.997,0.746,4.13380805913014e-164,"30","LRP1B"
"LHFPL34",1.88214420527226e-164,3.13069062026049,0.952,0.538,3.76428841054452e-161,"30","LHFPL3"
"KCNIP44",2.04480755569061e-164,3.14100022710264,0.962,0.575,4.08961511138121e-161,"30","KCNIP4"
"PCDH154",4.22906504181966e-160,3.00952463184938,0.924,0.406,8.45813008363933e-157,"30","PCDH15"
"NRCAM4",1.90621147317622e-157,3.1818661717604,0.904,0.359,3.81242294635243e-154,"30","NRCAM"
"SNTG14",2.98937071855603e-153,3.09045525919624,0.892,0.325,5.97874143711207e-150,"30","SNTG1"
"LRRTM44",8.0191460960256e-151,3.01387330849357,0.901,0.373,1.60382921920512e-147,"30","LRRTM4"
"FAM155A4",2.94893773313607e-150,3.35994424323492,0.869,0.345,5.89787546627215e-147,"30","FAM155A"
"VCAN4",1.60414658720705e-147,3.07847963840421,0.882,0.371,3.2082931744141e-144,"30","VCAN"
"MMP164",4.36009218785343e-136,2.80904219047972,0.85,0.349,8.72018437570685e-133,"30","MMP16"
"GRID25",9.39636777550691e-133,2.54718315533655,0.914,0.559,1.87927355510138e-129,"30","GRID2"
"SLC35F14",3.32976952736351e-129,2.87539955029913,0.812,0.289,6.65953905472702e-126,"30","SLC35F1"
"PTPRZ14",1.49717283522525e-124,2.81588385617276,0.838,0.369,2.9943456704505e-121,"30","PTPRZ1"
"CA104",6.44849409028161e-123,2.9628772741548,0.799,0.299,1.28969881805632e-119,"30","CA10"
"LSAMP4",5.75337633458297e-119,1.65625815137629,0.959,0.779,1.15067526691659e-115,"30","LSAMP"
"NLGN17",1.20323650203481e-117,1.88521909917896,0.939,0.742,2.40647300406961e-114,"30","NLGN1"
"PDZD24",2.10072561604344e-117,2.85971788002932,0.831,0.422,4.20145123208687e-114,"30","PDZD2"
"DPP64",3.44381256040418e-116,2.17509045419458,0.901,0.623,6.88762512080837e-113,"30","DPP6"
"CSMD35",2.06031020375777e-115,2.56709678913792,0.822,0.418,4.12062040751553e-112,"30","CSMD3"
"ADGRL35",3.28475072806916e-115,2.16637260798034,0.873,0.529,6.56950145613832e-112,"30","ADGRL3"
"RORA4",4.13320877281528e-113,2.40961761881627,0.869,0.531,8.26641754563056e-110,"30","RORA"
"ATRNL15",8.81446031792221e-110,2.62228338222045,0.803,0.376,1.76289206358444e-106,"30","ATRNL1"
"MEGF114",2.84202612750571e-107,2.63253884155988,0.78,0.377,5.68405225501142e-104,"30","MEGF11"
"DGKG4",6.65737239290236e-107,2.62261053039547,0.774,0.371,1.33147447858047e-103,"30","DGKG"
"MDGA26",4.57711549262031e-102,2.56323208252877,0.828,0.512,9.15423098524061e-99,"30","MDGA2"
"SOX64",8.51711579424524e-101,2.55330899500192,0.768,0.349,1.70342315884905e-97,"30","SOX6"
"DLGAP15",8.10235043879373e-100,2.75658027862467,0.758,0.348,1.62047008775875e-96,"30","DLGAP1"
"FGF124",9.26874727563822e-98,2.94127350531059,0.742,0.322,1.85374945512764e-94,"30","FGF12"
"BRINP34",5.79700317218037e-95,2.72762110596125,0.704,0.271,1.15940063443607e-91,"30","BRINP3"
"KAZN4",1.65119297084786e-93,2.01637270565526,0.869,0.679,3.30238594169573e-90,"30","KAZN"
"XYLT15",4.59158293444015e-93,2.62425644889259,0.812,0.548,9.18316586888031e-90,"30","XYLT1"
"NXPH14",1.26352406457682e-92,2.70976985171886,0.701,0.279,2.52704812915364e-89,"30","NXPH1"
"ZFPM24",5.71427735930563e-92,3.0193594417675,0.764,0.442,1.14285547186113e-88,"30","ZFPM2"
"CTNNA24",1.42862394593409e-90,2.63601620699334,0.771,0.435,2.85724789186818e-87,"30","CTNNA2"
"GPM6A4",6.26292325083835e-87,2.37813736544103,0.682,0.279,1.25258465016767e-83,"30","GPM6A"
"SEZ6L4",2.58400895549388e-85,2.7986885145576,0.65,0.243,5.16801791098777e-82,"30","SEZ6L"
"LINC005115",5.52786933004033e-84,2.4016588270641,0.739,0.412,1.10557386600807e-80,"30","LINC00511"
"PLCB15",2.99624378259754e-82,2.52841753018814,0.688,0.329,5.99248756519508e-79,"30","PLCB1"
"MAML25",9.36731552522085e-82,2.25695160160707,0.764,0.424,1.87346310504417e-78,"30","MAML2"
"ZEB14",1.06806374994789e-81,2.62876200379433,0.697,0.334,2.13612749989578e-78,"30","ZEB1"
"TMEM132C4",3.40295583694417e-81,2.45367267788464,0.78,0.534,6.80591167388835e-78,"30","TMEM132C"
"CHST115",4.63368403004744e-81,2.58049457090794,0.72,0.372,9.26736806009488e-78,"30","CHST11"
"KCND24",5.87674724292705e-80,2.73433738042548,0.666,0.298,1.17534944858541e-76,"30","KCND2"
"SOX54",1.83952095482272e-79,2.5200471400404,0.742,0.43,3.67904190964544e-76,"30","SOX5"
"ARPP214",1.49476721081794e-78,2.45577753809457,0.621,0.235,2.98953442163587e-75,"30","ARPP21"
"NRG34",9.1629182676441e-75,2.76729745920089,0.71,0.419,1.83258365352882e-71,"30","NRG3"
"PTPRG5",7.26056115420153e-74,2.53718106430656,0.678,0.362,1.45211223084031e-70,"30","PTPRG"
"CNTNAP54",4.35338679888486e-73,2.83161056822584,0.682,0.359,8.70677359776972e-70,"30","CNTNAP5"
"GRM74",7.24496976571413e-73,2.60698300366219,0.669,0.34,1.44899395314283e-69,"30","GRM7"
"GRIK26",6.59477294942942e-72,2.30520147542693,0.691,0.377,1.31895458988588e-68,"30","GRIK2"
"MAP25",2.83521848249168e-68,2.12531908193854,0.691,0.388,5.67043696498336e-65,"30","MAP2"
"CACNA1A5",1.25839645893744e-66,2.50895636966415,0.685,0.421,2.51679291787487e-63,"30","CACNA1A"
"CHL15",1.52267639889663e-65,2.41582313858944,0.634,0.325,3.04535279779325e-62,"30","CHL1"
"LUZP26",6.98471415474673e-65,2.30849385537536,0.723,0.483,1.39694283094935e-61,"30","LUZP2"
"AC004852.24",2.76599208601669e-62,2.72355295513614,0.557,0.229,5.53198417203338e-59,"30","AC004852.2"
"HS6ST34",4.4302813803566e-62,2.45028601511157,0.561,0.243,8.8605627607132e-59,"30","HS6ST3"
"DCC5",4.8113099154142e-62,2.13225409813555,0.745,0.545,9.6226198308284e-59,"30","DCC"
"GALNT135",5.15305712344388e-62,1.67828445622553,0.812,0.691,1.03061142468878e-58,"30","GALNT13"
"GRM54",3.00488764514877e-60,2.31761297534837,0.605,0.29,6.00977529029754e-57,"30","GRM5"
"CADM27",6.50234021627844e-60,1.15447707713623,0.895,0.813,1.30046804325569e-56,"30","CADM2"
"PCDH75",1.77693414974981e-58,2.44639625830383,0.621,0.342,3.55386829949961e-55,"30","PCDH7"
"KCNMA15",6.21041241949164e-57,2.2642258798356,0.64,0.363,1.24208248389833e-53,"30","KCNMA1"
"CTNND211",1.00065498311499e-56,1.5095829084977,0.803,0.714,2.00130996622998e-53,"30","CTNND2"
"OPHN14",2.95848686548429e-56,2.22695669134584,0.627,0.373,5.91697373096858e-53,"30","OPHN1"
"SCN1A3",3.16211160873246e-55,2.11816348420069,0.5,0.211,6.32422321746493e-52,"30","SCN1A"
"AC092691.15",1.61890833451908e-54,2.37771964655999,0.656,0.42,3.23781666903815e-51,"30","AC092691.1"
"GRIK14",1.70361387983803e-53,2.76840734505804,0.586,0.328,3.40722775967606e-50,"30","GRIK1"
"CNTN16",3.89630109683881e-50,2.09857670989841,0.669,0.47,7.79260219367762e-47,"30","CNTN1"
"SLC1A24",4.2544768963663e-50,2.08122469349772,0.545,0.259,8.50895379273261e-47,"30","SLC1A2"
"NLGN4X4",1.65839679710143e-49,2.23313925396791,0.637,0.442,3.31679359420286e-46,"30","NLGN4X"
"SEMA3E6",1.60602119364816e-47,1.96774429028489,0.535,0.303,3.21204238729632e-44,"30","SEMA3E"
"ERBB47",1.74955629369643e-47,1.06693450550461,0.866,0.847,3.49911258739286e-44,"30","ERBB4"
"CDH104",8.62586793161487e-47,1.83406800824464,0.459,0.215,1.72517358632297e-43,"30","CDH10"
"PRKCA5",1.0610350789059e-46,1.43637447695433,0.777,0.733,2.1220701578118e-43,"30","PRKCA"
"EPN24",1.43541159874067e-45,1.51490030752996,0.758,0.739,2.87082319748134e-42,"30","EPN2"
"COL11A14",1.33732732977231e-44,2.19067977276145,0.548,0.322,2.67465465954462e-41,"30","COL11A1"
"RGS74",4.5040398149009e-44,2.23451733995405,0.573,0.371,9.0080796298018e-41,"30","RGS7"
"DAB14",1.06799140423234e-43,2.21535286279218,0.605,0.42,2.13598280846468e-40,"30","DAB1"
"TMEM132D4",5.80144809339365e-43,2.48991509011748,0.58,0.37,1.16028961867873e-39,"30","TMEM132D"
"STXBP5L4",2.28271859576996e-42,2.42994024594343,0.519,0.299,4.56543719153993e-39,"30","STXBP5L"
"NTM9",8.82046876900803e-42,0.883232120054516,0.904,0.879,1.76409375380161e-38,"30","NTM"
"CACNA2D34",5.33681430875928e-41,2.21194394909914,0.516,0.313,1.06736286175186e-37,"30","CACNA2D3"
"GRIA25",1.11959775470034e-39,1.49104677940019,0.694,0.592,2.23919550940068e-36,"30","GRIA2"
"CELF25",2.03117321897997e-39,1.75865242459304,0.535,0.336,4.06234643795995e-36,"30","CELF2"
"NTRK34",1.74689242747882e-38,2.13768742823366,0.554,0.354,3.49378485495763e-35,"30","NTRK3"
"GRIA46",2.3458253173465e-38,1.53164829786112,0.745,0.727,4.69165063469301e-35,"30","GRIA4"
"XKR44",9.06339508928407e-38,2.65951963683071,0.557,0.351,1.81267901785681e-34,"30","XKR4"
"LRRC77",9.51707891987068e-38,1.08915766620258,0.793,0.756,1.90341578397414e-34,"30","LRRC7"
"SMOC15",1.43315471815858e-36,1.73286844163434,0.589,0.435,2.86630943631716e-33,"30","SMOC1"
"SEMA5A4",1.4775346850898e-36,1.86753362483122,0.672,0.593,2.95506937017959e-33,"30","SEMA5A"
"SLC8A15",4.67865030760031e-36,2.20650555216635,0.513,0.329,9.35730061520062e-33,"30","SLC8A1"
"NOVA14",1.77968567812706e-35,1.44729177841313,0.701,0.649,3.55937135625412e-32,"30","NOVA1"
"UST5",6.47239849438941e-35,2.36035120793297,0.586,0.435,1.29447969887788e-31,"30","UST"
"PITPNC14",7.00653129281527e-35,2.2926492621797,0.564,0.412,1.40130625856305e-31,"30","PITPNC1"
"SHISA94",1.17999449214416e-34,2.28450589824233,0.494,0.27,2.35998898428832e-31,"30","SHISA9"
"GLIS34",5.86225042720222e-32,0.437540797081736,0.067,0.398,1.17245008544044e-28,"30","GLIS3"
"STK32A4",1.50485522982392e-31,2.15738986733424,0.471,0.275,3.00971045964784e-28,"30","STK32A"
"KIAA12174",4.22769747135099e-31,2.22570449187025,0.5,0.329,8.45539494270197e-28,"30","KIAA1217"
"MYT1L4",4.61453331279719e-31,1.80983411508044,0.42,0.265,9.22906662559437e-28,"30","MYT1L"
"SLC24A34",1.91758627419776e-28,2.42832302518757,0.522,0.37,3.83517254839552e-25,"30","SLC24A3"
"DPP104",9.67871405823557e-28,1.89387114351772,0.564,0.446,1.93574281164711e-24,"30","DPP10"
"KLF124",2.6176152892262e-27,2.0241098847061,0.5,0.356,5.23523057845241e-24,"30","KLF12"
"PARD37",3.58930937788285e-27,2.05142376344672,0.592,0.496,7.17861875576569e-24,"30","PARD3"
"KCNIP15",9.44028121834188e-27,2.00521760307556,0.424,0.248,1.88805624366838e-23,"30","KCNIP1"
"ALK4",1.01589630564928e-26,2.31376401102232,0.503,0.375,2.03179261129857e-23,"30","ALK"
"HECW14",2.13062141551758e-26,1.98930195247292,0.411,0.243,4.26124283103516e-23,"30","HECW1"
"RAD181",2.18152133662743e-26,0.507507430208741,0.105,0.455,4.36304267325486e-23,"30","RAD18"
"TMEM1964",3.88072019693512e-26,0.99354621351337,0.274,0.133,7.76144039387023e-23,"30","TMEM196"
"ARHGAP65",6.1395290031628e-26,0.287972860114001,0.067,0.367,1.22790580063256e-22,"30","ARHGAP6"
"RBFOX18",1.94988555867955e-25,1.66468152669529,0.596,0.481,3.8997711173591e-22,"30","RBFOX1"
"KHDRBS35",4.31861689824199e-25,1.69522755019965,0.522,0.409,8.63723379648397e-22,"30","KHDRBS3"
"COL8A13",9.76762866339177e-25,0.508176974512766,0.067,0.291,1.95352573267835e-21,"30","COL8A1"
"ADAMTS175",1.0017201850994e-24,2.01118706239698,0.443,0.32,2.00344037019879e-21,"30","ADAMTS17"
"CDH134",1.110915883065e-24,1.77207552092804,0.5,0.371,2.22183176612999e-21,"30","CDH13"
"RIMS24",1.39906856157804e-24,2.12677694162002,0.439,0.292,2.79813712315608e-21,"30","RIMS2"
"LINC022833",2.54137201094815e-24,1.38306096124307,0.312,0.185,5.08274402189629e-21,"30","LINC02283"
"SORCS14",3.4494029004581e-24,2.02880933894427,0.471,0.359,6.8988058009162e-21,"30","SORCS1"
"DISC15",1.08997094363046e-23,1.74520473709602,0.484,0.383,2.17994188726091e-20,"30","DISC1"
"RNF1504",1.53271546539376e-23,1.9818547141791,0.436,0.316,3.06543093078752e-20,"30","RNF150"
"TOX5",2.14775298961259e-23,2.15902635625097,0.49,0.345,4.29550597922518e-20,"30","TOX"
"NKAIN34",5.39464184750467e-23,2.30863397647682,0.484,0.356,1.07892836950093e-19,"30","NKAIN3"
"FAM19A14",9.48237008205291e-23,2.02074750780759,0.443,0.329,1.89647401641058e-19,"30","FAM19A1"
"TRIO6",2.31918790577375e-22,1.53511062016159,0.583,0.524,4.6383758115475e-19,"30","TRIO"
"NAV35",2.41979804393508e-22,1.5989231113646,0.627,0.621,4.83959608787015e-19,"30","NAV3"
"CCSER14",2.92469822558978e-22,2.3277801549758,0.468,0.347,5.84939645117955e-19,"30","CCSER1"
"UNC804",3.64536208575039e-22,1.78176726115437,0.382,0.234,7.29072417150077e-19,"30","UNC80"
"CADPS5",4.71380999618304e-22,1.68799642987013,0.43,0.311,9.42761999236609e-19,"30","CADPS"
"LRRN14",1.42294971547821e-21,1.5302542941915,0.436,0.338,2.84589943095642e-18,"30","LRRN1"
"TNS35",1.83593206134388e-21,1.99761039538882,0.459,0.345,3.67186412268777e-18,"30","TNS3"
"NAV28",2.81268484322696e-21,1.10893198008977,0.726,0.753,5.62536968645391e-18,"30","NAV2"
"CSGALNACT15",3.32351810802564e-21,1.84297177882395,0.408,0.267,6.64703621605128e-18,"30","CSGALNACT1"
"RALYL6",3.79990995648377e-21,1.68196155296179,0.379,0.291,7.59981991296753e-18,"30","RALYL"
"DGKH3",5.83726770686489e-21,0.479148475255223,0.092,0.396,1.16745354137298e-17,"30","DGKH"
"AP001347.15",9.72534711777503e-21,0.377499961026554,0.159,0.467,1.94506942355501e-17,"30","AP001347.1"
"GALNT171",1.18506884854094e-20,0.36628708227825,0.089,0.376,2.37013769708187e-17,"30","GALNT17"
"OSMR-AS14",2.09674247705655e-20,0.446097246148891,0.08,0.339,4.19348495411309e-17,"30","OSMR-AS1"
"MPP63",2.59826823160555e-20,0.267407439164064,0.086,0.366,5.1965364632111e-17,"30","MPP6"
"TRIM95",3.24157110565573e-20,1.50430302247329,0.557,0.511,6.48314221131147e-17,"30","TRIM9"
"HIF3A4",4.7556764575952e-20,2.24182123318068,0.459,0.323,9.51135291519039e-17,"30","HIF3A"
"SNAP916",4.85523437658147e-20,1.7560945115736,0.411,0.32,9.71046875316293e-17,"30","SNAP91"
"AMZ14",1.22993633278165e-19,2.10388171159995,0.392,0.297,2.45987266556329e-16,"30","AMZ1"
"ASAP17",1.2800582857056e-19,1.41233250239379,0.605,0.585,2.5601165714112e-16,"30","ASAP1"
"CHST94",1.31976159010943e-19,1.90607032531805,0.439,0.325,2.63952318021885e-16,"30","CHST9"
"SORCS34",1.9530388924197e-19,1.84592757376413,0.443,0.334,3.90607778483941e-16,"30","SORCS3"
"GLCCI14",2.32595769566715e-19,1.8199162827243,0.516,0.442,4.65191539133429e-16,"30","GLCCI1"
"HRASLS4",4.37088820670819e-19,1.24224155962067,0.283,0.186,8.74177641341637e-16,"30","HRASLS"
"NETO23",5.15826062506374e-19,0.631147111120079,0.108,0.373,1.03165212501275e-15,"30","NETO2"
"AFAP1L24",5.38513048067615e-19,1.36580994430232,0.338,0.221,1.07702609613523e-15,"30","AFAP1L2"
"LINC00276",6.14438047816157e-19,0.267174524515357,0.096,0.368,1.22887609563231e-15,"30","LINC00276"
"RAB315",1.02657664201556e-18,1.97913986568318,0.462,0.358,2.05315328403112e-15,"30","RAB31"
"MYT14",1.32864669320732e-18,1.64848579404505,0.334,0.172,2.65729338641465e-15,"30","MYT1"
"RFX44",1.42516087130026e-18,0.432552327601777,0.061,0.317,2.85032174260052e-15,"30","RFX4"
"ANKRD62",1.60078467627513e-18,0.292192470196047,0.057,0.348,3.20156935255027e-15,"30","ANKRD6"
"VWC24",2.23585052179135e-18,1.27484204784934,0.28,0.159,4.47170104358269e-15,"30","VWC2"
"NEDD47",3.64592538014405e-18,0.348261184759507,0.134,0.439,7.29185076028811e-15,"30","NEDD4"
"MAPK108",4.40330481867232e-18,1.13494405747588,0.634,0.641,8.80660963734464e-15,"30","MAPK10"
"PDZRN44",6.15367101931792e-18,2.09191362880567,0.417,0.32,1.23073420386358e-14,"30","PDZRN4"
"ZNF804A5",1.50338747830253e-17,1.63643292949438,0.35,0.256,3.00677495660506e-14,"30","ZNF804A"
"FERMT14",2.89613414094408e-17,1.92600159386183,0.424,0.284,5.79226828188815e-14,"30","FERMT1"
"MPPED24",3.84738815366449e-17,1.7847073581422,0.366,0.231,7.69477630732898e-14,"30","MPPED2"
"SHISA64",3.97788407456595e-17,0.383111729377416,0.118,0.383,7.95576814913191e-14,"30","SHISA6"
"ABHD24",8.61520929066306e-17,1.4322160203287,0.376,0.296,1.72304185813261e-13,"30","ABHD2"
"SDK24",9.47294805457544e-17,0.308668876574378,0.127,0.403,1.89458961091509e-13,"30","SDK2"
"BRINP24",1.72100328793579e-16,1.20602657947705,0.283,0.226,3.44200657587158e-13,"30","BRINP2"
"NEBL4",3.18803890718429e-16,2.09514454755106,0.443,0.361,6.37607781436858e-13,"30","NEBL"
"PRTG5",3.84778453503481e-16,0.44998243242967,0.073,0.319,7.69556907006962e-13,"30","PRTG"
"CLVS24",5.07091411304078e-16,0.357135204466753,0.118,0.369,1.01418282260816e-12,"30","CLVS2"
"FRMD4A5",6.310809499932e-16,1.17280259355767,0.529,0.484,1.2621618999864e-12,"30","FRMD4A"
"MIR3681HG2",7.56583637542911e-16,0.380530835926842,0.092,0.347,1.51316727508582e-12,"30","MIR3681HG"
"CDH184",7.78338318633497e-16,1.584592659925,0.366,0.302,1.55667663726699e-12,"30","CDH18"
"PID14",2.56573622315148e-15,2.03498799946573,0.446,0.361,5.13147244630297e-12,"30","PID1"
"TMEM1084",4.85350883531299e-15,1.87399590814865,0.462,0.397,9.70701767062599e-12,"30","TMEM108"
"COL9A14",6.13679838500049e-15,1.45258644477444,0.363,0.265,1.2273596770001e-11,"30","COL9A1"
"FAM110B5",6.8521499008098e-15,1.65753823148434,0.363,0.284,1.37042998016196e-11,"30","FAM110B"
"KIF26B4",7.37140399616731e-15,2.08118620861386,0.427,0.346,1.47428079923346e-11,"30","KIF26B"
"PIP5K1B6",8.30919733620049e-15,0.301738203042794,0.076,0.324,1.6618394672401e-11,"30","PIP5K1B"
"RBMS14",1.29304248209766e-14,0.668812416218787,0.153,0.428,2.58608496419532e-11,"30","RBMS1"
"RGS173",2.00640011142261e-14,0.540500870557709,0.102,0.344,4.01280022284522e-11,"30","RGS17"
"PLPPR14",2.59888297222061e-14,1.34820057217709,0.564,0.557,5.19776594444121e-11,"30","PLPPR1"
"PTH2R2",3.99644148545691e-14,0.473080724125735,0.08,0.287,7.99288297091382e-11,"30","PTH2R"
"PAK34",4.51579930798018e-14,1.55429965380045,0.252,0.167,9.03159861596036e-11,"30","PAK3"
"NOTCH24",4.77357996315372e-14,0.626556777711803,0.15,0.391,9.54715992630745e-11,"30","NOTCH2"
"C4orf19",6.83330657350846e-14,0.280436813815487,0.076,0.321,1.36666131470169e-10,"30","C4orf19"
"ASTN28",2.30403012500102e-13,1.10096874695002,0.618,0.666,4.60806025000204e-10,"30","ASTN2"
"TMEM132B5",3.22452401634532e-13,1.74020894951082,0.417,0.363,6.44904803269063e-10,"30","TMEM132B"
"POU6F24",3.56820190980618e-13,1.85818956846258,0.354,0.242,7.13640381961237e-10,"30","POU6F2"
"SHC34",3.77902383052026e-13,1.66097959034537,0.42,0.374,7.55804766104052e-10,"30","SHC3"
"GLDC4",5.2010968873473e-13,0.532325868162721,0.099,0.27,1.04021937746946e-09,"30","GLDC"
"CSMD28",7.31093871262434e-13,1.23793720613651,0.576,0.587,1.46218774252487e-09,"30","CSMD2"
"CMYA54",9.3998263551089e-13,1.71974043703228,0.382,0.333,1.87996527102178e-09,"30","CMYA5"
"TNFRSF216",1.62210135341316e-12,0.285957361242387,0.089,0.362,3.24420270682632e-09,"30","TNFRSF21"
"LRP15",2.22727858946752e-12,1.15103073366103,0.299,0.238,4.45455717893505e-09,"30","LRP1"
"PCDH11X5",2.75151897498073e-12,0.788869299952179,0.102,0.342,5.50303794996146e-09,"30","PCDH11X"
"ASIC43",3.56631730236042e-12,0.849349343919259,0.258,0.18,7.13263460472085e-09,"30","ASIC4"
"PCAT11",4.92751776091518e-12,0.421979477034949,0.061,0.314,9.85503552183035e-09,"30","PCAT1"
"CACNG44",5.90583056924795e-12,1.41401268249194,0.369,0.281,1.18116611384959e-08,"30","CACNG4"
"UBASH3B4",7.01277074428164e-12,0.607187680116839,0.092,0.282,1.40255414885633e-08,"30","UBASH3B"
"FNDC3B7",9.06871836368851e-12,0.514015807412803,0.182,0.459,1.8137436727377e-08,"30","FNDC3B"
"C5orf175",1.23557098376927e-11,0.263670431390313,0.223,0.462,2.47114196753854e-08,"30","C5orf17"
"NR2F1-AS14",1.67599511388884e-11,1.04450334847655,0.258,0.218,3.35199022777768e-08,"30","NR2F1-AS1"
"TRPM32",1.8504280157832e-11,0.444998533298559,0.111,0.368,3.7008560315664e-08,"30","TRPM3"
"AL359232.13",2.21217819933829e-11,0.407343902621535,0.086,0.338,4.42435639867658e-08,"30","AL359232.1"
"CDC14A4",3.41631199564318e-11,0.413777598478669,0.121,0.366,6.83262399128636e-08,"30","CDC14A"
"TMEM178B4",3.72031285157456e-11,1.4553075370912,0.357,0.321,7.44062570314913e-08,"30","TMEM178B"
"GSG1L4",4.13384678827154e-11,1.93764799756539,0.373,0.297,8.26769357654308e-08,"30","GSG1L"
"GABRB34",5.16313282134068e-11,1.48288039579437,0.334,0.305,1.03262656426814e-07,"30","GABRB3"
"SCN2A4",6.01226252365909e-11,1.28873115973819,0.271,0.209,1.20245250473182e-07,"30","SCN2A"
"GPRIN33",6.0590893864004e-11,0.257412092320904,0.102,0.274,1.21181787728008e-07,"30","GPRIN3"
"PDE3B5",6.22830491257422e-11,1.20367018325163,0.322,0.303,1.24566098251484e-07,"30","PDE3B"
"THRB4",7.09867951161488e-11,1.72781932874785,0.392,0.346,1.41973590232298e-07,"30","THRB"
"GRIA35",9.9648886500834e-11,1.50820391997244,0.401,0.371,1.99297773001668e-07,"30","GRIA3"
"SLC2A135",1.09300019314294e-10,1.87019113161885,0.439,0.409,2.18600038628587e-07,"30","SLC2A13"
"CLSTN23",1.4435351830808e-10,0.963285746334315,0.086,0.33,2.88707036616159e-07,"30","CLSTN2"
"PCSK23",1.59828186064904e-10,0.947177612632964,0.255,0.243,3.19656372129807e-07,"30","PCSK2"
"ZC3H12B",2.07271470989479e-10,0.341956719038551,0.121,0.379,4.14542941978957e-07,"30","ZC3H12B"
"SETBP18",2.12462547862511e-10,0.571861966114589,0.248,0.521,4.24925095725022e-07,"30","SETBP1"
"NXN2",3.34857813005364e-10,0.325360540847691,0.166,0.401,6.69715626010728e-07,"30","NXN"
"ETV14",5.62449408909858e-10,1.43595452642609,0.29,0.208,1.12489881781972e-06,"30","ETV1"
"PRDM53",5.89947811958665e-10,0.262620949146116,0.083,0.277,1.17989562391733e-06,"30","PRDM5"
"LINC013224",6.6196587348857e-10,1.73421661237836,0.443,0.431,1.32393174697714e-06,"30","LINC01322"
"PDE7B4",7.06438244353457e-10,1.74132751869382,0.322,0.262,1.41287648870691e-06,"30","PDE7B"
"AC099792.14",8.48150430343586e-10,0.794604974402713,0.14,0.285,1.69630086068717e-06,"30","AC099792.1"
"FLRT24",1.04194575665315e-09,1.66056819515496,0.315,0.23,2.0838915133063e-06,"30","FLRT2"
"CERS67",1.27759919052963e-09,1.63173682443919,0.401,0.397,2.55519838105926e-06,"30","CERS6"
"PTPRN24",1.35865618630522e-09,1.60896331463872,0.347,0.322,2.71731237261043e-06,"30","PTPRN2"
"GABRB14",1.36718081195746e-09,1.65907323721105,0.366,0.338,2.73436162391493e-06,"30","GABRB1"
"AL445472.11",1.40144767800051e-09,0.316368082304685,0.067,0.324,2.80289535600103e-06,"30","AL445472.1"
"CDR2",1.6194385363887e-09,0.347544202220089,0.124,0.367,3.23887707277739e-06,"30","CDR2"
"LONRF32",1.81682034942978e-09,0.30750336848054,0.137,0.316,3.63364069885957e-06,"30","LONRF3"
"GRIK410",2.13620647109243e-09,1.22883315837088,0.424,0.42,4.27241294218485e-06,"30","GRIK4"
"STK32B4",2.17671595237495e-09,1.86771372515479,0.363,0.306,4.35343190474991e-06,"30","STK32B"
"PAK54",2.20948185606778e-09,0.292387404098712,0.153,0.391,4.41896371213555e-06,"30","PAK5"
"PTPRM5",2.23339737681919e-09,0.393702820106105,0.252,0.521,4.46679475363839e-06,"30","PTPRM"
"SYN33",2.41986017372232e-09,0.36183853290527,0.07,0.307,4.83972034744465e-06,"30","SYN3"
"CNTN43",2.67767298071756e-09,1.68886824461879,0.293,0.254,5.35534596143513e-06,"30","CNTN4"
"TNK24",3.35511913556763e-09,1.33937118921613,0.366,0.354,6.71023827113526e-06,"30","TNK2"
"GPNMB5",4.06531183914201e-09,0.252402817615048,0.076,0.257,8.13062367828401e-06,"30","GPNMB"
"IGSF215",4.07740412065713e-09,1.41203108888784,0.296,0.203,8.15480824131426e-06,"30","IGSF21"
"SAMD4A9",4.08914283165512e-09,1.44438541506182,0.513,0.531,8.17828566331024e-06,"30","SAMD4A"
"ST6GAL15",4.4104643803689e-09,1.64625253061067,0.36,0.324,8.82092876073781e-06,"30","ST6GAL1"
"LIX1-AS12",4.67791881102143e-09,0.396447433478757,0.096,0.354,9.35583762204286e-06,"30","LIX1-AS1"
"VEGFA6",6.75953759823751e-09,0.338567615797428,0.108,0.328,1.3519075196475e-05,"30","VEGFA"
"RIT24",7.83873261409538e-09,1.38477877020922,0.258,0.201,1.56774652281908e-05,"30","RIT2"
"MSRA9",8.06289735197699e-09,1.36181503696613,0.42,0.413,1.6125794703954e-05,"30","MSRA"
"SCN3A5",8.3091800781263e-09,1.59324135331479,0.36,0.301,1.66183601562526e-05,"30","SCN3A"
"NTN14",1.01121189929373e-08,1.67677310585133,0.334,0.274,2.02242379858747e-05,"30","NTN1"
"MACROD28",1.09099921487879e-08,1.37642634592028,0.554,0.594,2.18199842975759e-05,"30","MACROD2"
"GPR1584",1.6522216184074e-08,1.2754495347833,0.309,0.313,3.3044432368148e-05,"30","GPR158"
"TBC1D43",2.13065155363182e-08,0.414881156748994,0.153,0.357,4.26130310726364e-05,"30","TBC1D4"
"MTHFD1L6",3.76608639886033e-08,0.539198195623611,0.15,0.39,7.53217279772067e-05,"30","MTHFD1L"
"METTL241",3.94686976514531e-08,0.311807449875277,0.067,0.271,7.89373953029062e-05,"30","METTL24"
"DPY19L24",4.3857925786274e-08,0.749677888961598,0.166,0.387,8.77158515725481e-05,"30","DPY19L2"
"B3GAT24",5.58433937756413e-08,0.957526597532342,0.277,0.299,0.000111686787551283,"30","B3GAT2"
"EML62",6.20528420171093e-08,0.614432350762695,0.115,0.338,0.000124105684034219,"30","EML6"
"LRCH16",6.26251169134281e-08,0.620685209696147,0.115,0.267,0.000125250233826856,"30","LRCH1"
"HFM14",6.46216707492903e-08,0.510682898065332,0.102,0.303,0.000129243341498581,"30","HFM1"
"AC007319.11",8.1532963365143e-08,0.548560199058871,0.102,0.326,0.000163065926730286,"30","AC007319.1"
"FBXL25",8.50822464038883e-08,0.480245832256871,0.143,0.383,0.000170164492807777,"30","FBXL2"
"ETV56",9.12032298983739e-08,0.620168680250081,0.166,0.394,0.000182406459796748,"30","ETV5"
"GNG125",9.95135175597774e-08,0.511601757269179,0.143,0.332,0.000199027035119555,"30","GNG12"
"SNCAIP2",1.43989532224253e-07,0.309482789209153,0.131,0.317,0.000287979064448506,"30","SNCAIP"
"GOLM15",1.64285683930313e-07,0.67426119023966,0.162,0.392,0.000328571367860626,"30","GOLM1"
"NHS",1.71040803683221e-07,0.291262729695919,0.118,0.336,0.000342081607366443,"30","NHS"
"FCHSD213",1.87735990080717e-07,0.869454535583755,0.564,0.619,0.000375471980161434,"30","FCHSD2"
"PALLD4",1.97521264905325e-07,1.52366701447265,0.373,0.388,0.000395042529810651,"30","PALLD"
"ZNRF33",1.99427965215915e-07,0.421387281579566,0.137,0.367,0.00039885593043183,"30","ZNRF3"
"SPARCL15",2.01245392015017e-07,1.02129139566969,0.274,0.258,0.000402490784030034,"30","SPARCL1"
"ASTN14",2.27663773654506e-07,1.49216503853299,0.344,0.345,0.000455327547309012,"30","ASTN1"
"PDLIM54",2.49676383564126e-07,0.433804554809466,0.217,0.457,0.000499352767128252,"30","PDLIM5"
"AC108866.13",2.87967060584434e-07,0.408239842249429,0.102,0.348,0.000575934121168869,"30","AC108866.1"
"ESRRG6",2.94714490179835e-07,1.44085256474728,0.369,0.368,0.00058942898035967,"30","ESRRG"
"MAPK4",3.10362471389595e-07,0.356502108002007,0.15,0.317,0.00062072494277919,"30","MAPK4"
"FAR24",3.45627763017803e-07,0.697663936567142,0.153,0.373,0.000691255526035605,"30","FAR2"
"ITGA84",4.02896376823688e-07,1.03756752510559,0.166,0.324,0.000805792753647376,"30","ITGA8"
"NMNAT24",4.25205033512352e-07,1.45600010842486,0.306,0.295,0.000850410067024704,"30","NMNAT2"
"ADAMTS9-AS24",4.59628081204485e-07,1.28565140525213,0.175,0.329,0.00091925616240897,"30","ADAMTS9-AS2"
"ADAM235",5.08365368022405e-07,0.761343569494163,0.178,0.41,0.00101673073604481,"30","ADAM23"
"ARHGAP182",7.52649845777544e-07,0.318676303194141,0.115,0.299,0.00150529969155509,"30","ARHGAP18"
"PRRX14",8.06202234169473e-07,1.6729200979033,0.382,0.368,0.00161240446833895,"30","PRRX1"
"MT-CO29",8.21684683961621e-07,0.886098323390267,0.58,0.618,0.00164336936792324,"30","MT-CO2"
"AL359710.13",8.38938225962643e-07,0.450775446799631,0.118,0.351,0.00167787645192529,"30","AL359710.1"
"BASP1-AS14",8.4955635740035e-07,0.925464681836417,0.274,0.235,0.0016991127148007,"30","BASP1-AS1"
"AC008050.13",8.73260350919971e-07,0.87639037932705,0.15,0.361,0.00174652070183994,"30","AC008050.1"
"DENND1B5",9.15761068987466e-07,0.566836505385967,0.099,0.271,0.00183152213797493,"30","DENND1B"
"MIPOL16",9.97350371426825e-07,0.681090406168559,0.201,0.422,0.00199470074285365,"30","MIPOL1"
"C3orf704",1.32659839027951e-06,0.908468562063909,0.204,0.424,0.00265319678055903,"30","C3orf70"
"AL110292.14",1.73485992016411e-06,0.874216686996106,0.153,0.325,0.00346971984032821,"30","AL110292.1"
"CCDC504",1.93194329643522e-06,1.23972788675237,0.318,0.322,0.00386388659287043,"30","CCDC50"
"LHFPL65",1.97907822105661e-06,0.343296783821613,0.201,0.448,0.00395815644211323,"30","LHFPL6"
"CASK4",2.18446282094497e-06,1.25074218929069,0.455,0.491,0.00436892564188994,"30","CASK"
"ASIC24",2.67351113788881e-06,1.42776788034004,0.261,0.265,0.00534702227577763,"30","ASIC2"
"NECTIN3-AS1",2.72827018740137e-06,0.263587638460477,0.057,0.267,0.00545654037480274,"30","NECTIN3-AS1"
"ZDHHC152",3.2231045291046e-06,0.324639071423079,0.067,0.279,0.00644620905820919,"30","ZDHHC15"
"CSRNP34",3.46052349609398e-06,1.25280108277383,0.408,0.443,0.00692104699218796,"30","CSRNP3"
"SPATA9",3.74491332177775e-06,0.326021219345294,0.15,0.359,0.00748982664355549,"30","SPATA9"
"NOL44",3.83418126549859e-06,1.63040558594133,0.331,0.305,0.00766836253099718,"30","NOL4"
"CUX23",3.94841605823142e-06,0.822493759869815,0.255,0.259,0.00789683211646283,"30","CUX2"
"ANKFN13",4.42527031385344e-06,0.775370612572361,0.124,0.285,0.00885054062770688,"30","ANKFN1"
"TEK4",4.51554187630495e-06,1.01177197342833,0.166,0.329,0.0090310837526099,"30","TEK"
"PMP28",4.57619067434148e-06,0.432354595895219,0.159,0.392,0.00915238134868296,"30","PMP2"
"PLOD23",5.3176898947615e-06,0.510884909872946,0.207,0.417,0.010635379789523,"30","PLOD2"
"MGLL4",5.51273044409659e-06,1.55498020561031,0.322,0.332,0.0110254608881932,"30","MGLL"
"HDAC96",5.53215001993451e-06,1.00552901235418,0.487,0.53,0.011064300039869,"30","HDAC9"
"SMAD35",6.31642017450524e-06,1.14782214198672,0.271,0.243,0.0126328403490105,"30","SMAD3"
"LDB22",6.42616288598328e-06,0.394117037478493,0.185,0.396,0.0128523257719666,"30","LDB2"
"C1orf214",7.94933682249423e-06,1.72914345635654,0.385,0.402,0.0158986736449885,"30","C1orf21"
"ZFP36L14",8.14977574353484e-06,0.930444730913098,0.159,0.331,0.0162995514870697,"30","ZFP36L1"
"SYT175",8.71521895230086e-06,1.55017224946966,0.315,0.27,0.0174304379046017,"30","SYT17"
"AL445250.14",9.41721569808392e-06,1.87702819019782,0.357,0.367,0.0188344313961678,"30","AL445250.1"
"NEXMIF4",9.42486299573443e-06,0.885895831563397,0.111,0.261,0.0188497259914689,"30","NEXMIF"
"PLPPR54",9.60012288522047e-06,1.3920817871586,0.28,0.247,0.0192002457704409,"30","PLPPR5"
"CDH45",1.06163608380547e-05,0.933664516227505,0.217,0.434,0.0212327216761094,"30","CDH4"
"BCAN4",1.0688431143755e-05,1.01206932607496,0.277,0.299,0.0213768622875101,"30","BCAN"
"THSD7A4",1.13919249851482e-05,1.45396917280623,0.261,0.224,0.0227838499702963,"30","THSD7A"
"MYO164",1.24477608824185e-05,1.5377838077945,0.28,0.252,0.024895521764837,"30","MYO16"
"SNED12",1.25356289658998e-05,0.400882713101844,0.178,0.385,0.0250712579317997,"30","SNED1"
"KCNQ35",1.41152451577719e-05,1.47658839105833,0.328,0.358,0.0282304903155439,"30","KCNQ3"
"AFF38",1.71887683531266e-05,0.823933139642974,0.354,0.594,0.0343775367062532,"30","AFF3"
"MARCH34",1.80650073822137e-05,0.948549973316322,0.169,0.369,0.0361300147644274,"30","MARCH3"
"SLC25A182",1.83262695598427e-05,0.278661380760623,0.067,0.273,0.0366525391196855,"30","SLC25A18"
"CACNB24",1.86894462820034e-05,0.345451522453693,0.099,0.316,0.0373788925640069,"30","CACNB2"
"ARL153",1.88245482361063e-05,0.572177212730013,0.264,0.489,0.0376490964722126,"30","ARL15"
"LINC01876",1.94268764510147e-05,0.380850719228096,0.121,0.262,0.0388537529020293,"30","LINC01876"
"PRKG24",1.99212759371028e-05,1.32745139044212,0.255,0.209,0.0398425518742056,"30","PRKG2"
"ISPD2",2.06375038410673e-05,0.499948664800588,0.162,0.379,0.0412750076821346,"30","ISPD"
"BACH13",2.19160346474512e-05,0.292068624250568,0.153,0.373,0.0438320692949024,"30","BACH1"
"CLVS14",2.31102742983011e-05,1.44988750009825,0.293,0.309,0.0462205485966021,"30","CLVS1"
"GPR1561",2.31812773995561e-05,0.518392242463162,0.22,0.251,0.0463625547991121,"30","GPR156"
"AC073050.14",2.81777670806956e-05,0.658477992666221,0.194,0.401,0.0563555341613912,"30","AC073050.1"
"RASAL26",3.01031832754896e-05,0.534859709155294,0.185,0.404,0.0602063665509792,"30","RASAL2"
"EGFR4",3.08446171091873e-05,1.91126460802435,0.354,0.312,0.0616892342183745,"30","EGFR"
"UBE3D4",3.12200366911088e-05,0.625679288044355,0.172,0.389,0.0624400733822177,"30","UBE3D"
"PRKAG24",3.22684019947455e-05,0.657186811088741,0.127,0.306,0.0645368039894909,"30","PRKAG2"
"MALRD13",3.28572231940357e-05,0.816662917886872,0.118,0.285,0.0657144463880714,"30","MALRD1"
"LINC009374",3.34270690825468e-05,0.911926637827288,0.178,0.36,0.0668541381650935,"30","LINC00937"
"IGF2BP24",3.35937117022972e-05,1.44943191230365,0.328,0.319,0.0671874234045944,"30","IGF2BP2"
"FAM107A4",3.44419032072072e-05,0.622648178273013,0.236,0.437,0.0688838064144145,"30","FAM107A"
"PPM1E8",3.65961773114004e-05,0.428423059117516,0.166,0.38,0.0731923546228009,"30","PPM1E"
"ME34",4.42384372483835e-05,0.818133314039683,0.14,0.29,0.088476874496767,"30","ME3"
"SMYD36",4.46648264344669e-05,1.31793476565576,0.449,0.507,0.0893296528689339,"30","SMYD3"
"LHFPL24",4.57750630125903e-05,0.600484724615339,0.182,0.382,0.0915501260251805,"30","LHFPL2"
"PLXNA42",5.15411854140217e-05,0.575683665978455,0.115,0.274,0.103082370828043,"30","PLXNA4"
"AGBL12",5.21165293146353e-05,0.330807650170767,0.143,0.339,0.104233058629271,"30","AGBL1"
"NR6A13",5.23147880596301e-05,0.606740728919895,0.178,0.396,0.10462957611926,"30","NR6A1"
"ARHGAP205",5.85105524746071e-05,0.824336384564148,0.162,0.343,0.117021104949214,"30","ARHGAP20"
"REV3L6",5.90478729107943e-05,0.942166236741756,0.49,0.561,0.118095745821589,"30","REV3L"
"SYT146",5.99040145294958e-05,1.03796065403206,0.283,0.329,0.119808029058992,"30","SYT14"
"MAP3K55",7.63388328059797e-05,1.54902892106215,0.315,0.319,0.152677665611959,"30","MAP3K5"
"AL589740.18",8.20560598016207e-05,1.1965140980321,0.51,0.61,0.164112119603241,"30","AL589740.1"
"PTPRT4",8.36867294047518e-05,1.67447242042515,0.303,0.323,0.167373458809504,"30","PTPRT"
"EPHB14",8.37914119998704e-05,0.683843320694938,0.159,0.355,0.167582823999741,"30","EPHB1"
"NCALD4",8.41957222689089e-05,1.23335019244005,0.268,0.296,0.168391444537818,"30","NCALD"
"GRAMD1C4",9.28105648867498e-05,0.767781250915755,0.156,0.303,0.1856211297735,"30","GRAMD1C"
"PLEKHA55",9.942257372109e-05,0.689566326823552,0.309,0.526,0.19884514744218,"30","PLEKHA5"
"KLHL134",0.00010008476544778,0.714848463733072,0.162,0.367,0.200169530895559,"30","KLHL13"
"CXXC4-AS1",0.000103749007633305,0.250887674757655,0.073,0.292,0.20749801526661,"30","CXXC4-AS1"
"CHN15",0.00010511206529186,0.528462392038838,0.213,0.276,0.21022413058372,"30","CHN1"
"MIR646HG2",0.000110328537970756,0.294691130926665,0.061,0.271,0.220657075941511,"30","MIR646HG"
"LRFN54",0.000122118905436922,1.24625187942872,0.242,0.252,0.244237810873844,"30","LRFN5"
"TTN-AS14",0.000137408809859406,0.402506733575396,0.185,0.404,0.274817619718811,"30","TTN-AS1"
"PDE4D9",0.000138090406950178,0.8043958987325,0.545,0.638,0.276180813900356,"30","PDE4D"
"MIR2052HG3",0.000148577693922652,0.498671833532923,0.153,0.348,0.297155387845305,"30","MIR2052HG"
"CNTNAP26",0.000167843707164782,1.06594993960614,0.417,0.456,0.335687414329564,"30","CNTNAP2"
"CD961",0.000177488701330329,0.595204792192437,0.172,0.315,0.354977402660659,"30","CD96"
"KCNT24",0.000191635504713959,1.42026779655124,0.287,0.283,0.383271009427918,"30","KCNT2"
"SLIT14",0.000213071945024156,0.540194326403494,0.239,0.285,0.426143890048312,"30","SLIT1"
"NPAS24",0.000217551058419579,0.684660494751198,0.15,0.323,0.435102116839157,"30","NPAS2"
"KIAA08252",0.000231538637945477,0.377810780981192,0.146,0.35,0.463077275890954,"30","KIAA0825"
"TAOK36",0.000232713661402699,0.747776299786826,0.548,0.669,0.465427322805397,"30","TAOK3"
"ARHGEF44",0.000290492778513215,1.41782465377604,0.29,0.323,0.58098555702643,"30","ARHGEF4"
"LINC004614",0.000293749996489398,1.00089144987457,0.306,0.346,0.587499992978796,"30","LINC00461"
"AC011287.11",0.000298167093352898,0.474595327570727,0.162,0.342,0.596334186705795,"30","AC011287.1"
"WLS4",0.000303639569523468,0.749675817377728,0.127,0.313,0.607279139046937,"30","WLS"
"NHSL14",0.000333106370941608,0.27115033715518,0.169,0.342,0.666212741883215,"30","NHSL1"
"PYGL4",0.000398702612684939,0.681929132943884,0.127,0.32,0.797405225369878,"30","PYGL"
"FNBP1L5",0.000405208399995646,0.663369267944016,0.239,0.3,0.810416799991291,"30","FNBP1L"
"SCN9A4",0.000423016896527674,1.43483620818831,0.29,0.271,0.846033793055348,"30","SCN9A"
"MT-CO19",0.000423691233215269,0.842917920069947,0.414,0.47,0.847382466430538,"30","MT-CO1"
"AC092378.12",0.000424441979147053,0.317962460159887,0.14,0.328,0.848883958294105,"30","AC092378.1"
"PLCB44",0.00044053711160946,0.912003568307982,0.169,0.297,0.88107422321892,"30","PLCB4"
"MT-ATP610",0.00048297716905556,0.821354146869767,0.522,0.563,0.96595433811112,"30","MT-ATP6"
"FIGN7",0.000558077107669758,0.496042963840689,0.29,0.519,1,"30","FIGN"
"PLCL26",0.0006665004327253,0.840192159066755,0.226,0.263,1,"30","PLCL2"
"GHR3",0.000695012763500952,0.93363183361127,0.15,0.308,1,"30","GHR"
"SLC1A14",0.000797714025508143,1.5318839604299,0.318,0.334,1,"30","SLC1A1"
"KCND36",0.00083714668611242,1.0187584205794,0.325,0.507,1,"30","KCND3"
"PRICKLE25",0.000913976356890877,0.928648494537331,0.226,0.271,1,"30","PRICKLE2"
"CRISPLD24",0.000945406670701071,1.5180739377762,0.28,0.274,1,"30","CRISPLD2"
"DGKB4",0.00104184126547758,1.44048652582642,0.274,0.315,1,"30","DGKB"
"XKR66",0.00109604993373397,0.907125368649948,0.322,0.55,1,"30","XKR6"
"GNAL4",0.00116195474191217,0.62783894762629,0.105,0.273,1,"30","GNAL"
"CNTN35",0.00121947319763615,1.68868336524163,0.443,0.531,1,"30","CNTN3"
"AL392023.24",0.00127293246960364,0.479789049791344,0.201,0.405,1,"30","AL392023.2"
"UNC795",0.0014140074712092,1.0105071794181,0.347,0.409,1,"30","UNC79"
"INPP4B5",0.00142365051576303,0.342468722869902,0.124,0.329,1,"30","INPP4B"
"ATP8A25",0.00144513968902716,1.06910994733844,0.255,0.309,1,"30","ATP8A2"
"LINC023283",0.00153920029507598,0.651410174542891,0.159,0.35,1,"30","LINC02328"
"LPP6",0.00156383062173043,0.996981191137847,0.478,0.591,1,"30","LPP"
"GRIP14",0.00157996581866638,1.09492162846719,0.239,0.28,1,"30","GRIP1"
"AL662796.16",0.0016381943028497,0.618899892131359,0.29,0.48,1,"30","AL662796.1"
"ARHGEF65",0.00175060912720984,1.00177454743309,0.194,0.368,1,"30","ARHGEF6"
"DOK64",0.00181053654050447,1.34517548269411,0.242,0.279,1,"30","DOK6"
"MT-ND47",0.00187592535743427,0.823554584610161,0.49,0.542,1,"30","MT-ND4"
"BMPER4",0.00192195029908641,0.596664487922475,0.236,0.31,1,"30","BMPER"
"ITGA94",0.00193397416207799,0.985345192157525,0.245,0.296,1,"30","ITGA9"
"ABLIM14",0.00194576055966578,0.962850443753944,0.175,0.33,1,"30","ABLIM1"
"SULF24",0.0020220934015246,1.54700888564979,0.299,0.289,1,"30","SULF2"
"AC090568.24",0.00221679195486976,1.34181855117633,0.188,0.328,1,"30","AC090568.2"
"MT-ND16",0.00230281130908785,0.710459683449255,0.427,0.476,1,"30","MT-ND1"
"ABCA15",0.00242809572018617,0.535973000218688,0.137,0.329,1,"30","ABCA1"
"CDK144",0.00258394284731614,1.60973675734402,0.42,0.503,1,"30","CDK14"
"AC008014.12",0.00258413139529245,0.971382137637743,0.178,0.361,1,"30","AC008014.1"
"FRY6",0.00259464198029611,1.10704973849067,0.398,0.462,1,"30","FRY"
"AC006148.15",0.0026022697317624,0.321488765281728,0.271,0.455,1,"30","AC006148.1"
"SORBS111",0.00264540989187577,1.01433621918805,0.548,0.639,1,"30","SORBS1"
"DACH24",0.00304253511995919,1.27747269020849,0.315,0.369,1,"30","DACH2"
"MT-CO39",0.0032850552786433,0.845915318078679,0.49,0.576,1,"30","MT-CO3"
"IL1RAP5",0.00333106807911988,1.33198178862378,0.264,0.259,1,"30","IL1RAP"
"NTRK27",0.00360386729452465,0.814903620111191,0.459,0.553,1,"30","NTRK2"
"FBXL176",0.0038911237654138,0.800100649542573,0.366,0.444,1,"30","FBXL17"
"ACAN3",0.00450360328328416,0.435721376594417,0.156,0.251,1,"30","ACAN"
"TNIK7",0.00469882487951292,1.08925074835445,0.513,0.639,1,"30","TNIK"
"ANKRD554",0.00513405686709463,0.911572554787688,0.277,0.28,1,"30","ANKRD55"
"CCDC263",0.00516597362913906,0.414937770233813,0.185,0.37,1,"30","CCDC26"
"PCSK55",0.00523051455660574,1.11586224769933,0.258,0.426,1,"30","PCSK5"
"WDR603",0.00568066503988013,0.549776416778707,0.236,0.432,1,"30","WDR60"
"ARHGAP315",0.00573509008303122,1.57366787779299,0.315,0.359,1,"30","ARHGAP31"
"MAGI36",0.00631652538166386,0.759496529065594,0.223,0.41,1,"30","MAGI3"
"SPRED27",0.00658773956721339,1.11380050127369,0.315,0.378,1,"30","SPRED2"
"CEP1123",0.00673788213662543,0.519074081049591,0.121,0.289,1,"30","CEP112"
"SUCLG2-AS14",0.00763987737823628,0.50720926253552,0.159,0.343,1,"30","SUCLG2-AS1"
"GPR173",0.00848912438374981,0.566418163845901,0.201,0.254,1,"30","GPR17"
"DIAPH25",0.00863397743023938,1.34363012617612,0.271,0.315,1,"30","DIAPH2"
"EPB41L4A7",0.0088601204058497,0.824937517844246,0.197,0.383,1,"30","EPB41L4A"
"NTNG14",0.00890456502239397,1.48842845425469,0.258,0.268,1,"30","NTNG1"
"TNS36",1.28218719570886e-129,4.78662292122706,1,0.344,2.56437439141772e-126,"31","TNS3"
"LINC01447",1.29754855391279e-125,0.986471746520772,0.812,0.156,2.59509710782559e-122,"31","LINC01447"
"CHST154",2.3712002870296e-123,1.92528212178729,0.909,0.158,4.74240057405921e-120,"31","CHST15"
"GNG24",1.00351947709881e-122,2.58987930956225,0.958,0.192,2.00703895419761e-119,"31","GNG2"
"HRASLS5",1.15717331567972e-122,2.09673994179867,0.939,0.185,2.31434663135945e-119,"31","HRASLS"
"BMPER5",3.29991608110868e-119,4.10550662629871,0.976,0.309,6.59983216221736e-116,"31","BMPER"
"SH3RF35",1.50054538095422e-115,3.58422907538223,0.958,0.331,3.00109076190845e-112,"31","SH3RF3"
"PLCB16",7.90076724530718e-113,4.20487060324268,0.994,0.329,1.58015344906144e-109,"31","PLCB1"
"AFAP1L25",1.85560692073981e-111,2.36913543843336,0.927,0.22,3.71121384147963e-108,"31","AFAP1L2"
"SOX65",2.26024775997343e-111,3.99905078434573,1,0.349,4.52049551994686e-108,"31","SOX6"
"PRICKLE13",2.60354554391804e-111,3.38434023120854,0.927,0.259,5.20709108783607e-108,"31","PRICKLE1"
"RBMS33",7.88032644259304e-111,2.39224798796598,0.921,0.24,1.57606528851861e-107,"31","RBMS3"
"PCDH76",1.24712954389538e-110,3.71991876756776,1,0.341,2.49425908779076e-107,"31","PCDH7"
"TMEM1085",1.25643648179805e-110,5.07781484128858,0.982,0.396,2.51287296359611e-107,"31","TMEM108"
"LPAR4",1.95995600617602e-109,0.343620844066162,0.818,0.219,3.91991201235205e-106,"31","LPAR4"
"EPHB15",2.35264249944196e-109,3.64348522441352,0.97,0.353,4.70528499888393e-106,"31","EPHB1"
"CACNG45",3.9798609903449e-109,1.30349932567572,0.909,0.28,7.9597219806898e-106,"31","CACNG4"
"UST6",7.67026422691405e-109,3.05594130157825,0.988,0.434,1.53405284538281e-105,"31","UST"
"BRINP14",2.95733295061111e-108,2.77292514067799,0.945,0.199,5.91466590122221e-105,"31","BRINP1"
"TMEM132B6",6.51672648043517e-108,3.46282353782438,0.988,0.362,1.30334529608703e-104,"31","TMEM132B"
"OPCML5",7.55967140832355e-108,3.86614972154455,1,0.39,1.51193428166471e-104,"31","OPCML"
"ADAMTS20",8.5516119833449e-108,0.942431965944031,0.855,0.212,1.71032239666898e-104,"31","ADAMTS20"
"TNR5",1.05059237964739e-107,3.46566967520759,1,0.358,2.10118475929477e-104,"31","TNR"
"LINC005116",1.66267359666829e-105,3.563216613368,0.988,0.412,3.32534719333658e-102,"31","LINC00511"
"AC008080.4",7.05450409537511e-105,2.50394463039321,0.818,0.21,1.41090081907502e-101,"31","AC008080.4"
"PDE3B6",8.02300173780906e-105,2.41942368391179,0.952,0.302,1.60460034756181e-101,"31","PDE3B"
"GRIK27",1.08195879949409e-104,3.5952935437924,0.994,0.377,2.16391759898817e-101,"31","GRIK2"
"DSCAM5",1.09779795121194e-104,3.61020680115818,1,0.359,2.19559590242387e-101,"31","DSCAM"
"TMEM1634",1.74929443053644e-104,2.98212995118138,0.958,0.356,3.49858886107289e-101,"31","TMEM163"
"PLPPR55",4.11970967664331e-104,1.55190384790112,0.909,0.246,8.23941935328663e-101,"31","PLPPR5"
"GPR174",5.01392448982507e-103,3.84828374129633,0.933,0.252,1.00278489796501e-99,"31","GPR17"
"MAML26",7.42526953953887e-103,3.97443419975301,1,0.424,1.48505390790777e-99,"31","MAML2"
"LUZP27",9.86868165236817e-103,3.3663316702382,1,0.482,1.97373633047363e-99,"31","LUZP2"
"MMP165",2.81979603811954e-102,2.9297203050891,0.988,0.349,5.63959207623908e-99,"31","MMP16"
"SLC5A12",6.55427079036902e-102,0.479801674736871,0.8,0.19,1.3108541580738e-98,"31","SLC5A12"
"STK32B5",2.54286982253803e-100,1.82136624725466,0.915,0.305,5.08573964507606e-97,"31","STK32B"
"MDGA27",3.00760409890056e-100,3.2656215287797,1,0.513,6.01520819780112e-97,"31","MDGA2"
"SEMA5B4",3.18839898796708e-100,2.44861212211345,0.885,0.205,6.37679797593415e-97,"31","SEMA5B"
"TCF7L13",8.46838514626073e-100,0.983592937414731,0.873,0.315,1.69367702925215e-96,"31","TCF7L1"
"COL9A15",1.39547138650995e-99,2.23506925725442,0.909,0.264,2.7909427730199e-96,"31","COL9A1"
"TRIO7",1.70939313819577e-99,3.56125283981571,1,0.523,3.41878627639153e-96,"31","TRIO"
"KAZN5",2.12188731453938e-99,4.53806617746983,1,0.679,4.24377462907875e-96,"31","KAZN"
"FGF125",4.19721994766415e-99,3.48324293692229,0.988,0.322,8.3944398953283e-96,"31","FGF12"
"SLC1A15",4.36355622286952e-99,2.87892925038739,0.933,0.333,8.72711244573905e-96,"31","SLC1A1"
"OPHN15",9.87056339381096e-99,3.28430187538686,0.988,0.373,1.97411267876219e-95,"31","OPHN1"
"SLC2A136",1.24631691505845e-98,2.87047911656624,0.982,0.408,2.49263383011689e-95,"31","SLC2A13"
"CRB14",2.43466768967582e-98,3.60364760653907,0.988,0.426,4.86933537935164e-95,"31","CRB1"
"FRMD4A6",3.57741179021273e-98,6.01964076688962,0.982,0.483,7.15482358042547e-95,"31","FRMD4A"
"DLGAP16",7.69160549014563e-98,3.19930961703397,0.988,0.348,1.53832109802913e-94,"31","DLGAP1"
"GRIP15",1.49372305022959e-97,2.04678313859018,0.915,0.279,2.98744610045918e-94,"31","GRIP1"
"SEMA5A5",1.50540873585791e-97,3.76868091900124,1,0.593,3.01081747171582e-94,"31","SEMA5A"
"MAP26",2.15554544108777e-97,3.33146387462568,0.994,0.387,4.31109088217555e-94,"31","MAP2"
"MIR9-3HG3",2.05167629050969e-96,1.46171106497548,0.873,0.229,4.10335258101938e-93,"31","MIR9-3HG"
"E2F33",3.60375240468102e-96,1.90399951125149,0.842,0.166,7.20750480936205e-93,"31","E2F3"
"ARPP215",8.15727633303945e-95,2.22883574830837,0.976,0.235,1.63145526660789e-91,"31","ARPP21"
"DOCK61",9.35770888532116e-95,1.9182223344213,0.879,0.258,1.87154177706423e-91,"31","DOCK6"
"PAK35",3.50637005567399e-94,1.21935916933617,0.891,0.166,7.01274011134798e-91,"31","PAK3"
"STK32A5",3.76684498387272e-94,1.36560948228424,0.921,0.274,7.53368996774543e-91,"31","STK32A"
"CA105",2.91981991821196e-93,2.21351892593571,0.976,0.3,5.83963983642391e-90,"31","CA10"
"PPP1R1C",3.65705990329791e-93,0.533374117150867,0.812,0.253,7.31411980659581e-90,"31","PPP1R1C"
"CADPS6",2.57245757436578e-92,2.39022496293906,0.952,0.31,5.14491514873156e-89,"31","CADPS"
"VCAN5",4.08793916586949e-92,3.08714362434649,0.97,0.372,8.17587833173897e-89,"31","VCAN"
"PARD3B4",9.89153912744803e-92,2.92378410390026,0.982,0.504,1.97830782548961e-88,"31","PARD3B"
"KCNS31",1.82392375434507e-91,1.77222746708844,0.897,0.247,3.64784750869014e-88,"31","KCNS3"
"NXPH15",2.03693667544732e-91,1.90066569337531,0.945,0.279,4.07387335089464e-88,"31","NXPH1"
"LINC009375",4.63960864719658e-91,1.61784716910948,0.909,0.358,9.27921729439315e-88,"31","LINC00937"
"PALD11",2.08969825720166e-90,0.287502709391815,0.806,0.204,4.17939651440332e-87,"31","PALD1"
"DGKG5",2.2195705670668e-90,2.23767654437781,0.964,0.372,4.43914113413359e-87,"31","DGKG"
"RALGPS25",7.75908399916017e-90,1.38334646214766,0.885,0.269,1.55181679983203e-86,"31","RALGPS2"
"LHFPL35",3.4557301978102e-89,2.43524145414567,1,0.539,6.91146039562039e-86,"31","LHFPL3"
"ASTN15",8.15778085472099e-89,2.09995910582114,0.952,0.344,1.6315561709442e-85,"31","ASTN1"
"PSMA13",1.65425438969769e-88,1.71064008165867,0.873,0.226,3.30850877939539e-85,"31","PSMA1"
"NDST41",6.53782976613104e-88,0.468859433352338,0.83,0.279,1.30756595322621e-84,"31","NDST4"
"ARHGAP424",1.36178818342688e-87,1.45476438028476,0.921,0.342,2.72357636685376e-84,"31","ARHGAP42"
"NRCAM5",3.6560271108938e-87,2.01402311976268,0.982,0.36,7.31205422178761e-84,"31","NRCAM"
"IGSF9B4",4.18782582172136e-87,2.34979585042187,0.879,0.205,8.37565164344271e-84,"31","IGSF9B"
"MEGF115",7.34378124982125e-87,2.16908349901711,0.964,0.378,1.46875624996425e-83,"31","MEGF11"
"FYN4",3.65694183669543e-86,3.35350547302519,1,0.737,7.31388367339086e-83,"31","FYN"
"RAPGEF13",6.48998713138785e-86,3.00388323452403,0.958,0.457,1.29799742627757e-82,"31","RAPGEF1"
"SEMA3E7",7.08480359768754e-86,1.95393973480812,0.939,0.302,1.41696071953751e-82,"31","SEMA3E"
"FRMD63",1.5678617450777e-85,1.5367964754883,0.885,0.32,3.13572349015541e-82,"31","FRMD6"
"PCDH155",3.39282771281317e-85,1.90862920013718,0.97,0.406,6.78565542562634e-82,"31","PCDH15"
"ZEB1-AS14",4.31324515717549e-85,0.410730637722714,0.842,0.228,8.62649031435098e-82,"31","ZEB1-AS1"
"BCAS17",7.20495913626547e-85,3.40536907570057,1,0.838,1.44099182725309e-81,"31","BCAS1"
"AC008050.14",1.04124364002721e-84,1.07906115596937,0.909,0.359,2.08248728005442e-81,"31","AC008050.1"
"MERTK1",1.3147615252195e-84,0.277170825762273,0.83,0.285,2.62952305043901e-81,"31","MERTK"
"PDGFC5",1.59388347461952e-84,1.15685473346881,0.891,0.306,3.18776694923905e-81,"31","PDGFC"
"AFF21",6.5802456204964e-84,0.264353192243271,0.812,0.184,1.31604912409928e-80,"31","AFF2"
"CSMD15",6.77917030769563e-84,1.82092479738265,0.994,0.442,1.35583406153913e-80,"31","CSMD1"
"PDZRN33",1.02711552678375e-82,1.11156588365996,0.836,0.277,2.0542310535675e-79,"31","PDZRN3"
"AL445250.15",1.16543648793002e-82,1.97399509298425,0.933,0.365,2.33087297586003e-79,"31","AL445250.1"
"METTL242",1.74570075275027e-82,0.516402644914228,0.83,0.269,3.49140150550053e-79,"31","METTL24"
"RALYL7",1.76351140679874e-82,1.96975446073003,0.903,0.29,3.52702281359748e-79,"31","RALYL"
"PID15",2.0187258612698e-82,1.85223462820661,0.921,0.36,4.03745172253959e-79,"31","PID1"
"SH3GL23",2.8439292950236e-82,0.625459525428304,0.842,0.197,5.68785859004719e-79,"31","SH3GL2"
"AF279873.31",5.41347241146823e-82,0.333806087394641,0.824,0.276,1.08269448229365e-78,"31","AF279873.3"
"ZNF5167",7.0285367910895e-82,1.39925342150894,0.903,0.365,1.4057073582179e-78,"31","ZNF516"
"ARHGAP316",7.06733132556935e-82,2.02990959878604,0.897,0.358,1.41346626511387e-78,"31","ARHGAP31"
"HUNK5",3.31730589397949e-81,0.598438090137188,0.873,0.358,6.63461178795898e-78,"31","HUNK"
"LSAMP5",9.83587942318623e-81,2.83963741936979,1,0.779,1.96717588463725e-77,"31","LSAMP"
"TOX6",1.23763943624397e-80,2.3750389463974,0.915,0.345,2.47527887248795e-77,"31","TOX"
"RNF1653",1.26414417277803e-80,0.295747417777979,0.812,0.243,2.52828834555606e-77,"31","RNF165"
"AMPH4",9.53204660754407e-80,0.407221471003198,0.83,0.193,1.90640932150881e-76,"31","AMPH"
"PCDH11Y5",1.07773924231409e-79,1.67999654366123,0.873,0.34,2.15547848462817e-76,"31","PCDH11Y"
"DACH25",1.2048192804988e-79,1.047420401992,0.873,0.368,2.4096385609976e-76,"31","DACH2"
"AMZ15",1.23311228062453e-79,1.21312084659449,0.915,0.296,2.46622456124906e-76,"31","AMZ1"
"BCAN5",1.63632161230674e-79,2.68601463203698,0.903,0.297,3.27264322461349e-76,"31","BCAN"
"KCNT25",2.64292615791804e-79,1.14878658556159,0.891,0.281,5.28585231583607e-76,"31","KCNT2"
"LRRTM45",5.92818668110484e-79,2.1620100721184,0.976,0.374,1.18563733622097e-75,"31","LRRTM4"
"RNF1505",6.867747074467e-79,1.50572131527299,0.909,0.316,1.3735494148934e-75,"31","RNF150"
"ADAMTSL1",3.76877030628257e-78,0.690022940333715,0.836,0.306,7.53754061256513e-75,"31","ADAMTSL1"
"NTN15",5.33551247057322e-78,1.93717013003961,0.867,0.273,1.06710249411465e-74,"31","NTN1"
"SNAP917",1.88343449969763e-77,1.97969223867817,0.933,0.319,3.76686899939526e-74,"31","SNAP91"
"ANTXR14",2.58785145521858e-77,0.408901004737145,0.867,0.31,5.17570291043715e-74,"31","ANTXR1"
"SOX55",4.68565348775155e-77,1.53681926653202,0.964,0.43,9.3713069755031e-74,"31","SOX5"
"FGF145",6.14587555079988e-77,1.51889258127993,0.982,0.407,1.22917511015998e-73,"31","FGF14"
"COL27A14",1.05578867971213e-76,0.354140782500551,0.836,0.215,2.11157735942427e-73,"31","COL27A1"
"DGKB5",1.78055741516222e-76,2.29690250596188,0.885,0.313,3.56111483032444e-73,"31","DGKB"
"PTPRO4",2.59426130237752e-76,1.91353080714374,0.855,0.296,5.18852260475503e-73,"31","PTPRO"
"LRP16",5.01953385034102e-76,1.18787403654863,0.891,0.237,1.0039067700682e-72,"31","LRP1"
"TMEM178B5",9.58363300908544e-76,1.86972434830353,0.921,0.32,1.91672660181709e-72,"31","TMEM178B"
"CNTN17",9.9451146905851e-76,2.2770173829237,0.958,0.47,1.98902293811702e-72,"31","CNTN1"
"CDH185",1.52445537034889e-75,1.09917010881465,0.903,0.301,3.04891074069777e-72,"31","CDH18"
"FAM155A5",1.90647809885437e-75,1.34987879526732,0.952,0.345,3.81295619770873e-72,"31","FAM155A"
"DPP105",8.21322214401023e-75,1.93959124147482,0.964,0.445,1.64264442880205e-71,"31","DPP10"
"FLRT25",1.0010572112589e-74,1.0985975505184,0.867,0.229,2.00211442251781e-71,"31","FLRT2"
"ZNF804A6",1.24006624106925e-74,1.68429671708548,0.861,0.255,2.4801324821385e-71,"31","ZNF804A"
"GPM6A5",1.82202197229865e-74,2.05027840882439,0.945,0.279,3.6440439445973e-71,"31","GPM6A"
"ZEB15",4.87649245693453e-74,0.899868732024711,0.933,0.334,9.75298491386905e-71,"31","ZEB1"
"THRB5",5.80527537521233e-73,1.57031526005877,0.909,0.345,1.16105507504247e-69,"31","THRB"
"TNFRSF217",1.37190825306831e-72,1.9627545832482,0.903,0.36,2.74381650613662e-69,"31","TNFRSF21"
"ITPR25",1.49511925255445e-72,2.50265140529326,0.958,0.508,2.99023850510889e-69,"31","ITPR2"
"NRXN15",3.29445913437916e-72,1.61487187729196,0.958,0.293,6.58891826875832e-69,"31","NRXN1"
"FAM110B6",4.11276963978377e-72,1.09966928891175,0.885,0.283,8.22553927956755e-69,"31","FAM110B"
"CHST116",1.75374581323633e-71,1.44493706228,0.933,0.373,3.50749162647266e-68,"31","CHST11"
"CACNA2D35",2.3200585296626e-71,0.776939866597627,0.903,0.313,4.64011705932521e-68,"31","CACNA2D3"
"ADGRL36",2.36806493830476e-71,1.94977441629403,0.994,0.53,4.73612987660952e-68,"31","ADGRL3"
"CDH105",3.52140897726169e-71,0.407742448479847,0.867,0.215,7.04281795452338e-68,"31","CDH10"
"MMD24",5.09927095982161e-71,0.448029293889994,0.83,0.286,1.01985419196432e-67,"31","MMD2"
"VWC25",5.68958888910877e-71,0.782330484068107,0.806,0.158,1.13791777782175e-67,"31","VWC2"
"IGF2BP25",1.18947298830135e-70,1.07614192204118,0.848,0.318,2.3789459766027e-67,"31","IGF2BP2"
"SORCS35",2.28542715494081e-70,0.458165039057398,0.891,0.334,4.57085430988161e-67,"31","SORCS3"
"AC079760.1",4.70022010845486e-70,0.386866038232872,0.842,0.324,9.40044021690973e-67,"31","AC079760.1"
"CACNA1A6",5.01732240131208e-70,1.60962317414193,0.927,0.421,1.00346448026242e-66,"31","CACNA1A"
"GRAMD1C5",7.03312043438809e-70,1.55218776824098,0.83,0.301,1.40662408687762e-66,"31","GRAMD1C"
"RNF1805",7.73629668147482e-70,0.833876502609649,0.885,0.326,1.54725933629496e-66,"31","RNF180"
"SLC24A35",3.11363981875052e-69,0.633262977579426,0.885,0.369,6.22727963750104e-66,"31","SLC24A3"
"ATRNL16",3.66169124345969e-69,0.710073279634695,0.945,0.376,7.32338248691939e-66,"31","ATRNL1"
"RAB3C4",1.18895679675024e-68,1.06393778624969,0.818,0.189,2.37791359350048e-65,"31","RAB3C"
"ADAM33",1.66923162815037e-68,2.54910456655077,0.758,0.138,3.33846325630074e-65,"31","ADAM33"
"PRDM54",2.23827153816979e-68,0.316206257053589,0.806,0.275,4.47654307633957e-65,"31","PRDM5"
"CSGALNACT16",2.27665416347425e-68,1.2740806015428,0.873,0.266,4.5533083269485e-65,"31","CSGALNACT1"
"ABTB25",2.83858736379958e-68,1.97422716518525,0.933,0.429,5.67717472759916e-65,"31","ABTB2"
"MTHFD1L7",3.33383829550809e-68,1.16765471322804,0.903,0.388,6.66767659101618e-65,"31","MTHFD1L"
"LIMD18",5.41124251263572e-68,1.64271630214948,0.897,0.4,1.08224850252714e-64,"31","LIMD1"
"BRINP35",5.55908897109258e-68,1.36237070166418,0.891,0.271,1.11181779421852e-64,"31","BRINP3"
"FLG-AS11",7.79797018152226e-68,0.274430589018435,0.8,0.27,1.55959403630445e-64,"31","FLG-AS1"
"DIO2",1.61099572964323e-67,1.08614019586488,0.818,0.275,3.22199145928645e-64,"31","DIO2"
"ME15",3.87588707971191e-67,0.958199822054517,0.873,0.28,7.75177415942383e-64,"31","ME1"
"ASIC44",3.93365435471357e-67,1.49456851703387,0.794,0.179,7.86730870942715e-64,"31","ASIC4"
"SORCS15",4.14556695903855e-67,1.36181003908572,0.891,0.358,8.29113391807711e-64,"31","SORCS1"
"BICC1",7.17774711051466e-67,0.275396208241375,0.8,0.272,1.43554942210293e-63,"31","BICC1"
"MAP3K56",8.18465103032768e-67,0.76516352766157,0.867,0.318,1.63693020606554e-63,"31","MAP3K5"
"PLPPR15",1.0620669663894e-66,2.68872365300914,0.976,0.557,2.1241339327788e-63,"31","PLPPR1"
"SDK25",1.70309463403612e-66,0.373838481244199,0.855,0.401,3.40618926807225e-63,"31","SDK2"
"THSD7A5",1.77040900920314e-66,1.15207564685598,0.824,0.222,3.54081801840629e-63,"31","THSD7A"
"CERS68",2.24551360795351e-66,0.929106734784573,0.909,0.396,4.49102721590701e-63,"31","CERS6"
"SLC44A54",2.87071908935241e-66,0.662456065422334,0.879,0.389,5.74143817870483e-63,"31","SLC44A5"
"TCF7L27",3.66932378808198e-66,2.25943383684891,0.97,0.57,7.33864757616396e-63,"31","TCF7L2"
"KCNIP45",4.47928588574376e-66,1.66080566722606,0.976,0.576,8.95857177148752e-63,"31","KCNIP4"
"SUGCT1",5.11748183592948e-66,0.371310732683273,0.842,0.319,1.0234963671859e-62,"31","SUGCT"
"CSMD36",5.88033346268756e-66,1.31719967299944,0.958,0.418,1.17606669253751e-62,"31","CSMD3"
"ANGPTL24",1.47138167865386e-65,1.91328352673855,0.855,0.309,2.94276335730772e-62,"31","ANGPTL2"
"KLF125",1.53204404722865e-65,1.25715942729342,0.891,0.355,3.0640880944573e-62,"31","KLF12"
"GRIA26",1.59037386370121e-65,2.34607599205527,0.952,0.592,3.18074772740242e-62,"31","GRIA2"
"NR2F1-AS15",1.66275426485868e-65,0.741232222945156,0.806,0.217,3.32550852971736e-62,"31","NR2F1-AS1"
"PRTG6",2.82399422908692e-65,0.466933358651179,0.83,0.317,5.64798845817384e-62,"31","PRTG"
"ERBB48",2.89958021451931e-65,2.01681704110543,1,0.847,5.79916042903862e-62,"31","ERBB4"
"OLFM24",3.4242349469555e-65,1.28792221039759,0.818,0.212,6.848469893911e-62,"31","OLFM2"
"PLCL27",4.18690187836907e-65,1.27216652876975,0.836,0.261,8.37380375673815e-62,"31","PLCL2"
"SEL1L34",1.33844173690536e-64,1.60806963569913,0.794,0.247,2.67688347381072e-61,"31","SEL1L3"
"ARID3B",1.98433472107869e-64,0.28539194955038,0.83,0.334,3.96866944215738e-61,"31","ARID3B"
"ANKRD63",5.53162489316522e-64,0.484656644782477,0.83,0.346,1.10632497863304e-60,"31","ANKRD6"
"LRRN15",7.59862864581417e-64,1.68026939966483,0.891,0.338,1.51972572916283e-60,"31","LRRN1"
"PARD38",4.43564325892263e-63,1.28358416675,0.939,0.495,8.87128651784527e-60,"31","PARD3"
"NLGN4X5",4.84289777401554e-63,1.54153976437332,0.927,0.442,9.68579554803108e-60,"31","NLGN4X"
"DPYSL34",5.17693133721851e-63,1.70784624003162,0.824,0.242,1.0353862674437e-59,"31","DPYSL3"
"ITPR13",5.5655264458597e-63,0.596486154551745,0.836,0.346,1.11310528917194e-59,"31","ITPR1"
"ADAM236",1.12587772813656e-62,1.58377590083722,0.897,0.408,2.25175545627311e-59,"31","ADAM23"
"ADCY24",2.74683243973755e-62,0.895765585135353,0.855,0.356,5.4936648794751e-59,"31","ADCY2"
"AL110292.15",5.46161397761439e-62,0.261499622839332,0.824,0.323,1.09232279552288e-58,"31","AL110292.1"
"MKL24",5.92820946134512e-62,0.501707107156245,0.861,0.312,1.18564189226902e-58,"31","MKL2"
"HS6ST35",1.18949265425117e-61,0.964957566108718,0.867,0.243,2.37898530850235e-58,"31","HS6ST3"
"AC004852.25",1.35354259031834e-61,0.88354819939841,0.818,0.229,2.70708518063669e-58,"31","AC004852.2"
"AFAP14",1.86724318732196e-61,1.16286150638112,0.867,0.343,3.73448637464393e-58,"31","AFAP1"
"NTRK35",2.04001646228527e-61,1.3354141039344,0.891,0.353,4.08003292457054e-58,"31","NTRK3"
"C1orf215",3.42467928217939e-61,1.77252993356943,0.867,0.401,6.84935856435878e-58,"31","C1orf21"
"LINC011706",3.73453563087302e-61,2.28746405143672,0.97,0.509,7.46907126174603e-58,"31","LINC01170"
"FAR25",7.98274015495007e-61,0.733532787803168,0.842,0.371,1.59654803099001e-57,"31","FAR2"
"GNB41",2.48212742789365e-60,1.86987847391544,0.806,0.274,4.96425485578731e-57,"31","GNB4"
"KHDRBS36",3.54375628037964e-60,1.7645139425856,0.958,0.408,7.08751256075928e-57,"31","KHDRBS3"
"CLSTN24",8.55222240347162e-60,0.795055719508161,0.842,0.328,1.71044448069432e-56,"31","CLSTN2"
"XYLT16",1.46701753511766e-59,1.61131694296916,0.976,0.548,2.93403507023533e-56,"31","XYLT1"
"AC092691.16",2.39573647696991e-59,0.979748975984142,0.952,0.419,4.79147295393982e-56,"31","AC092691.1"
"ZNF469",3.62299852276814e-59,1.5467770462891,0.691,0.048,7.24599704553628e-56,"31","ZNF469"
"ERC25",5.20432614805721e-59,1.22984316032137,0.939,0.404,1.04086522961144e-55,"31","ERC2"
"SMOC16",1.07564183210131e-58,2.87132182023564,0.903,0.435,2.15128366420261e-55,"31","SMOC1"
"KCND25",9.94056183399124e-58,1.16326345289581,0.861,0.298,1.98811236679825e-54,"31","KCND2"
"PRKD16",1.57350128619616e-57,1.309820091495,0.964,0.551,3.14700257239231e-54,"31","PRKD1"
"RIMS25",3.78436069506706e-57,1.44266565837926,0.842,0.292,7.56872139013412e-54,"31","RIMS2"
"ARHGEF45",5.71905810361118e-57,1.32469278014211,0.861,0.322,1.14381162072224e-53,"31","ARHGEF4"
"AC090568.25",8.29483402961299e-57,1.0616913326619,0.8,0.326,1.6589668059226e-53,"31","AC090568.2"
"PRKG25",9.79718384558775e-57,0.619164154808525,0.788,0.208,1.95943676911755e-53,"31","PRKG2"
"PIP5K1B7",1.19249524355628e-56,0.360675592796931,0.794,0.322,2.38499048711255e-53,"31","PIP5K1B"
"ACAN4",1.34945789995444e-56,1.13489281375427,0.739,0.25,2.69891579990888e-53,"31","ACAN"
"XKR45",3.33503717614055e-56,1.43780949381595,0.848,0.351,6.67007435228109e-53,"31","XKR4"
"DAB15",3.36627675528668e-56,1.06543422459348,0.939,0.42,6.73255351057336e-53,"31","DAB1"
"ZFPM25",3.7650406629318e-56,0.989445848294518,0.903,0.442,7.5300813258636e-53,"31","ZFPM2"
"LAMA44",1.376436259416e-55,0.496397094971638,0.782,0.244,2.75287251883199e-52,"31","LAMA4"
"UNC805",2.40887298111673e-55,1.57990682288566,0.83,0.233,4.81774596223346e-52,"31","UNC80"
"SGCD6",5.11509909600731e-55,2.24449232012951,0.958,0.631,1.02301981920146e-51,"31","SGCD"
"KIAA08253",1.24595539543053e-54,0.464823310470488,0.855,0.348,2.49191079086107e-51,"31","KIAA0825"
"AKAP125",2.05792583825205e-54,0.609346031278768,0.806,0.274,4.1158516765041e-51,"31","AKAP12"
"NTN44",3.31990138126251e-54,0.2528235380516,0.776,0.214,6.63980276252502e-51,"31","NTN4"
"TTTY149",3.40224840648953e-54,1.28435474585304,0.933,0.477,6.80449681297906e-51,"31","TTTY14"
"GALNT136",3.51337909916871e-54,1.83429932946802,0.982,0.69,7.02675819833741e-51,"31","GALNT13"
"PCLO8",4.79728296062929e-54,0.885742651972114,0.818,0.279,9.59456592125859e-51,"31","PCLO"
"PPM1E9",2.22431084962402e-53,0.439232076714411,0.861,0.378,4.44862169924805e-50,"31","PPM1E"
"MARCH35",2.23720310789584e-53,0.304288565396332,0.824,0.368,4.47440621579167e-50,"31","MARCH3"
"PCDH11X6",2.26752404609301e-53,1.84446635243267,0.794,0.34,4.53504809218601e-50,"31","PCDH11X"
"GOLIM45",2.55728289320771e-53,1.09613368962913,0.873,0.389,5.11456578641542e-50,"31","GOLIM4"
"GRM55",3.06873106425658e-53,0.839231308183867,0.861,0.29,6.13746212851317e-50,"31","GRM5"
"MACROD29",5.77891710448021e-53,1.7445583512545,0.958,0.593,1.15578342089604e-49,"31","MACROD2"
"FBXL26",5.85305134550712e-53,0.846530839030399,0.855,0.381,1.17061026910142e-49,"31","FBXL2"
"DPY19L25",1.53945960008236e-52,1.20450937176741,0.824,0.385,3.07891920016473e-49,"31","DPY19L2"
"MAMLD15",2.10969565176655e-52,1.11623779272723,0.788,0.274,4.21939130353309e-49,"31","MAMLD1"
"GABRB15",3.41051837484637e-52,0.277165175586394,0.824,0.337,6.82103674969275e-49,"31","GABRB1"
"PVT13",3.67847118158036e-52,0.399533650004374,0.782,0.273,7.35694236316071e-49,"31","PVT1"
"GRIK411",4.23028148941848e-52,1.08789291737391,0.939,0.419,8.46056297883697e-49,"31","GRIK4"
"PRRX15",5.06822481418082e-52,1.67056175501068,0.812,0.367,1.01364496283616e-48,"31","PRRX1"
"HDAC97",5.64555495193849e-52,1.39098685381274,0.952,0.529,1.1291109903877e-48,"31","HDAC9"
"GLIS35",9.18803206062805e-52,0.271176524285462,0.83,0.395,1.83760641212561e-48,"31","GLIS3"
"BRINP25",3.11709465663828e-51,1.25796728176323,0.782,0.225,6.23418931327655e-48,"31","BRINP2"
"ARHGAP53",1.1547326956937e-50,2.13284150717568,0.982,0.617,2.30946539138741e-47,"31","ARHGAP5"
"DDAH14",1.36832044995854e-50,0.344114945222421,0.782,0.234,2.73664089991709e-47,"31","DDAH1"
"NOS14",3.44576304713247e-50,0.847606048869448,0.794,0.228,6.89152609426495e-47,"31","NOS1"
"NOL45",3.61200491884333e-50,0.709248873931385,0.812,0.304,7.22400983768666e-47,"31","NOL4"
"ZNF3656",6.11395739366727e-50,1.50953442012075,0.97,0.576,1.22279147873345e-46,"31","ZNF365"
"FIGN8",8.93911461791941e-50,1.63739742105007,0.97,0.517,1.78782292358388e-46,"31","FIGN"
"HMGCR7",3.09285338306793e-49,1.09438642369397,0.897,0.457,6.18570676613586e-46,"31","HMGCR"
"LRRK25",5.34087971492985e-49,0.880929006655432,0.758,0.231,1.06817594298597e-45,"31","LRRK2"
"GRID26",5.96713068264817e-49,1.6005327636526,1,0.559,1.19342613652963e-45,"31","GRID2"
"PTPRG6",6.43828554177279e-49,0.934586683484808,0.848,0.362,1.28765710835456e-45,"31","PTPRG"
"GLCCI15",2.25846904736175e-48,1.36602011872931,0.909,0.441,4.51693809472351e-45,"31","GLCCI1"
"SIPA1L25",2.41432551598295e-48,1.22730400136851,0.83,0.377,4.82865103196591e-45,"31","SIPA1L2"
"ARHGAP104",4.90911694246207e-48,0.635567002930588,0.782,0.293,9.81823388492414e-45,"31","ARHGAP10"
"CMYA55",6.32218888381808e-48,0.97126581747604,0.806,0.332,1.26443777676362e-44,"31","CMYA5"
"CADM28",7.00910168546208e-48,2.28707287492174,1,0.813,1.40182033709242e-44,"31","CADM2"
"AL359710.14",1.26688911962292e-47,0.293048544240197,0.83,0.349,2.53377823924583e-44,"31","AL359710.1"
"DCC6",8.2116373936388e-47,1.23749822767927,0.939,0.545,1.64232747872776e-43,"31","DCC"
"CDK145",3.85055225367117e-46,0.648807083574723,0.903,0.502,7.70110450734233e-43,"31","CDK14"
"ADAMTS64",4.16879082734364e-46,0.621715962667511,0.764,0.331,8.33758165468729e-43,"31","ADAMTS6"
"CHL16",4.27289151408654e-46,0.936441456768541,0.818,0.325,8.54578302817307e-43,"31","CHL1"
"GBE14",1.02107539114715e-45,0.407995571512283,0.861,0.363,2.04215078229429e-42,"31","GBE1"
"SYN24",1.54362097324701e-45,0.546351034167892,0.752,0.212,3.08724194649402e-42,"31","SYN2"
"PACS15",1.61488572647588e-45,0.826137398276784,0.873,0.352,3.22977145295176e-42,"31","PACS1"
"DIRC35",2.96498362387214e-45,0.48657333640657,0.77,0.289,5.92996724774427e-42,"31","DIRC3"
"CCDC148",3.77864712026485e-45,0.780869109361351,0.77,0.333,7.5572942405297e-42,"31","CCDC148"
"SHISA95",6.36435400241161e-44,0.583196351191179,0.776,0.27,1.27287080048232e-40,"31","SHISA9"
"HMGCS18",7.00983246174199e-44,1.30520588974323,0.909,0.482,1.4019664923484e-40,"31","HMGCS1"
"HECW15",1.03875807629278e-43,0.891537899966915,0.776,0.242,2.07751615258556e-40,"31","HECW1"
"LRP1B6",1.73473638141442e-43,1.34688431405142,0.994,0.746,3.46947276282883e-40,"31","LRP1B"
"TTN-AS15",4.38269388587718e-43,0.732240686585118,0.891,0.403,8.76538777175435e-40,"31","TTN-AS1"
"CACHD13",8.08193049990469e-43,0.43160836808239,0.721,0.197,1.61638609998094e-39,"31","CACHD1"
"PALLD5",1.00231323657194e-42,0.57374768126883,0.8,0.387,2.00462647314387e-39,"31","PALLD"
"PLEKHG16",2.36589859820174e-42,0.844376195891946,0.867,0.432,4.73179719640348e-39,"31","PLEKHG1"
"NLGN18",3.21924567965066e-42,1.53237249672222,1,0.742,6.43849135930133e-39,"31","NLGN1"
"MARCKS5",3.89471350412823e-42,2.31643373793319,0.788,0.318,7.78942700825646e-39,"31","MARCKS"
"GRM75",3.96728054773049e-42,0.57163765934328,0.861,0.341,7.93456109546098e-39,"31","GRM7"
"CCDC264",4.39424370049998e-42,0.930484339381951,0.745,0.369,8.78848740099997e-39,"31","CCDC26"
"CDH135",1.43536272743489e-41,0.952091401873164,0.885,0.371,2.87072545486978e-38,"31","CDH13"
"TGFBR13",1.72485875524095e-41,0.587751191037504,0.739,0.258,3.4497175104819e-38,"31","TGFBR1"
"FRY7",1.98690543778542e-41,1.17392863334445,0.879,0.461,3.97381087557084e-38,"31","FRY"
"SYNE24",2.45751292771491e-41,1.06243713762444,0.806,0.406,4.91502585542981e-38,"31","SYNE2"
"GUCY1A24",1.31201255036129e-40,0.427015508086353,0.812,0.36,2.62402510072259e-37,"31","GUCY1A2"
"APCDD13",1.54635317627023e-40,1.57880795593145,0.818,0.364,3.09270635254046e-37,"31","APCDD1"
"CASK5",1.90496805792815e-40,0.763696157801395,0.939,0.49,3.80993611585629e-37,"31","CASK"
"PDE3A1",4.72387233586569e-40,0.703599493148388,0.697,0.246,9.44774467173139e-37,"31","PDE3A"
"MAGI37",5.1895702488019e-40,0.43901547048851,0.83,0.409,1.03791404976038e-36,"31","MAGI3"
"MED12L4",8.82676258548185e-40,0.836106676337696,0.758,0.317,1.76535251709637e-36,"31","MED12L"
"SYT164",1.4539719425242e-39,0.314117841729366,0.727,0.19,2.90794388504841e-36,"31","SYT16"
"GOLM16",2.21970960601008e-39,1.04828550454709,0.794,0.39,4.43941921202015e-36,"31","GOLM1"
"SNTG15",2.62496060343088e-39,0.495319158443045,0.818,0.326,5.24992120686176e-36,"31","SNTG1"
"AF121898.1",3.37109971453294e-39,0.409106086924765,0.661,0.115,6.74219942906587e-36,"31","AF121898.1"
"ESRRG7",4.0476222568194e-39,0.314057808985101,0.842,0.367,8.0952445136388e-36,"31","ESRRG"
"MPZL15",4.54092530400866e-39,2.43981060695559,0.77,0.286,9.08185060801731e-36,"31","MPZL1"
"ARL154",7.57449949261152e-39,0.68976484521309,0.897,0.487,1.5148998985223e-35,"31","ARL15"
"CACNA1D5",1.15918324011122e-38,0.956445961516576,0.8,0.398,2.31836648022245e-35,"31","CACNA1D"
"PPP2R2B8",2.59089509266855e-38,2.07639073899206,0.994,0.904,5.1817901853371e-35,"31","PPP2R2B"
"PLPP45",4.68811072555567e-38,0.748535538552938,0.921,0.564,9.37622145111134e-35,"31","PLPP4"
"DCLK25",8.11732440934531e-38,0.584969863229282,0.788,0.331,1.62346488186906e-34,"31","DCLK2"
"PLEKHA56",9.41449462579865e-38,0.682831910427266,0.909,0.524,1.88289892515973e-34,"31","PLEKHA5"
"NOTCH25",9.5063261881722e-38,0.769809578995006,0.776,0.389,1.90126523763444e-34,"31","NOTCH2"
"SMYD37",1.00100790617579e-37,1.09956559383192,0.903,0.505,2.00201581235158e-34,"31","SMYD3"
"CALCRL4",1.04680455098063e-37,0.629253754023674,0.721,0.242,2.09360910196126e-34,"31","CALCRL"
"PTPRZ15",1.29450109683713e-37,1.37125135250259,0.824,0.37,2.58900219367426e-34,"31","PTPRZ1"
"PARP86",2.21953857664925e-37,0.344321563400067,0.745,0.28,4.43907715329849e-34,"31","PARP8"
"CELF26",3.129884839188e-37,1.12401035320498,0.806,0.336,6.259769678376e-34,"31","CELF2"
"COL11A15",3.94849098258818e-37,2.25486366064523,0.782,0.322,7.89698196517636e-34,"31","COL11A1"
"ASIC25",1.02639841502138e-36,0.850638090950697,0.733,0.264,2.05279683004277e-33,"31","ASIC2"
"LINC004615",1.20408596943815e-36,0.821690764951499,0.855,0.345,2.4081719388763e-33,"31","LINC00461"
"SLC16A104",1.79815014243082e-36,1.17614616319045,0.697,0.192,3.59630028486164e-33,"31","SLC16A10"
"TENM47",1.85615103866061e-36,0.384441588629439,0.83,0.408,3.71230207732122e-33,"31","TENM4"
"STK333",2.15645524244338e-36,0.398224864117284,0.721,0.283,4.31291048488676e-33,"31","STK33"
"KIAA12175",3.11701436179076e-36,0.870238988128026,0.776,0.329,6.23402872358151e-33,"31","KIAA1217"
"TBC1D93",3.59535716092917e-36,0.250583798985269,0.679,0.241,7.19071432185835e-33,"31","TBC1D9"
"PDE7B5",4.6042861674249e-36,0.358698806947559,0.739,0.262,9.2085723348498e-33,"31","PDE7B"
"MARK15",1.26271640270329e-35,0.773213135236088,0.794,0.377,2.52543280540659e-32,"31","MARK1"
"MLLT35",1.29654008843688e-35,1.00864082857826,0.897,0.461,2.59308017687375e-32,"31","MLLT3"
"BCHE4",2.66970093202239e-35,1.01164680436523,0.776,0.344,5.33940186404478e-32,"31","BCHE"
"LRMDA3",3.66600178543499e-35,0.620529817426321,0.739,0.354,7.33200357086998e-32,"31","LRMDA"
"OSBPL64",5.56380478373962e-35,0.771948192366711,0.715,0.241,1.11276095674792e-31,"31","OSBPL6"
"ADRA1A4",7.09165634392534e-35,0.674454316086039,0.697,0.211,1.41833126878507e-31,"31","ADRA1A"
"ABHD25",1.5624324549065e-34,1.20317476319305,0.8,0.295,3.12486490981299e-31,"31","ABHD2"
"DISC16",2.53645391428659e-34,0.567078006914403,0.885,0.382,5.07290782857318e-31,"31","DISC1"
"AC124254.13",5.2643049939521e-34,0.25222012748116,0.685,0.227,1.05286099879042e-30,"31","AC124254.1"
"PDZD25",1.94113973389736e-33,0.315122537378016,0.897,0.422,3.88227946779473e-30,"31","PDZD2"
"NRG35",2.67677430894908e-33,0.69857997586491,0.824,0.419,5.35354861789816e-30,"31","NRG3"
"TMEM132D5",3.4872539294202e-33,0.762234325701133,0.782,0.37,6.97450785884039e-30,"31","TMEM132D"
"RGS7BP3",4.67892541525162e-33,0.398639256180706,0.661,0.146,9.35785083050325e-30,"31","RGS7BP"
"PLOD24",6.85417905725812e-33,0.322438932806811,0.8,0.415,1.37083581145162e-29,"31","PLOD2"
"CCSER15",8.04784346361334e-33,0.919896501044574,0.77,0.347,1.60956869272267e-29,"31","CCSER1"
"CNTNAP55",8.90829390636317e-33,0.525037562963474,0.776,0.359,1.78165878127263e-29,"31","CNTNAP5"
"FUT101",9.16772869653257e-33,0.300760590838551,0.709,0.33,1.83354573930651e-29,"31","FUT10"
"CSMD29",9.62142127131811e-33,0.979771140777661,0.945,0.586,1.92428425426362e-29,"31","CSMD2"
"GHR4",1.01190246820655e-32,0.747119901681678,0.697,0.306,2.02380493641311e-29,"31","GHR"
"ADAMTS176",1.36566936284962e-32,0.538141490487873,0.758,0.32,2.73133872569924e-29,"31","ADAMTS17"
"RORA5",1.89143225920744e-32,0.329941263858857,0.939,0.531,3.78286451841488e-29,"31","RORA"
"XKR67",2.15413257661189e-32,0.633090603838197,0.915,0.548,4.30826515322378e-29,"31","XKR6"
"PAK55",2.21366324706616e-32,0.509722997169199,0.727,0.39,4.42732649413233e-29,"31","PAK5"
"FAM19A24",4.89276158179668e-32,0.418793844906006,0.77,0.344,9.78552316359335e-29,"31","FAM19A2"
"DOK65",6.87042961722411e-32,0.267504682185941,0.727,0.277,1.37408592344482e-28,"31","DOK6"
"LRFN23",1.10849511797319e-31,0.305463719190087,0.673,0.163,2.21699023594638e-28,"31","LRFN2"
"GNAL5",1.33847868563605e-31,0.538513351618059,0.697,0.272,2.67695737127209e-28,"31","GNAL"
"MSRA10",1.73268442977195e-31,0.690982633136801,0.842,0.412,3.46536885954389e-28,"31","MSRA"
"GSG1L5",1.91014049672592e-31,0.503797880629483,0.727,0.297,3.82028099345185e-28,"31","GSG1L"
"RPS6KA37",2.5546208084703e-31,0.434351947817584,0.8,0.413,5.10924161694059e-28,"31","RPS6KA3"
"B3GAT25",4.13698511267546e-31,0.293850598985863,0.17,0.299,8.27397022535093e-28,"31","B3GAT2"
"EGFR5",4.91838210392e-31,0.44648739429162,0.715,0.311,9.83676420784e-28,"31","EGFR"
"LHFPL25",9.71086152801266e-31,0.389113792369491,0.739,0.381,1.94217230560253e-27,"31","LHFPL2"
"SENP1",1.13167280919045e-30,0.375378513711532,0.709,0.298,2.2633456183809e-27,"31","SENP1"
"RYR11",1.39743451818128e-30,0.257425644923738,0.679,0.307,2.79486903636256e-27,"31","RYR1"
"ARHGEF264",1.75234435391039e-30,1.33259028812303,0.703,0.289,3.50468870782078e-27,"31","ARHGEF26"
"TNIK8",2.79583284069541e-30,1.2810251217797,0.958,0.638,5.59166568139082e-27,"31","TNIK"
"CCDC505",4.88118724380021e-30,1.22550743857751,0.782,0.321,9.76237448760041e-27,"31","CCDC50"
"LRRC4C5",5.53960617819387e-30,0.619430446067543,0.927,0.542,1.10792123563877e-26,"31","LRRC4C"
"KHDRBS24",5.63993320271489e-30,0.379652093622585,0.776,0.356,1.12798664054298e-26,"31","KHDRBS2"
"PKNOX24",5.6630091472772e-30,0.636479414549561,0.733,0.361,1.13260182945544e-26,"31","PKNOX2"
"EIF5B1",5.89734221218456e-30,0.44667301226002,0.818,0.326,1.17946844243691e-26,"31","EIF5B"
"MPPED25",6.50786668259006e-30,0.81101093745701,0.709,0.231,1.30157333651801e-26,"31","MPPED2"
"CA84",1.1169351655195e-29,0.500605293935801,0.667,0.247,2.23387033103899e-26,"31","CA8"
"TIAM19",1.58568191503056e-29,0.812876635492317,0.927,0.527,3.17136383006113e-26,"31","TIAM1"
"LRRFIP15",1.58949776311539e-29,0.90035277974852,0.727,0.298,3.17899552623078e-26,"31","LRRFIP1"
"HS6ST22",2.67330541494283e-29,0.418553549650427,0.661,0.215,5.34661082988567e-26,"31","HS6ST2"
"ANKRD555",2.72810309214392e-29,0.306303181387149,0.691,0.279,5.45620618428784e-26,"31","ANKRD55"
"LRRC78",3.03272483074353e-29,1.41223916284348,0.988,0.756,6.06544966148706e-26,"31","LRRC7"
"TRERF15",5.31618427455557e-29,0.413559417835215,0.673,0.211,1.06323685491111e-25,"31","TRERF1"
"NEDD48",1.21817633276768e-28,0.32878252264979,0.77,0.437,2.43635266553535e-25,"31","NEDD4"
"ATCAY4",3.30209441848127e-28,1.99241255849086,0.685,0.179,6.60418883696255e-25,"31","ATCAY"
"CNKSR25",4.13089079856694e-28,0.833258683114155,0.697,0.224,8.26178159713387e-25,"31","CNKSR2"
"U91319.14",5.85209324539278e-28,0.472919896451091,0.697,0.306,1.17041864907856e-24,"31","U91319.1"
"NRG28",9.85012401384785e-28,0.255874733753052,0.77,0.338,1.97002480276957e-24,"31","NRG2"
"PLCE14",2.42457502555674e-27,1.25587792209223,0.691,0.305,4.84915005111347e-24,"31","PLCE1"
"FARP15",4.09435670444325e-27,0.39860597935862,0.697,0.298,8.18871340888651e-24,"31","FARP1"
"ACAT23",4.93431812125249e-27,0.500602153603495,0.758,0.373,9.86863624250498e-24,"31","ACAT2"
"KCNJ33",5.21863663046976e-27,0.564502161729245,0.667,0.232,1.04372732609395e-23,"31","KCNJ3"
"KCNMB2-AS14",5.64944082554739e-27,0.379369959717223,0.715,0.337,1.12988816510948e-23,"31","KCNMB2-AS1"
"PLEKHA25",1.16975825483547e-26,0.781519106429784,0.697,0.299,2.33951650967094e-23,"31","PLEKHA2"
"LMO34",1.32976195435996e-26,0.311397105815374,0.667,0.2,2.65952390871992e-23,"31","LMO3"
"DIAPH26",1.61656084327592e-26,0.466150853939502,0.745,0.314,3.23312168655184e-23,"31","DIAPH2"
"HIF3A5",3.16184770484754e-26,0.450194448816058,0.709,0.323,6.32369540969508e-23,"31","HIF3A"
"TENM15",3.4529184529577e-26,1.01999474548698,0.691,0.294,6.90583690591539e-23,"31","TENM1"
"RIT25",3.63307416050516e-26,0.26288212623196,0.661,0.201,7.26614832101031e-23,"31","RIT2"
"SOX42",2.54188569486948e-25,2.62816138024282,0.673,0.225,5.08377138973897e-22,"31","SOX4"
"FOXN35",4.22557893965074e-25,0.668996111845705,0.909,0.504,8.45115787930148e-22,"31","FOXN3"
"FCHSD214",4.59304455787942e-25,0.693544822468706,0.964,0.619,9.18608911575884e-22,"31","FCHSD2"
"IMMP2L3",9.56706489671117e-25,0.666793895311122,0.927,0.569,1.91341297934223e-21,"31","IMMP2L"
"GALNTL61",1.14556521314407e-24,0.357570240797991,0.667,0.301,2.29113042628814e-21,"31","GALNTL6"
"PTPRN25",1.27177902709632e-24,0.759142237019901,0.709,0.321,2.54355805419264e-21,"31","PTPRN2"
"AEBP12",1.91734422962612e-24,0.254717964888552,0.636,0.234,3.83468845925224e-21,"31","AEBP1"
"GPR1585",3.57953932206939e-24,0.524694356027222,0.715,0.312,7.15907864413878e-21,"31","GPR158"
"PNMA21",4.96281044202848e-24,0.407011365159971,0.606,0.161,9.92562088405695e-21,"31","PNMA2"
"SUCLG2-AS15",9.29660384497614e-24,0.413499876395708,0.685,0.341,1.85932076899523e-20,"31","SUCLG2-AS1"
"TNK25",1.24899880141585e-23,1.63275177585358,0.733,0.353,2.49799760283169e-20,"31","TNK2"
"GNG126",4.79241706551198e-23,0.699437756557963,0.679,0.33,9.58483413102395e-20,"31","GNG12"
"NAV36",5.71736988346272e-23,0.732493311475193,0.921,0.621,1.14347397669254e-19,"31","NAV3"
"SHC35",5.78199653421706e-23,0.383303908395059,0.727,0.373,1.15639930684341e-19,"31","SHC3"
"TLL13",6.35530818031779e-23,0.74253458218936,0.612,0.174,1.27106163606356e-19,"31","TLL1"
"EIF2AK26",1.14276873718273e-22,0.409910007227679,0.727,0.314,2.28553747436547e-19,"31","EIF2AK2"
"FMN24",3.22490342300072e-22,0.711382764976645,0.721,0.394,6.44980684600143e-19,"31","FMN2"
"PPM1L4",4.10764271765438e-22,0.648657885762076,0.721,0.355,8.21528543530875e-19,"31","PPM1L"
"CHST95",5.84715446923395e-22,1.34156873046291,0.685,0.324,1.16943089384679e-18,"31","CHST9"
"DPP65",6.29287158284411e-22,0.7152265305557,0.958,0.623,1.25857431656882e-18,"31","DPP6"
"FHOD34",1.20165394778009e-21,0.703866921526837,0.673,0.257,2.40330789556018e-18,"31","FHOD3"
"ZDHHC153",1.06791104008068e-20,0.423090754566155,0.624,0.277,2.13582208016136e-17,"31","ZDHHC15"
"RAPGEF44",1.66691908948352e-20,0.25182763477407,0.721,0.374,3.33383817896704e-17,"31","RAPGEF4"
"NLGN4Y6",2.67645650343873e-20,0.263866679435558,0.867,0.528,5.35291300687746e-17,"31","NLGN4Y"
"GRIA36",2.87604855842852e-20,1.14257495100674,0.764,0.371,5.75209711685703e-17,"31","GRIA3"
"SCN9A5",3.0054085307661e-20,1.21073135496771,0.655,0.27,6.01081706153221e-17,"31","SCN9A"
"GRIA47",3.08483750497457e-20,1.12299629013667,0.97,0.726,6.16967500994915e-17,"31","GRIA4"
"FBXL177",3.52694916478786e-20,0.566397379490423,0.83,0.443,7.05389832957571e-17,"31","FBXL17"
"SYN34",9.39613272024101e-20,0.399240354948504,0.655,0.305,1.8792265440482e-16,"31","SYN3"
"MCU4",1.71720676543535e-19,0.356005527053411,0.758,0.454,3.4344135308707e-16,"31","MCU"
"PDLIM55",2.0887219327764e-19,0.265541055990092,0.776,0.456,4.1774438655528e-16,"31","PDLIM5"
"GABRB35",3.38490560094518e-19,0.806148190315214,0.667,0.304,6.76981120189036e-16,"31","GABRB3"
"SCRG16",5.02551197688429e-19,1.29666050763502,0.691,0.33,1.00510239537686e-15,"31","SCRG1"
"SYT13",6.12738751305124e-19,0.851009875147245,0.612,0.198,1.22547750261025e-15,"31","SYT1"
"GPR1556",1.18345880812668e-18,1.36363621873295,0.715,0.337,2.36691761625336e-15,"31","GPR155"
"KLHL135",1.82587345345005e-18,0.40007229254881,0.685,0.366,3.6517469069001e-15,"31","KLHL13"
"ADGRB14",2.05656513457319e-18,0.373488387469251,0.612,0.172,4.11313026914638e-15,"31","ADGRB1"
"PELI25",2.52964570392345e-18,0.262714835450364,0.788,0.462,5.0592914078469e-15,"31","PELI2"
"MYO165",5.0189167433983e-18,0.714076202614027,0.648,0.251,1.00378334867966e-14,"31","MYO16"
"NMNAT25",9.86755013477138e-18,0.270150019939,0.642,0.294,1.97351002695428e-14,"31","NMNAT2"
"MYT1L5",1.16791359947804e-17,0.397250498097061,0.267,0.265,2.33582719895607e-14,"31","MYT1L"
"FUT98",3.1870039776574e-17,0.465876550138755,0.867,0.522,6.37400795531479e-14,"31","FUT9"
"ANKRD71",3.36232634656511e-17,0.274284377228957,0.648,0.366,6.72465269313023e-14,"31","ANKRD7"
"GALR14",1.21159424682401e-16,0.340764198667468,0.279,0.192,2.42318849364802e-13,"31","GALR1"
"MALRD14",2.30327733551683e-16,0.319665679807562,0.612,0.284,4.60655467103366e-13,"31","MALRD1"
"SERPINE24",3.73739071982942e-16,0.604690255184439,0.261,0.275,7.47478143965883e-13,"31","SERPINE2"
"LRRTM1",1.22294290514985e-15,0.636568527471922,0.57,0.135,2.4458858102997e-12,"31","LRRTM1"
"PTN7",2.34425910929164e-15,0.893961871836469,0.861,0.525,4.68851821858329e-12,"31","PTN"
"TSC22D14",3.99747061247199e-15,0.930024183680647,0.8,0.461,7.99494122494398e-12,"31","TSC22D1"
"SYT176",5.72554786859672e-15,0.498007076565172,0.648,0.27,1.14510957371934e-11,"31","SYT17"
"FHIT6",1.72490047303408e-13,0.538719347180081,0.994,0.81,3.44980094606816e-10,"31","FHIT"
"MAPK109",3.29661394824295e-13,0.615689349579653,0.952,0.641,6.59322789648589e-10,"31","MAPK10"
"CCK",6.65995222996968e-13,0.629179530878831,0.527,0.141,1.33199044599394e-09,"31","CCK"
"CTSC2",7.50132625718812e-13,0.511515687968323,0.564,0.21,1.50026525143762e-09,"31","CTSC"
"NOVA15",1.41970453785493e-12,0.920510758777009,0.848,0.649,2.83940907570986e-09,"31","NOVA1"
"DZIP14",4.03190082150579e-12,0.476529624583022,0.606,0.228,8.06380164301159e-09,"31","DZIP1"
"SLC38A15",4.7188031713539e-12,0.762413786119052,0.63,0.287,9.4376063427078e-09,"31","SLC38A1"
"AMOTL13",1.78169274828793e-11,0.398825523537596,0.57,0.246,3.56338549657587e-08,"31","AMOTL1"
"AC006058.11",1.90760181515183e-11,1.31701463380894,0.57,0.164,3.81520363030366e-08,"31","AC006058.1"
"EML56",5.96467679343076e-11,0.261253935060962,0.618,0.286,1.19293535868615e-07,"31","EML5"
"NTM10",1.24802264081047e-10,0.722785570376504,0.939,0.879,2.49604528162095e-07,"31","NTM"
"NSG24",2.57938305386013e-10,0.458974482823662,0.558,0.195,5.15876610772026e-07,"31","NSG2"
"HLA-B5",5.52192460133212e-10,0.925589439288395,0.606,0.289,1.10438492026642e-06,"31","HLA-B"
"ANO65",5.79642157985638e-10,0.767901270581679,0.606,0.324,1.15928431597128e-06,"31","ANO6"
"ME35",1.07758693360066e-09,0.253249527194675,0.321,0.289,2.15517386720132e-06,"31","ME3"
"RGS221",1.30064793282757e-09,0.288861393483508,0.564,0.327,2.60129586565514e-06,"31","RGS22"
"NEXMIF5",1.31045448210858e-09,0.319496269676269,0.594,0.26,2.62090896421716e-06,"31","NEXMIF"
"IL1RAP6",2.61322036719247e-09,0.457352761195476,0.594,0.258,5.22644073438494e-06,"31","IL1RAP"
"SNX222",2.80234867952892e-09,0.641077683711234,0.315,0.209,5.60469735905784e-06,"31","SNX22"
"NREP4",6.25648628603342e-09,0.694890578694485,0.564,0.268,1.25129725720668e-05,"31","NREP"
"UCHL13",7.25253724719503e-09,0.423082964672599,0.255,0.217,1.45050744943901e-05,"31","UCHL1"
"TUBB2B6",8.99028282686135e-09,0.946663691013229,0.594,0.272,1.79805656537227e-05,"31","TUBB2B"
"MT-CO310",9.81047091299413e-09,0.606299183191669,0.776,0.575,1.96209418259883e-05,"31","MT-CO3"
"MB21D23",1.77161517922011e-08,0.489913532420636,0.636,0.379,3.54323035844022e-05,"31","MB21D2"
"CACNG82",2.8903755107037e-08,0.569054070178484,0.533,0.163,5.7807510214074e-05,"31","CACNG8"
"MIPOL17",5.4415534657677e-08,0.447428360115872,0.673,0.421,0.000108831069315354,"31","MIPOL1"
"SCN3A6",5.66736436219935e-08,1.26489704546403,0.6,0.301,0.000113347287243987,"31","SCN3A"
"SULF25",7.03225970053686e-08,0.59483326960111,0.358,0.289,0.000140645194010737,"31","SULF2"
"MT-CO210",3.01052517948161e-07,0.381245037354955,0.836,0.617,0.000602105035896322,"31","MT-CO2"
"DOK54",3.46566224672731e-07,0.411753811668195,0.552,0.225,0.000693132449345463,"31","DOK5"
"GAD14",3.52032243478046e-07,0.311245635799506,0.539,0.175,0.000704064486956091,"31","GAD1"
"ARL4C2",3.5837285954047e-07,0.342584635404468,0.297,0.159,0.000716745719080941,"31","ARL4C"
"PCSK1N1",6.40295926570446e-07,0.376513131527996,0.255,0.185,0.00128059185314089,"31","PCSK1N"
"PHLDA13",1.08908939810954e-06,0.907170862564784,0.339,0.244,0.00217817879621907,"31","PHLDA1"
"NRGN1",1.09434028413672e-06,0.547524557405428,0.448,0.127,0.00218868056827344,"31","NRGN"
"MT-CO110",1.87173970449628e-06,0.937845586506855,0.667,0.469,0.00374347940899257,"31","MT-CO1"
"ADCY84",3.43897764569331e-06,0.255804480781142,0.564,0.307,0.00687795529138661,"31","ADCY8"
"MT-ND48",4.461000509027e-06,0.74420327081075,0.733,0.542,0.008922001018054,"31","MT-ND4"
"MEG33",5.3847477486987e-06,0.418124118622949,0.509,0.124,0.0107694954973974,"31","MEG3"
"SUFU2",8.54821602996549e-06,0.370902281259245,0.624,0.414,0.017096432059931,"31","SUFU"
"KANK16",9.05245358126556e-06,0.870260882080528,0.903,0.709,0.0181049071625311,"31","KANK1"
"AC044781.11",1.20872794699419e-05,0.551766445405113,0.352,0.173,0.0241745589398838,"31","AC044781.1"
"PTGDS3",1.78415127980928e-05,0.857912506436333,0.394,0.204,0.0356830255961856,"31","PTGDS"
"DCT",2.22834190912809e-05,0.432784428533571,0.327,0.191,0.0445668381825618,"31","DCT"
"DBI4",2.39105976583828e-05,0.380339079441692,0.327,0.264,0.0478211953167656,"31","DBI"
"MT-ATP611",2.42035257415231e-05,0.513533744081319,0.77,0.562,0.0484070514830463,"31","MT-ATP6"
"ITGA95",2.95724166335274e-05,0.265949582013094,0.358,0.295,0.0591448332670547,"31","ITGA9"
"SLC7A57",4.93172181317284e-05,0.525167169017106,0.382,0.35,0.0986344362634569,"31","SLC7A5"
"SNAP256",5.45481249533382e-05,0.353832232715498,0.279,0.236,0.109096249906676,"31","SNAP25"
"ENPP66",9.69204531954413e-05,0.298006758921347,0.758,0.56,0.193840906390883,"31","ENPP6"
"CDH24",0.000108720070389838,0.373402062285407,0.636,0.393,0.217440140779675,"31","CDH2"
"GABRB21",0.000150628700255054,0.254150839130804,0.255,0.158,0.301257400510107,"31","GABRB2"
"PRDX15",0.000227905858208943,0.274934554088936,0.4,0.382,0.455811716417886,"31","PRDX1"
"PCSK24",0.000268100403251163,0.351728008373689,0.352,0.243,0.536200806502327,"31","PCSK2"
"MT-ND28",0.000444110027232543,0.519173914935959,0.703,0.507,0.888220054465087,"31","MT-ND2"
"HLA-A8",0.000454589142242996,0.418195127708333,0.358,0.288,0.909178284485991,"31","HLA-A"
"RAMP15",0.0010736897906241,0.71492624742679,0.582,0.34,1,"31","RAMP1"
"SLC8A34",0.00133053683266204,0.362406752312537,0.521,0.242,1,"31","SLC8A3"
"LY6H2",0.00201080848277169,0.652460809811951,0.291,0.123,1,"31","LY6H"
"GPNMB6",0.00614809746297386,2.01288957395531,0.37,0.256,1,"31","GPNMB"
"TMSB102",0.00638048523466286,0.547052750065047,0.333,0.206,1,"31","TMSB10"
"PKIA4",0.00822684443054571,0.391619977261814,0.515,0.319,1,"31","PKIA"
"MT-ND38",0.00934072072106685,0.264449695969172,0.727,0.555,1,"31","MT-ND3"
"SCN2A5",0.00983425166001303,0.668924341928534,0.491,0.209,1,"31","SCN2A"
"EGFR6",1.37821526938523e-79,2.86850050451176,0.954,0.311,2.75643053877045e-76,"32","EGFR"
"GLIS36",1.91497888621102e-77,3.69879270973041,0.972,0.396,3.82995777242203e-74,"32","GLIS3"
"ADCY85",2.33663260752883e-76,2.35089429445272,0.926,0.306,4.67326521505766e-73,"32","ADCY8"
"ABLIM15",1.33728223026822e-74,2.72995687164665,0.963,0.329,2.67456446053645e-71,"32","ABLIM1"
"NRG36",1.45772313464848e-74,3.62673611711749,1,0.419,2.91544626929695e-71,"32","NRG3"
"GPM6A6",2.42927729588141e-74,3.8234383717488,1,0.28,4.85855459176282e-71,"32","GPM6A"
"LINC01088",1.26229182468095e-72,3.92125661021054,0.954,0.388,2.5245836493619e-69,"32","LINC01088"
"FAT33",2.47372380835133e-71,2.83105531532445,0.917,0.231,4.94744761670266e-68,"32","FAT3"
"LGI12",1.98176174522798e-70,1.99112539469682,0.87,0.212,3.96352349045596e-67,"32","LGI1"
"AC073941.1",1.40711287490286e-69,1.82274096987612,0.861,0.291,2.81422574980572e-66,"32","AC073941.1"
"HS3ST12",1.71852952171372e-69,0.563522090623057,0.769,0.146,3.43705904342744e-66,"32","HS3ST1"
"GABRB16",2.35043107506591e-69,3.15796009640086,0.954,0.337,4.70086215013181e-66,"32","GABRB1"
"CTNNA25",5.41297266352283e-69,3.57720754444422,0.981,0.436,1.08259453270457e-65,"32","CTNNA2"
"PITPNC15",8.86964606132845e-69,3.01912168896289,0.981,0.412,1.77392921226569e-65,"32","PITPNC1"
"PARD39",2.34810748808842e-68,3.15579084322753,0.991,0.495,4.69621497617683e-65,"32","PARD3"
"CACHD14",3.95838406332496e-68,1.56889787795784,0.87,0.197,7.91676812664993e-65,"32","CACHD1"
"KCNMA16",1.029746518961e-67,2.79716727058722,0.991,0.363,2.05949303792201e-64,"32","KCNMA1"
"TNC1",1.3537481946199e-66,2.00174893577885,0.87,0.29,2.7074963892398e-63,"32","TNC"
"AC092691.17",2.02399788692649e-66,2.64173929345108,0.991,0.42,4.04799577385299e-63,"32","AC092691.1"
"PLCB17",3.51343880698739e-66,2.52777208480465,0.981,0.33,7.02687761397478e-63,"32","PLCB1"
"RORA6",3.08733094284995e-65,3.12140955231577,1,0.532,6.17466188569989e-62,"32","RORA"
"COL8A14",1.68237779277916e-63,1.60243704702291,0.843,0.29,3.36475558555833e-60,"32","COL8A1"
"SLC14A1",1.84073813207402e-63,2.73066908682803,0.889,0.375,3.68147626414804e-60,"32","SLC14A1"
"CSGALNACT17",2.45111434634017e-63,2.4718079106543,0.917,0.267,4.90222869268034e-60,"32","CSGALNACT1"
"NEBL5",2.86813172305918e-63,2.96818819801987,0.935,0.361,5.73626344611837e-60,"32","NEBL"
"SOX66",1.33459322219862e-62,2.65634744239813,0.981,0.349,2.66918644439725e-59,"32","SOX6"
"VAV33",3.19217420505448e-62,1.56269038693274,0.806,0.218,6.38434841010896e-59,"32","VAV3"
"CARMIL11",3.31695576191527e-62,2.1598348194413,0.88,0.35,6.63391152383055e-59,"32","CARMIL1"
"PRRX16",3.83261463815132e-62,1.95920708114552,0.917,0.368,7.66522927630263e-59,"32","PRRX1"
"CD442",6.45639724475534e-62,1.8835297236769,0.889,0.342,1.29127944895107e-58,"32","CD44"
"SLC1A25",7.81348787919011e-62,3.03120680317326,0.963,0.259,1.56269757583802e-58,"32","SLC1A2"
"ZNRF34",1.21617675880633e-61,2.35396992760236,0.935,0.365,2.43235351761266e-58,"32","ZNRF3"
"PTCHD4",2.04490120290916e-61,0.954274560185582,0.806,0.23,4.08980240581833e-58,"32","PTCHD4"
"SOX56",2.31600882288461e-61,2.46997622275801,0.972,0.431,4.63201764576921e-58,"32","SOX5"
"WDR49",2.87488193574239e-61,1.80335951290422,0.87,0.321,5.74976387148478e-58,"32","WDR49"
"GPC64",3.15471631211815e-61,2.39647463023317,0.898,0.319,6.3094326242363e-58,"32","GPC6"
"NRCAM6",3.17271252471898e-61,2.17787694019231,0.991,0.36,6.34542504943796e-58,"32","NRCAM"
"KIAA12176",3.72724972805427e-61,2.60357800724895,0.926,0.329,7.45449945610854e-58,"32","KIAA1217"
"TOX7",1.2153153419931e-60,2.1829946631142,0.917,0.345,2.43063068398621e-57,"32","TOX"
"ADCY25",1.49795858711474e-60,2.85905573013708,0.926,0.356,2.99591717422948e-57,"32","ADCY2"
"CHST96",2.2160348726759e-60,1.95118330590034,0.88,0.324,4.4320697453518e-57,"32","CHST9"
"NR2F1-AS16",3.30672915753584e-60,1.70256256465167,0.87,0.217,6.61345831507169e-57,"32","NR2F1-AS1"
"ST8SIA14",6.1604691526187e-60,1.78891036827936,0.917,0.274,1.23209383052374e-56,"32","ST8SIA1"
"GRIA14",1.59755630785854e-59,1.81992576424259,0.852,0.232,3.19511261571709e-56,"32","GRIA1"
"RFX45",1.98982365382864e-59,2.40206372172299,0.87,0.315,3.97964730765728e-56,"32","RFX4"
"FMN25",4.55228433340531e-59,2.40988899065247,0.935,0.394,9.10456866681061e-56,"32","FMN2"
"MAPK41",5.32945027932193e-59,2.08410762574667,0.843,0.315,1.06589005586439e-55,"32","MAPK4"
"MAP3K57",2.1273233574144e-58,1.9370562615488,0.898,0.318,4.25464671482879e-55,"32","MAP3K5"
"SMAD36",2.64123206093259e-58,1.28249987964508,0.833,0.243,5.28246412186517e-55,"32","SMAD3"
"SORCS36",5.38121295307473e-58,1.90210691773876,0.917,0.334,1.07624259061495e-54,"32","SORCS3"
"LRP1B7",1.05802334120916e-57,2.30982794529631,1,0.746,2.11604668241833e-54,"32","LRP1B"
"STK32A6",1.08870187773785e-57,1.73973165545149,0.861,0.275,2.1774037554757e-54,"32","STK32A"
"DCLK12",1.32367791068598e-57,2.62485297129638,0.88,0.312,2.64735582137195e-54,"32","DCLK1"
"ZFPM26",1.40000985918853e-57,2.23618170990498,0.963,0.443,2.80001971837707e-54,"32","ZFPM2"
"DGKG6",1.65386359471678e-56,1.91413823946862,0.944,0.372,3.30772718943356e-53,"32","DGKG"
"WLS5",4.96784319300221e-56,2.0678985485574,0.87,0.311,9.93568638600443e-53,"32","WLS"
"KLHDC8A",5.65834151816054e-56,0.489859672280083,0.741,0.179,1.13166830363211e-52,"32","KLHDC8A"
"CNTN18",1.24949686804553e-55,2.39303991538057,0.954,0.47,2.49899373609106e-52,"32","CNTN1"
"HIF3A6",1.32482001629642e-55,2.48147907712005,0.907,0.323,2.64964003259284e-52,"32","HIF3A"
"AC124854.13",1.86449658934161e-55,1.01250147803933,0.778,0.218,3.72899317868321e-52,"32","AC124854.1"
"GNG127",2.03435510664555e-55,1.41085302624244,0.852,0.33,4.0687102132911e-52,"32","GNG12"
"LINC010941",2.73692738624207e-55,0.87347093578569,0.778,0.283,5.47385477248414e-52,"32","LINC01094"
"PTPRG7",2.94282459817303e-55,1.96192541387388,0.926,0.363,5.88564919634607e-52,"32","PTPRG"
"MAML27",3.01900630992863e-55,2.29780458967779,0.972,0.425,6.03801261985725e-52,"32","MAML2"
"EMP1",5.20307489073616e-55,0.929460760856841,0.787,0.258,1.04061497814723e-51,"32","EMP1"
"PTPRZ16",6.25987118283545e-55,2.22219592323338,0.954,0.37,1.25197423656709e-51,"32","PTPRZ1"
"PLCE15",1.05769360595321e-54,1.81667395892748,0.87,0.305,2.11538721190642e-51,"32","PLCE1"
"ARHGAP317",1.34172179738083e-54,2.26840172149655,0.87,0.358,2.68344359476166e-51,"32","ARHGAP31"
"AC009975.14",1.58285315330831e-54,1.54234524375638,0.833,0.334,3.16570630661663e-51,"32","AC009975.1"
"DTNA11",2.270184925921e-54,2.59284817350124,0.981,0.601,4.54036985184199e-51,"32","DTNA"
"ADAMTS9-AS25",6.40156606305289e-54,1.64012421664949,0.852,0.328,1.28031321261058e-50,"32","ADAMTS9-AS2"
"LSAMP6",6.99988829044047e-54,2.31923501083124,1,0.779,1.39997765808809e-50,"32","LSAMP"
"AC019068.11",8.13862810818116e-54,0.899387553483705,0.769,0.181,1.62772562163623e-50,"32","AC019068.1"
"CTNND212",1.67710116490079e-53,2.22465931587559,0.991,0.714,3.35420232980158e-50,"32","CTNND2"
"PRICKLE26",5.99625597720182e-53,1.63372190774768,0.889,0.27,1.19925119544036e-49,"32","PRICKLE2"
"RNF182",1.79810081338248e-52,0.524186052268888,0.713,0.146,3.59620162676495e-49,"32","RNF182"
"TCF7L14",2.48734113405026e-52,1.30253331968253,0.796,0.316,4.97468226810052e-49,"32","TCF7L1"
"SHISA96",3.98274904678406e-52,1.89628569650301,0.852,0.27,7.96549809356812e-49,"32","SHISA9"
"CFAP54",4.18449686692113e-52,1.13960791840082,0.843,0.294,8.36899373384226e-49,"32","CFAP54"
"CHL17",4.61531258259503e-52,2.00158201809999,0.917,0.326,9.23062516519007e-49,"32","CHL1"
"RGS20",8.73870306480795e-52,1.19852089747901,0.787,0.238,1.74774061296159e-48,"32","RGS20"
"ARHGAP425",9.943334779479e-52,1.40416905901956,0.88,0.343,1.9886669558958e-48,"32","ARHGAP42"
"EYA22",1.23248867435215e-51,1.36702523744722,0.806,0.304,2.46497734870431e-48,"32","EYA2"
"LYPD6",1.40042030052272e-51,0.687871858647624,0.722,0.19,2.80084060104544e-48,"32","LYPD6"
"SORBS112",1.42144369839783e-51,2.62472910580586,0.972,0.638,2.84288739679565e-48,"32","SORBS1"
"CTXND14",2.53345038549963e-51,1.09891885063692,0.741,0.15,5.06690077099925e-48,"32","CTXND1"
"ARHGAP105",5.79006878882695e-51,1.19975599636657,0.833,0.293,1.15801375776539e-47,"32","ARHGAP10"
"ALK5",8.74793077219186e-51,1.92212062166369,0.898,0.375,1.74958615443837e-47,"32","ALK"
"BMPR1B",1.09475613228758e-50,1.94889671356632,0.833,0.314,2.18951226457517e-47,"32","BMPR1B"
"CRISPLD13",1.26777603371293e-50,0.965376967561845,0.741,0.168,2.53555206742586e-47,"32","CRISPLD1"
"LINC005117",1.27548854183731e-50,1.93174732009173,0.926,0.413,2.55097708367461e-47,"32","LINC00511"
"SRPX1",1.75551835077686e-50,0.730051887563425,0.759,0.247,3.51103670155373e-47,"32","SRPX"
"SPARCL16",2.50182248638132e-50,2.77690143264125,0.889,0.257,5.00364497276264e-47,"32","SPARCL1"
"NTRK36",3.1917268753878e-50,1.8632108906252,0.889,0.354,6.38345375077561e-47,"32","NTRK3"
"MERTK2",7.46281364427334e-50,1.23591988138494,0.787,0.285,1.49256272885467e-46,"32","MERTK"
"TNIK9",8.18068531397841e-50,2.41580888579873,0.972,0.638,1.63613706279568e-46,"32","TNIK"
"KCNMB2-AS15",8.87971840523773e-50,1.81811347155978,0.861,0.338,1.77594368104755e-46,"32","KCNMB2-AS1"
"ARHGEF265",1.3835087238287e-49,1.35738378541107,0.833,0.29,2.76701744765741e-46,"32","ARHGEF26"
"FLRT26",2.46624423815317e-49,1.80836892477098,0.824,0.23,4.93248847630634e-46,"32","FLRT2"
"AKAP135",3.55511126557945e-49,1.80664962905522,0.88,0.373,7.1102225311589e-46,"32","AKAP13"
"MED12L5",3.64559121029341e-49,1.73594542344213,0.843,0.318,7.29118242058683e-46,"32","MED12L"
"SLC35F15",2.20673070838468e-48,1.57039885772435,0.907,0.291,4.41346141676937e-45,"32","SLC35F1"
"S100A101",2.21298450015104e-48,0.847792814191656,0.769,0.267,4.42596900030208e-45,"32","S100A10"
"CHST117",3.21622578422831e-48,1.54367339167557,0.898,0.373,6.43245156845663e-45,"32","CHST11"
"ABR4",3.71371460107275e-48,1.44328440924688,0.861,0.4,7.4274292021455e-45,"32","ABR"
"CELF27",4.89109778104109e-48,1.85805926166388,0.907,0.336,9.78219556208219e-45,"32","CELF2"
"NRXN16",5.84613292393268e-48,1.69439001518484,0.926,0.294,1.16922658478654e-44,"32","NRXN1"
"ANTXR15",8.03420767995474e-48,1.38005197099592,0.824,0.311,1.60684153599095e-44,"32","ANTXR1"
"LRAT",1.26917511482651e-47,0.992137164036752,0.778,0.292,2.53835022965301e-44,"32","LRAT"
"MPP64",2.00221333293753e-47,1.32513949838521,0.833,0.365,4.00442666587506e-44,"32","MPP6"
"AGBL43",2.11571581910419e-47,1.56705409501458,0.852,0.351,4.23143163820839e-44,"32","AGBL4"
"PVT14",2.65749193547782e-47,0.840853022103788,0.787,0.273,5.31498387095565e-44,"32","PVT1"
"LRRTM46",6.1472822656695e-47,1.7683595052367,0.935,0.375,1.2294564531339e-43,"32","LRRTM4"
"AP002991.1",8.8703799208048e-47,0.469034928430717,0.722,0.261,1.77407598416096e-43,"32","AP002991.1"
"ABCA16",9.61484096194109e-47,1.47336389329275,0.87,0.327,1.92296819238822e-43,"32","ABCA1"
"RANBP3L",1.18583201801523e-46,1.77214872972825,0.778,0.291,2.37166403603047e-43,"32","RANBP3L"
"ADGRV1",1.31377039621193e-46,2.89850620878185,0.833,0.359,2.62754079242386e-43,"32","ADGRV1"
"CNKSR26",1.532411194812e-46,1.28673966284699,0.815,0.224,3.06482238962401e-43,"32","CNKSR2"
"PAK36",1.76404026173646e-46,0.758710279233037,0.769,0.167,3.52808052347293e-43,"32","PAK3"
"UTRN5",1.87458407122202e-46,1.35069698238987,0.824,0.349,3.74916814244403e-43,"32","UTRN"
"KCNQ53",2.14558050929302e-46,1.22343589306967,0.787,0.252,4.29116101858603e-43,"32","KCNQ5"
"ANKFN14",2.76193005685261e-46,1.18745941699176,0.806,0.283,5.52386011370523e-43,"32","ANKFN1"
"NHSL15",3.35184881752369e-46,1.77812923909029,0.815,0.341,6.70369763504737e-43,"32","NHSL1"
"ZEB16",3.87341674123231e-46,1.50987879521425,0.88,0.335,7.74683348246462e-43,"32","ZEB1"
"TSHZ23",5.73298720461142e-46,1.19408046942904,0.796,0.329,1.14659744092228e-42,"32","TSHZ2"
"PALLD6",1.6332407077564e-45,1.79535782689859,0.87,0.388,3.26648141551279e-42,"32","PALLD"
"AC091826.2",2.08004405146134e-45,0.83402848872499,0.778,0.282,4.16008810292268e-42,"32","AC091826.2"
"ATP1A24",2.08546360757164e-45,2.20260150304336,0.833,0.271,4.17092721514328e-42,"32","ATP1A2"
"NKAIN35",2.63537891099551e-45,1.98728584441799,0.843,0.355,5.27075782199102e-42,"32","NKAIN3"
"LPP7",3.77924566447123e-45,2.01780641946185,0.963,0.59,7.55849132894246e-42,"32","LPP"
"LINC004616",7.64259376844925e-45,1.97828294611793,0.898,0.345,1.52851875368985e-41,"32","LINC00461"
"LRCH17",8.01093465265592e-45,0.680542955413899,0.778,0.265,1.60218693053118e-41,"32","LRCH1"
"THRB6",1.31414252832059e-44,1.83444266103121,0.852,0.346,2.62828505664119e-41,"32","THRB"
"LMO35",1.6780296477087e-44,1.40487189577477,0.796,0.2,3.3560592954174e-41,"32","LMO3"
"CDKN2B-AS11",1.69260545099405e-44,0.534743848371348,0.75,0.182,3.3852109019881e-41,"32","CDKN2B-AS1"
"IGLC21",2.29872172764282e-44,0.692221886571319,0.75,0.301,4.59744345528563e-41,"32","IGLC2"
"ASTN16",3.06159257547774e-44,1.48516349086258,0.852,0.345,6.12318515095548e-41,"32","ASTN1"
"VIM4",6.16588703540782e-44,1.59888036861252,0.815,0.384,1.23317740708156e-40,"32","VIM"
"DACH26",7.64039543826495e-44,1.21126597173466,0.824,0.369,1.52807908765299e-40,"32","DACH2"
"ANGPT1",1.65488914198024e-43,0.650585415342296,0.759,0.322,3.30977828396049e-40,"32","ANGPT1"
"C1orf216",1.67748817974475e-43,1.55339946126849,0.87,0.402,3.3549763594895e-40,"32","C1orf21"
"HSD3B7",2.21068123567298e-43,0.331442310034435,0.694,0.168,4.42136247134597e-40,"32","HSD3B7"
"DCLK26",4.52618787188985e-43,1.88247337425785,0.852,0.331,9.0523757437797e-40,"32","DCLK2"
"PID16",8.77839353324849e-43,1.55582765900628,0.833,0.361,1.7556787066497e-39,"32","PID1"
"OSMR-AS15",9.55176760589798e-43,1.03564353315446,0.796,0.337,1.9103535211796e-39,"32","OSMR-AS1"
"ADGRL37",1.08767465627253e-42,1.61062149065402,0.981,0.53,2.17534931254506e-39,"32","ADGRL3"
"ARHGEF46",1.40464069288942e-42,1.82904541757126,0.843,0.322,2.80928138577885e-39,"32","ARHGEF4"
"IGFBP7",1.60361108849422e-42,1.65200835082402,0.778,0.281,3.20722217698845e-39,"32","IGFBP7"
"VCAN6",1.76691593021704e-42,2.060355732793,0.88,0.372,3.53383186043408e-39,"32","VCAN"
"CDK146",2.08227998912222e-42,1.6225302712331,0.917,0.502,4.16455997824444e-39,"32","CDK14"
"ARHGAP263",2.11679432047286e-42,1.42049279674834,0.852,0.381,4.23358864094572e-39,"32","ARHGAP26"
"HLA-DPA11",2.3598695909522e-42,0.362211721828051,0.731,0.301,4.71973918190439e-39,"32","HLA-DPA1"
"NFATC21",4.9181207775845e-42,0.324399478291634,0.75,0.303,9.83624155516901e-39,"32","NFATC2"
"ADAMTS65",7.55667056927262e-42,0.964317142421196,0.787,0.332,1.51133411385452e-38,"32","ADAMTS6"
"CDHR3",8.04378189350804e-42,0.836345969421398,0.778,0.26,1.60875637870161e-38,"32","CDHR3"
"TMEM132B7",1.14949962776644e-41,1.53520183820841,0.861,0.362,2.29899925553287e-38,"32","TMEM132B"
"HMGN51",1.18333521791278e-41,0.499409443368914,0.741,0.254,2.36667043582556e-38,"32","HMGN5"
"PCED1B1",1.52940879537004e-41,0.768992569887957,0.741,0.285,3.05881759074008e-38,"32","PCED1B"
"DIAPH31",1.70798918423687e-41,0.268255992373264,0.741,0.313,3.41597836847375e-38,"32","DIAPH3"
"PRKD17",2.44383270940216e-41,1.63302462812978,0.944,0.551,4.88766541880431e-38,"32","PRKD1"
"NTRK28",2.6087344082765e-41,1.90973086433806,0.944,0.552,5.217468816553e-38,"32","NTRK2"
"SYT177",2.76402671107088e-41,1.53828673844693,0.787,0.27,5.52805342214177e-38,"32","SYT17"
"MID15",4.01427558887968e-41,1.30373037103204,0.824,0.357,8.02855117775937e-38,"32","MID1"
"EFEMP11",5.45202263220126e-41,1.74509216151697,0.815,0.403,1.09040452644025e-37,"32","EFEMP1"
"PAMR1",8.14936287470102e-41,1.08381600268771,0.713,0.202,1.6298725749402e-37,"32","PAMR1"
"ZNF5168",1.42155116691426e-40,1.04784384834417,0.796,0.365,2.84310233382853e-37,"32","ZNF516"
"UNC5D1",2.38746985171222e-40,1.14884267685655,0.741,0.272,4.77493970342444e-37,"32","UNC5D"
"SHROOM3",2.65832915439302e-40,1.30217661075296,0.731,0.253,5.31665830878603e-37,"32","SHROOM3"
"PTCHD1-AS1",2.86614387393168e-40,1.33042686348315,0.75,0.303,5.73228774786337e-37,"32","PTCHD1-AS"
"GFAP9",3.72958412877253e-40,1.96569193644921,0.917,0.512,7.45916825754507e-37,"32","GFAP"
"MMP166",5.07083248497297e-40,1.00853191682827,0.852,0.35,1.01416649699459e-36,"32","MMP16"
"THSD7A6",6.62941829570537e-40,1.23393417115642,0.769,0.223,1.32588365914107e-36,"32","THSD7A"
"ZEB1-AS15",6.99481089607592e-40,0.753655138312259,0.75,0.229,1.39896217921518e-36,"32","ZEB1-AS1"
"OSBPL101",9.72160845117366e-40,0.382242571642397,0.722,0.277,1.94432169023473e-36,"32","OSBPL10"
"AL603840.1",1.26962699730656e-39,0.379391641559216,0.759,0.348,2.53925399461312e-36,"32","AL603840.1"
"PRKCA6",2.01912546404202e-39,1.69397164822766,0.981,0.733,4.03825092808404e-36,"32","PRKCA"
"AC099792.15",7.29660260771451e-39,0.906122585408701,0.722,0.284,1.4593205215429e-35,"32","AC099792.1"
"PDZRN34",8.72659591813868e-39,1.42837331220748,0.769,0.277,1.74531918362774e-35,"32","PDZRN3"
"LONRF33",1.01343649751496e-38,0.434156324868526,0.731,0.315,2.02687299502992e-35,"32","LONRF3"
"CACNA1C4",1.30552694358114e-38,1.3815590757202,0.843,0.426,2.61105388716228e-35,"32","CACNA1C"
"MAST47",2.76604446507677e-38,1.84256008536365,0.87,0.395,5.53208893015354e-35,"32","MAST4"
"TMEM1086",2.90568816505365e-38,1.75634341319369,0.852,0.396,5.8113763301073e-35,"32","TMEM108"
"LINC017483",4.75175267418724e-38,0.818230677435091,0.741,0.237,9.50350534837448e-35,"32","LINC01748"
"TMEM2324",6.23205268979203e-38,1.117471491397,0.852,0.349,1.24641053795841e-34,"32","TMEM232"
"GNG12-AS12",7.99460788488918e-38,0.451306447653696,0.694,0.211,1.59892157697784e-34,"32","GNG12-AS1"
"MAPK1010",1.12865170542919e-37,1.70838731475859,0.981,0.641,2.25730341085838e-34,"32","MAPK10"
"GALNT172",1.14513812827032e-37,0.646084144061477,0.759,0.375,2.29027625654063e-34,"32","GALNT17"
"DLGAP17",1.23550706170454e-37,1.19278574430527,0.843,0.349,2.47101412340909e-34,"32","DLGAP1"
"CACNB25",1.8825755510586e-37,1.86883141105646,0.787,0.314,3.7651511021172e-34,"32","CACNB2"
"PKNOX25",2.16469102186536e-37,1.01501013571899,0.787,0.361,4.32938204373072e-34,"32","PKNOX2"
"OPHN16",3.36506765932114e-37,1.38841782579967,0.87,0.373,6.73013531864228e-34,"32","OPHN1"
"KIAA12114",3.52714599801161e-37,1.03569241167284,0.769,0.298,7.05429199602322e-34,"32","KIAA1211"
"CEP1124",5.23579848524659e-37,0.901846799371758,0.75,0.288,1.04715969704932e-33,"32","CEP112"
"GPR1562",5.47893932887526e-37,0.260460926914143,0.731,0.25,1.09578786577505e-33,"32","GPR156"
"GALNT181",5.93915512107355e-37,1.19718127402898,0.806,0.411,1.18783102421471e-33,"32","GALNT18"
"KCND26",9.64698695639115e-37,1.57821309999367,0.787,0.299,1.92939739127823e-33,"32","KCND2"
"RNF1806",1.12536490764132e-36,0.785401469707011,0.806,0.327,2.25072981528265e-33,"32","RNF180"
"UST7",2.06933107808938e-36,1.4975277307687,0.833,0.435,4.13866215617875e-33,"32","UST"
"FAM149A1",2.91394489089689e-36,0.268858514084145,0.713,0.245,5.82788978179378e-33,"32","FAM149A"
"TEX9",3.95479563039062e-36,0.721027121965499,0.778,0.343,7.90959126078123e-33,"32","TEX9"
"PACS16",5.18787177485249e-36,1.3632972054899,0.824,0.353,1.0375743549705e-32,"32","PACS1"
"RYR12",6.33968360108902e-36,0.420762283204077,0.722,0.307,1.2679367202178e-32,"32","RYR1"
"AC138123.1",7.29133141117406e-36,0.38732422786993,0.713,0.307,1.45826628223481e-32,"32","AC138123.1"
"SH3GL24",7.3059377526588e-36,0.48514793561775,0.704,0.198,1.46118755053176e-32,"32","SH3GL2"
"MIR9-3HG4",7.72590687155158e-36,0.678593978060605,0.704,0.23,1.54518137431032e-32,"32","MIR9-3HG"
"UFL1-AS1",1.22151993557547e-35,0.669362358002162,0.741,0.293,2.44303987115093e-32,"32","UFL1-AS1"
"GRIN2B4",1.23358281049679e-35,0.587557729133794,0.713,0.206,2.46716562099357e-32,"32","GRIN2B"
"SAMD4A10",1.28346957628933e-35,1.71333706954071,0.926,0.531,2.56693915257865e-32,"32","SAMD4A"
"CPE4",1.48838725859138e-35,1.89156740442372,0.833,0.293,2.97677451718275e-32,"32","CPE"
"NPAS25",1.64216579258893e-35,1.04725814053615,0.75,0.321,3.28433158517787e-32,"32","NPAS2"
"AC008014.13",2.85624340469059e-35,0.673986600006883,0.769,0.36,5.71248680938119e-32,"32","AC008014.1"
"MDGA28",3.24988073194855e-35,1.42801067868103,0.889,0.513,6.49976146389711e-32,"32","MDGA2"
"STON21",3.43981276640292e-35,1.22092986096232,0.769,0.362,6.87962553280585e-32,"32","STON2"
"MAP27",3.8112461789402e-35,1.37741072020121,0.843,0.388,7.6224923578804e-32,"32","MAP2"
"ITGA96",6.42538015642558e-35,1.02664573273469,0.75,0.295,1.28507603128512e-31,"32","ITGA9"
"CAV11",6.71171020430145e-35,0.331565777370436,0.722,0.268,1.34234204086029e-31,"32","CAV1"
"CNTN51",1.55994667982101e-34,1.19284356224827,0.769,0.395,3.11989335964201e-31,"32","CNTN5"
"JDP24",1.6896160578768e-34,0.457779168320741,0.75,0.38,3.3792321157536e-31,"32","JDP2"
"RGS222",2.06571391279441e-34,0.586167437721628,0.713,0.327,4.13142782558882e-31,"32","RGS22"
"LHFPL66",2.24098181340613e-34,1.24141530361072,0.889,0.446,4.48196362681225e-31,"32","LHFPL6"
"RNF1506",2.355970658238e-34,1.07436853072744,0.778,0.316,4.71194131647599e-31,"32","RNF150"
"KCNJ34",2.88920754267019e-34,0.616038383552492,0.722,0.232,5.77841508534037e-31,"32","KCNJ3"
"CRLF1",2.94047412942088e-34,0.740970545983823,0.731,0.29,5.88094825884177e-31,"32","CRLF1"
"SHISA65",3.08081137534331e-34,1.47361572956989,0.759,0.382,6.16162275068661e-31,"32","SHISA6"
"LINC002712",3.29483263091162e-34,0.368367936243319,0.731,0.259,6.58966526182325e-31,"32","LINC00271"
"AKAP126",4.0385935625469e-34,0.784670792842676,0.741,0.275,8.0771871250938e-31,"32","AKAP12"
"IGHG12",4.60115549345958e-34,0.262649078365609,0.722,0.333,9.20231098691916e-31,"32","IGHG1"
"TMEM178B6",4.6222006617042e-34,1.10429829844149,0.824,0.321,9.24440132340839e-31,"32","TMEM178B"
"SYTL31",6.16861709766426e-34,0.250170527676483,0.704,0.317,1.23372341953285e-30,"32","SYTL3"
"COL21A1",6.82166204612403e-34,0.999938665083419,0.731,0.313,1.36433240922481e-30,"32","COL21A1"
"PDZRN45",9.55225920075023e-34,1.34802634327488,0.778,0.32,1.91045184015005e-30,"32","PDZRN4"
"AC073050.15",1.07020501446017e-33,0.783096928902454,0.769,0.4,2.14041002892033e-30,"32","AC073050.1"
"SDK14",1.13917421245216e-33,0.895644458350099,0.824,0.462,2.27834842490433e-30,"32","SDK1"
"IQGAP21",1.14561379200656e-33,0.313805815496726,0.676,0.239,2.29122758401312e-30,"32","IQGAP2"
"APOE3",1.40464608265154e-33,1.73628245228655,0.769,0.308,2.80929216530308e-30,"32","APOE"
"GUCY1A25",1.91445626815198e-33,0.910824804095209,0.796,0.36,3.82891253630395e-30,"32","GUCY1A2"
"AC114763.1",2.03063290319608e-33,0.473839268744584,0.769,0.372,4.06126580639216e-30,"32","AC114763.1"
"CSMD37",2.48061935825729e-33,0.879381305000061,0.87,0.419,4.96123871651457e-30,"32","CSMD3"
"LAMA29",2.57629928613616e-33,1.43313770788912,0.88,0.438,5.15259857227231e-30,"32","LAMA2"
"ESRRG8",2.78333391606773e-33,1.50845488542853,0.824,0.368,5.56666783213545e-30,"32","ESRRG"
"SLC24A36",2.81831134625848e-33,1.46338420494823,0.796,0.37,5.63662269251697e-30,"32","SLC24A3"
"CHST155",2.86252469085278e-33,0.662283029075862,0.676,0.159,5.72504938170555e-30,"32","CHST15"
"FGF146",2.87653886779676e-33,0.791069054135792,0.852,0.408,5.75307773559351e-30,"32","FGF14"
"PDGFC6",3.32801494761945e-33,0.775500382996589,0.75,0.306,6.65602989523891e-30,"32","PDGFC"
"ITPR26",5.30381712096705e-33,1.39140960932002,0.87,0.509,1.06076342419341e-29,"32","ITPR2"
"SUGCT2",6.11451384533036e-33,0.461305149597455,0.759,0.32,1.22290276906607e-29,"32","SUGCT"
"DPH6-DT4",6.26486404308481e-33,1.04845086016735,0.889,0.477,1.25297280861696e-29,"32","DPH6-DT"
"SORCS16",6.64437214864689e-33,1.15179675359481,0.815,0.359,1.32887442972938e-29,"32","SORCS1"
"KLF126",9.62715774310857e-33,1.28311505730442,0.806,0.356,1.92543154862171e-29,"32","KLF12"
"CEBPD2",1.08764012466817e-32,0.88392822840977,0.778,0.397,2.17528024933635e-29,"32","CEBPD"
"FHOD35",1.52436424089396e-32,0.793382277310369,0.731,0.257,3.04872848178792e-29,"32","FHOD3"
"BRINP36",1.56161373449382e-32,1.01392820830637,0.787,0.272,3.12322746898764e-29,"32","BRINP3"
"PDE3B7",2.27475292094941e-32,0.693921126482818,0.731,0.303,4.54950584189881e-29,"32","PDE3B"
"LTBP13",2.33107958593965e-32,1.07221200914509,0.861,0.4,4.66215917187931e-29,"32","LTBP1"
"ZBTB7C2",2.93532506639439e-32,0.553230883268849,0.694,0.223,5.87065013278879e-29,"32","ZBTB7C"
"CALCRL5",3.01797454205993e-32,0.957563718851302,0.713,0.242,6.03594908411985e-29,"32","CALCRL"
"MGST12",3.69934338548171e-32,1.60856420160386,0.731,0.247,7.39868677096342e-29,"32","MGST1"
"CST37",5.11833385903938e-32,1.9346085551507,0.778,0.277,1.02366677180788e-28,"32","CST3"
"GRM56",5.49084681437405e-32,1.14374749756955,0.759,0.29,1.09816936287481e-28,"32","GRM5"
"S100A61",7.29109878548735e-32,0.564669820129794,0.704,0.207,1.45821975709747e-28,"32","S100A6"
"PDZD26",7.68835349482434e-32,1.08423614880161,0.88,0.423,1.53767069896487e-28,"32","PDZD2"
"GRIK412",1.1948356710255e-31,1.003334518023,0.88,0.42,2.38967134205101e-28,"32","GRIK4"
"AC005609.51",1.71194375934316e-31,0.31055947180175,0.731,0.361,3.42388751868633e-28,"32","AC005609.5"
"FGF126",1.74140254222334e-31,1.25111538654612,0.787,0.323,3.48280508444668e-28,"32","FGF12"
"CASK6",1.83492495031481e-31,1.12398709792749,0.907,0.49,3.66984990062962e-28,"32","CASK"
"DZIP15",1.90315005764155e-31,0.649254859247872,0.713,0.228,3.80630011528311e-28,"32","DZIP1"
"NHS1",2.21960798661958e-31,0.710256870406122,0.722,0.335,4.43921597323915e-28,"32","NHS"
"CACNA1A7",3.11198350485727e-31,0.721333475115129,0.833,0.422,6.22396700971453e-28,"32","CACNA1A"
"PDE7B6",3.50502329419789e-31,1.54236206506488,0.741,0.262,7.01004658839579e-28,"32","PDE7B"
"NRGN2",4.53977718232652e-31,0.266329515836873,0.648,0.127,9.07955436465304e-28,"32","NRGN"
"SEMA3E8",4.66724084889877e-31,1.00692356123958,0.769,0.303,9.33448169779754e-28,"32","SEMA3E"
"FAM198B1",5.98099184497987e-31,0.340573852080985,0.722,0.33,1.19619836899597e-27,"32","FAM198B"
"LINC022234",9.60779764921614e-31,0.362990245038757,0.667,0.167,1.92155952984323e-27,"32","LINC02223"
"DPP66",1.200519769908e-30,1.28441762468484,0.944,0.624,2.40103953981599e-27,"32","DPP6"
"NUPR11",1.44269062268061e-30,0.70684803434304,0.685,0.224,2.88538124536122e-27,"32","NUPR1"
"DDAH15",1.89771414317904e-30,1.2913219912055,0.713,0.235,3.79542828635807e-27,"32","DDAH1"
"ARL4C3",2.35934670631806e-30,0.603104440709526,0.648,0.159,4.71869341263613e-27,"32","ARL4C"
"LIMD19",2.52075293920967e-30,0.700069729554998,0.796,0.401,5.04150587841934e-27,"32","LIMD1"
"CABLES15",3.96597300677689e-30,1.37379412606064,0.657,0.178,7.93194601355378e-27,"32","CABLES1"
"ANO66",4.06069222865899e-30,0.748202750648372,0.741,0.324,8.12138445731799e-27,"32","ANO6"
"PDLIM56",7.17509777436545e-30,1.13232647950597,0.861,0.456,1.43501955487309e-26,"32","PDLIM5"
"TRIM96",8.47038111629226e-30,1.39366450065742,0.907,0.51,1.69407622325845e-26,"32","TRIM9"
"PCDH156",1.00996946970561e-29,0.929754443652148,0.796,0.407,2.01993893941122e-26,"32","PCDH15"
"PLEKHA26",1.08249239385679e-29,0.578570886924738,0.722,0.299,2.16498478771358e-26,"32","PLEKHA2"
"FAM110B7",1.29615210246375e-29,0.628969086388918,0.741,0.284,2.59230420492751e-26,"32","FAM110B"
"PARP145",1.5087596036177e-29,0.531460512491728,0.667,0.178,3.0175192072354e-26,"32","PARP14"
"PRDM55",1.74472964012574e-29,0.534085396687953,0.694,0.275,3.48945928025147e-26,"32","PRDM5"
"ARHGEF66",3.16919656457259e-29,0.853326309827755,0.75,0.367,6.33839312914517e-26,"32","ARHGEF6"
"AC004852.26",4.15891430131237e-29,0.488467537182485,0.685,0.229,8.31782860262473e-26,"32","AC004852.2"
"SEMA3A",4.22527494640578e-29,0.581181029055856,0.704,0.322,8.45054989281156e-26,"32","SEMA3A"
"STXBP5L5",4.54327065244206e-29,0.990681279905953,0.75,0.299,9.08654130488411e-26,"32","STXBP5L"
"IGF2BP26",6.39313667460175e-29,0.718091933759889,0.722,0.319,1.27862733492035e-25,"32","IGF2BP2"
"RAB27B3",6.68606483843093e-29,0.489432297065737,0.667,0.221,1.33721296768619e-25,"32","RAB27B"
"TNS37",7.05637534665756e-29,0.994230663417182,0.759,0.345,1.41127506933151e-25,"32","TNS3"
"LINC018761",1.20767547734006e-28,0.341580167456177,0.676,0.261,2.41535095468013e-25,"32","LINC01876"
"DSCAM6",1.28643228306826e-28,0.478011324379918,0.778,0.36,2.57286456613652e-25,"32","DSCAM"
"MTHFD1L8",1.58515120905854e-28,0.729836549082285,0.769,0.389,3.17030241811709e-25,"32","MTHFD1L"
"FAM155A6",1.59998213640911e-28,0.956928910927624,0.769,0.346,3.19996427281822e-25,"32","FAM155A"
"RREB11",2.19440873554528e-28,0.37604885825262,0.667,0.255,4.38881747109056e-25,"32","RREB1"
"GLDC5",2.43119120113478e-28,0.621126951454064,0.685,0.269,4.86238240226956e-25,"32","GLDC"
"NOVA16",2.82093054779284e-28,1.29216631268542,0.954,0.649,5.64186109558568e-25,"32","NOVA1"
"LRRC3B2",4.06793469004e-28,1.45230070541251,0.639,0.154,8.13586938008e-25,"32","LRRC3B"
"SH3RF36",5.16873788116505e-28,0.699128694616784,0.722,0.331,1.03374757623301e-24,"32","SH3RF3"
"COL11A16",5.60611379536509e-28,0.876694510656946,0.75,0.323,1.12122275907302e-24,"32","COL11A1"
"CDH25",6.55766280001236e-28,1.21925633941894,0.833,0.393,1.31153256000247e-24,"32","CDH2"
"LHFPL26",1.02329352113844e-27,0.587255430845744,0.759,0.381,2.04658704227688e-24,"32","LHFPL2"
"TENT5A5",1.1199860387536e-27,0.490472654919821,0.704,0.281,2.23997207750719e-24,"32","TENT5A"
"KCTD13",1.16560809559784e-27,0.692856684999391,0.796,0.368,2.33121619119568e-24,"32","KCTD1"
"UBASH3B5",1.31010105975889e-27,0.454912386387662,0.694,0.28,2.62020211951778e-24,"32","UBASH3B"
"LRMDA4",1.47480269542726e-27,0.568461495984508,0.731,0.355,2.94960539085451e-24,"32","LRMDA"
"ASAP18",1.71000871085005e-27,1.34300098148696,0.935,0.584,3.42001742170011e-24,"32","ASAP1"
"HNF4G1",1.99517452918405e-27,0.484058518716693,0.648,0.248,3.99034905836809e-24,"32","HNF4G"
"CPNE54",2.00109111973891e-27,0.762084428594797,0.657,0.159,4.00218223947782e-24,"32","CPNE5"
"RNF219-AS1",2.19080884928374e-27,1.471623655902,0.676,0.324,4.38161769856748e-24,"32","RNF219-AS1"
"DISC17",3.27083188057076e-27,1.19234414971277,0.806,0.382,6.54166376114152e-24,"32","DISC1"
"FAM19A15",3.50846995758969e-27,0.964095820525437,0.722,0.329,7.01693991517939e-24,"32","FAM19A1"
"CLU7",3.85425089649495e-27,1.39747065582479,0.833,0.366,7.7085017929899e-24,"32","CLU"
"SNCAIP3",3.87900898792314e-27,0.863548501817572,0.704,0.316,7.75801797584628e-24,"32","SNCAIP"
"AC079385.1",4.03418855940521e-27,0.494453891673986,0.694,0.348,8.06837711881042e-24,"32","AC079385.1"
"KCNIP16",6.31953011609365e-27,0.751736923751082,0.704,0.248,1.26390602321873e-23,"32","KCNIP1"
"SLC7A58",6.38130125889196e-27,0.260780687776546,0.722,0.35,1.27626025177839e-23,"32","SLC7A5"
"NEXMIF6",7.39142417526406e-27,0.539938727866546,0.676,0.26,1.47828483505281e-23,"32","NEXMIF"
"SLC38A16",7.39307626837897e-27,0.802504374015132,0.731,0.287,1.47861525367579e-23,"32","SLC38A1"
"MCC",7.79928419927558e-27,1.04318327301617,0.713,0.375,1.55985683985512e-23,"32","MCC"
"PTH1R",7.9346823657679e-27,0.268790054930971,0.602,0.137,1.58693647315358e-23,"32","PTH1R"
"CAMK1D5",8.67967024762206e-27,0.512198477467449,0.704,0.275,1.73593404952441e-23,"32","CAMK1D"
"AC007563.23",9.98291534130305e-27,0.549606088501944,0.694,0.294,1.99658306826061e-23,"32","AC007563.2"
"FAM13A6",1.18003667670571e-26,1.02870716589816,0.806,0.445,2.36007335341143e-23,"32","FAM13A"
"AC108866.14",1.4751647975426e-26,0.775870291202588,0.722,0.347,2.95032959508521e-23,"32","AC108866.1"
"PTPRO5",1.51763984247392e-26,0.337475998309499,0.685,0.297,3.03527968494783e-23,"32","PTPRO"
"CACNG53",1.59334286966167e-26,0.253771970972354,0.639,0.204,3.18668573932335e-23,"32","CACNG5"
"MX11",1.62454789524028e-26,0.387894321675468,0.602,0.119,3.24909579048056e-23,"32","MX1"
"XYLT17",1.89094717374711e-26,1.0248477646475,0.907,0.548,3.78189434749422e-23,"32","XYLT1"
"PCSK1N2",1.89990007594068e-26,0.661332759437475,0.676,0.185,3.79980015188135e-23,"32","PCSK1N"
"NLGN19",1.98836194681989e-26,0.954715377113167,0.981,0.742,3.97672389363978e-23,"32","NLGN1"
"ZNF804A7",1.99457888046425e-26,0.970861484358229,0.694,0.256,3.98915776092849e-23,"32","ZNF804A"
"MKL25",2.1100988357036e-26,0.849220891918886,0.75,0.313,4.2201976714072e-23,"32","MKL2"
"SNTG16",2.48577927416133e-26,0.83981397913187,0.75,0.326,4.97155854832265e-23,"32","SNTG1"
"FOXN36",3.27073312323877e-26,1.12685960282268,0.917,0.505,6.54146624647753e-23,"32","FOXN3"
"CADPS23",3.29263952137565e-26,0.695193842638014,0.685,0.246,6.58527904275131e-23,"32","CADPS2"
"TENM48",4.50082588635298e-26,0.793599472599647,0.778,0.408,9.00165177270597e-23,"32","TENM4"
"HS6ST36",5.20619024357357e-26,1.1351509964302,0.731,0.243,1.04123804871471e-22,"32","HS6ST3"
"ISPD3",5.58722627284329e-26,0.459274272916725,0.778,0.377,1.11744525456866e-22,"32","ISPD"
"HAP13",7.33275311919856e-26,0.460067423060397,0.657,0.223,1.46655062383971e-22,"32","HAP1"
"AC093523.1",7.79847677806636e-26,0.392780113672544,0.648,0.229,1.55969535561327e-22,"32","AC093523.1"
"HRASLS6",8.05824382438311e-26,0.330299064682916,0.657,0.186,1.61164876487662e-22,"32","HRASLS"
"PLOD25",8.51549061959103e-26,1.1433622452605,0.75,0.415,1.70309812391821e-22,"32","PLOD2"
"MSRA11",1.07658541019719e-25,0.918601186245833,0.843,0.412,2.15317082039438e-22,"32","MSRA"
"NRG29",1.07799960070476e-25,0.611106292480967,0.75,0.339,2.15599920140952e-22,"32","NRG2"
"BASP1-AS15",1.08116750750798e-25,0.466348315752145,0.667,0.235,2.16233501501596e-22,"32","BASP1-AS1"
"CLYBL",1.11497592914879e-25,0.624012505672175,0.694,0.3,2.22995185829758e-22,"32","CLYBL"
"LRRC4C6",1.36601604876162e-25,0.558848597466973,0.917,0.543,2.73203209752324e-22,"32","LRRC4C"
"FREM2",2.02766730695286e-25,0.30121501484739,0.639,0.233,4.05533461390572e-22,"32","FREM2"
"SPARC5",2.14904008572787e-25,0.62104088056031,0.759,0.283,4.29808017145574e-22,"32","SPARC"
"LRRIQ1",2.69529690580847e-25,0.593825727547351,0.639,0.232,5.39059381161693e-22,"32","LRRIQ1"
"PLEKHA57",3.80694816912546e-25,1.460044937465,0.861,0.524,7.61389633825092e-22,"32","PLEKHA5"
"AFAP15",3.95396394749862e-25,0.65182787270536,0.731,0.343,7.90792789499723e-22,"32","AFAP1"
"RAMP16",4.638707596891e-25,1.16018427556966,0.75,0.34,9.27741519378201e-22,"32","RAMP1"
"DPY19L26",4.72039173705466e-25,0.561884641662659,0.722,0.386,9.44078347410932e-22,"32","DPY19L2"
"RYR3",6.07335731374627e-25,1.80541829495492,0.676,0.304,1.21467146274925e-21,"32","RYR3"
"ADCY14",6.39541872910165e-25,0.576883694137493,0.667,0.252,1.27908374582033e-21,"32","ADCY1"
"FYN5",6.50191879730707e-25,1.24931718900775,0.963,0.738,1.30038375946141e-21,"32","FYN"
"BAALC7",6.7374672861357e-25,0.775664580221944,0.815,0.366,1.34749345722714e-21,"32","BAALC"
"PRKG1",6.93641952351877e-25,1.47566206380222,0.694,0.32,1.38728390470375e-21,"32","PRKG1"
"COLEC122",7.61030721619803e-25,0.792372605649619,0.75,0.427,1.52206144323961e-21,"32","COLEC12"
"AL359710.15",9.8951812306268e-25,0.264009806278231,0.741,0.35,1.97903624612536e-21,"32","AL359710.1"
"PRDM16",1.12889610708855e-24,1.01705932760581,0.676,0.295,2.2577922141771e-21,"32","PRDM16"
"AMZ16",1.24695817427383e-24,0.540125026420144,0.731,0.297,2.49391634854766e-21,"32","AMZ1"
"TNR6",1.34937314227745e-24,0.596559003753145,0.759,0.358,2.6987462845549e-21,"32","TNR"
"SMYD38",1.43749820252838e-24,1.38948642435011,0.87,0.506,2.87499640505675e-21,"32","SMYD3"
"PARP87",1.76013998513346e-24,0.623785675375467,0.704,0.28,3.52027997026691e-21,"32","PARP8"
"ATP2B24",1.98311903649321e-24,1.01673538970106,0.648,0.207,3.96623807298641e-21,"32","ATP2B2"
"KIAA08254",2.33372245553582e-24,0.520319865309181,0.75,0.349,4.66744491107163e-21,"32","KIAA0825"
"SNED13",2.61601055869234e-24,0.955111332621338,0.713,0.384,5.23202111738469e-21,"32","SNED1"
"STK32B6",2.95551672477589e-24,0.726122755104318,0.694,0.306,5.91103344955177e-21,"32","STK32B"
"DGKB6",3.40004524871207e-24,0.941107730252784,0.704,0.314,6.80009049742413e-21,"32","DGKB"
"CDH106",3.93143480224574e-24,0.96273257481566,0.704,0.215,7.86286960449148e-21,"32","CDH10"
"LINC009376",5.54736182367685e-24,0.453782080662382,0.713,0.358,1.10947236473537e-20,"32","LINC00937"
"UBE3D5",8.58685273428128e-24,0.630007241475474,0.796,0.388,1.71737054685626e-20,"32","UBE3D"
"DPP106",8.82437456248237e-24,2.20998921614487,0.769,0.446,1.76487491249647e-20,"32","DPP10"
"PELI26",9.95873871891011e-24,0.928595625312889,0.824,0.462,1.99174774378202e-20,"32","PELI2"
"PCDH77",1.22070388303524e-23,1.03880652495117,0.75,0.342,2.44140776607049e-20,"32","PCDH7"
"NELL24",1.77345499894241e-23,0.523544820047109,0.648,0.237,3.54690999788483e-20,"32","NELL2"
"RIMS26",2.52023612938789e-23,0.860282226675082,0.694,0.292,5.04047225877577e-20,"32","RIMS2"
"BCL69",3.66593214237661e-23,0.889894143503406,0.889,0.524,7.33186428475322e-20,"32","BCL6"
"TBC1D14",3.71553563169718e-23,0.440460009950985,0.685,0.322,7.43107126339437e-20,"32","TBC1D1"
"MOXD13",3.90969963208949e-23,0.635411472673811,0.639,0.247,7.81939926417898e-20,"32","MOXD1"
"POU6F25",4.51008228217879e-23,0.689177803053809,0.667,0.242,9.02016456435759e-20,"32","POU6F2"
"ATRNL17",6.22433765190459e-23,0.479667887164507,0.759,0.377,1.24486753038092e-19,"32","ATRNL1"
"PARD3B5",7.12989566204848e-23,1.12346795976188,0.852,0.505,1.4259791324097e-19,"32","PARD3B"
"HFM15",8.49370392737134e-23,0.614407680292724,0.667,0.302,1.69874078547427e-19,"32","HFM1"
"LRRN16",9.04708410485173e-23,1.01310469698605,0.731,0.338,1.80941682097035e-19,"32","LRRN1"
"NR3C24",1.34439113079718e-22,0.922323802318378,0.843,0.43,2.68878226159435e-19,"32","NR3C2"
"MAMLD16",1.61168242960066e-22,0.708962070442903,0.667,0.275,3.22336485920131e-19,"32","MAMLD1"
"TRPM33",2.0130404585e-22,1.68612107629607,0.676,0.367,4.026080917e-19,"32","TRPM3"
"CRB15",2.10625401255765e-22,1.30028154879642,0.833,0.427,4.21250802511529e-19,"32","CRB1"
"PLCB45",2.17161150514189e-22,0.748161506949924,0.676,0.296,4.34322301028378e-19,"32","PLCB4"
"AL157911.1",2.30829273318234e-22,0.268061736651781,0.685,0.363,4.61658546636468e-19,"32","AL157911.1"
"FIGN9",2.55306728292961e-22,1.00108639877309,0.907,0.518,5.10613456585922e-19,"32","FIGN"
"UPP24",2.73948155201211e-22,0.773157473668225,0.731,0.376,5.47896310402423e-19,"32","UPP2"
"CAMK2D10",3.01031274003275e-22,1.01446702559083,0.935,0.596,6.02062548006551e-19,"32","CAMK2D"
"GFRA13",3.1384705220331e-22,0.818853432176469,0.648,0.186,6.27694104406619e-19,"32","GFRA1"
"ETV69",3.80785059641809e-22,0.59615259146971,0.796,0.404,7.61570119283619e-19,"32","ETV6"
"AFAP1L26",4.67155003140289e-22,0.405348635464539,0.648,0.221,9.34310006280578e-19,"32","AFAP1L2"
"BRINP26",5.20084256673578e-22,0.424970666571531,0.648,0.225,1.04016851334716e-18,"32","BRINP2"
"STXBP5-AS1",5.56264727630067e-22,0.429607235882383,0.667,0.323,1.11252945526013e-18,"32","STXBP5-AS1"
"CACNG24",6.46549079416305e-22,0.262308606866637,0.611,0.187,1.29309815883261e-18,"32","CACNG2"
"KALRN5",7.58886105223943e-22,1.0058288160417,0.75,0.33,1.51777221044789e-18,"32","KALRN"
"MIR4300HG3",8.86407973423986e-22,1.18695541132395,0.722,0.398,1.77281594684797e-18,"32","MIR4300HG"
"AC027117.26",9.53377626798279e-22,0.710031365039714,0.796,0.493,1.90675525359656e-18,"32","AC027117.2"
"GRAMD1B5",1.16571433155358e-21,0.98160618388471,0.694,0.271,2.33142866310716e-18,"32","GRAMD1B"
"LRFN55",1.23119344276703e-21,0.939504578491276,0.667,0.251,2.46238688553407e-18,"32","LRFN5"
"TRIO8",1.44804084030019e-21,0.979409066146961,0.861,0.523,2.89608168060037e-18,"32","TRIO"
"AQP41",1.92543228791098e-21,1.70831253346542,0.685,0.317,3.85086457582197e-18,"32","AQP4"
"EPHB16",1.92904359969876e-21,0.622109122066421,0.694,0.354,3.85808719939753e-18,"32","EPHB1"
"ETV15",2.06545788358375e-21,1.02287945409415,0.648,0.208,4.13091576716749e-18,"32","ETV1"
"AC090568.26",2.40518364430609e-21,0.524957010005021,0.685,0.327,4.81036728861217e-18,"32","AC090568.2"
"SHC36",2.73912153308545e-21,0.782428103506254,0.722,0.373,5.47824306617091e-18,"32","SHC3"
"BLM4",3.91797946507135e-21,0.829789895296754,0.667,0.258,7.8359589301427e-18,"32","BLM"
"HECW16",5.24118870280491e-21,0.492242866219909,0.667,0.243,1.04823774056098e-17,"32","HECW1"
"RAD182",5.49299910190106e-21,0.5276484777684,0.769,0.453,1.09859982038021e-17,"32","RAD18"
"ASTN29",7.29346880757552e-21,0.97823034128807,0.972,0.665,1.4586937615151e-17,"32","ASTN2"
"ARHGEF38",7.90110522193957e-21,0.529482925207072,0.787,0.37,1.58022104438791e-17,"32","ARHGEF3"
"DPYSL35",7.95941959465303e-21,1.23412278308361,0.676,0.242,1.59188391893061e-17,"32","DPYSL3"
"TPK11",1.08180347078316e-20,0.378121646233272,0.676,0.302,2.16360694156631e-17,"32","TPK1"
"FRY8",1.48272010132243e-20,0.538119461049993,0.833,0.461,2.96544020264485e-17,"32","FRY"
"AC003991.1",1.80644640426256e-20,0.40006095296607,0.63,0.29,3.61289280852512e-17,"32","AC003991.1"
"C3orf705",2.34934679721373e-20,0.488773451258638,0.722,0.423,4.69869359442746e-17,"32","C3orf70"
"LINC019654",2.73930174464789e-20,0.550007724639116,0.611,0.235,5.47860348929577e-17,"32","LINC01965"
"NOL46",2.99356904652324e-20,0.707193221157761,0.694,0.304,5.98713809304648e-17,"32","NOL4"
"ST6GAL16",4.03779832274985e-20,0.676633654988312,0.685,0.324,8.07559664549969e-17,"32","ST6GAL1"
"SYN25",6.26070101548622e-20,0.570501109960236,0.63,0.213,1.25214020309724e-16,"32","SYN2"
"RAPGEF14",8.77480773845334e-20,0.407864623610546,0.787,0.458,1.75496154769067e-16,"32","RAPGEF1"
"AC010099.4",8.97002411179666e-20,0.395474623029622,0.667,0.39,1.79400482235933e-16,"32","AC010099.4"
"GRAMD1C6",9.41237252532231e-20,1.09151759423795,0.667,0.302,1.88247450506446e-16,"32","GRAMD1C"
"REV3L7",9.77920448150656e-20,1.01151004334221,0.889,0.561,1.95584089630131e-16,"32","REV3L"
"MSRB32",9.83834602654991e-20,0.316004841735398,0.62,0.246,1.96766920530998e-16,"32","MSRB3"
"FAR26",1.0902427057457e-19,0.712881309313816,0.713,0.372,2.1804854114914e-16,"32","FAR2"
"AZGP14",1.39442189450844e-19,0.397870740458594,0.676,0.293,2.78884378901687e-16,"32","AZGP1"
"FAM19A25",1.54686970915285e-19,0.964926611494813,0.731,0.344,3.0937394183057e-16,"32","FAM19A2"
"CDC14A5",1.65931642867745e-19,0.85117758119219,0.676,0.365,3.3186328573549e-16,"32","CDC14A"
"OXR15",1.81507267950851e-19,0.591189752856509,0.704,0.302,3.63014535901703e-16,"32","OXR1"
"MARK16",2.00526269410441e-19,0.828574141818579,0.759,0.378,4.01052538820882e-16,"32","MARK1"
"NEAT18",2.5261437094308e-19,1.27369640306588,0.991,0.893,5.0522874188616e-16,"32","NEAT1"
"DPH66",3.20595039844325e-19,0.714649097506604,0.824,0.432,6.4119007968865e-16,"32","DPH6"
"NTN16",4.78422145317464e-19,0.883947199943233,0.657,0.274,9.56844290634928e-16,"32","NTN1"
"DOK66",5.02598187643367e-19,0.42265069202324,0.639,0.278,1.00519637528673e-15,"32","DOK6"
"RAB316",5.69397660561475e-19,1.03712206515719,0.731,0.358,1.13879532112295e-15,"32","RAB31"
"ME16",6.24525957480709e-19,0.626673084395902,0.676,0.28,1.24905191496142e-15,"32","ME1"
"NAV29",7.92624235258056e-19,0.896632865514847,0.972,0.753,1.58524847051611e-15,"32","NAV2"
"CCDC85A1",1.1173563568456e-18,0.447891028414476,0.648,0.312,2.23471271369119e-15,"32","CCDC85A"
"HS6ST23",1.26431808254642e-18,0.317753366890942,0.62,0.216,2.52863616509285e-15,"32","HS6ST2"
"SUFU3",1.79767318071942e-18,0.35786435419433,0.722,0.414,3.59534636143884e-15,"32","SUFU"
"KIF26B5",1.80123846934191e-18,0.503295814264334,0.685,0.346,3.60247693868381e-15,"32","KIF26B"
"AL110292.16",2.00754406370468e-18,0.38916457158218,0.667,0.324,4.01508812740936e-15,"32","AL110292.1"
"DMGDH",2.12896279017697e-18,0.354177981974653,0.639,0.292,4.25792558035395e-15,"32","DMGDH"
"SNAP918",2.40119113523561e-18,0.657049482030638,0.713,0.32,4.80238227047123e-15,"32","SNAP91"
"NTN45",3.16400309675121e-18,0.509679229210738,0.62,0.215,6.32800619350242e-15,"32","NTN4"
"TYW1B",4.13948643367513e-18,0.295279387913842,0.759,0.418,8.27897286735027e-15,"32","TYW1B"
"SLC8A16",4.32280157123908e-18,0.894274231627198,0.713,0.329,8.64560314247817e-15,"32","SLC8A1"
"CA106",5.40782793938096e-18,0.433780379548237,0.667,0.301,1.08156558787619e-14,"32","CA10"
"SLC25A183",5.64439757142234e-18,1.19717369378152,0.639,0.272,1.12887951428447e-14,"32","SLC25A18"
"AC002429.22",6.43087078224843e-18,0.666189967105588,0.685,0.432,1.28617415644969e-14,"32","AC002429.2"
"SETBP19",7.01326496972273e-18,0.54897222626991,0.796,0.52,1.40265299394455e-14,"32","SETBP1"
"TPST17",8.79968104134899e-18,0.596187735266184,0.833,0.51,1.7599362082698e-14,"32","TPST1"
"STK334",8.98534549769874e-18,0.898809369266136,0.648,0.284,1.79706909953975e-14,"32","STK33"
"SCN1A4",1.07190242427101e-17,1.29921536115611,0.639,0.211,2.14380484854202e-14,"32","SCN1A"
"GRM76",1.31425830400819e-17,0.58211650664589,0.713,0.341,2.62851660801638e-14,"32","GRM7"
"COL27A15",1.66902779411515e-17,0.766245718278578,0.62,0.216,3.33805558823029e-14,"32","COL27A1"
"SLC44A55",2.1010348412228e-17,0.501672219674072,0.704,0.389,4.20206968244561e-14,"32","SLC44A5"
"CERS69",2.24694587970954e-17,0.573732004459415,0.713,0.397,4.49389175941907e-14,"32","CERS6"
"C1orf614",3.42769707797328e-17,1.42638548351356,0.667,0.271,6.85539415594656e-14,"32","C1orf61"
"ST6GAL24",4.416182091957e-17,0.558862206957,0.556,0.123,8.83236418391401e-14,"32","ST6GAL2"
"SUCLG2-AS16",4.79097996763212e-17,0.451180428025967,0.657,0.341,9.58195993526423e-14,"32","SUCLG2-AS1"
"BICC11",5.81849901812438e-17,0.623917825918097,0.62,0.272,1.16369980362488e-13,"32","BICC1"
"FNBP1L6",5.96860493635219e-17,0.815491388241851,0.676,0.299,1.19372098727044e-13,"32","FNBP1L"
"NXPH16",6.32612313962511e-17,0.573478973296874,0.648,0.28,1.26522462792502e-13,"32","NXPH1"
"AL445250.16",6.67972434618222e-17,0.418016126800308,0.694,0.366,1.33594486923644e-13,"32","AL445250.1"
"PRICKLE14",7.31121345668301e-17,0.349279824951179,0.611,0.26,1.4622426913366e-13,"32","PRICKLE1"
"ACAN5",8.11433847535217e-17,0.423764253982651,0.583,0.25,1.62286769507043e-13,"32","ACAN"
"PPM1L5",1.21411932824205e-16,0.527759269998368,0.704,0.355,2.42823865648409e-13,"32","PPM1L"
"ALDH1L13",1.32027613600397e-16,1.30034723759748,0.611,0.176,2.64055227200794e-13,"32","ALDH1L1"
"FAM189A2",2.28839870363753e-16,1.1302425068105,0.639,0.324,4.57679740727505e-13,"32","FAM189A2"
"TCF7L28",2.35599933047351e-16,0.740543102646105,0.843,0.571,4.71199866094703e-13,"32","TCF7L2"
"AC087564.14",4.30012212096145e-16,0.638395004426319,0.87,0.557,8.60024424192289e-13,"32","AC087564.1"
"OLFM25",5.41183425490241e-16,0.917100186840589,0.611,0.213,1.08236685098048e-12,"32","OLFM2"
"VAT1L5",5.9322434388687e-16,0.331247122438054,0.63,0.267,1.18644868777374e-12,"32","VAT1L"
"DDX602",5.94822711689112e-16,0.262340340387603,0.574,0.195,1.18964542337822e-12,"32","DDX60"
"RGS75",7.55367788439805e-16,0.915380288008709,0.722,0.372,1.51073557687961e-12,"32","RGS7"
"TUBB2A1",9.77137992340921e-16,0.476349847896765,0.565,0.179,1.95427598468184e-12,"32","TUBB2A"
"DIAPH27",1.88815872845494e-15,0.788117121846795,0.676,0.314,3.77631745690988e-12,"32","DIAPH2"
"TRERF16",2.69488244507199e-15,0.488944198960289,0.602,0.211,5.38976489014399e-12,"32","TRERF1"
"KCNT26",2.81783801909523e-15,0.623159167940902,0.639,0.282,5.63567603819047e-12,"32","KCNT2"
"AMOTL14",2.9215296610673e-15,0.498316661987048,0.602,0.246,5.8430593221346e-12,"32","AMOTL1"
"GNB42",3.10533119493118e-15,0.377854992146166,0.611,0.274,6.21066238986236e-12,"32","GNB4"
"DRAIC",3.54236766207517e-15,0.372807517244759,0.62,0.342,7.08473532415035e-12,"32","DRAIC"
"CLVS25",3.67688685858489e-15,0.280141506184181,0.657,0.368,7.35377371716978e-12,"32","CLVS2"
"SMOC17",4.55389799994236e-15,0.714693487777704,0.759,0.436,9.10779599988473e-12,"32","SMOC1"
"CDH46",5.78582284661729e-15,0.459737636485408,0.713,0.433,1.15716456932346e-11,"32","CDH4"
"CADM29",5.80919157763749e-15,0.660345153973826,0.963,0.813,1.1618383155275e-11,"32","CADM2"
"AHCYL24",7.09678445116694e-15,0.605034429104127,0.769,0.485,1.41935689023339e-11,"32","AHCYL2"
"NTNG15",7.32717462399776e-15,1.06334840938045,0.639,0.267,1.46543492479955e-11,"32","NTNG1"
"AQP4-AS11",7.45718988182369e-15,1.06309640123377,0.639,0.332,1.49143797636474e-11,"32","AQP4-AS1"
"PHEX",8.42948840463445e-15,0.398004933069893,0.565,0.214,1.68589768092689e-11,"32","PHEX"
"FUT99",9.27317966424827e-15,0.893310431366701,0.843,0.522,1.85463593284965e-11,"32","FUT9"
"EPHA6",1.24659239792109e-14,0.883311780040844,0.583,0.224,2.49318479584217e-11,"32","EPHA6"
"PIP5K1B8",1.29737161956432e-14,0.2588926577283,0.611,0.322,2.59474323912863e-11,"32","PIP5K1B"
"CACNA2D36",2.74184623904793e-14,0.882789595585688,0.639,0.313,5.48369247809586e-11,"32","CACNA2D3"
"NR6A14",2.74232716478529e-14,0.260770475135368,0.731,0.395,5.48465432957058e-11,"32","NR6A1"
"EPM2A3",4.51060120510108e-14,0.654214226145951,0.676,0.328,9.02120241020216e-11,"32","EPM2A"
"FNDC3B8",6.63470447333918e-14,0.64491959643654,0.759,0.457,1.32694089466784e-10,"32","FNDC3B"
"CADPS7",8.52726534965141e-14,0.982376260873607,0.648,0.311,1.70545306993028e-10,"32","CADPS"
"MEF2C-AS15",1.10922895704531e-13,0.697136264737736,0.62,0.318,2.21845791409063e-10,"32","MEF2C-AS1"
"ERBB49",1.54552518491449e-13,0.671018226700221,0.981,0.847,3.09105036982897e-10,"32","ERBB4"
"CDH186",1.66198395896066e-13,0.648886848954043,0.62,0.301,3.32396791792132e-10,"32","CDH18"
"WDR604",1.68646017416517e-13,0.857864284536856,0.75,0.431,3.37292034833034e-10,"32","WDR60"
"CACNG83",2.22337198327182e-13,0.3449186407698,0.546,0.163,4.44674396654363e-10,"32","CACNG8"
"MROH8",2.63285025765384e-13,0.261762195251546,0.593,0.263,5.26570051530767e-10,"32","MROH8"
"PAM4",4.02800945647806e-13,0.61008188480867,0.639,0.317,8.05601891295613e-10,"32","PAM"
"SLC25A372",4.36073694235093e-13,0.37063682551327,0.704,0.346,8.72147388470185e-10,"32","SLC25A37"
"ADAMTS177",7.47491346493178e-13,0.554063227819138,0.62,0.32,1.49498269298636e-09,"32","ADAMTS17"
"MARCH36",7.86215017552915e-13,0.795126047463658,0.648,0.368,1.57243003510583e-09,"32","MARCH3"
"HPSE2",8.70724012660367e-13,0.787356266207593,0.565,0.299,1.74144802532073e-09,"32","HPSE2"
"SYT147",9.46925115966328e-13,0.342913195708241,0.667,0.328,1.89385023193265e-09,"32","SYT14"
"NLGN4X6",1.23681636499197e-12,0.738921231263829,0.704,0.442,2.47363272998395e-09,"32","NLGN4X"
"XIST10",1.30331044371752e-12,0.983892190761881,0.796,0.495,2.60662088743504e-09,"32","XIST"
"NTM11",1.34217573875496e-12,0.553858101477357,0.981,0.879,2.68435147750992e-09,"32","NTM"
"MYO166",1.65812913865994e-12,0.519392575452588,0.602,0.252,3.31625827731988e-09,"32","MYO16"
"MMD25",2.21682772881367e-12,0.267086804880463,0.593,0.287,4.43365545762734e-09,"32","MMD2"
"MEGF116",2.69187597465663e-12,0.377325440152513,0.648,0.379,5.38375194931326e-09,"32","MEGF11"
"PLPP46",2.9456499516292e-12,0.484103423558435,0.759,0.564,5.8912999032584e-09,"32","PLPP4"
"U91319.15",3.15968345576969e-12,0.853299091170756,0.611,0.307,6.31936691153939e-09,"32","U91319.1"
"AMPH5",3.51848760217115e-12,0.270160279039585,0.556,0.194,7.03697520434231e-09,"32","AMPH"
"FGFR19",3.93864427574594e-12,0.551233489447332,0.704,0.463,7.87728855149188e-09,"32","FGFR1"
"RALYL8",7.58803070679061e-12,0.439970052098796,0.602,0.291,1.51760614135812e-08,"32","RALYL"
"CAMK43",8.17661378900308e-12,0.378809840589686,0.537,0.209,1.63532275780062e-08,"32","CAMK4"
"IMMP2L4",1.02417799810647e-11,0.471136809714175,0.88,0.569,2.04835599621294e-08,"32","IMMP2L"
"DAB16",1.5392285920509e-11,0.411630605609316,0.704,0.42,3.07845718410181e-08,"32","DAB1"
"HIVEP35",1.60733937229672e-11,0.367155870673651,0.75,0.446,3.21467874459344e-08,"32","HIVEP3"
"GHR5",1.98721818183701e-11,0.272668635636997,0.593,0.307,3.97443636367403e-08,"32","GHR"
"FAM49A5",2.06384509916677e-11,0.608045184455348,0.611,0.322,4.12769019833353e-08,"32","FAM49A"
"KCNIP46",2.09291287814451e-11,0.272236270977654,0.769,0.576,4.18582575628901e-08,"32","KCNIP4"
"XKR46",3.00856208779549e-11,0.588596483761833,0.62,0.352,6.01712417559098e-08,"32","XKR4"
"JUN7",3.37476266167406e-11,0.264302582285037,0.713,0.489,6.74952532334811e-08,"32","JUN"
"ETNPPL",4.13565748248779e-11,0.849730882110943,0.546,0.245,8.27131496497559e-08,"32","ETNPPL"
"IL33",4.88313493403982e-11,0.333785852584764,0.528,0.19,9.76626986807964e-08,"32","IL33"
"MGAM",7.06475649566214e-11,0.265825672735294,0.556,0.286,1.41295129913243e-07,"32","MGAM"
"MACROD210",7.66828955738882e-11,0.502978367394708,0.824,0.594,1.53365791147776e-07,"32","MACROD2"
"MIPOL18",8.21625052948022e-11,0.273482865217007,0.713,0.421,1.64325010589604e-07,"32","MIPOL1"
"MPPED26",8.71451904585253e-11,0.700548441246202,0.574,0.231,1.74290380917051e-07,"32","MPPED2"
"GRIK15",9.12756764233848e-11,0.527595111126285,0.602,0.328,1.8255135284677e-07,"32","GRIK1"
"TTN",1.04701770393955e-10,0.352826500626034,0.611,0.386,2.0940354078791e-07,"32","TTN"
"CA85",1.1870268289437e-10,0.870857686841025,0.583,0.247,2.37405365788741e-07,"32","CA8"
"MT-CO311",1.35234263200092e-10,0.509413216293242,0.833,0.575,2.70468526400185e-07,"32","MT-CO3"
"KAZN6",1.53912834595925e-10,0.644312901110324,0.88,0.679,3.07825669191849e-07,"32","KAZN"
"LRRFIP16",1.59030926617516e-10,0.55163969380673,0.611,0.299,3.18061853235032e-07,"32","LRRFIP1"
"DIRC36",2.55105316073363e-10,0.364617279867717,0.583,0.289,5.10210632146726e-07,"32","DIRC3"
"NAV37",2.59204081702057e-10,0.751099313588558,0.87,0.621,5.18408163404114e-07,"32","NAV3"
"MT-ND29",4.38175440074229e-10,0.599037891365571,0.796,0.507,8.76350880148458e-07,"32","MT-ND2"
"ATG104",5.20871647515005e-10,0.257143513879241,0.731,0.422,1.04174329503001e-06,"32","ATG10"
"LUZP28",6.76854778283866e-10,0.553417371860482,0.685,0.483,1.35370955656773e-06,"32","LUZP2"
"TTN-AS16",8.8965663664885e-10,0.286823106371032,0.731,0.403,1.7793132732977e-06,"32","TTN-AS1"
"PCSK56",1.00955854196026e-09,1.24221978005635,0.648,0.425,2.01911708392053e-06,"32","PCSK5"
"MEG84",1.16242646140573e-09,0.605867806245779,0.546,0.224,2.32485292281147e-06,"32","MEG8"
"CNTNAP56",1.61888708616144e-09,0.357183348810788,0.611,0.36,3.23777417232287e-06,"32","CNTNAP5"
"PRKAG25",1.66777086190905e-09,0.57930621560609,0.574,0.305,3.3355417238181e-06,"32","PRKAG2"
"ABHD26",1.85361097276971e-09,0.872440696098534,0.602,0.296,3.70722194553941e-06,"32","ABHD2"
"INPP4B6",1.98126172436664e-09,0.553434326979284,0.639,0.328,3.96252344873327e-06,"32","INPP4B"
"GOLIM46",2.26146960769537e-09,0.849266665696595,0.657,0.39,4.52293921539075e-06,"32","GOLIM4"
"LRP17",2.38698075045547e-09,0.828708015061874,0.583,0.238,4.77396150091094e-06,"32","LRP1"
"MGAT4C",2.3954757318578e-09,0.741533982952919,0.556,0.301,4.79095146371561e-06,"32","MGAT4C"
"BCAN6",2.4650595496386e-09,0.803081532975739,0.583,0.298,4.93011909927721e-06,"32","BCAN"
"EIF2AK27",2.73869518021731e-09,0.320924656448696,0.639,0.314,5.47739036043462e-06,"32","EIF2AK2"
"SLC8A35",3.03814322636057e-09,0.262633647379125,0.546,0.242,6.07628645272113e-06,"32","SLC8A3"
"RASAL27",3.10675303963887e-09,0.379274849344117,0.694,0.402,6.21350607927773e-06,"32","RASAL2"
"BRINP15",4.49820902528386e-09,0.486489735760206,0.537,0.2,8.99641805056772e-06,"32","BRINP1"
"CHN16",4.63328351431551e-09,0.606628324101868,0.593,0.275,9.26656702863102e-06,"32","CHN1"
"APCDD14",4.92602395838995e-09,0.79513381114708,0.639,0.365,9.8520479167799e-06,"32","APCDD1"
"GPC55",5.85307179343679e-09,0.670220352573114,0.685,0.527,1.17061435868736e-05,"32","GPC5"
"IL1RAP7",6.44748677358343e-09,0.737612199942368,0.574,0.258,1.28949735471669e-05,"32","IL1RAP"
"SLC1A33",7.55326998278613e-09,0.458588659619094,0.806,0.563,1.51065399655723e-05,"32","SLC1A3"
"COL5A32",7.70826403280947e-09,1.20490890956382,0.528,0.168,1.54165280656189e-05,"32","COL5A3"
"ADRA1A5",9.52367962388941e-09,0.51820798986093,0.537,0.212,1.90473592477788e-05,"32","ADRA1A"
"FGFR32",1.11443821868715e-08,1.11508469648422,0.519,0.113,2.2288764373743e-05,"32","FGFR3"
"SYNE25",1.56047386308446e-08,0.330703904809183,0.62,0.406,3.12094772616892e-05,"32","SYNE2"
"GJA11",2.78974844991598e-08,1.35264181591603,0.565,0.325,5.57949689983196e-05,"32","GJA1"
"HLA-B6",3.05156484372772e-08,0.254231917050175,0.222,0.29,6.10312968745543e-05,"32","HLA-B"
"ANO54",3.27543168505443e-08,0.42624212268363,0.509,0.154,6.55086337010887e-05,"32","ANO5"
"MLLT36",3.83226986116336e-08,0.520823252470782,0.731,0.461,7.66453972232672e-05,"32","MLLT3"
"UBA6-AS16",4.12392282622682e-08,0.349728552916176,0.713,0.406,8.24784565245365e-05,"32","UBA6-AS1"
"C4orf191",4.52416761392347e-08,0.30497357610086,0.565,0.319,9.04833522784695e-05,"32","C4orf19"
"TIMP31",5.56537117197556e-08,0.9176465147871,0.537,0.174,0.000111307423439511,"32","TIMP3"
"GRIA27",1.10899418957793e-07,0.483159482939274,0.806,0.593,0.000221798837915585,"32","GRIA2"
"PPP2R2B9",1.25055374602558e-07,0.348127432075611,0.981,0.904,0.000250110749205117,"32","PPP2R2B"
"SDC21",1.30711515348923e-07,0.528775127277637,0.269,0.292,0.000261423030697846,"32","SDC2"
"FERMT15",1.56732173944013e-07,0.736143170759158,0.556,0.285,0.000313464347888026,"32","FERMT1"
"FBXL178",1.58558186363099e-07,0.289042918633426,0.731,0.443,0.000317116372726199,"32","FBXL17"
"ARHGAP54",2.33960257475516e-07,0.456409632048242,0.852,0.617,0.000467920514951031,"32","ARHGAP5"
"SEMA5A6",3.93963888668997e-07,0.353882921562398,0.769,0.594,0.000787927777337995,"32","SEMA5A"
"NFATC4",4.64271888808992e-07,0.505594591475473,0.463,0.115,0.000928543777617985,"32","NFATC4"
"CCSER16",5.19365485413437e-07,0.391332757593366,0.574,0.347,0.00103873097082687,"32","CCSER1"
"LINC013225",5.41785133662276e-07,0.814369887468769,0.62,0.431,0.00108357026732455,"32","LINC01322"
"WIF1",6.02108468878585e-07,0.653637596157021,0.472,0.125,0.00120421693775717,"32","WIF1"
"EIF5B2",6.13786242928898e-07,0.288362051773884,0.593,0.326,0.0012275724858578,"32","EIF5B"
"MT-ND49",7.76634317974494e-07,0.302109571719013,0.778,0.542,0.00155326863594899,"32","MT-ND4"
"SLC35F35",8.08537052069211e-07,0.407513832745818,0.583,0.369,0.00161707410413842,"32","SLC35F3"
"MT36",1.24099061961288e-06,0.510695109785317,0.62,0.325,0.00248198123922576,"32","MT3"
"AK42",1.32253184325378e-06,0.503579069660335,0.537,0.308,0.00264506368650756,"32","AK4"
"KANK17",1.58758520840736e-06,0.50457049332689,0.88,0.709,0.00317517041681473,"32","KANK1"
"GPR37L13",1.80330967357766e-06,0.562167953771446,0.519,0.187,0.00360661934715532,"32","GPR37L1"
"GRIA37",1.85703399484667e-06,0.544301437669777,0.648,0.371,0.00371406798969335,"32","GRIA3"
"NREP5",1.88648782871996e-06,0.516924949953169,0.259,0.269,0.00377297565743991,"32","NREP"
"SERPINE25",2.32519588366734e-06,0.678906566684268,0.565,0.275,0.00465039176733467,"32","SERPINE2"
"LINC004991",2.33894745500976e-06,0.473609457952365,0.269,0.294,0.00467789491001953,"32","LINC00499"
"SCN9A6",2.74032280410526e-06,0.314656336219335,0.528,0.27,0.00548064560821051,"32","SCN9A"
"CMYA56",2.77933743479274e-06,0.800305939756204,0.565,0.333,0.00555867486958547,"32","CMYA5"
"MT-CO211",3.18344538059899e-06,0.258739600469651,0.824,0.617,0.00636689076119797,"32","MT-CO2"
"XAF12",4.01582206536574e-06,0.447191033480975,0.481,0.185,0.00803164413073148,"32","XAF1"
"OGFRL13",4.58800337290425e-06,0.875820434166551,0.602,0.397,0.00917600674580851,"32","OGFRL1"
"PRSS232",5.09171218435878e-06,0.422499995450863,0.509,0.233,0.0101834243687176,"32","PRSS23"
"DENND1B6",6.56544228295288e-06,0.338476791822383,0.519,0.27,0.0131308845659058,"32","DENND1B"
"CSPG42",7.00755762264411e-06,0.254101609911103,0.269,0.175,0.0140151152452882,"32","CSPG4"
"SLC4A41",7.86352608334992e-06,1.56917152446973,0.509,0.262,0.0157270521666998,"32","SLC4A4"
"MT2A3",7.92252573247731e-06,0.40080206817489,0.528,0.211,0.0158450514649546,"32","MT2A"
"EMID14",8.36674223030227e-06,0.639569352495835,0.5,0.21,0.0167334844606045,"32","EMID1"
"BCHE5",8.79963367696666e-06,0.561426794157241,0.546,0.345,0.0175992673539333,"32","BCHE"
"SPON12",9.27295411146491e-06,1.36026152240056,0.537,0.286,0.0185459082229298,"32","SPON1"
"MARCKS6",9.87240300550108e-06,0.725734213146755,0.537,0.319,0.0197448060110022,"32","MARCKS"
"TPD52L1",1.23914632940723e-05,1.79216985975168,0.546,0.324,0.0247829265881447,"32","TPD52L1"
"NELL14",1.66485625638417e-05,0.354307404218381,0.519,0.269,0.0332971251276835,"32","NELL1"
"DOK55",2.47081678368024e-05,0.360171332357337,0.5,0.225,0.0494163356736049,"32","DOK5"
"KHDRBS37",2.57687664127056e-05,0.354206612757026,0.62,0.409,0.0515375328254113,"32","KHDRBS3"
"GPNMB7",2.58063397801233e-05,0.587619273409307,0.269,0.256,0.0516126795602466,"32","GPNMB"
"SAT14",3.18211018494712e-05,1.02872512906929,0.519,0.246,0.0636422036989424,"32","SAT1"
"UNC796",3.23301854281018e-05,0.251467932971205,0.667,0.409,0.0646603708562037,"32","UNC79"
"ATP13A44",3.6319234821889e-05,1.04178151112553,0.593,0.395,0.072638469643778,"32","ATP13A4"
"TSHZ33",4.14434388512705e-05,0.520861024058836,0.491,0.191,0.0828868777025409,"32","TSHZ3"
"DUSP14",4.99301123343017e-05,0.272419139593991,0.481,0.268,0.0998602246686035,"32","DUSP1"
"AC006058.12",6.35769320898182e-05,0.260993936591101,0.454,0.165,0.127153864179636,"32","AC006058.1"
"ASIC45",6.65144894388614e-05,0.575535048433375,0.472,0.18,0.133028978877723,"32","ASIC4"
"C8orf37-AS1",6.71939144069405e-05,0.347602553707212,0.333,0.344,0.134387828813881,"32","C8orf37-AS1"
"MALRD15",8.26035032217568e-05,0.568657019866418,0.519,0.284,0.165207006443514,"32","MALRD1"
"SLC1A16",8.47435008241258e-05,0.42700436561216,0.537,0.334,0.169487001648252,"32","SLC1A1"
"DNAH7",9.97914427757896e-05,1.34609011315134,0.5,0.189,0.199582885551579,"32","DNAH7"
"ROBO22",0.000106493510610835,0.546227504445712,0.574,0.382,0.212987021221671,"32","ROBO2"
"RUNX1T16",0.000114683828884821,0.551628949664641,0.593,0.418,0.229367657769642,"32","RUNX1T1"
"ARPP216",0.00011905702455341,0.403794620789827,0.509,0.236,0.238114049106821,"32","ARPP21"
"FAM107A5",0.000134612643408621,0.903666894971514,0.556,0.436,0.269225286817242,"32","FAM107A"
"ADAM237",0.000141687585576346,0.275927520840822,0.602,0.409,0.283375171152692,"32","ADAM23"
"MT-ND17",0.000160783654582681,0.362880388019477,0.685,0.475,0.321567309165362,"32","MT-ND1"
"GRIA48",0.00018416033873719,0.279282357440758,0.861,0.726,0.368320677474379,"32","GRIA4"
"FRMD4A7",0.00024842063443371,1.1001605648418,0.676,0.483,0.496841268867421,"32","FRMD4A"
"SESN39",0.000342081053304439,0.675858090575483,0.63,0.469,0.684162106608879,"32","SESN3"
"ACSBG13",0.000634095573267386,0.385816384513252,0.528,0.358,1,"32","ACSBG1"
"SLIT15",0.000797022386217588,0.375137489816569,0.491,0.284,1,"32","SLIT1"
"ADGRB15",0.00100819983842064,0.564438595671941,0.454,0.173,1,"32","ADGRB1"
"PTPRT5",0.00106207605508796,0.352205336783427,0.491,0.322,1,"32","PTPRT"
"OSMR3",0.00107731370828731,0.479106298698672,0.528,0.355,1,"32","OSMR"
"EML63",0.00115342031381579,0.400067302794551,0.509,0.337,1,"32","EML6"
"OSBPL65",0.00122476002636132,1.14705249945931,0.5,0.242,1,"32","OSBPL6"
"ATP1B22",0.00147300700728145,0.351069460469247,0.444,0.148,1,"32","ATP1B2"
"PLEKHH24",0.00168474673401808,0.69620366379866,0.509,0.315,1,"32","PLEKHH2"
"PRTG7",0.00170300525682368,0.329015246999409,0.491,0.318,1,"32","PRTG"
"BMPER6",0.00219032572594161,0.324306226433164,0.5,0.31,1,"32","BMPER"
"VEGFA7",0.00256679060209297,0.865167803839906,0.509,0.327,1,"32","VEGFA"
"RASD11",0.00280336685924805,0.297840857872203,0.269,0.161,1,"32","RASD1"
"NCAN",0.00288677620513571,0.532025032659602,0.296,0.191,1,"32","NCAN"
"RAPGEF45",0.00293843306401671,0.316057990706638,0.546,0.375,1,"32","RAPGEF4"
"CPNE83",0.00305917314191115,0.379401225048994,0.315,0.185,1,"32","CPNE8"
"SORBS24",0.00313544214796311,0.453576534819898,0.296,0.262,1,"32","SORBS2"
"GPR175",0.0031767104526799,0.483649165363129,0.296,0.253,1,"32","GPR17"
"RP11-96H19.1",0.00332256648670534,0.325805783370762,0.343,0.127,1,"32","RP11-96H19.1"
"MDFIC",0.00337151035217522,0.300560086428498,0.296,0.18,1,"32","MDFIC"
"PDE8B",0.00417965739556878,0.404841498292359,0.278,0.2,1,"32","PDE8B"
"LINC00299",0.00555167762424416,0.631910717249389,0.306,0.151,1,"32","LINC00299"
"RORB",0.00614988664959838,0.929738850294892,0.444,0.221,1,"32","RORB"
"UNC806",0.00704203983093818,0.711117971194655,0.463,0.234,1,"32","UNC80"
"SPRED28",0.00786993958671259,0.583581341793012,0.361,0.378,1,"32","SPRED2"
"PDE3A2",0.00864244255525243,0.289781386447355,0.454,0.246,1,"32","PDE3A"
"TENM2",0.00868442116857519,0.545937796500564,0.435,0.248,1,"32","TENM2"
"SEZ6L5",0.00881313953414327,0.512148116098753,0.491,0.244,1,"32","SEZ6L"
