"","p_val","avg_log2FC","pct.1","pct.2","p_val_adj"
"C2orf91",0,1.00163938679518,0.261,0.003,0
"PKDCC",0,2.32984847203842,0.686,0.036,0
"SULT1C2",0,2.31510706527076,0.621,0.016,0
"AF127577.4",5.98076372834579e-299,1.72626487922496,0.562,0.03,2.5897903096483e-294
"WIPF3",6.0164359056276e-269,2.91108654628259,0.804,0.073,2.60523707585486e-264
"ZNF804A",5.06008710515935e-222,3.00067188194817,0.765,0.079,2.1911189182761e-217
"CASP5",5.05180932264882e-215,1.24458218701329,0.314,0.012,2.18753447289339e-210
"DNAJA4",5.5836712404437e-212,2.87009181809699,0.843,0.104,2.41784132053693e-207
"MIR3142HG",1.34503959850692e-210,1.04550827782843,0.307,0.012,5.82429046945467e-206
"TMEM243",2.55375263336068e-195,2.10506451397117,0.752,0.085,1.10582596529784e-190
"CPED1",1.03713033641648e-194,2.86375395798246,0.948,0.148,4.49098178275064e-190
"CLECL1",4.36632666899481e-194,1.28528847769479,0.359,0.018,1.89070677420813e-189
"SERPINE1",4.6418185571415e-194,3.0263344917108,0.549,0.043,2.01000027161341e-189
"ALDH1A2",4.12854880988165e-193,2.24607067644264,0.667,0.065,1.78774420565495e-188
"TGFA",1.09575687522455e-191,1.57180632735406,0.464,0.031,4.74484642109735e-187
"MS4A14",1.41340396105838e-189,1.585283088828,0.49,0.035,6.12032183217498e-185
"CACNA1D",3.70290057600822e-189,2.93811871237165,0.85,0.12,1.60343000742308e-184
"TENT5A",1.52603413245493e-182,1.90686474826214,0.66,0.068,6.60803300035635e-178
"CHRNA5",5.2720841048543e-176,1.13383240258545,0.281,0.012,2.28291785908401e-171
"DUSP10",3.34152255531545e-174,1.914289071318,0.51,0.042,1.4469460969027e-169
"CGAS",2.70194498404965e-171,1.75921389113592,0.595,0.058,1.16999621699318e-166
"AP000282.1",3.4862986956721e-171,1.44732902712151,0.32,0.017,1.50963706119993e-166
"AC074327.1",5.45981543737823e-165,3.22555270668524,0.954,0.192,2.36420928069352e-160
"METTL21A",2.79710224669454e-160,2.08790344795744,0.732,0.099,1.21120121486367e-155
"MRPS6",2.78423486730209e-158,2.63919672896101,0.915,0.177,1.20562938223915e-153
"CLEC5A",1.26810192591333e-154,1.3378434181255,0.346,0.022,5.49113495958991e-150
"ZNF124",2.40381226909087e-153,2.22201590589354,0.752,0.108,1.04089878876173e-148
"CCNG2",1.32967102907777e-152,2.0775465232664,0.614,0.072,5.75774149011258e-148
"DISC1",1.63868459259285e-152,2.92922389983813,0.98,0.221,7.09583202284558e-148
"AC087672.2",5.36163038528568e-151,1.26285928700978,0.379,0.026,2.3216931894364e-146
"FBXL14",9.51591560457499e-151,1.56834939976382,0.497,0.046,4.12058177509306e-146
"MLKL",3.15031457845992e-147,1.6655111336197,0.49,0.045,1.36414921876472e-142
"MS4A6A",5.39825388144275e-145,2.07709629097754,0.902,0.153,2.33755189574234e-140
"CHORDC1",2.27222731944937e-144,2.49621528016046,0.961,0.212,9.83919873867968e-140
"TM6SF1",4.25008894665442e-141,1.68911034960815,0.66,0.085,1.8403735156803e-136
"CHSY3",5.89654634461667e-141,2.31025623141448,0.739,0.111,2.55332249814591e-136
"ALPK3",6.22011028803033e-141,1.78498948682809,0.497,0.049,2.69343215692289e-136
"KLHL6",1.00246266618446e-137,1.83835613433935,0.745,0.108,4.34086383711194e-133
"EFCAB13",1.46550897375486e-134,1.69778747884487,0.595,0.074,6.3459469581533e-130
"ACER2",5.43342694667471e-134,1.09422642606294,0.346,0.025,2.35278253644908e-129
"SESN3",6.71916866486451e-131,3.05668840516103,0.948,0.252,2.90953441525963e-126
"DSCAM",3.8955728958729e-129,2.888488624863,0.908,0.204,1.68686097537088e-124
"PARVG",4.14173256655442e-129,1.73770604555173,0.706,0.104,1.79345303596939e-124
"DOCK10",1.41137651405126e-127,2.60062498548466,0.98,0.257,6.11154258114476e-123
"ATP2C1",2.26639735183093e-127,3.23877068161553,1,0.359,9.81395381289828e-123
"SPECC1",2.01413913085896e-125,2.31631560643565,0.948,0.231,8.72162526444547e-121
"NEK10",3.07382892930727e-125,1.71725162502874,0.641,0.088,1.33102940296864e-120
"ARHGAP22",1.13477702553888e-124,1.99376034074436,0.928,0.19,4.91381147598844e-120
"PPARG",8.30438558064355e-124,1.9806002066844,0.66,0.097,3.59596504413027e-119
"TGFBR2",2.9506617950417e-123,2.09345267876375,0.882,0.181,1.27769557048896e-118
"CTTNBP2",5.77270496423348e-123,2.14353870958414,0.85,0.169,2.49969670361238e-118
"CLIC2",8.83658335968476e-123,2.15169914154615,0.373,0.032,3.8264173264107e-118
"RANBP3",3.0715987654901e-121,1.68777667827356,0.627,0.092,1.33006369743252e-116
"ITGB3BP",9.26103014281076e-120,1.89248876837936,0.739,0.132,4.01021127243992e-115
"BAG3",3.98877128549381e-118,2.51539664783666,0.922,0.234,1.72721774204453e-113
"HSPA6",5.86476337450086e-118,1.40203674899187,0.686,0.102,2.53955983642636e-113
"CASP1",1.59788633295717e-117,1.29366173092181,0.484,0.053,6.91916739897114e-113
"CHST15",9.69204526274214e-117,1.93748425472664,0.837,0.171,4.1968494396726e-112
"CYSLTR1",1.09115477343522e-116,1.34177917226325,0.314,0.023,4.72491839992919e-112
"LINC00278",2.59335194667667e-116,1.87548604471618,0.647,0.098,1.12297325994993e-111
"ADCY7",3.17095601801381e-116,1.80157752993935,0.745,0.132,1.37308737492034e-111
"HPGDS",5.50400901954491e-114,1.48332785167725,0.431,0.044,2.38334598564334e-109
"RANGAP1",4.29151994866526e-113,1.44867582586158,0.601,0.086,1.85831396817103e-108
"ABHD3",2.07109222744348e-110,2.50292024148194,0.941,0.288,8.96824356327576e-106
"MSN",4.12659133560804e-110,2.49945520555499,0.895,0.229,1.78689658014499e-105
"PHACTR2",4.38816867977336e-110,2.0546291565263,0.837,0.185,1.90016480171546e-105
"MCU",4.00262724634101e-109,1.99735252412213,0.686,0.123,1.73321765021058e-104
"RIPK2",4.79343682750608e-109,1.69343950076697,0.725,0.131,2.07565401504668e-104
"CYP39A1",3.10746782764844e-108,1.22936321064333,0.379,0.036,1.34559571872833e-103
"SNAP23",1.32908470329937e-107,2.52930967666667,0.843,0.206,5.75520258222691e-103
"TSHZ1",1.47430945724614e-106,2.09523507104783,0.634,0.109,6.38405481176722e-102
"POLB",2.7332503547913e-106,1.51929122829909,0.477,0.059,1.18355206863173e-101
"HSPH1",9.21839245267169e-104,2.38584751896778,0.993,0.345,3.99174829985589e-99
"DNAJB6",1.51683902005617e-103,2.26121622898396,0.974,0.329,6.56821632464721e-99
"BNC2",1.57724304656036e-103,2.27612169758137,0.954,0.288,6.82977784021566e-99
"ELAVL4",3.40663256416345e-103,1.63638473009575,0.353,0.033,1.47514003293406e-98
"ELMO1",8.46909795364738e-103,2.13778967107191,0.987,0.297,3.66728879588839e-98
"HIBCH",3.58442264798911e-102,2.46263609265159,0.98,0.383,1.55212669503225e-97
"WDFY4",1.83213442478242e-101,1.61354262952668,0.752,0.14,7.93350848619285e-97
"NRIP1",9.98164866232991e-101,1.85151601547759,0.771,0.164,4.3222535037621e-96
"SLC4A7",4.49108485479805e-100,1.73604697548264,0.824,0.179,1.94472956382465e-95
"RUNX3",4.9103623294894e-100,1.36407564036592,0.288,0.023,2.1262850959155e-95
"SNX30",9.37778285701971e-99,1.57317226899338,0.627,0.107,4.06076753274667e-94
"PIK3R5",2.44123079255747e-98,1.87038624536431,0.758,0.151,1.05710175779324e-93
"OSBPL3",3.23259373084912e-98,2.1050965114245,0.928,0.275,1.39977773733229e-93
"TFEC",4.72597379363448e-98,1.62694016325608,0.673,0.118,2.0464411721196e-93
"RASAL2",1.26760479196551e-97,2.14644715946334,0.928,0.274,5.48898227016904e-93
"ST3GAL6",2.03261374635295e-97,1.79088380637343,0.719,0.141,8.80162404445753e-93
"PTPRM",4.71417622659675e-97,2.58575099963012,0.935,0.337,2.04133258964092e-92
"FAM149A",4.83120170096346e-97,1.94000579112911,0.797,0.177,2.0920069605512e-92
"SNCA",2.18500582054076e-96,2.21413875554859,0.797,0.188,9.46151220410562e-92
"SYK",2.3028814502568e-95,1.76865975204331,0.856,0.193,9.97193725590199e-91
"RUBCNL",6.1539639357811e-95,1.65602212392815,0.699,0.135,2.66478946347193e-90
"PTGES3",1.93711993277739e-94,2.37013881638617,0.98,0.38,8.38811673291266e-90
"HS3ST4",8.31189641447841e-94,2.24786430505376,0.882,0.231,3.59921738539744e-89
"ZFAND2A",1.18358698807261e-93,1.2301107587827,0.425,0.051,5.125168375752e-89
"RAB39A",2.14055534672382e-92,1.25997021402532,0.458,0.06,9.26903276238349e-88
"FAM49B",2.20811639696548e-92,1.95918605672322,0.987,0.313,9.56158562213993e-88
"TRAF2",9.45760004726747e-92,1.07623925443019,0.379,0.042,4.09532997246776e-87
"LAT2",1.28916506165742e-90,1.44130768892384,0.699,0.134,5.58234254998896e-86
"USP6NL",3.00993590850706e-90,1.91618261148274,0.824,0.211,1.30336244710173e-85
"CTSZ",8.13525248400955e-90,1.42579944802979,0.66,0.123,3.52272703062582e-85
"FLI1",9.31267808620196e-88,1.6041143091006,0.824,0.187,4.03257586488717e-83
"ROR2",1.07022376390289e-87,1.76543665669794,0.484,0.07,4.63428294245229e-83
"ADGRD1",1.29672357773704e-87,1.08354615093456,0.294,0.027,5.61507243631693e-83
"ARHGAP15",7.17928892109557e-86,1.70256259691911,0.902,0.236,3.1087756886128e-81
"CFAP161",1.17718975231359e-85,1.03067943883776,0.275,0.024,5.09746706546831e-81
"NEDD4L",2.55602286105571e-85,1.85098680308449,0.935,0.323,1.10680901929434e-80
"UTY",7.96225783336051e-85,1.73295915834535,0.784,0.191,3.44781688700177e-80
"FCGR2A",1.08908990245082e-84,1.68854217670757,0.699,0.144,4.71597709559252e-80
"ARHGAP24",1.70251904980583e-84,2.10565032685728,1,0.419,7.37224798946922e-80
"STIP1",8.88777052669151e-84,1.61884842606639,0.758,0.183,3.84858239346796e-79
"DOCK2",1.37732569239365e-83,1.60653899080769,0.876,0.221,5.96409571320298e-79
"HSPE1-MOB4",1.41019394206898e-83,1.27170079463561,0.542,0.088,6.10642180794708e-79
"CPM",8.65288845639454e-83,1.72663334188564,0.745,0.168,3.74687375938796e-78
"AC066613.2",9.76189089101371e-83,1.34200693455805,0.346,0.039,4.22709399362675e-78
"MITF",4.36714130692058e-82,1.70905408473467,0.725,0.166,1.89105952872275e-77
"NUTM2A-AS1",6.5018051222351e-81,1.81097302045117,0.837,0.255,2.81541165403024e-76
"PLB1",6.81180091862217e-81,1.08829652418452,0.379,0.046,2.94964603378177e-76
"DNAJB1",7.56031089060526e-81,1.40821415511423,0.908,0.253,3.27376582184989e-76
"GPNMB",1.10254641586906e-80,1.65750385891456,0.471,0.07,4.7742464899962e-76
"GALNT1",3.17931187442618e-80,1.73196110545544,0.719,0.175,1.37670562786402e-75
"ITPR1",5.38259777571808e-80,1.66219803992262,0.725,0.171,2.33077248884144e-75
"UBE2E2",6.39693089591084e-80,2.07870071246164,0.974,0.424,2.76999901654731e-75
"DPYD",8.38753791262267e-80,1.85638092158093,0.928,0.305,3.63197166692387e-75
"ACSL1",1.71669971113409e-79,1.26674774969285,0.876,0.221,7.43365308915283e-75
"GRK3",2.97980007071468e-79,1.72250069645499,0.843,0.245,1.29031302662087e-74
"MIB1",3.65681071747113e-79,1.7758098171754,0.908,0.312,1.58347217687935e-74
"TMIGD3",7.55847322908664e-79,1.28190253324351,0.523,0.088,3.2729700776591e-74
"MMRN1",1.59608951235887e-78,1.40907870869384,0.275,0.026,6.91138680641638e-74
"ST18",3.76015602433156e-78,1.07296210413615,0.399,0.052,1.62822276165605e-73
"APP",1.09026152342455e-77,1.94697143832089,0.902,0.314,4.72105044873301e-73
"LRCH1",6.45263784477076e-77,1.75857634800178,0.843,0.239,2.79412123954263e-72
"SPATS2L",8.73620967766926e-77,1.84613948706796,0.863,0.281,3.78295351462434e-72
"HIKESHI",1.95524742888317e-75,1.40132218698702,0.477,0.081,8.4666124165499e-71
"PARP8",3.22715089608434e-75,1.78817598560356,0.791,0.226,1.39742088102244e-70
"SKAP2",5.6573831868045e-75,1.56584110986242,0.791,0.199,2.44976006755008e-70
"CERS6",6.33491014026548e-75,1.78695415404261,0.908,0.328,2.74314278893776e-70
"ARAP1",9.90587456107612e-75,1.15606734506984,0.699,0.157,4.28944180243718e-70
"CD83",1.23334628236119e-74,1.743802735156,0.529,0.093,5.3406360718804e-70
"KANSL1L",1.2545975643979e-74,1.93107953819496,0.882,0.328,5.43265837335578e-70
"IL1RAPL1",6.27133549809434e-74,1.04176887736069,0.549,0.101,2.71561369738481e-69
"NOL4L",1.00998640729139e-73,1.36327508190471,0.523,0.094,4.37344314085316e-69
"CLIP2",2.36647145360952e-73,1.85526315397656,0.673,0.167,1.02472946884199e-68
"FKBP4",3.0184682895285e-73,1.20318427340444,0.575,0.111,1.30705713873163e-68
"USPL1",4.655802704937e-73,1.54185571036683,0.627,0.139,2.01605568729182e-68
"KCNMA1",4.99998074937287e-73,2.40537062155774,0.98,0.579,2.16509166409344e-68
"C17orf67",6.52431142926094e-73,1.11138288602695,0.366,0.048,2.82515733509857e-68
"ZC3HAV1",1.06559483514674e-72,1.73152917675965,0.706,0.176,4.61423875515243e-68
"APBB1IP",1.31101517773833e-72,1.494008013398,0.922,0.256,5.67695792264252e-68
"NR3C1",1.91983920674985e-72,1.80290286652186,0.804,0.249,8.3132877330682e-68
"FMNL3",2.12737570105215e-72,1.54405692619192,0.699,0.169,9.211962260696e-68
"FYB1",3.06476865798301e-72,1.35673135243965,0.869,0.226,1.3271061242798e-67
"HSPA4",3.3162009143362e-72,1.44989146525993,0.712,0.179,1.43598131992586e-67
"AGPAT4",3.5723194648166e-72,1.37710546397934,0.523,0.097,1.54688577465488e-67
"LINC02232",6.21964201268965e-72,1.52382107233485,0.588,0.117,2.69322938433487e-67
"LRMDA",9.04358183449033e-72,1.85582979142616,0.993,0.424,3.916051805971e-67
"MFSD1",7.48805657202819e-71,1.36981623387534,0.621,0.134,3.24247825681965e-66
"IKZF1",1.09818926599159e-70,1.19294465994692,0.771,0.182,4.75537915959679e-66
"HERC4",1.94905295687946e-70,2.0233401868724,0.915,0.423,8.43978911387946e-66
"TRAF3",2.17847324383869e-70,1.7224667787516,0.739,0.213,9.43322484047029e-66
"RBM47",2.48393776111211e-70,1.33041866445748,0.824,0.209,1.07559472931677e-65
"FMN1",3.20702357916334e-70,1.63230147036335,0.778,0.195,1.38870535024931e-65
"RASGEF1C",3.671122019481e-70,1.23125151068348,0.556,0.103,1.58966925687566e-65
"MBOAT7",1.35129806082834e-69,1.39345958413563,0.542,0.107,5.85139086299887e-65
"FXR1",4.16067725316847e-69,1.5359401647728,0.889,0.319,1.80165646416701e-64
"HDAC9",2.07229185366166e-68,1.78693409452128,0.739,0.191,8.97343818472573e-64
"MORC3",5.40096686811986e-68,1.43721254152331,0.784,0.23,2.33872667323326e-63
"P4HA1",9.5965258092592e-68,1.63516417806776,0.922,0.374,4.15548760592542e-63
"MRPL18",2.94241240112795e-67,1.1778775774169,0.458,0.08,1.27412341793643e-62
"SLC2A9",6.21126154649198e-67,1.38940731084487,0.549,0.111,2.68960047486196e-62
"INPP5D",1.13931132742463e-66,1.38450122419547,0.817,0.222,4.93344591001413e-62
"MCF2L",1.23362198373998e-66,1.33822344821597,0.673,0.159,5.34182991399087e-62
"SCARB2",2.44015893287928e-66,1.59511802828023,0.752,0.222,1.05663762111538e-61
"CPVL",3.49532646282189e-66,1.29125514659515,0.68,0.158,1.51354626493113e-61
"IER5",4.80152857824477e-66,1.21569929179922,0.438,0.072,2.07915790495155e-61
"COTL1",9.45276679996739e-66,0.98233689133403,0.725,0.187,4.09323707972188e-61
"TMEM117",2.67762815161132e-65,1.68547572676671,0.706,0.194,1.15946654221073e-60
"GLDN",9.15762799199301e-65,1.56890050930324,0.582,0.122,3.96543607309281e-60
"TBXAS1",1.09014851507567e-64,1.1686937751034,0.876,0.241,4.72056109998066e-60
"PLXDC2",1.16147002661222e-64,1.73950379751912,1,0.539,5.02939750923623e-60
"NAA16",3.16016903388876e-64,1.49528929046301,0.686,0.189,1.36841639505451e-59
"RYBP",7.91167983014493e-64,1.36834037217576,0.634,0.155,3.42591560004936e-59
"LIMD1",9.48084497887783e-64,1.16974920947919,0.529,0.107,4.10539549275368e-59
"ELOVL5",1.02248687511154e-63,1.64998178189421,0.778,0.247,4.427572666608e-59
"FRMD4A",2.08750807389674e-63,1.47724781625685,0.987,0.399,9.03932746158765e-59
"MBNL2",9.98050030588783e-63,1.6207585977114,0.935,0.426,4.32175624245555e-58
"STARD13",1.03039446717486e-62,2.21373276643216,0.882,0.354,4.46181412176059e-58
"TUT7",1.03232140591428e-62,1.38019896595226,0.654,0.168,4.47015815189003e-58
"HSPD1",1.30424705710847e-62,1.3324829893596,0.843,0.278,5.64765060669108e-58
"DNAJA1",3.06183960367514e-62,1.37800270882786,0.739,0.215,1.32583778518341e-57
"SERPINH1",3.25288212948575e-62,1.26720166748741,0.634,0.147,1.40856301970992e-57
"TANK",4.42548163147703e-62,1.5948087775015,0.817,0.29,1.91632205606219e-57
"LY96",6.25478578399923e-61,1.20990235251375,0.464,0.085,2.70844734018735e-56
"CMTM7",8.50252112993664e-61,1.18990919106542,0.516,0.104,3.68176169968516e-56
"TRIM26",9.22415210130004e-61,1.31735840167647,0.471,0.093,3.99424234290494e-56
"UVRAG",1.06442933689811e-60,1.44360159078012,0.837,0.288,4.60919191463618e-56
"DIAPH2",1.21936569441443e-60,1.42284271178687,0.843,0.277,5.28009732995337e-56
"PLEK",1.26199628084466e-60,0.912844988031565,0.412,0.068,5.46469629531355e-56
"TGFBR1",1.49966385034355e-60,1.20294277426907,0.765,0.208,6.49384440475762e-56
"UBE2D3",1.7387394054213e-60,1.39734813030542,0.948,0.397,7.5290893733553e-56
"SHTN1",3.59210129970421e-60,1.27141071086485,0.784,0.233,1.55545170479792e-55
"RIN3",1.07627350076181e-59,1.35597810104095,0.752,0.211,4.66047951299878e-55
"ST13",1.11751442841198e-59,1.38946488256966,0.745,0.223,4.83906097790956e-55
"SNX29",1.51901016183244e-59,1.46236752998372,0.935,0.373,6.57761780276683e-55
"SFMBT2",3.29155936516112e-59,1.56895935239442,0.987,0.492,1.42531103630207e-54
"OTULIN",1.3757802624911e-58,1.42339673802326,0.497,0.107,5.95740369263898e-54
"PRKAG2",4.47444747668046e-58,1.41884522642912,0.837,0.292,1.93752524635217e-53
"LCP1",4.86083914651056e-58,1.1432386832899,0.51,0.105,2.104840567222e-53
"TMEM176B",8.6194299534866e-58,1.25902375258592,0.556,0.129,3.73238555845877e-53
"P4HA2",2.49487680116966e-57,1.13199705069739,0.477,0.097,1.08033155244249e-52
"HSP90AA1",2.971834639913e-57,1.14189009044386,1,0.64,1.28686383577513e-52
"MIS18BP1",4.23464508827331e-57,1.10034890862542,0.641,0.158,1.83368601612411e-52
"MGAT4A",4.25715261796209e-57,1.25457959093481,0.824,0.248,1.84343222662994e-52
"ATP6V1C1",5.60724196070151e-57,1.60965577026093,0.627,0.176,2.42804791382297e-52
"GLS",6.47640888201447e-57,1.43137415338422,0.732,0.231,2.80441457408991e-52
"DOCK8",8.18661787353753e-57,1.0431985264689,0.922,0.27,3.54496927159922e-52
"ATG7",1.13606947668268e-56,1.57354735591163,0.915,0.414,4.91940804793136e-52
"SORL1",1.87835189670075e-56,1.42392607952183,0.98,0.493,8.13363938309358e-52
"IPCEF1",4.58038611891698e-56,1.05817676014158,0.641,0.153,1.98339879721343e-51
"SYT6",5.45195196510959e-56,0.938471037992835,0.353,0.055,2.36080423993176e-51
"CCND3",6.02190510946802e-56,1.36968460142942,0.758,0.239,2.60760535050184e-51
"NCK2",6.26803777976298e-56,1.29849811217975,0.797,0.251,2.71418571939297e-51
"NIPBL",6.4818135916382e-56,1.40846292993242,0.948,0.451,2.80675492145117e-51
"KIAA1109",8.28535176941014e-56,1.44600255742252,0.915,0.415,3.58772302318998e-51
"VAV1",1.3781052163733e-55,1.07150915113544,0.477,0.096,5.96747120793965e-51
"ANKRD44",1.62531709667934e-55,1.45025898445241,0.941,0.418,7.03794809204087e-51
"CFLAR",2.40017701720378e-55,1.49939907815881,0.784,0.283,1.03932465198958e-50
"PDE3B",2.50268002317412e-55,1.37664732484008,0.843,0.292,1.08371050363486e-50
"ARID1B",6.72848063038979e-55,1.51476267427365,0.98,0.561,2.91356668257139e-50
"AC244021.1",1.80381963667007e-54,1.18060055673584,0.582,0.138,7.81089979070874e-50
"CTSH",4.29085393235398e-54,1.094053456096,0.634,0.17,1.85802556978792e-49
"MEF2A",1.54622162263617e-53,1.3890967330581,0.974,0.449,6.69544887033913e-49
"STX7",2.58073792217654e-53,1.68097472391633,0.765,0.278,1.11751113506089e-48
"HNRNPU",3.81111135967037e-53,1.45328733253636,0.876,0.376,1.65028744096446e-48
"RALGAPA2",2.23943657103365e-52,1.4297837947695,0.856,0.355,9.69720823988993e-48
"ARHGAP6",2.48038914050143e-52,1.242016992325,0.712,0.213,1.07405810561993e-47
"NUDC",2.88348784243467e-52,0.955890405722096,0.536,0.127,1.24860790553106e-47
"NSMCE2",5.50770264883714e-52,1.42771240794182,0.824,0.323,2.38494540099946e-47
"TMEM255A",8.71640470562356e-52,0.931799473895145,0.268,0.036,3.77437756562911e-47
"ZBTB1",8.74519648285602e-52,1.17956250356844,0.667,0.199,3.78684498100631e-47
"TACC1",9.95324068484854e-52,1.53636835752402,0.771,0.287,4.30995228135311e-47
"SBF2-AS1",1.34675850618106e-51,1.36226748868689,0.333,0.056,5.83173368346522e-47
"ABR",1.42932028630233e-51,1.49123324137418,0.948,0.509,6.18924270374633e-47
"GPBP1",1.71056905945892e-51,1.44198317155839,0.902,0.42,7.40710614126902e-47
"TBC1D5",1.72826540279498e-51,1.42206413338575,0.948,0.485,7.48373484718282e-47
"BRWD3",3.08150090415679e-51,1.44967159237607,0.582,0.162,1.33435152151797e-46
"AC009690.1",3.63490361146535e-51,1.35338962043452,0.608,0.17,1.57398596183673e-46
"CERK",3.96668313351662e-51,0.9995938965619,0.464,0.099,1.71765313047537e-46
"CTNNA3",4.60955265853264e-51,1.03464192832373,0.49,0.107,1.9960284921978e-46
"RCSD1",5.89349041637946e-51,0.96648678257732,0.588,0.141,2.55199922010063e-46
"B3GNT5",9.08660913395151e-51,1.00415388548139,0.601,0.155,3.93468348718368e-46
"PALD1",1.23509865406242e-50,1.14262401197031,0.647,0.171,5.34822419182107e-46
"C3",1.23952644424504e-50,1.03104237826606,0.732,0.213,5.36739740886987e-46
"DOCK11",1.27963471488386e-50,1.16169054676683,0.693,0.199,5.54107424239008e-46
"MBP",1.38139684115982e-50,1.25005986106505,0.85,0.307,5.98172460159025e-46
"LINC00862",1.70928002960986e-50,0.916084528295449,0.314,0.049,7.40152438421663e-46
"PLCG2",2.16216019597446e-50,1.07311642414715,0.882,0.324,9.3625860806086e-46
"CACYBP",2.67908297720363e-50,1.07080439389991,0.542,0.133,1.16009651078871e-45
"SH3KBP1",3.03490985512799e-50,1.08009061039536,0.739,0.214,1.31417666546752e-45
"PXDC1",4.40849555305477e-50,0.951948952463578,0.34,0.058,1.90896674438378e-45
"H2AFY",6.65153797213133e-50,1.19376826812769,0.725,0.241,2.88024897269231e-45
"FRMD4B",8.22994507715135e-50,1.16881103623154,0.66,0.179,3.56373081730808e-45
"GNAQ",8.58354247512779e-50,1.34678797645053,0.974,0.601,3.71684556257983e-45
"EPB41L2",9.66841989921873e-50,1.32326978295375,0.935,0.42,4.18661918475969e-45
"CCT4",1.75937543016612e-49,1.20121508152001,0.575,0.157,7.61844748770532e-45
"KATNAL2",1.92899611887186e-49,1.22718669289213,0.614,0.176,8.35293899393891e-45
"NKRF",2.249832429501e-49,0.909949507174821,0.275,0.039,9.74222438622525e-45
"ARRB1",4.544314480247e-49,1.125011330448,0.608,0.17,1.96777905623655e-44
"SCARB1",5.27937952668941e-49,1.33746667935201,0.516,0.13,2.28607692264705e-44
"SP100",7.57278701301316e-49,0.969340545103962,0.693,0.192,3.27916823237496e-44
"LCORL",9.98671965415431e-49,1.29367449848242,0.706,0.229,4.3244493446419e-44
"KCNJ5",2.50918908702325e-48,0.745989956404913,0.255,0.034,1.08652905846281e-43
"ITSN2",3.50649146332623e-48,1.28908360241564,0.817,0.337,1.51838093344953e-43
"NFATC2",3.9169912711371e-48,1.16725226016044,0.699,0.215,1.69613556022779e-43
"VTI1A",5.49492781272828e-48,1.3784905704597,0.863,0.36,2.3794136414676e-43
"SDCCAG8",5.61939813102658e-48,1.39240659147044,0.928,0.453,2.43331177869713e-43
"SMURF2",1.48172434551255e-47,1.51553444080357,0.712,0.259,6.41616276093846e-43
"MEF2C",1.79511261964899e-47,1.18024500239153,0.922,0.377,7.77319666560406e-43
"NFKB1",2.0209490071304e-47,1.642491329699,0.608,0.184,8.75111339067607e-43
"SUGT1",3.18635707541117e-47,1.01001307690413,0.595,0.166,1.37975634079454e-42
"MYO9B",3.35804175241684e-47,1.0353857867418,0.758,0.256,1.45409923963154e-42
"HMOX1",4.61491499023355e-47,1.40513879404483,0.444,0.099,1.99835048907093e-42
"ALCAM",7.5863151664875e-47,1.45334391054503,0.791,0.297,3.28502619339242e-42
"TANC2",8.149278213609e-47,1.58814654030314,0.791,0.317,3.52880045205697e-42
"HSP90AB1",8.90145284048188e-47,1.10910439073002,0.889,0.383,3.85450710898546e-42
"SLC2A13",1.18523605456089e-46,1.231667520583,0.549,0.142,5.13230916345955e-42
"SKIL",1.22211651306699e-46,1.15550335335655,0.556,0.15,5.29200892488267e-42
"BANP",1.84407759802045e-46,1.24853368577992,0.654,0.212,7.98522481494816e-42
"FCHO1",3.84394756374119e-46,0.813268812521801,0.281,0.043,1.66450617405121e-41
"LPAR1",6.30438455321708e-46,1.07236987264454,0.438,0.097,2.72992459923406e-41
"PLA2G7",6.59784075191007e-46,0.851125724055762,0.294,0.046,2.8569970023921e-41
"NCOA2",1.81567245291342e-45,1.37343573221291,0.856,0.404,7.8622248556057e-41
"RALGPS2",2.13283905263796e-45,1.18755713249503,0.516,0.135,9.23561966573288e-41
"SRGAP2",3.59965158698818e-45,0.824768425570181,0.882,0.294,1.55872113019762e-40
"RAPGEF1",3.62986834369327e-45,0.982116117077393,0.856,0.337,1.57180559018606e-40
"GCNA",5.16546859292842e-45,0.731669950369705,0.268,0.04,2.23675121010987e-40
"TRPM2",5.27438220365731e-45,1.0987805498812,0.503,0.123,2.28391298182769e-40
"TNFSF13B",1.04436937315497e-44,0.920538408549143,0.418,0.089,4.52232825963567e-40
"YPEL2",1.36008164865659e-44,1.10085609790671,0.497,0.124,5.88942555501277e-40
"RNF216",2.13707388877274e-44,1.17729720168388,0.732,0.269,9.25395735316373e-40
"FHIT",4.1383276847478e-44,1.34871984078402,0.954,0.544,1.79197865404949e-39
"HSPA4L",4.28351665567938e-44,1.40335763653717,0.536,0.149,1.85484838224229e-39
"LPCAT2",1.21993771202724e-43,1.10519546130094,0.641,0.184,5.28257428062034e-39
"SNX3",1.56349305597522e-43,1.33744126204397,0.627,0.212,6.77023763098392e-39
"SDCBP",1.65370583254335e-43,0.860533191546669,0.627,0.186,7.16087699607922e-39
"AC025569.1",2.57095165056668e-43,1.17392199153842,0.353,0.069,1.11327348372838e-38
"MITD1",2.79848979426292e-43,0.810327143923838,0.418,0.093,1.21180205071173e-38
"SH3BGRL",2.82932466648337e-43,1.12901519416153,0.778,0.289,1.22515416708063e-38
"IRAK3",3.32855234615294e-43,0.985797539228936,0.575,0.152,1.44132973693115e-38
"IFNGR2",5.74124366937971e-43,1.11778600277561,0.614,0.185,2.4860733337148e-38
"APLP2",8.37688011954723e-43,0.978045114638383,0.641,0.203,3.62735662936634e-38
"GPRIN3",1.05726606544518e-42,1.07153995528239,0.542,0.144,4.57817351659074e-38
"PITPNB",1.92664432358898e-42,1.14631997522361,0.601,0.19,8.342755250005e-38
"GNG7",3.49183931774807e-42,1.17628412158935,0.699,0.246,1.51203626137127e-37
"ZBTB46",5.25064550501887e-42,1.08091442287459,0.451,0.11,2.27363451658327e-37
"SLC8A1",6.96052044828764e-42,1.11095713519063,0.824,0.303,3.01404456451751e-37
"EPB41",9.15514977900905e-42,0.981768209422174,0.562,0.162,3.9643629573065e-37
"SORCS1",1.04416588336534e-41,1.25540994956885,0.275,0.045,4.52144710814859e-37
"GATM",1.4421183647934e-41,1.43440045016436,0.608,0.202,6.24466094322838e-37
"LY86",2.79718464810621e-41,0.923190038882802,0.562,0.15,1.21123689632295e-36
"SYNDIG1",2.83877205661971e-41,0.933252798182572,0.66,0.198,1.22924507595747e-36
"ADAM28",3.93319649560808e-41,0.733360648086641,0.765,0.228,1.70315274652821e-36
"CIITA",3.995741656835e-41,0.930316413701991,0.51,0.132,1.73023605224269e-36
"GAB1",4.31064911421974e-41,1.19497980634335,0.771,0.313,1.86659727943943e-36
"IRF8",7.58437239695875e-41,0.859722701466676,0.359,0.073,3.28418493533108e-36
"ELF1",9.79162339425053e-41,1.09483184986166,0.725,0.27,4.23996876217836e-36
"MYOF",1.88846388986016e-40,1.04833518175005,0.536,0.147,8.17742633587246e-36
"DOCK4",1.92801253398697e-40,1.05369622444674,1,0.659,8.34867987467038e-36
"ARL15",5.83080040610528e-40,1.2104799099589,0.706,0.252,2.52485319185171e-35
"AFF1",6.06916174060105e-40,1.34344196299876,0.876,0.469,2.62806841691507e-35
"VPS50",1.37529580090519e-39,1.18893646954746,0.549,0.171,5.95530587707965e-35
"RNF130",1.39020542923649e-39,1.21337003423221,0.85,0.414,6.01986754967983e-35
"BID",2.48472596444234e-39,1.03746236876564,0.353,0.074,1.07593603712282e-34
"TBC1D22A",2.93829448046275e-39,1.03110760483327,0.889,0.407,1.27234027592998e-34
"ANAPC16",4.50753738234688e-39,1.13637633269379,0.693,0.27,1.95185383730384e-34
"COP1",5.35594800072566e-39,1.14924935111205,0.778,0.328,2.31923260327423e-34
"FNIP2",5.87417547689948e-39,1.0101705593013,0.641,0.206,2.54363546500701e-34
"SKI",6.75267812347843e-39,1.09587630549681,0.627,0.214,2.92404468102863e-34
"STAG1",1.248511593222e-38,1.12052457759169,0.856,0.4,5.40630490096989e-34
"SPOPL",1.33189315770508e-38,1.1747517355525,0.49,0.137,5.76736375149454e-34
"MBNL1",1.89068646389811e-38,1.06363178793201,0.941,0.512,8.18705052597161e-34
"CDK6",2.02585138078583e-38,0.981859740531744,0.484,0.127,8.77234164907881e-34
"UTP23",2.3063446096362e-38,1.05239035547512,0.412,0.102,9.98693342864667e-34
"IL6ST",2.34393371448943e-38,1.09736612826677,0.784,0.338,1.01497017704821e-33
"OSBPL8",2.63569544527252e-38,1.06335608556768,0.647,0.233,1.14130884171191e-33
"HBP1",2.94223883506359e-38,0.892776496390867,0.516,0.149,1.27404826035924e-33
"CLASP1",3.93350427705358e-38,1.08882328379794,0.869,0.43,1.70328602204974e-33
"KIF2A",6.67724579600581e-38,1.1117771481662,0.621,0.216,2.89138097458644e-33
"MANBA",7.3991529844231e-38,1.01716601793324,0.634,0.211,3.20398122531489e-33
"NCOR2",9.72750243857101e-38,1.07867510057939,0.654,0.24,4.21220310595002e-33
"PSMA1",1.2109457219896e-37,0.898883354051549,0.575,0.173,5.24363716535937e-33
"S100Z",1.25726743281293e-37,1.07787509946547,0.333,0.069,5.44421943756656e-33
"PDE8A",1.39937238112859e-37,1.09346873041295,0.771,0.328,6.059562284763e-33
"ATF7IP",1.60698675573178e-37,1.09876279819876,0.719,0.285,6.95857404966975e-33
"ANKH",1.86098221523003e-37,1.16196330948824,0.562,0.181,8.05842518838908e-33
"MUM1",2.13531598846704e-37,1.05245278132689,0.575,0.189,9.24634529325996e-33
"PRKACB",3.11270250865543e-37,1.19391855364219,0.641,0.231,1.34786244029797e-32
"LHFPL2",4.18305266923809e-37,0.901314255079664,0.719,0.248,1.81134546683348e-32
"LRMP",6.06503278177674e-37,0.890304710537947,0.431,0.106,2.62628049516496e-32
"XPO1",7.3564634638403e-37,0.996473078289692,0.85,0.399,3.18549580911213e-32
"DEK",8.91265684321483e-37,0.826655108690615,0.516,0.149,3.85935866624889e-32
"FAM107B",1.65438090100153e-36,1.03944350484969,0.333,0.071,7.16380017751681e-32
"CTSS",3.12704803511676e-36,0.585870918527759,0.438,0.105,1.35407434016626e-31
"MOBP",3.19680299601377e-36,0.56810800961016,0.261,0.045,1.38427963333388e-31
"NOP58",3.27946708673285e-36,0.819230893673535,0.51,0.147,1.42007483789706e-31
"RALY",6.40068969656161e-36,1.11695417243884,0.484,0.144,2.77162665240511e-31
"PTPRJ",8.2821561148552e-36,0.852830229679032,0.797,0.308,3.5863392408546e-31
"RNF144B",8.43321325264805e-36,1.07200534249359,0.464,0.124,3.65175000266166e-31
"BLNK",8.99971391993873e-36,0.979988686699488,0.464,0.121,3.89705612161187e-31
"RUNX2",1.38909533783117e-35,0.907084016104167,0.562,0.167,6.01506063187652e-31
"ARHGAP21",1.88079462153804e-35,1.25089764421831,0.882,0.47,8.144216870184e-31
"LRIF1",2.30908315705325e-35,0.930710761654598,0.301,0.061,9.99879188667199e-31
"MECP2",3.012756888118e-35,1.12519430501654,0.556,0.186,1.30458398769285e-30
"JAZF1",3.51168953012173e-35,1.06644594522887,0.752,0.304,1.52063180033331e-30
"WAC",3.93185324888629e-35,1.19905582193166,0.804,0.396,1.70257109383274e-30
"BMT2",6.51827982276174e-35,1.4153062505334,0.503,0.166,2.82254552885229e-30
"PTBP3",8.81965399995404e-35,0.839163628657889,0.595,0.194,3.8190865750601e-30
"TRIO",1.2279049182407e-34,0.892884870812101,0.915,0.51,5.3170738769659e-30
"SIPA1L2",1.23118681570854e-34,0.831973579873797,0.588,0.185,5.33128514938113e-30
"LPIN2",1.35818323590113e-34,1.02147355670841,0.647,0.242,5.88120504809905e-30
"RBAK-RBAKDN",1.38380848915815e-34,1.1017407342886,0.497,0.156,5.99216751975263e-30
"CCT3",1.6903387422829e-34,0.998364882303387,0.471,0.14,7.3195048218334e-30
"CDK19",2.5724169376637e-34,1.0402606775525,0.627,0.232,1.11390798234714e-29
"MAP2K5",2.67625904624103e-34,1.09416823769202,0.693,0.286,1.15887369220329e-29
"JADE2",2.74432817583794e-34,0.688056416589374,0.288,0.056,1.18834898670135e-29
"KDM4C",4.7401969452621e-34,1.16722397038002,0.778,0.36,2.05260008123739e-29
"DLEU7-AS1",5.42543453027224e-34,0.808770291009593,0.405,0.099,2.34932166029848e-29
"P2RX7",6.26018229152481e-34,0.864983125397605,0.497,0.145,2.71078413587607e-29
"CD86",7.70577593846273e-34,0.676592850793704,0.471,0.124,3.33675509687313e-29
"TCF12",7.71486116465658e-34,0.99116321258076,0.922,0.48,3.34068918151959e-29
"MED13L",1.00707440693243e-33,1.08736817743067,0.954,0.592,4.36083359689879e-29
"AC007262.2",1.12029817990105e-33,1.16557680533372,0.49,0.151,4.85111517860752e-29
"NLRP1",1.16210647707357e-33,0.946531175577121,0.471,0.136,5.03215346702396e-29
"NCKAP1L",1.54583668612946e-33,0.67380861278748,0.471,0.127,6.6937820182778e-29
"TTTY14",1.93831222997279e-33,1.3599252980581,0.516,0.166,8.39327961822819e-29
"KCNQ3",2.03801690578405e-33,0.958095438434537,0.725,0.274,8.82502080542609e-29
"ATM",2.13881700012221e-33,0.915312827281829,0.784,0.332,9.26150537392921e-29
"NUFIP2",2.21538021505073e-33,0.891548929138118,0.732,0.308,9.59303940721267e-29
"MAML2",3.24289618988234e-33,1.10941042977378,0.961,0.624,1.40423890814285e-28
"FNDC3B",3.26853721134605e-33,1.07738010941831,0.791,0.366,1.41534198325707e-28
"PLCL1",3.3447096958584e-33,1.04501090874708,0.497,0.15,1.4483261925006e-28
"C11orf80",4.20315149258715e-33,0.884794903187342,0.353,0.085,1.82004865932009e-28
"TRAF6",6.55587916654729e-33,0.772961809744436,0.327,0.074,2.83882679669831e-28
"DYRK1A",7.4953894850711e-33,1.17730019514755,0.771,0.381,3.24565355482549e-28
"AOAH",8.55501627161229e-33,0.628172119501901,0.601,0.185,3.70449314593355e-28
"KCTD12",1.03919433388514e-32,0.545858397377798,0.425,0.109,4.49991930458943e-28
"CHST11",1.06152140805296e-32,0.85108904823109,0.922,0.438,4.59660000115094e-28
"EPB41L3",1.26961009210196e-32,0.693921988317012,0.667,0.232,5.49766562081989e-28
"LAP3",1.93406681143071e-32,0.948687412916702,0.464,0.137,8.37489610685724e-28
"UBE2B",2.7133231980412e-32,0.817220288812477,0.68,0.27,1.1749232112158e-27
"CNOT2",2.77657924250453e-32,0.986259010790403,0.673,0.278,1.20231434358931e-27
"MYO1D",3.12643957989274e-32,0.940891132134201,0.314,0.068,1.35381086688515e-27
"ZFHX3",3.18015177089568e-32,0.980218897946212,0.882,0.459,1.37706931983325e-27
"UMAD1",3.87427184959336e-32,1.36793917078509,0.614,0.25,1.67763719631092e-27
"NUAK1",4.64047571190215e-32,0.940880164849491,0.418,0.113,2.00941879276787e-27
"TRPM7",6.30580361724353e-32,0.937024550513816,0.641,0.251,2.73053908233879e-27
"MIR29B2CHG",6.58199278309966e-32,1.00551582995176,0.621,0.239,2.85013451493782e-27
"SCIN",7.72732156750253e-32,0.884556016342874,0.51,0.151,3.34608478515995e-27
"TPK1",1.18508683521709e-31,1.18791979324346,0.503,0.167,5.13166301385703e-27
"RPS6KA3",1.25560089741835e-31,0.850254194379407,0.647,0.233,5.43700300600092e-27
"CWF19L2",1.97719278872618e-31,1.02225739025855,0.595,0.221,8.5616402137421e-27
"NRP2",2.31606324703109e-31,0.874333657236873,0.386,0.1,1.0029017072294e-26
"PRKD2",2.83805937353479e-31,0.711551675845985,0.288,0.061,1.22893646992803e-26
"TSEN15",2.9029120717902e-31,0.912074949369192,0.366,0.095,1.25701898532659e-26
"STK38L",3.0523117519731e-31,1.10941946131328,0.49,0.163,1.32171203483939e-26
"SOS1",3.06131054394417e-31,0.997413763672093,0.758,0.361,1.3256086917387e-26
"MORC4",3.06603888479369e-31,0.843028983683804,0.268,0.055,1.32765615789337e-26
"FER",3.2129601660209e-31,1.16564518612714,0.791,0.405,1.39127601109037e-26
"CASP7",3.42250713940837e-31,0.724467573265133,0.34,0.083,1.48201404150661e-26
"RASA1",5.02258669016413e-31,1.0333964606917,0.68,0.291,2.17488048857487e-26
"CNOT6L",8.6549673768156e-31,0.884486101731753,0.51,0.17,3.74777397350869e-26
"GUCY1A1",8.68571229897591e-31,0.841579051489175,0.301,0.067,3.76108713970255e-26
"TMEM131",9.39059905988346e-31,1.07234257130519,0.667,0.29,4.06631720491074e-26
"ZNF148",1.00889127463682e-30,1.03084150686684,0.712,0.321,4.36870099743237e-26
"NFATC3",1.00893368840578e-30,1.00916231868983,0.621,0.245,4.36888465753472e-26
"FBXO11",1.01018468322472e-30,0.918381782056995,0.797,0.371,4.37430171529968e-26
"SMCO4",1.19485882526736e-30,0.770902987928993,0.255,0.05,5.17397768517272e-26
"AHSA1",1.32029443890233e-30,0.701874031983111,0.418,0.116,5.71713897933486e-26
"AP000787.1",1.35395509626128e-30,0.689783344492225,0.275,0.057,5.86289635783059e-26
"ITGB1",1.85792793212378e-30,0.831538746869366,0.529,0.178,8.04519953168237e-26
"FAM135A",1.94526616393112e-30,1.09915441276734,0.706,0.322,8.42339154305453e-26
"TSPAN14",2.8579737350266e-30,0.820494447952714,0.542,0.177,1.23755978674122e-25
"ZNF106",2.96394898989712e-30,0.995456430495536,0.621,0.249,1.28344919160525e-25
"DGKD",3.29117813607349e-30,0.857506965665054,0.51,0.169,1.42514595648254e-25
"DIP2B",3.38119140377699e-30,1.01740297175539,0.784,0.386,1.46412350166351e-25
"FBXL17",4.0630374551756e-30,1.19883272451943,0.745,0.356,1.75937647884014e-25
"PILRA",4.56633035913855e-30,0.785064698961308,0.412,0.116,1.97731237211418e-25
"AP3B1",6.8805907422994e-30,0.884712287267483,0.725,0.318,2.97943340323049e-25
"MYO1F",8.55851283192219e-30,0.677599908116578,0.549,0.175,3.70600722647895e-25
"FOXP1",9.99882558870151e-30,1.07669672490929,0.843,0.466,4.32969145641953e-25
"CLEC2D",1.2762341263857e-29,0.856451823875563,0.399,0.111,5.52634901407536e-25
"MGMT",1.31798630003347e-29,1.12712509239708,0.451,0.145,5.70714427640493e-25
"ZMYND8",1.32268124190393e-29,0.893676831204692,0.667,0.278,5.72747431369239e-25
"PIK3AP1",1.40159669853776e-29,0.763166131116506,0.471,0.137,6.06919402400823e-25
"SSH1",1.56145031213878e-29,0.985868525356159,0.536,0.19,6.76139214162333e-25
"FP236383.1",1.65937577578558e-29,0.929433272721689,0.614,0.246,7.1854289843067e-25
"PELI1",1.71239265036632e-29,0.620258061339911,0.562,0.179,7.41500265461624e-25
"CEP120",1.74539524638614e-29,0.679372767448414,0.261,0.054,7.55791049590128e-25
"PACS1",1.93987897721522e-29,1.06244473358026,0.784,0.395,8.40006394713733e-25
"AC098850.3",2.50463391159258e-29,0.963124980915822,0.438,0.139,1.08455657639782e-24
"AEBP2",2.53214737614492e-29,0.95066104161962,0.549,0.202,1.09647045681827e-24
"CASP4",2.69998036001056e-29,0.612783783145749,0.294,0.065,1.16914549549177e-24
"TBC1D12",2.86603022589884e-29,0.844088353778045,0.497,0.162,1.24104840841871e-24
"SETD3",3.85433093757939e-29,0.913367739050722,0.477,0.157,1.66900238259063e-24
"CPPED1",4.26368124723728e-29,0.806311754936759,0.288,0.065,1.84625925367869e-24
"AGAP3",4.6124959117098e-29,0.805666048235944,0.386,0.107,1.99730297968858e-24
"SLC15A4",5.87724766814907e-29,0.79805288480858,0.379,0.105,2.54496578526191e-24
"PAPOLA",6.28297450207069e-29,0.902097922306517,0.647,0.276,2.72065361888665e-24
"EPG5",6.86378100435461e-29,0.897926947392124,0.425,0.13,2.97215445050563e-24
"CAB39",7.74097987140574e-29,0.993961611088985,0.621,0.25,3.35199910391611e-24
"SAMD12",1.04326494791868e-28,1.06313021594035,0.451,0.144,4.51754587747749e-24
"EVL",1.22658755750972e-28,0.681580947458669,0.654,0.254,5.31136944152857e-24
"POU2F2",1.33797792017469e-28,0.633907200243864,0.451,0.131,5.79371198994043e-24
"PIAS2",1.34346042700157e-28,0.916215714689409,0.549,0.204,5.81745234100221e-24
"ST6GAL1",1.43713715363671e-28,0.693721054859467,0.856,0.396,6.22309130267766e-24
"PPID",1.63739104288064e-28,0.749098842667942,0.333,0.084,7.09023069388175e-24
"PICALM",2.15515531405331e-28,0.741175704773437,0.882,0.45,9.33225354091366e-24
"GPATCH2L",2.35618574058936e-28,0.961214845372158,0.621,0.258,1.02027554939e-23
"MARCH1",2.46633406040938e-28,0.612975804231114,0.706,0.26,1.06797197483847e-23
"CYP27A1",2.86476261306892e-28,1.06762580370419,0.444,0.145,1.24049950671111e-23
"ATG5",3.19787000668073e-28,1.03000315056197,0.444,0.144,1.38474167029289e-23
"PTPRC",3.43740083411962e-28,0.535907377041582,0.725,0.256,1.48846330919048e-23
"ZFAND3",3.51858987188729e-28,0.884233463418966,0.935,0.543,1.52361978632463e-23
"CCNH",4.31927897550454e-28,1.06852984126982,0.752,0.37,1.87033418197297e-23
"ARHGAP31",4.72292607012465e-28,1.12163121041395,0.621,0.259,2.04512144688537e-23
"SNX13",4.8028900570375e-28,0.908350718065263,0.673,0.291,2.07974745249838e-23
"PIP4K2A",5.22685052784228e-28,0.78703383204977,0.752,0.336,2.26333081556627e-23
"EXOC4",5.96307462047304e-28,0.964604737477806,0.856,0.465,2.58213057215723e-23
"UBE3C",5.96518519290642e-28,0.807268401296443,0.601,0.236,2.58304449223234e-23
"REL",6.33224659714593e-28,0.606486022644545,0.556,0.188,2.74198942149613e-23
"ACSL4",6.74622822425893e-28,0.925981702894032,0.497,0.17,2.9212517456686e-23
"DMXL2",6.85852009721419e-28,0.839729690586732,0.51,0.177,2.96987637249569e-23
"RYR1",8.41797440720252e-28,0.927221885175518,0.569,0.215,3.64515127780684e-23
"UBR2",1.00235808164658e-27,1.08701307005036,0.68,0.319,4.34041096514601e-23
"KHDRBS1",1.11273218954028e-27,0.897054446193013,0.556,0.206,4.81835292714733e-23
"VPS13B",1.13421116537634e-27,0.931422233247452,0.771,0.388,4.91136118831261e-23
"STK40",1.1472900594231e-27,0.718949987999884,0.379,0.107,4.96799541531389e-23
"WIPF1",1.24547108379201e-27,0.956149134988442,0.582,0.224,5.39313888703614e-23
"CMIP",1.50961677672312e-27,0.977385040574503,0.784,0.391,6.53694256656646e-23
"USP15",1.74243435996563e-27,0.663526299059625,0.739,0.31,7.54508926552319e-23
"LINC00486",1.88751818267715e-27,0.821835910025338,0.366,0.103,8.17333123462861e-23
"GAB2",2.16436703677046e-27,0.859712397540081,0.778,0.365,9.37214214262344e-23
"SAMSN1",2.78377811068695e-27,0.424284683022198,0.575,0.184,1.20543159748966e-22
"SLC24A2",2.9338633070025e-27,0.602363174510622,0.261,0.056,1.27042148919822e-22
"BMP2K",3.12261870051278e-27,0.821181086610877,0.863,0.45,1.35215634969604e-22
"PHF2",3.14169039654459e-27,0.741440317164682,0.314,0.08,1.36041477551174e-22
"HSPB1",3.31245268473425e-27,0.803242248463305,0.784,0.358,1.43435826154362e-22
"SPEN",4.23549736711259e-27,0.816805653973381,0.641,0.276,1.83405506990709e-22
"SLCO2B1",4.32417703131262e-27,0.359452505444422,0.641,0.211,1.87245513809899e-22
"MYO1E",4.35751164515659e-27,0.925856178265537,0.667,0.277,1.88688969258571e-22
"STPG2",5.12632186788632e-27,1.19539037173455,0.484,0.171,2.21979989523213e-22
"RAD51B",5.38851719417575e-27,1.20404391362407,0.745,0.377,2.33333571542198e-22
"NLGN4Y",6.3645187184869e-27,0.90381548518531,0.373,0.105,2.7559638954792e-22
"PLAGL1",6.68149416587081e-27,0.990266969400786,0.379,0.11,2.89322060370538e-22
"APPL2",6.74994160647397e-27,0.830425337837933,0.641,0.267,2.92285971443536e-22
"ZNF592",7.71630957578192e-27,0.906430107789151,0.386,0.115,3.34131637250509e-22
"RGS10",7.96019634211853e-27,0.662065667525916,0.405,0.117,3.44692422006416e-22
"AZIN1",1.09834368389949e-26,0.769289349725684,0.471,0.158,4.75604782002157e-22
"TRA2B",1.18241468572009e-26,0.786321679029669,0.608,0.247,5.12009207210514e-22
"NLK",1.18503118643743e-26,1.04583476634835,0.51,0.189,5.13142204351137e-22
"PHF3",1.34443999246076e-26,0.814309952547745,0.608,0.247,5.82169405535358e-22
"CUX1",1.35062885304966e-26,0.817942588233261,0.778,0.38,5.84849305947565e-22
"HCLS1",1.44649676488817e-26,0.568779538455288,0.503,0.159,6.26362029131875e-22
"AL160272.2",1.68434379279948e-26,0.912756048780817,0.373,0.111,7.29354549158032e-22
"USP9Y",1.83161859892803e-26,0.779166315767255,0.412,0.125,7.93127485707816e-22
"ITPK1",1.92746467231501e-26,0.936700429952601,0.477,0.169,8.34630752405846e-22
"KTN1",2.27074246535007e-26,0.976613043980309,0.712,0.349,9.83276902345886e-22
"RUNX1",2.31871274281786e-26,0.390645079221592,0.739,0.279,1.00404899189499e-21
"MTHFD1L",2.35290455683629e-26,0.97193575755095,0.68,0.298,1.01885473120125e-21
"INPP5A",2.65289765062996e-26,0.726647607393214,0.34,0.093,1.14875774067579e-21
"ANKMY2",2.69632431530088e-26,0.659458077660864,0.268,0.062,1.16756235501159e-21
"TIGAR",2.7045442241809e-26,0.823939568156964,0.314,0.081,1.17112173995481e-21
"HDX",2.82710776841638e-26,0.931603591151595,0.268,0.062,1.22419420587966e-21
"ZFAT",3.606211846799e-26,0.794516866831417,0.275,0.065,1.5615618539009e-21
"VPS8",3.89851993294496e-26,0.950189317893131,0.614,0.267,1.68813710136383e-21
"GKAP1",4.2469039022376e-26,0.844784100155478,0.438,0.145,1.83899432774693e-21
"VPS41",5.90816612847248e-26,0.803637306183222,0.529,0.204,2.55835409695115e-21
"PAG1",5.9704642978237e-26,0.810294497381076,0.693,0.291,2.58533045024362e-21
"ANKAR",6.28832906833093e-26,0.96559554502305,0.51,0.188,2.72297225316866e-21
"NUDT9",6.349631530123e-26,0.723941759893192,0.32,0.085,2.74951744517386e-21
"ATP6V1B2",7.7590755149455e-26,0.747112518988936,0.438,0.141,3.3598348794817e-21
"ANKRD11",7.85329975066786e-26,0.734561236077963,0.856,0.454,3.4006358580342e-21
"RTTN",9.0735740003287e-26,0.669495026080273,0.497,0.169,3.92903901362233e-21
"ATG4C",1.01410675599973e-25,0.887322922935497,0.484,0.173,4.39128507483003e-21
"MAP3K2",1.06872544698515e-25,0.955391495844701,0.654,0.302,4.62779493053508e-21
"CLOCK",1.14956744633751e-25,0.92509549984249,0.477,0.171,4.97785695613067e-21
"CYFIP1",1.1574239495231e-25,0.61789368333908,0.667,0.258,5.01187718622491e-21
"TBC1D2B",1.24582085781389e-25,0.88830533427109,0.529,0.199,5.39465347850569e-21
"TANGO2",1.47505497242274e-25,0.670367524732363,0.353,0.099,6.38728304158494e-21
"LASP1",1.54041084909336e-25,0.692386558525612,0.366,0.106,6.67028705874405e-21
"ATP11A",1.54192417074739e-25,0.714060850354319,0.608,0.235,6.67684004417036e-21
"ELK3",1.67668547657062e-25,0.682252715697999,0.281,0.068,7.26038345064611e-21
"OPA1",2.0327797594431e-25,0.930504022133054,0.516,0.201,8.80234291434051e-21
"USP9X",2.03896344310155e-25,0.887255003595457,0.575,0.235,8.82911950131831e-21
"CCDC91",3.48069108673676e-25,1.05819927292662,0.693,0.346,1.50720885437875e-20
"SMARCA2",3.80361246655025e-25,0.893759048876634,0.784,0.411,1.64704027026559e-20
"CREBRF",4.53154193437114e-25,0.685924341388863,0.503,0.181,1.96224828842139e-20
"PLD1",4.80771548196077e-25,0.818302563922224,0.327,0.087,2.08183695799865e-20
"COL4A3BP",5.20127655472256e-25,0.893771083563861,0.549,0.219,2.25225677372596e-20
"TMCC3",5.36000954984882e-25,0.694693514397384,0.366,0.104,2.32099133527554e-20
"ERGIC1",5.65894395164987e-25,0.799403135259681,0.497,0.182,2.45043590994343e-20
"TENT2",5.74370510360977e-25,0.938573545953951,0.667,0.324,2.4871391839651e-20
"DDX3Y",8.54342526175107e-25,0.581737126947337,0.32,0.084,3.69947400684345e-20
"HNMT",9.06107662982381e-25,0.875961527610128,0.366,0.111,3.92362740224631e-20
"PREX1",1.09201429386575e-24,0.680410499462373,0.804,0.389,4.72864029529746e-20
"AF117829.1",1.14175693293834e-24,0.822797314453255,0.641,0.276,4.9440358710096e-20
"KDM5A",1.25606845337702e-24,0.727434875203222,0.614,0.264,5.43902761681319e-20
"CDK8",1.48790962107024e-24,1.09528889133108,0.471,0.179,6.44294624115837e-20
"CYTH1",1.7637154789353e-24,0.698312991465738,0.595,0.241,7.63724076688563e-20
"SHMT1",1.85051502072166e-24,0.776935549662492,0.314,0.085,8.01310014272895e-20
"PRIM2",2.37751977992243e-24,1.13262873668588,0.431,0.152,1.02951361510201e-19
"ZNF83",2.49457298974756e-24,0.964162213553304,0.549,0.233,1.08019999602049e-19
"DENND1A",2.61614541807134e-24,0.93190571585887,0.797,0.453,1.13284328893325e-19
"CDKAL1",2.98969781761936e-24,0.945909531600573,0.712,0.355,1.29459894898554e-19
"LYST",3.08942010471576e-24,0.899813893053906,0.706,0.335,1.33778069374402e-19
"ANKRD17",3.12322705694767e-24,0.922078918143326,0.765,0.413,1.35241978019948e-19
"TMEM156",3.44625060468291e-24,0.55570653225036,0.32,0.083,1.49229543683979e-19
"PGS1",3.81380162085716e-24,0.772183315988469,0.353,0.104,1.65145237786357e-19
"UBL3",3.98253530840655e-24,0.747394411202113,0.621,0.258,1.7245174392462e-19
"ABCC4",4.34327544170309e-24,0.810748074431517,0.582,0.232,1.88072513176627e-19
"TNRC18",4.69650662310111e-24,0.809776921963517,0.614,0.27,2.03368129793524e-19
"WASHC4",5.05524899911472e-24,0.750736085892409,0.569,0.237,2.18902392159665e-19
"ASAH1",5.27215343048974e-24,0.669317318663646,0.582,0.228,2.28294787847067e-19
"KDM4B",5.65560156213834e-24,0.781753896064345,0.529,0.203,2.44898858843715e-19
"RAB31",5.70000789313283e-24,0.99566624027884,0.673,0.324,2.46821741788438e-19
"TOP1",6.01763709429353e-24,0.916147031645635,0.614,0.278,2.60575721457098e-19
"SETD2",6.78320449246303e-24,0.79279077234091,0.693,0.327,2.93726320932634e-19
"RHOQ",7.85431912503121e-24,0.829474819817625,0.588,0.249,3.40107726752101e-19
"PDXK",9.14398314703209e-24,0.855978526508156,0.556,0.233,3.95952758232783e-19
"MGA",9.17116827810012e-24,0.739911862741141,0.49,0.183,3.97129928778291e-19
"USF3",1.05958953997678e-23,0.752701801476414,0.307,0.085,4.58823462600746e-19
"PLOD1",1.24393396133445e-23,0.594194557381322,0.261,0.063,5.38648283937046e-19
"FCHSD2",1.43541501984142e-23,0.639934777370551,0.791,0.384,6.21563411891731e-19
"LITAF",1.56917480322521e-23,0.585433509480811,0.392,0.122,6.79484073292579e-19
"FMNL2",1.59335244569537e-23,0.834518313562121,0.948,0.6,6.89953476035009e-19
"CCT5",1.60203126084067e-23,0.650528926536639,0.34,0.098,6.93711576569228e-19
"BIN1",1.6218665339475e-23,0.534063151005213,0.516,0.179,7.02300646529947e-19
"GSK3B",1.72430471703644e-23,0.856239690546261,0.647,0.295,7.46658428571121e-19
"CEP170",1.78411950034398e-23,0.811785408960184,0.725,0.356,7.72559426038952e-19
"MGAT5",2.11501501661098e-23,0.780613758311875,0.725,0.348,9.15843802492886e-19
"XPO7",2.22964416267418e-23,0.705443634923839,0.399,0.131,9.65480515321173e-19
"RAB12",2.77056717821234e-23,0.648349648658695,0.431,0.146,1.19971099950951e-18
"PAN3",3.18282051405981e-23,0.846827406869066,0.706,0.353,1.37822493899818e-18
"GTF3C3",3.19801204678778e-23,0.561339293837612,0.294,0.078,1.38480317650005e-18
"FGD3",3.53693137539328e-23,0.527361796058354,0.268,0.065,1.5315620241728e-18
"FBXW7",3.70438749982736e-23,0.79584486292205,0.562,0.236,1.60407387517524e-18
"NR2C2",3.89290763004223e-23,0.971633704947287,0.425,0.153,1.68570686196089e-18
"SSBP2",4.295773297516e-23,0.991048089629536,0.83,0.469,1.86015575329038e-18
"CREBBP",4.35960051534607e-23,0.870690836094989,0.66,0.317,1.88779421515515e-18
"UBQLN1",4.75568955804742e-23,0.788297513754435,0.451,0.163,2.05930869242569e-18
"PPP2R2A",4.79528778178893e-23,0.702330767040701,0.562,0.229,2.07645551527024e-18
"SMAP2",4.80754627033889e-23,0.424386105759776,0.614,0.227,2.08176368598215e-18
"NFE2L2",5.86133984418626e-23,0.72713507771943,0.745,0.373,2.53807737932953e-18
"LIMS1",6.00683899348006e-23,0.834940994567235,0.699,0.342,2.60108142095673e-18
"PRPF38B",6.40179088956543e-23,0.663636349776079,0.536,0.207,2.77210349099962e-18
"NAB1",7.32013108597667e-23,0.809480484048466,0.268,0.069,3.16976316284962e-18
"STX6",7.97161146800233e-23,0.707318695006083,0.353,0.107,3.45186719787437e-18
"GPR89B",8.94160925343897e-23,0.741244227226365,0.255,0.064,3.87189563892414e-18
"DENND4C",9.64096984829479e-23,0.852583994210802,0.569,0.25,4.17473276370861e-18
"WNK1",1.07995980792127e-22,0.805486706272204,0.673,0.328,4.6764419602607e-18
"YY1",1.12418397554434e-22,0.669550799842321,0.471,0.172,4.8679414509021e-18
"BBX",1.22467298887906e-22,0.783261638460662,0.706,0.35,5.30307897644411e-18
"ZDHHC20",1.39865582993865e-22,0.801326696824911,0.405,0.136,6.05645947480033e-18
"RSRC1",1.45444612132072e-22,0.987155808671777,0.536,0.232,6.29804259454296e-18
"FGD4",1.53138836780747e-22,0.823936213918578,0.81,0.416,6.6312179102799e-18
"MYH9",1.54129486289363e-22,0.680255195983118,0.484,0.181,6.674115015302e-18
"CD53",1.58427905729136e-22,0.547539385100131,0.464,0.155,6.86024517388307e-18
"PCCA",1.66494671982802e-22,0.931582208900512,0.68,0.342,7.20955228619929e-18
"SEPT6",1.70700397746414e-22,0.50510190357878,0.379,0.114,7.39166862321524e-18
"RAPGEF2",2.17241941875376e-22,0.938721482797932,0.654,0.331,9.40701056708754e-18
"TMEM65",2.41816600084261e-22,0.757230701053821,0.458,0.169,1.04711424168487e-17
"STXBP3",2.56748831474434e-22,0.855315685742323,0.451,0.169,1.11177379005059e-17
"FANCL",2.83878500554624e-22,0.822506900343214,0.346,0.108,1.22925068310163e-17
"TBC1D1",2.86475398283069e-22,0.870042472675837,0.595,0.267,1.24049576964534e-17
"ITPR2",2.8708344882651e-22,0.745870604759466,0.915,0.598,1.24312875010855e-17
"WWC2",3.12598383513374e-22,0.844959799496296,0.438,0.16,1.35361352028961e-17
"ZBTB40",3.28743909081061e-22,0.697133534399658,0.288,0.078,1.42352687510281e-17
"ARHGEF2",3.32185570735197e-22,0.637399689215012,0.294,0.08,1.43842995839755e-17
"SLC9A9",3.64084785391857e-22,0.653247544923173,0.85,0.458,1.57655993770382e-17
"CCDC50",5.11615923537659e-22,0.6322881469326,0.425,0.15,2.21539927210277e-17
"HNRNPF",5.41749045015448e-22,0.698459020161067,0.373,0.122,2.34588171472589e-17
"QKI",5.97472384198822e-22,0.697976403993038,0.993,0.753,2.58717491805774e-17
"PRMT3",6.51342647162791e-22,0.803984968789599,0.399,0.137,2.82044393074432e-17
"LEPR",6.86801521809531e-22,0.930053705494018,0.373,0.123,2.97398794973963e-17
"NAA50",7.8017431512734e-22,0.659005995126716,0.412,0.142,3.37831081936441e-17
"RCC2",7.97697668887229e-22,0.712097337221724,0.314,0.092,3.45419044581548e-17
"EDEM1",8.45013588593633e-22,0.757839183773859,0.268,0.071,3.65907784132815e-17
"NABP1",8.61682158983757e-22,0.677342376414772,0.281,0.075,3.73125608483146e-17
"FBXO28",9.57234938901114e-22,0.620614452974149,0.379,0.123,4.1450187324296e-17
"WDR70",9.61381840436003e-22,0.746690396896643,0.673,0.321,4.16297564545598e-17
"FAM20C",1.06954991328136e-21,0.687085460950474,0.412,0.144,4.63136503449094e-17
"LCOR",1.10905222389723e-21,0.822408667556643,0.614,0.291,4.8024179399198e-17
"BACE2",1.19638709366576e-21,1.29574819618725,0.294,0.084,5.18059539299147e-17
"CCNY",1.22576943420531e-21,0.903248479874695,0.693,0.375,5.30782680399584e-17
"STK4",1.37659733043252e-21,0.548452668514619,0.523,0.2,5.96094176023888e-17
"KMT2E",1.44606688819251e-21,0.636206023856484,0.745,0.381,6.26175883925119e-17
"ATXN1",1.48151665393767e-21,0.714470353490698,0.863,0.499,6.41526341488089e-17
"SNX2",1.59337039312429e-21,0.768856130118776,0.451,0.168,6.8996124763068e-17
"ANKS1A",1.60190079439577e-21,0.692313611187199,0.667,0.301,6.93655081989256e-17
"MIRLET7BHG",1.86540034249635e-21,0.775440219955975,0.49,0.201,8.07755656307771e-17
"ZEB2",1.91016448322854e-21,0.786792564308004,0.758,0.409,8.27139424527621e-17
"SND1",2.33695108054282e-21,0.739249195103769,0.66,0.314,1.01194655689665e-16
"TENM4",2.61090600513835e-21,1.12420417428821,0.641,0.327,1.13057451834501e-16
"CACNA1A",2.64063527620527e-21,0.628192807344867,0.438,0.151,1.1434478873024e-16
"ARFIP1",2.73555151539878e-21,0.839870934482122,0.431,0.162,1.18454851719798e-16
"ZNF638",3.06402088481842e-21,0.79594270451179,0.804,0.499,1.32678232354407e-16
"PLEKHA2",3.10024667460533e-21,0.686184697619044,0.497,0.193,1.3424688150376e-16
"FRYL",3.25525710581118e-21,0.64439542476727,0.647,0.305,1.40959143195836e-16
"PGM5",3.37016314212173e-21,0.649106333587001,0.301,0.084,1.45934804380155e-16
"TMEM165",3.51705836868146e-21,0.872764051547,0.549,0.246,1.52295661480644e-16
"SRPK2",3.59869518154592e-21,0.863529863467433,0.673,0.339,1.55830698751302e-16
"SRGAP2B",3.64947231817116e-21,0.327506935044718,0.601,0.226,1.58029450321448e-16
"TLR1",4.01711115177834e-21,0.622712706600812,0.327,0.096,1.73948947094306e-16
"SNX1",4.17123612435522e-21,0.713019643752111,0.49,0.194,1.8062286665683e-16
"AMPD3",4.27989425780248e-21,0.77423375616426,0.34,0.108,1.85327981151363e-16
"TBC1D16",4.98510426430285e-21,0.748378258308785,0.366,0.12,2.15864984852842e-16
"PUM2",5.69420558120033e-21,0.731125741945074,0.66,0.325,2.46570490077137e-16
"SUSD6",5.7888117771835e-21,0.645990213767718,0.536,0.211,2.506671275756e-16
"CLTC",6.17529149372901e-21,0.739963053162316,0.601,0.275,2.67402472261454e-16
"PPP6R3",6.55308697323972e-21,0.702334855033674,0.771,0.419,2.83761772115227e-16
"EPS8",7.21989252511693e-21,0.825033124700426,0.614,0.286,3.12635786122613e-16
"CCDC88A",7.4676394013049e-21,0.725483009586795,0.824,0.477,3.23363721355305e-16
"MAML3",7.67927343528012e-21,0.66696771168924,0.699,0.314,3.325278982945e-16
"CREBL2",8.0058443858539e-21,0.612333597103813,0.32,0.097,3.46669073596246e-16
"PLAUR",9.2152656996157e-21,0.77265578274246,0.255,0.066,3.99039435324759e-16
"CTBP2",1.05439252149317e-20,0.844095501845588,0.706,0.369,4.56573049656972e-16
"ZNF710",1.09254992711316e-20,0.716420631356962,0.529,0.219,4.73095969438542e-16
"COG5",1.2281457888531e-20,0.868498807963238,0.673,0.353,5.31811689489171e-16
"ENGASE",1.39918050018829e-20,0.661610487955179,0.255,0.067,6.05873140191535e-16
"SCAF11",1.77694831954855e-20,0.691949252644367,0.693,0.354,7.69454161330913e-16
"PPP2R2D",1.90364334848539e-20,0.709980959964591,0.405,0.145,8.24315642761145e-16
"CSF1R",2.34284356254527e-20,0.388174814657579,0.523,0.188,1.01449811945335e-15
"GAB3",2.55449960478103e-20,0.629217359573171,0.314,0.092,1.10614941886228e-15
"PDS5B",2.64365181681874e-20,0.918217434965743,0.608,0.296,1.14475410971885e-15
"JAK1",2.66712918174202e-20,0.759912481887004,0.556,0.248,1.15492027827793e-15
"AC093152.1",2.89426072582427e-20,0.626699211021102,0.307,0.09,1.25327277949642e-15
"CHD1L",3.05822627346877e-20,0.706015868568673,0.366,0.125,1.32427314093745e-15
"ARL8B",3.27184878907079e-20,0.67101351292527,0.51,0.211,1.41677596264344e-15
"ACBD6",3.37362157669162e-20,0.905488903069609,0.542,0.244,1.46084561513901e-15
"AL159163.1",3.88581014447458e-20,0.713693720334163,0.268,0.074,1.68263350876038e-15
"PLEKHA1",4.16972001691279e-20,0.647118431916089,0.346,0.114,1.80557216172358e-15
"RANBP9",4.26737132526563e-20,0.812233233846876,0.556,0.248,1.84785713126652e-15
"TCF25",4.85260199644526e-20,0.687915039790055,0.66,0.324,2.10127371650073e-15
"ABI1",4.85818078417939e-20,0.705488791698936,0.739,0.394,2.10368944316536e-15
"DYM",5.06235807135732e-20,0.87496438618581,0.647,0.336,2.19210229205915e-15
"SLC25A32",5.25226338245981e-20,0.733308776103608,0.261,0.072,2.27433508987275e-15
"TPRG1",5.37626276190522e-20,1.1673931335144,0.268,0.073,2.3280293011602e-15
"SETD5",5.66848675372097e-20,0.800145744965401,0.719,0.401,2.45456813409625e-15
"SCAF4",6.98962419233865e-20,0.567833809909907,0.373,0.127,3.02664706776648e-15
"PANK2",7.85523567977466e-20,0.586706242893843,0.399,0.14,3.40147415405602e-15
"RAB3GAP1",7.93268708957284e-20,0.859884450521096,0.608,0.291,3.43501216352683e-15
"CCDC93",7.96588352089044e-20,0.742789009156409,0.438,0.169,3.44938688221598e-15
"ZC3H12C",8.04026305613656e-20,0.984538415448942,0.497,0.211,3.48159470856825e-15
"MYCBP2",1.06758270839975e-19,0.660398183138792,0.817,0.458,4.62284664391259e-15
"GRID2",1.09069240365997e-19,0.793437779033858,0.366,0.119,4.7229162463284e-15
"RNF13",1.10382039294744e-19,0.762028918803679,0.634,0.307,4.77976306554101e-15
"CAPZB",1.15863466769361e-19,0.567983277303303,0.725,0.364,5.01711983804689e-15
"FAR2",1.2205853388614e-19,0.852738001964552,0.34,0.108,5.28537863433764e-15
"CELF2",1.24673326249895e-19,0.730387551630522,0.948,0.696,5.39860437327295e-15
"HNRNPC",1.24918422472408e-19,0.733018340771858,0.627,0.312,5.40921752990021e-15
"ATF2",1.30501741560622e-19,0.80348283740191,0.431,0.173,5.65098641305807e-15
"MAPKAP1",1.52959698954627e-19,0.767512484111832,0.536,0.243,6.62346088413324e-15
"HECA",1.56641544710168e-19,0.684028392631144,0.294,0.088,6.78289216903971e-15
"CAMKMT",1.68846292894944e-19,1.07883162761653,0.529,0.246,7.31138217493685e-15
"ARHGEF10L",1.95188864651317e-19,0.783952986975834,0.542,0.245,8.45206821713131e-15
"FAM102B",1.9668176217648e-19,0.633289023227065,0.34,0.108,8.51671366576596e-15
"RASSF4",2.04913936909995e-19,0.70171658849502,0.575,0.265,8.87318329607661e-15
"SEM1",2.3432337921637e-19,0.814462772608233,0.497,0.211,1.01466709668272e-14
"SNRK",2.41575858046366e-19,0.702609812304636,0.327,0.108,1.04607178051237e-14
"LEMD3",2.47798390423616e-19,0.762688638578468,0.359,0.127,1.07301659021234e-14
"SGMS1",2.54114949940212e-19,0.662763394109268,0.693,0.346,1.10036855623111e-14
"TRAPPC8",2.74322471309761e-19,0.626321363965013,0.451,0.175,1.18787116526553e-14
"ARHGAP10",3.0177048289648e-19,0.958607910244649,0.281,0.084,1.30672654503834e-14
"STK10",3.09056274609657e-19,0.630650226177771,0.359,0.118,1.33827548031474e-14
"ARHGAP35",3.76304226173771e-19,0.73792852142044,0.477,0.201,1.62947256017766e-14
"RIC1",3.79985743925939e-19,0.769714002980848,0.477,0.2,1.6454142683481e-14
"NUP210",3.8863356553529e-19,0.567494801879432,0.301,0.092,1.68286106548091e-14
"PDS5A",4.00453547128012e-19,0.590971282084172,0.654,0.325,1.73404394977372e-14
"ZNF618",7.39510546303586e-19,0.746488029478032,0.281,0.083,3.20222856760379e-14
"FAM208A",7.47274714145593e-19,0.643232926652027,0.392,0.145,3.23584896719325e-14
"SPI1",7.87143738439109e-19,0.436120923035017,0.301,0.091,3.40848981618903e-14
"C6orf106",8.36667445142728e-19,0.785367972912447,0.346,0.121,3.62293737095704e-14
"STRBP",8.39619740230813e-19,0.767432715852292,0.529,0.234,3.63572139914746e-14
"VPS13C",8.46906725106013e-19,0.587671533259654,0.752,0.409,3.66727550105406e-14
"RAP1A",9.20957363621099e-19,0.585932327026699,0.614,0.274,3.98792957595208e-14
"TRA2A",9.40850510170882e-19,0.594339614074179,0.673,0.348,4.07407087914195e-14
"TET2",9.7265173221849e-19,0.726312947307564,0.569,0.266,4.21177653085251e-14
"AFTPH",9.82542579629857e-19,0.588670652156104,0.477,0.193,4.25460587831321e-14
"CYP20A1",9.93987685384981e-19,0.637321192785221,0.333,0.111,4.30416547525405e-14
"TCP1",1.06085870927525e-18,0.447666797004154,0.373,0.126,4.59373038290367e-14
"GNB4",1.16598643897496e-18,0.560978193846963,0.49,0.194,5.04895447804938e-14
"SLC23A2",1.29520649364843e-18,0.793874637869326,0.49,0.211,5.60850315879644e-14
"TAOK3",1.30238011177901e-18,0.739628125648597,0.732,0.402,5.63956636002547e-14
"ZNF644",1.34899918702613e-18,0.635890911918841,0.614,0.292,5.84143627966054e-14
"PTPN12",1.45792622271265e-18,0.732633796076363,0.471,0.199,6.31311212959032e-14
"ZNF800",1.47678941993927e-18,0.671411567822238,0.373,0.135,6.39479354622103e-14
"RNF169",1.77106762646102e-18,0.740879636259016,0.451,0.188,7.66907703610151e-14
"MAP3K1",2.01661426731984e-18,0.733038428741846,0.353,0.122,8.73234310034836e-14
"UBE4A",2.4331141387434e-18,0.683401060232234,0.373,0.135,1.05358708435867e-13
"USP45",2.44068826244937e-18,0.7711371953555,0.32,0.108,1.05686683140583e-13
"FAF1",2.64047386532294e-18,0.762390715993676,0.699,0.39,1.14337799316214e-13
"ST8SIA4",2.7768909402101e-18,0.594967224382704,0.359,0.119,1.20244931492978e-13
"MIR181A1HG",2.96650907447732e-18,0.631781499149094,0.268,0.077,1.28455775943017e-13
"HIPK1",3.39154066828098e-18,0.553690543943422,0.346,0.12,1.46860494017903e-13
"RBM33",4.1874880609283e-18,0.756890731517786,0.569,0.274,1.81326608014317e-13
"TRIM14",4.3049025377775e-18,0.540198450296869,0.268,0.078,1.86410889690841e-13
"MERTK",4.48337741093485e-18,0.478066245611342,0.68,0.322,1.94139208648301e-13
"WDR26",5.20864976087323e-18,0.574556478328306,0.471,0.196,2.25544951945333e-13
"GNA13",6.1743687485877e-18,0.428152377530946,0.601,0.282,2.67362515551345e-13
"COPA",6.62218648801793e-18,0.770701369264047,0.536,0.249,2.86753919304152e-13
"LDLRAD4",6.8398068587685e-18,0.401096483510363,0.928,0.523,2.96177316598394e-13
"KCNQ1",7.05704356596698e-18,0.592325027594804,0.346,0.116,3.05584100493502e-13
"PHC3",7.59154496964323e-18,0.710995875510506,0.588,0.293,3.28729080275491e-13
"ARPC2",8.06038458031238e-18,0.419966757376646,0.464,0.187,3.49030773096687e-13
"CDC42SE1",8.41433718177247e-18,0.603477085457789,0.366,0.133,3.64357628645112e-13
"DUSP16",8.70946141979763e-18,0.735321466972216,0.386,0.148,3.77137098400077e-13
"ANKRD10",9.29036320474066e-18,0.727675962997293,0.595,0.301,4.0229130749168e-13
"DIP2A",1.29595312540887e-17,0.574081024167916,0.529,0.234,5.61173622364548e-13
"RRBP1",1.44223564309287e-17,0.655391629044129,0.386,0.146,6.24516878172076e-13
"PCM1",1.45917018963095e-17,0.574274078829945,0.784,0.446,6.31849875513996e-13
"ANOS1",1.50003359836744e-17,0.616953870521399,0.549,0.247,6.49544548765067e-13
"MOB1A",1.52023441210531e-17,0.544393101952457,0.34,0.117,6.58291905129841e-13
"RGS12",1.55143416879215e-17,0.632270616610112,0.575,0.278,6.71802023770376e-13
"FAM173B",1.59537985584858e-17,0.622738461880692,0.261,0.079,6.90831385179551e-13
"TIMP2",1.73425954670591e-17,0.449163465396735,0.458,0.182,7.50969068914595e-13
"ARRB2",1.75170046373407e-17,0.458772427979055,0.392,0.141,7.58521334806126e-13
"HPS3",1.82928452808466e-17,0.612034177835879,0.359,0.129,7.92116786351219e-13
"ETNK1",1.86977959594869e-17,0.817752984338426,0.484,0.218,8.09651960637702e-13
"USP3",1.88089114410112e-17,0.6947988981807,0.503,0.228,8.14463483218668e-13
"PHTF1",1.95198197494085e-17,0.608786939004023,0.301,0.098,8.45247234788885e-13
"DOCK5",1.98564120503848e-17,0.837808423896006,0.477,0.21,8.59822354605764e-13
"NHSL1",2.28360664146079e-17,1.07043632173745,0.66,0.381,9.88847347885352e-13
"DAB2IP",2.97511871363573e-17,0.711927727703861,0.275,0.086,1.28828590537854e-12
"FLOT2",3.05431846172683e-17,0.589879147869466,0.359,0.132,1.32258098029695e-12
"RAB2A",3.1114430923381e-17,0.730199601635346,0.575,0.289,1.34731708784425e-12
"LARP4B",3.12185957275255e-17,0.667162193708687,0.542,0.253,1.35182763219331e-12
"TTC7B",3.39250466851116e-17,0.622661630677127,0.49,0.219,1.4690223715587e-12
"FEM1C",3.55210387629793e-17,0.576586813694768,0.255,0.077,1.53813202051453e-12
"LINC01004",3.59232554428931e-17,0.801036615750787,0.405,0.166,1.55554880718816e-12
"KCNIP4",3.60184331524869e-17,0.64614686938687,0.314,0.107,1.55967019236899e-12
"DRAM2",4.1659950085513e-17,0.677166882712616,0.353,0.129,1.80395915860288e-12
"TET3",4.488878387241e-17,0.519629867221733,0.412,0.158,1.9437741192431e-12
"LYN",4.83226480672572e-17,0.377039990175712,0.556,0.232,2.09246730660837e-12
"PLXNC1",5.22809032930144e-17,0.682943456987708,0.288,0.091,2.26386767439411e-12
"SOCS6",5.39019309431889e-17,0.523036165555759,0.392,0.144,2.33406141370196e-12
"NCOA3",5.99138518809597e-17,0.6148064377418,0.51,0.223,2.59438961414932e-12
"COMMD10",6.18173560786429e-17,0.847636403863782,0.542,0.266,2.67681515291739e-12
"AC006978.2",6.20889769849111e-17,0.777468132199473,0.373,0.144,2.68857688140062e-12
"EXOC2",6.45936808645011e-17,0.777491449494018,0.425,0.182,2.79703556879463e-12
"TPST2",6.80667721935949e-17,0.614441716306761,0.255,0.077,2.94742736952704e-12
"PIK3CA",7.32686872398418e-17,0.9822577014044,0.438,0.194,3.17268069485963e-12
"SGPP1",7.42781464814209e-17,0.634153245116837,0.327,0.115,3.21639229893849e-12
"ROCK1",7.48872337310662e-17,0.616928182026786,0.614,0.314,3.24276699502263e-12
"HNRNPA2B1",7.54075150833882e-17,0.498228409394862,0.837,0.481,3.26529621814088e-12
"GNAS",8.33391711966042e-17,0.657677841929783,0.765,0.455,3.60875279115536e-12
"SDK1",8.65468105449015e-17,0.697891281700117,0.575,0.265,3.74764999021532e-12
"IQGAP2",8.66579355495844e-17,0.592540291363964,0.327,0.108,3.7524619251681e-12
"NECTIN3",8.96249241822313e-17,0.817074764496565,0.314,0.109,3.88093846693898e-12
"IMMP2L",9.42517880918984e-17,0.924977330617826,0.725,0.437,4.08129092795538e-12
"TENT4B",9.6630992415396e-17,0.740232413918953,0.386,0.151,4.18431523357148e-12
"DHX34",1.03900953172279e-16,0.491490086883973,0.268,0.082,4.49911907426604e-12
"STAG2",1.05981135413979e-16,0.746539096929087,0.497,0.231,4.58919512569612e-12
"AC016831.7",1.13436581369885e-16,0.514476719651297,0.928,0.55,4.91203084647875e-12
"FIG4",1.21562548599545e-16,0.623669856937018,0.307,0.105,5.26390147945749e-12
"TULP4",1.23600717661286e-16,0.794595395091483,0.471,0.212,5.35215827616901e-12
"TFEB",1.30569299925281e-16,0.562208847606603,0.301,0.1,5.65391182536451e-12
"TMEM181",1.67264536527431e-16,0.567440683626052,0.353,0.131,7.24288896071081e-12
"PPARD",1.78933989378944e-16,0.547760307957569,0.484,0.204,7.74819960808703e-12
"SOAT1",1.89298941601094e-16,0.53923098744822,0.405,0.157,8.19702276921057e-12
"ATP10D",1.92132223653859e-16,0.579949079903219,0.379,0.146,8.31970954865942e-12
"UBE2H",1.98364520901262e-16,0.578096272418284,0.608,0.306,8.58958048406644e-12
"PPP1R15A",1.98762221722358e-16,0.558125651737015,0.301,0.097,8.60680172502155e-12
"EIF4G3",1.9925073788449e-16,0.695215339635621,0.745,0.427,8.62795545187419e-12
"DUSP1",2.02833295945323e-16,0.35426837721126,0.373,0.133,8.78308738102437e-12
"ARMH4",2.11991371747296e-16,0.834071332152961,0.444,0.195,9.1796503794014e-12
"R3HCC1L",2.88484285525199e-16,0.640429684528164,0.373,0.146,1.24919465318122e-11
"PPA2",2.97197370943466e-16,0.886119406228731,0.458,0.216,1.2869240556594e-11
"BAZ2A",3.13609689865412e-16,0.664381027434187,0.379,0.15,1.35799267905521e-11
"DIRC3",3.19634695873403e-16,1.2906273110861,0.333,0.126,1.38408216007101e-11
"IDH1",3.63967100408607e-16,0.752250437348334,0.32,0.116,1.57605033818935e-11
"WDR37",4.33073883967829e-16,0.633462673387903,0.444,0.194,1.87529653235749e-11
"CMC1",4.73165716033829e-16,0.804131830271917,0.314,0.114,2.04890218356969e-11
"CDR2",4.88260889169303e-16,0.679328928908609,0.359,0.139,2.11426730228092e-11
"LRRK1",5.51242168771346e-16,0.432756192123998,0.412,0.154,2.38698883921368e-11
"ALG13",5.56622367151589e-16,0.624747720876334,0.373,0.146,2.41028617423981e-11
"CAMK2D",5.75106519872361e-16,0.706550090145484,0.719,0.398,2.4903262523513e-11
"FBXO38",5.94067784335436e-16,0.486872975990451,0.275,0.088,2.57243231972931e-11
"CYB5R4",6.21074729539715e-16,0.747957866567048,0.379,0.152,2.68937779385287e-11
"HSD17B11",6.4773851551447e-16,0.569563365791826,0.261,0.082,2.80483731988076e-11
"BTRC",6.62458999681274e-16,0.579694339813877,0.529,0.251,2.86857996041985e-11
"PI4KA",7.43485464990042e-16,0.692883645291167,0.523,0.259,3.21944076049988e-11
"PBX3",7.74741573758893e-16,0.744046489978792,0.373,0.144,3.35478596269076e-11
"RGL3",8.88741167549424e-16,0.600162258460921,0.346,0.131,3.84842700372252e-11
"GRK2",9.25554845376938e-16,0.51161729872161,0.307,0.107,4.00783759145121e-11
"PIAS1",9.52102193557259e-16,0.540711032637218,0.739,0.406,4.12279291854164e-11
"PDCD4",9.54470645151384e-16,0.568906455989076,0.353,0.133,4.13304878763452e-11
"DNM2",1.0513729114792e-15,0.448656458872801,0.477,0.205,4.55265498128725e-11
"KLHL28",1.08250442464641e-15,0.604654698780773,0.288,0.099,4.68746065960388e-11
"XRN2",1.08415211442291e-15,0.540176524015184,0.412,0.172,4.69459548587409e-11
"ZDHHC7",1.1151344289038e-15,0.5319407583331,0.268,0.086,4.82875510403922e-11
"EPC2",1.1731264930399e-15,0.757724533871524,0.444,0.2,5.07987234016137e-11
"PRKCB",1.29232266573652e-15,0.687102614455025,0.484,0.204,5.5960156071723e-11
"LRRK2",1.45676615989833e-15,0.462427077980304,0.386,0.147,6.30808882559175e-11
"GALK2",1.47995490609201e-15,0.693774958296588,0.359,0.142,6.40850073435964e-11
"RB1",2.17554317380244e-15,0.598193172623247,0.66,0.352,9.42053705119934e-11
"GBE1",2.18522032292288e-15,0.548154178048898,0.425,0.177,9.46244104232065e-11
"RAP1B",2.40592692719674e-15,0.538491749837309,0.523,0.248,1.04181447801473e-10
"GARNL3",2.48139490428078e-15,0.660489762193878,0.418,0.178,1.07449362145166e-10
"GIT2",2.66168225480238e-15,0.49586979779525,0.373,0.145,1.15256164997453e-10
"GSE1",2.68322351929418e-15,0.579861568414944,0.412,0.173,1.16188944832477e-10
"KIF16B",2.76610949197744e-15,0.821142621727802,0.471,0.221,1.19778073221607e-10
"LINC00623",2.83487565527955e-15,0.643728230843457,0.458,0.209,1.22755785624915e-10
"WWP1",2.93699957077685e-15,0.606748481803519,0.366,0.146,1.27177955413779e-10
"AC007388.1",2.98287042095374e-15,0.730526056037052,0.333,0.128,1.29164254968139e-10
"MAD1L1",3.16518366046756e-15,0.530299018560942,0.366,0.143,1.37058782865566e-10
"ARID4A",3.20142913307365e-15,0.429721874277256,0.497,0.222,1.38628284320355e-10
"PGK1",3.30938786058925e-15,0.391912104472394,0.471,0.203,1.43303113139236e-10
"CTSC",3.65745610978463e-15,0.293425270482969,0.353,0.125,1.58375164465894e-10
"PHIP",3.82024143910164e-15,0.540853444370357,0.725,0.416,1.65424094795979e-10
"ARHGAP5",4.22340943345912e-15,0.660745632450654,0.732,0.425,1.82882075287647e-10
"PTP4A2",4.26004251158046e-15,0.403418556748819,0.288,0.097,1.84468360836457e-10
"FP671120.1",4.50982734270718e-15,0.382906651792089,0.634,0.323,1.95284543593906e-10
"ZBTB44",4.80862927053353e-15,0.636921429779933,0.333,0.127,2.08223264672643e-10
"PKN2",4.99903082671245e-15,0.480143871207268,0.706,0.39,2.16468032858303e-10
"BCAS3",5.33444128426599e-15,0.766628953602439,0.667,0.385,2.30991976491286e-10
"ATRX",5.81027368109089e-15,0.469267542608648,0.765,0.444,2.51596470938598e-10
"MSRA",5.97544036206859e-15,0.817964674478322,0.529,0.276,2.58748518558294e-10
"UTRN",6.32016637242815e-15,0.529344903536094,0.706,0.394,2.73675844258884e-10
"AP2A2",6.3848208499296e-15,0.519360033569555,0.431,0.187,2.76475512443651e-10
"SLC10A7",6.99514299267344e-15,0.702586718055771,0.359,0.146,3.02903681868745e-10
"PRAM1",7.18826780270033e-15,0.357072985142249,0.261,0.082,3.1126637239253e-10
"BACH1",7.32114833499985e-15,0.523471279958375,0.503,0.224,3.17020365202164e-10
"OSTF1",7.77599618167956e-15,0.560491369209101,0.288,0.099,3.36716186659088e-10
"PEX5L",7.83789566168187e-15,0.561171696088852,0.294,0.103,3.39396557942149e-10
"PHF20",7.97505388438829e-15,0.631313820237663,0.484,0.224,3.45335783301782e-10
"ELP2",7.98861523072957e-15,0.457949630147314,0.379,0.154,3.45923016721052e-10
"RAB1A",8.36461047733184e-15,0.344085237323986,0.621,0.302,3.62204362889423e-10
"TRPC4AP",8.59356435045406e-15,0.624319809313468,0.523,0.256,3.72118523503362e-10
"SEL1L",8.65414035828533e-15,0.50962791950131,0.386,0.158,3.74741585794472e-10
"VOPP1",8.86044548122774e-15,0.480360557952101,0.529,0.251,3.83675010228123e-10
"SYT17",8.95315465219402e-15,0.549528012449355,0.614,0.308,3.87689502749305e-10
"ANP32A",1.00211145604585e-14,0.505005407186099,0.444,0.199,4.33934302696972e-10
"EHMT1",1.0332743075829e-14,0.705343674624475,0.595,0.331,4.47428440669548e-10
"BAZ2B",1.17701595345284e-14,0.546302286452514,0.876,0.57,5.0967144816415e-10
"SPIDR",1.24258638986149e-14,0.548718827867784,0.693,0.383,5.38064758537822e-10
"ATF7IP2",1.27343403393599e-14,0.689092151957036,0.359,0.145,5.51422405374963e-10
"EVI5",1.2738146859154e-14,0.686460824284822,0.569,0.302,5.51587235295086e-10
"MGAT1",1.35589306514878e-14,0.408574966659722,0.359,0.135,5.87128815070726e-10
"IFI16",1.5252662573706e-14,0.283682023692544,0.575,0.26,6.60470794766616e-10
"SS18",1.69796733191993e-14,0.579740271153269,0.353,0.144,7.35253814067968e-10
"USP34",1.78515695125668e-14,0.506316454796646,0.778,0.456,7.73008663033169e-10
"UGCG",1.8383779386518e-14,0.388470518619693,0.503,0.227,7.96054414995004e-10
"KLHL24",1.87817593308692e-14,0.533985826078152,0.516,0.254,8.132877425453e-10
"PRMT2",1.88650991725885e-14,0.522806080792231,0.601,0.316,8.16896524371428e-10
"MMP24OS",1.97068182702572e-14,0.616840490738471,0.314,0.118,8.53344644738677e-10
"DOPEY1",2.05477514246451e-14,0.648071636419629,0.386,0.166,8.89758732189981e-10
"BCO2",2.13180607756282e-14,0.555891935321499,0.268,0.09,9.23114667706254e-10
"ATP6V0A1",2.28705335727565e-14,0.545201607404938,0.523,0.262,9.90339844767503e-10
"TRAPPC9",2.33358507269408e-14,0.687816983610995,0.595,0.315,1.01048900817799e-09
"SLC7A5",2.36886940737636e-14,0.545281158585976,0.418,0.178,1.02576783078211e-09
"DCAF6",2.46581842612002e-14,0.71896146654245,0.523,0.265,1.06774869487849e-09
"MARK3",2.48176059101136e-14,0.540499034537413,0.732,0.455,1.07465197111974e-09
"SPG11",2.52568415758425e-14,0.44834536152182,0.497,0.232,1.09367175391713e-09
"RNGTT",2.53081334239646e-14,0.690248283658956,0.431,0.198,1.09589279352451e-09
"RABEP1",2.61362101206559e-14,0.656131858995012,0.477,0.234,1.13175017064464e-09
"MTRNR2L12",3.10636850571288e-14,0.436131333373388,0.314,0.112,1.34511969034379e-09
"ATE1",3.22000677074395e-14,0.678914868150975,0.444,0.21,1.39432733186754e-09
"DNMT3A",3.3237778746459e-14,0.548325672996734,0.431,0.194,1.43926229527917e-09
"PDE7A",3.3576590432571e-14,0.61992300059069,0.412,0.177,1.45393351891119e-09
"PRRC2C",3.51786984435728e-14,0.51774455675564,0.647,0.368,1.52330800000359e-09
"CARD8",3.71728061923424e-14,0.455924179202878,0.346,0.134,1.60965685374081e-09
"DHRSX",4.16054217370403e-14,0.679844790838142,0.484,0.235,1.80159797205732e-09
"STT3B",4.17292174352623e-14,0.601774697709199,0.373,0.156,1.80695857338173e-09
"NFAT5",4.39392645925981e-14,0.727139977031793,0.752,0.472,1.90265803538868e-09
"FUBP1",4.41740437423478e-14,0.534983878813166,0.431,0.194,1.91282444213115e-09
"CBFB",4.69114740691431e-14,0.662456625259056,0.451,0.215,2.03136065014203e-09
"ADIPOR2",4.79155980191286e-14,0.667605363074681,0.353,0.143,2.0748412254243e-09
"TMEM51",4.97369923202991e-14,0.407650449144882,0.307,0.11,2.15371124145359e-09
"PARG",5.61483552174374e-14,0.813642953896559,0.379,0.169,2.43133607762547e-09
"MSR1",5.73876770851962e-14,0.286057120734222,0.366,0.136,2.48500119314317e-09
"SH3RF3",5.76434330374476e-14,0.399455583102603,0.608,0.305,2.49607593738756e-09
"CLK1",5.94098530554857e-14,0.297676398902412,0.595,0.3,2.57256545700864e-09
"CCT6A",6.33664162317909e-14,0.501753686545203,0.268,0.093,2.74389255566901e-09
"MKL1",6.38397198625021e-14,0.635880205663173,0.542,0.282,2.76438754948607e-09
"RAP1GDS1",6.86244285503431e-14,0.63545849127359,0.503,0.251,2.97157500508696e-09
"AHCTF1",7.02510533622309e-14,0.615475904951708,0.418,0.192,3.04201111269132e-09
"STX18",7.91259914577582e-14,0.729920589784981,0.379,0.168,3.42631368210384e-09
"RASSF2",8.45970914225573e-14,0.29241489871026,0.275,0.091,3.66322325277958e-09
"ST7",8.87157799308798e-14,0.876762110917724,0.477,0.244,3.84157070256696e-09
"CNOT1",9.02343379192207e-14,0.455598009267551,0.373,0.155,3.90732730057809e-09
"KIF13B",9.12203814409121e-14,0.574602634656025,0.366,0.155,3.95002495715438e-09
"TAX1BP1",9.6381510328363e-14,0.550264782670863,0.49,0.24,4.17351216023877e-09
"ZCCHC2",9.93323775735269e-14,0.510055362378823,0.386,0.162,4.30129061368886e-09
"SGK3",1.02142868449414e-13,0.533124614262324,0.608,0.327,4.42299048959653e-09
"ZC3H13",1.14537614968473e-13,0.410354996090523,0.412,0.179,4.95970780336482e-09
"A2M",1.22652436913152e-13,0.263268473247584,0.386,0.151,5.31109582321329e-09
"PDGFC",1.23150560024117e-13,0.73995253864154,0.366,0.159,5.3326655501643e-09
"NCEH1",1.24896872911316e-13,0.570369766231231,0.268,0.094,5.40828439080582e-09
"ATF6",1.26960798201571e-13,0.499342251325864,0.562,0.289,5.49765648372443e-09
"SH2B3",1.27531546010846e-13,0.505014728898508,0.268,0.092,5.52237100536165e-09
"SLC25A13",1.31690092597833e-13,0.620121840929284,0.471,0.227,5.70244438967135e-09
"FAM13A",1.31820281212278e-13,0.441331438863308,0.601,0.33,5.70808181705407e-09
"PARP4",1.52108272604393e-13,0.526192533888779,0.412,0.179,6.58659242031545e-09
"HDAC8",1.55231823034528e-13,0.74584814065796,0.556,0.303,6.72184840104114e-09
"BBS9",1.80493196014357e-13,0.655112830243397,0.497,0.248,7.81571637381367e-09
"LYRM4",1.98362114378551e-13,0.604403780366996,0.294,0.11,8.58947627682003e-09
"WDR33",2.04135428686014e-13,0.593807257047242,0.412,0.192,8.83947233296177e-09
"MICU3",2.0615109474705e-13,0.699044373867436,0.359,0.153,8.92675470473676e-09
"IL10RA",2.18597369871496e-13,0.37183887121154,0.275,0.093,9.46570331017551e-09
"CALCOCO2",2.19541761314361e-13,0.593401637728352,0.34,0.14,9.50659734843444e-09
"SHOC2",2.49648900082758e-13,0.67819236482027,0.386,0.172,1.08102966713836e-08
"PTPRG",2.51610344476004e-13,0.929830601449548,0.575,0.333,1.08952311364999e-08
"SFPQ",2.55862721661942e-13,0.397861130558169,0.621,0.342,1.10793675734054e-08
"MTMR14",2.56836347797467e-13,0.523993474605831,0.281,0.104,1.11215275323259e-08
"CBL",2.65813407292502e-13,0.596959680105796,0.366,0.156,1.15102521625799e-08
"KYNU",2.70483292239103e-13,0.355561076876152,0.275,0.094,1.17124675205377e-08
"VAC14",2.92902745999666e-13,0.501166667972261,0.275,0.1,1.26832747072775e-08
"EP300",3.05999277891475e-13,0.493129310656665,0.471,0.228,1.32503807312567e-08
"IL17RA",3.08509570726666e-13,0.309931583379065,0.386,0.153,1.33590814316061e-08
"BOD1L1",3.08934759561173e-13,0.366814945759009,0.601,0.318,1.33774929585179e-08
"PTPRE",3.39136703194787e-13,0.273175203554777,0.595,0.286,1.46852975217406e-08
"DTNB",3.48394816331517e-13,0.723612725024192,0.484,0.242,1.50861923367873e-08
"CYLD",3.53687687772113e-13,0.547607453862456,0.379,0.166,1.5315384255908e-08
"FARS2",3.62426687147049e-13,0.745742776802074,0.503,0.264,1.56938004068415e-08
"GTF2F2",3.65982172701693e-13,0.667803022676034,0.327,0.134,1.58477600423287e-08
"AC105402.3",3.6950083807119e-13,0.704853074904092,0.438,0.185,1.60001252901587e-08
"LARP4",3.72417848405752e-13,0.489920983138475,0.399,0.177,1.61264376716659e-08
"KIAA1551",3.75398769894985e-13,0.382168804923778,0.327,0.127,1.62555175339926e-08
"CDYL",3.84847400127166e-13,0.735600831691529,0.412,0.193,1.66646621203065e-08
"CDK13",3.97833898433772e-13,0.597046420277163,0.627,0.367,1.72270034699792e-08
"UBE2E1",3.98283153421988e-13,0.708036957094565,0.51,0.267,1.72464571094789e-08
"STAMBPL1",4.1525826681877e-13,0.631510389484834,0.327,0.13,1.79815134697864e-08
"ARHGEF6",4.78295880203293e-13,0.704609401339564,0.405,0.187,2.0711168204563e-08
"BCL2",4.97004133638002e-13,0.760305460944825,0.686,0.426,2.15212729947928e-08
"STAM2",5.37480183880355e-13,0.541310811778017,0.314,0.127,2.32739669223871e-08
"NOTCH1",5.56208313182628e-13,0.492484237892709,0.327,0.133,2.40849323774342e-08
"GTF2H2C",5.57938324748282e-13,0.5141036260373,0.281,0.107,2.41598453382501e-08
"MCM3AP",5.94254052731915e-13,0.621991575926387,0.301,0.12,2.57323889913974e-08
"WDFY1",6.64248078574083e-13,0.620445850085202,0.307,0.123,2.87632702984149e-08
"HM13",7.17699076486494e-13,0.562633678583803,0.366,0.16,3.10778054100182e-08
"SORT1",7.24542232458456e-13,0.471192150994827,0.582,0.305,3.13741277499161e-08
"RASSF3",7.29504775818558e-13,0.330976768055029,0.301,0.11,3.15890158024952e-08
"NCK1",7.3257345661025e-13,0.509305665322421,0.314,0.124,3.1721895818137e-08
"NRF1",7.38513448736999e-13,0.441453223673117,0.536,0.273,3.19791093572095e-08
"TPP2",7.48565968430724e-13,0.601251682932719,0.359,0.158,3.24144035649872e-08
"TMLHE",8.63872176085922e-13,0.65065248964899,0.281,0.108,3.74073929688726e-08
"PCF11",8.763710880733e-13,0.4143636581164,0.399,0.179,3.794862085575e-08
"DNAJC13",9.30548385577678e-13,0.611894611221417,0.399,0.183,4.02946061922846e-08
"N4BP1",9.57390144818284e-13,0.672352091450725,0.353,0.154,4.14569080509213e-08
"CHD7",9.60858223588905e-13,0.551478045333091,0.529,0.278,4.16070827978468e-08
"GRAMD1B",9.68647496320058e-13,0.53494010428931,0.451,0.215,4.19443738856512e-08
"AC118549.1",1.03308305232077e-12,0.704953623213332,0.399,0.187,4.47345623315938e-08
"FAR1",1.06467386566922e-12,0.410674640239142,0.484,0.236,4.61025077312085e-08
"MTMR10",1.1072306504979e-12,0.530642969763762,0.366,0.16,4.79453016278599e-08
"CDK17",1.15042905721931e-12,0.640838926908701,0.405,0.192,4.98158790357104e-08
"TNS3",1.25965496218954e-12,0.567993262216798,0.549,0.284,5.45455791727316e-08
"PRKCH",1.30704205794167e-12,0.300781754618274,0.353,0.139,5.65975351929901e-08
"SWAP70",1.3324421340909e-12,0.520825591723603,0.412,0.185,5.76974092904043e-08
"IWS1",1.37367868206918e-12,0.581195353993,0.425,0.204,5.94830342909598e-08
"PPHLN1",1.40330174196956e-12,0.59355214054934,0.431,0.208,6.07657720307661e-08
"E2F3",1.41137881304005e-12,0.560552823765795,0.346,0.146,6.11155253622603e-08
"SMARCC1",1.53635803446152e-12,0.447691111211394,0.431,0.204,6.65273756082527e-08
"MAP4K3",1.59427001259812e-12,0.542041903154975,0.608,0.356,6.9035080085524e-08
"IKBKB",1.59679066784637e-12,0.548105748979629,0.366,0.161,6.91442294990837e-08
"FTO",1.65328292286784e-12,0.578699383496374,0.66,0.391,7.15904571260232e-08
"FMNL1",1.65369789499936e-12,0.476702810445355,0.275,0.099,7.16084262492623e-08
"SETX",1.88495067285283e-12,0.389715094125327,0.588,0.311,8.16221340358732e-08
"LRBA",1.96355760923342e-12,0.646659156833713,0.588,0.334,8.50259715950254e-08
"MAPK14",2.08242559001241e-12,0.641658324258539,0.379,0.174,9.01731928987172e-08
"JAK2",2.09540092826828e-12,0.503249983889109,0.431,0.2,9.07350509958729e-08
"IGF2R",2.17724474623327e-12,0.586658904646994,0.438,0.214,9.42790520013932e-08
"SAMD4A",2.17788807002305e-12,0.548204313766091,0.634,0.368,9.43069092081381e-08
"ADPGK",2.21381421256258e-12,0.391468152787446,0.346,0.144,9.58625830323848e-08
"ABAT",2.21718330555155e-12,0.689626066752434,0.32,0.135,9.60084714969932e-08
"SQSTM1",2.23909066462283e-12,0.392754210182128,0.484,0.237,9.69571039594979e-08
"PEAK1",2.26501884278907e-12,0.689331925767938,0.608,0.347,9.80798459304522e-08
"HCK",2.26747381435369e-12,0.41431580355159,0.333,0.13,9.81861511091437e-08
"STK17A",2.42889560944399e-12,0.606590272301084,0.261,0.097,1.05176037680144e-07
"HSD17B4",2.48363034569338e-12,0.769280532110089,0.379,0.178,1.07546161229215e-07
"APAF1",2.52431438338376e-12,0.394807290500697,0.275,0.1,1.09307861429283e-07
"ACIN1",2.60673936974644e-12,0.359205562031705,0.451,0.217,1.1287702818876e-07
"MAN1A1",2.70556003279154e-12,0.593217976647061,0.425,0.197,1.17156160539939e-07
"EP400",2.77245744746387e-12,0.514688944623274,0.425,0.202,1.2005295239008e-07
"TOGARAM1",2.85514666023595e-12,0.754069812407892,0.353,0.157,1.23633560681537e-07
"RRAGB",2.96938379274866e-12,0.546018804828853,0.281,0.11,1.28580256993602e-07
"FAM120A",3.0511651630203e-12,0.534009866250184,0.503,0.269,1.32121553889105e-07
"BRWD1",3.05490079189072e-12,0.441750731398538,0.641,0.367,1.32283314090452e-07
"XYLT1",3.29361406288896e-12,0.594126970578779,0.359,0.155,1.42620076151218e-07
"LRIG1",3.352721257097e-12,0.537066001397123,0.667,0.379,1.45179535874814e-07
"STAT6",3.59460153108923e-12,0.533127583957428,0.281,0.106,1.55653435499226e-07
"KANSL1",3.70891916756844e-12,0.45291057594841,0.752,0.45,1.60603617794049e-07
"ECPAS",3.71557448688605e-12,0.580822125702201,0.438,0.22,1.6089180643114e-07
"RTN4",3.75059642952676e-12,0.454483075635452,0.804,0.516,1.62408326591368e-07
"XKR6",3.77002709532723e-12,0.837565273855656,0.379,0.176,1.6324971328186e-07
"MAGI3",3.92834890502525e-12,0.868483584020855,0.458,0.243,1.70105364285403e-07
"PAK2",4.05986888997105e-12,0.477375299412909,0.431,0.211,1.75800442673526e-07
"GOLGA3",4.23585814403263e-12,0.442230505013145,0.275,0.105,1.83421129352901e-07
"NOD1",4.33920756629721e-12,0.431454435779334,0.275,0.103,1.87896366035802e-07
"DHFR",4.61577612524137e-12,0.593270141194028,0.418,0.19,1.99872337775202e-07
"G3BP1",5.32270924332112e-12,0.615499405589789,0.359,0.164,2.30483955654291e-07
"MLXIP",5.56292832212495e-12,0.386968167384022,0.373,0.161,2.40885922204655e-07
"RPS6KC1",5.69085155843901e-12,0.661115270459403,0.464,0.239,2.46425254183526e-07
"RERE",5.74561342534801e-12,0.521119850506701,0.784,0.513,2.48796552544419e-07
"BRD4",5.83972292336441e-12,0.461174726498504,0.464,0.232,2.52871682027526e-07
"ABCC5",6.81002486395211e-12,0.647116800988742,0.32,0.138,2.94887696658854e-07
"FCHO2",6.99139770462967e-12,0.55568953523926,0.373,0.172,3.02741503405874e-07
"DCAF5",7.04831936448696e-12,0.599960329821714,0.49,0.269,3.05206325121014e-07
"KCMF1",7.32983006513977e-12,0.456764783000827,0.34,0.146,3.17396301480682e-07
"ZFC3H1",7.38814042734564e-12,0.383001619417091,0.444,0.211,3.19921256784921e-07
"SIRPA",7.49034342167797e-12,0.459439637084616,0.523,0.273,3.24346850845499e-07
"HP1BP3",7.83759421690663e-12,0.251618989549474,0.627,0.34,3.39383504780491e-07
"ZRANB1",9.23877233731408e-12,0.464401695875912,0.34,0.147,4.00057319750374e-07
"DIDO1",9.48367902167924e-12,0.504881137648894,0.353,0.157,4.10662268996754e-07
"KAT6A",9.56058259839023e-12,0.474521190130076,0.562,0.31,4.13992347675494e-07
"POLK",9.75130261296807e-12,0.496896185351436,0.471,0.241,4.22250905746743e-07
"TTC3",1.08476246029263e-11,0.430134692110284,0.667,0.393,4.69723840555915e-07
"ARHGEF11",1.14748564731552e-11,0.593488025923133,0.405,0.198,4.96884235000565e-07
"PREP",1.25202044923064e-11,0.602455946249444,0.255,0.097,5.42149894925851e-07
"AGPS",1.3851644525457e-11,0.522249667051793,0.294,0.12,5.99803911241337e-07
"VDAC1",1.40423816938057e-11,0.281429800304145,0.301,0.119,6.08063212105174e-07
"ARMH3",1.5932995545191e-11,0.495053468352886,0.458,0.228,6.89930573097861e-07
"B3GLCT",1.66681114588886e-11,0.56389768774157,0.307,0.127,7.21762562392796e-07
"DNAJC7",1.67451636576318e-11,0.462911338757351,0.386,0.179,7.25099076702771e-07
"CCDC30",1.70531891334421e-11,0.497107025093399,0.386,0.176,7.38437195856309e-07
"GALNT10",1.72159590052286e-11,0.443142640160291,0.444,0.214,7.45485456844409e-07
"USP22",1.76851357346148e-11,0.414361320612207,0.425,0.204,7.6580174758029e-07
"ATXN7L1",1.82119091646177e-11,0.55996837513751,0.451,0.228,7.88612090646278e-07
"NUMB",2.06614882953311e-11,0.307626328386969,0.693,0.397,8.94683766164429e-07
"RARS2",2.13398544588668e-11,0.451643270736687,0.294,0.12,9.24058377777849e-07
"RC3H1",2.1485060487507e-11,0.379911368409515,0.451,0.226,9.30346089230026e-07
"PPP4R3A",2.21869389906963e-11,0.420310584692326,0.373,0.169,9.60738832175132e-07
"MBD5",2.23873142624588e-11,0.57368760809212,0.745,0.468,9.69415482192993e-07
"GNB1",2.29125240266607e-11,0.533377242372381,0.549,0.302,9.92158115402462e-07
"MTREX",2.30238855619531e-11,0.478926631895473,0.353,0.161,9.96980292603693e-07
"CNDP2",2.30500241734912e-11,0.38807033272953,0.294,0.118,9.98112146760517e-07
"TRRAP",2.42722473729702e-11,0.539181126308435,0.386,0.187,1.05103685574436e-06
"MT-ATP6",2.49176473850714e-11,0.445599519987175,0.882,0.562,1.07898396706836e-06
"PRR14L",2.67974079650849e-11,0.36455548323085,0.333,0.144,1.16038135970411e-06
"ANKIB1",2.71220632443057e-11,0.524557623611484,0.51,0.27,1.17443958260492e-06
"PPME1",2.77701830258543e-11,0.724783603438192,0.32,0.141,1.20250446538554e-06
"CHCHD3",3.01877670466592e-11,0.505152228901949,0.516,0.283,1.30719068865444e-06
"PSPC1",3.25775094493087e-11,0.575470401210068,0.425,0.213,1.41067131417397e-06
"ARHGAP26",3.40390781934951e-11,0.38265578109195,0.882,0.582,1.47396016393472e-06
"GTDC1",3.46763162564763e-11,0.710457785282391,0.438,0.22,1.50155384653794e-06
"ALPK1",3.90991185933759e-11,0.504286379017779,0.431,0.21,1.69307003333036e-06
"CD58",4.00110652613702e-11,0.524045012403917,0.261,0.102,1.73255914794785e-06
"CHIC2",4.43158251699442e-11,0.616231331230186,0.32,0.144,1.91896386150893e-06
"GPBP1L1",4.51048117729755e-11,0.629923012381501,0.431,0.226,1.95312855939338e-06
"SCAF8",4.62142169185954e-11,0.424510148438666,0.49,0.256,2.00116802100902e-06
"FOXK1",4.8544785663458e-11,0.508301939608725,0.359,0.166,2.10208630879906e-06
"SYNRG",5.05926339497408e-11,0.486484256678096,0.392,0.19,2.19076223529168e-06
"EEPD1",5.54942262306077e-11,0.713336378523788,0.275,0.113,2.40301098423777e-06
"UBN2",5.66652743462805e-11,0.410423660176411,0.399,0.194,2.45371970974264e-06
"VASH1",5.8564008906794e-11,0.399122036508195,0.255,0.096,2.53593871368199e-06
"CPEB3",5.97932948985207e-11,0.627805808164544,0.529,0.309,2.58916925569574e-06
"KPNA4",6.81763890335266e-11,0.500672245693461,0.34,0.156,2.95217399792977e-06
"ST6GALNAC3",6.89951142777132e-11,0.441265846000597,0.549,0.301,2.98762643845354e-06
"KIAA0232",7.47115766242446e-11,0.624949517243899,0.471,0.256,3.23516069098304e-06
"TAF3",7.56215738612071e-11,0.469648019990027,0.366,0.168,3.27456539133799e-06
"SENP6",8.22187905794317e-11,0.4206868388528,0.614,0.361,3.56023806967055e-06
"JMJD1C",8.46311482213616e-11,0.361626600050902,0.791,0.496,3.6646979802814e-06
"PPP3CA",9.30223221306907e-11,0.509225119953731,0.712,0.466,4.02805259290317e-06
"RSRC2",1.04048044130717e-10,0.273625895460742,0.392,0.184,4.50548840694829e-06
"ZMYM4",1.06482080491954e-10,0.515702288730542,0.51,0.281,4.6108870494626e-06
"XPO6",1.07024116202095e-10,0.402609069021779,0.359,0.165,4.63435827978311e-06
"BABAM2",1.1967707896127e-10,0.536389216203059,0.575,0.334,5.18225687318093e-06
"GANC",1.20150732592564e-10,0.42390622422482,0.333,0.151,5.20276702272321e-06
"LCP2",1.21538056957383e-10,0.338897527064165,0.275,0.106,5.26284094236858e-06
"ATP13A3",1.24195966045564e-10,0.431001901974521,0.438,0.228,5.37793372170503e-06
"TRAPPC12",1.2571970693783e-10,0.537857418665917,0.405,0.201,5.44391474982193e-06
"PPP1CB",1.31553433270316e-10,0.401806523581564,0.392,0.189,5.69652676747123e-06
"TBC1D4",1.36822433648894e-10,0.458490751885648,0.301,0.124,5.9246850218644e-06
"MXD4",1.51062321923784e-10,0.342356689292176,0.373,0.175,6.5413006639437e-06
"UHRF2",1.55753359808659e-10,0.428268452522608,0.294,0.123,6.74443198643454e-06
"NBEA",1.63842496324929e-10,0.453531917086361,0.516,0.28,7.09470777586208e-06
"EIF3H",1.77462390281086e-10,0.410382795032338,0.359,0.169,7.68447642395157e-06
"RBMS1",1.79460695236124e-10,0.289082011135317,0.353,0.154,7.77100702511466e-06
"DNAJC5",1.80753120046105e-10,0.318138834862772,0.392,0.183,7.82697160423642e-06
"ARSB",1.85654799776832e-10,0.589485136239218,0.301,0.131,8.03922413993638e-06
"RICTOR",1.86148974841294e-10,0.625415377693744,0.51,0.291,8.06062290857771e-06
"GAS7",1.89535608199233e-10,0.41226959246219,0.32,0.138,8.20727090624318e-06
"SMG1",2.02435630421212e-10,0.389407762275336,0.529,0.299,8.76586766849931e-06
"FBXO34",2.1070432429015e-10,0.563134738498329,0.281,0.119,9.12391865041208e-06
"MAP3K3",2.11114853512853e-10,0.492494999279619,0.34,0.154,9.14169538681358e-06
"GAK",2.14225795783293e-10,0.339151057422073,0.386,0.184,9.27640540900816e-06
"ATP6V1A",2.1674168266619e-10,0.413948469066962,0.301,0.13,9.38534834281137e-06
"ATAD2B",2.20809311700592e-10,0.494434910621622,0.477,0.256,9.56148481525904e-06
"ILKAP",2.22970771948918e-10,0.504313203650956,0.333,0.155,9.65508036693206e-06
"NBPF1",2.60812393161109e-10,0.493081647885125,0.314,0.14,1.12936982486623e-05
"CNTRL",2.85841270560505e-10,0.416796884690223,0.412,0.202,1.2377498697811e-05
"DLG1",2.86635480998121e-10,0.437256742913744,0.542,0.313,1.24118895981806e-05
"FBXL20",3.13887445255186e-10,0.707214228542709,0.425,0.226,1.35919541544401e-05
"ZDHHC2",3.1430210094912e-10,0.584261869325247,0.314,0.143,1.36099095752988e-05
"SMCHD1",3.20310570119336e-10,0.364732498137269,0.516,0.285,1.38700883073075e-05
"CDC14A",3.21580965959942e-10,0.583039526668188,0.484,0.267,1.39250989879974e-05
"TAB2",3.28717004121682e-10,0.424926338925955,0.66,0.394,1.42341037124771e-05
"THUMPD3-AS1",3.34321247885973e-10,0.485620817183889,0.399,0.201,1.44767786759584e-05
"ME2",3.79485612767263e-10,0.437003187247277,0.392,0.191,1.6432486004048e-05
"TCF20",3.84882391811644e-10,0.479831644988402,0.314,0.139,1.66661773302278e-05
"TGFB1",4.12922321055729e-10,0.469567234537112,0.275,0.114,1.78803623463552e-05
"SEC23IP",4.19195453469771e-10,0.448757178040036,0.255,0.103,1.8152001526148e-05
"CREB1",4.19660663057895e-10,0.491063992626185,0.373,0.182,1.8172146031733e-05
"TLK1",4.21025788278656e-10,0.474051166995487,0.497,0.278,1.82312586840424e-05
"PDSS2",4.25066142690982e-10,0.531751454494609,0.405,0.207,1.84062141108049e-05
"SPIN1",4.52028464401727e-10,0.492431379278159,0.51,0.294,1.95737365655236e-05
"DICER1",4.68241721200252e-10,0.402436746443395,0.536,0.303,2.02758030114133e-05
"PHF21A",4.6828959538393e-10,0.522995734210633,0.627,0.384,2.0277876059315e-05
"CRK",4.91663792434984e-10,0.470723191856324,0.275,0.117,2.12900255400197e-05
"GLB1",4.95970088833297e-10,0.567456859946801,0.327,0.153,2.14764967866594e-05
"SNX27",5.30271902438938e-10,0.32182594738725,0.327,0.145,2.29618339194109e-05
"DCAF7",5.30901500956964e-10,0.479694678288732,0.301,0.133,2.29890967944384e-05
"RYK",5.337599296723e-10,0.466564596751486,0.366,0.18,2.31128724746699e-05
"YTHDC1",5.42686204417258e-10,0.344138466286685,0.412,0.208,2.34993980236761e-05
"RABGAP1L",5.46678647256748e-10,0.379282400617752,0.608,0.361,2.36722787835117e-05
"KDM2A",5.72719951606047e-10,0.346783706754962,0.582,0.336,2.4799919344445e-05
"KIAA1468",6.04882050651289e-10,0.534131562678664,0.392,0.202,2.61926025573021e-05
"RNF145",6.47600352611959e-10,0.415662440223942,0.379,0.184,2.80423904688031e-05
"ARL5A",6.6589408339152e-10,0.504621340627576,0.359,0.171,2.88345455990196e-05
"HDAC4",6.84908065439057e-10,0.519641658525054,0.549,0.32,2.9657889049642e-05
"RNF220",6.94122492582632e-10,0.282327326668751,0.314,0.136,3.00568921738131e-05
"ATP11C",7.58538197668956e-10,0.558793077163667,0.294,0.13,3.28462210354611e-05
"QSER1",7.76124634966759e-10,0.438984012773562,0.32,0.149,3.36077489433306e-05
"PIKFYVE",7.82016300860585e-10,0.395332304076106,0.392,0.197,3.38628698598651e-05
"EYA3",8.85481689379083e-10,0.416140605716804,0.34,0.159,3.83431281134931e-05
"DNAJB14",1.02428973927628e-09,0.35124445158874,0.373,0.183,4.43537942901413e-05
"MAP4K4",1.05791141091174e-09,0.402592947319055,0.837,0.548,4.58096799153001e-05
"KDM6A",1.06668758844491e-09,0.474378421644428,0.523,0.306,4.61897059548416e-05
"TRAPPC10",1.10064263172705e-09,0.421197725798655,0.327,0.149,4.76600272390449e-05
"PHKB",1.14173188848791e-09,0.462054616659805,0.438,0.241,4.94392742353037e-05
"ECHDC1",1.22256830357093e-09,0.584127953987263,0.281,0.125,5.29396526812284e-05
"SRFBP1",1.2975845221081e-09,0.475932035095928,0.261,0.111,5.61880049763251e-05
"FAM120B",1.32181227939076e-09,0.549760564051495,0.471,0.267,5.72371153221787e-05
"PKP4",1.34588545936353e-09,0.531077859928682,0.268,0.113,5.82795321613597e-05
"WTAP",1.40576292218169e-09,0.390919962165066,0.32,0.149,6.08723460563116e-05
"MAN2A1",1.46052856762836e-09,0.266068223139379,0.556,0.312,6.32438080354431e-05
"VPS39",1.50220201577224e-09,0.371074348576947,0.255,0.107,6.50483516869695e-05
"LRPPRC",1.56852521417326e-09,0.49185544763095,0.333,0.163,6.79202788241305e-05
"AAK1",1.58256813598497e-09,0.434200091471496,0.562,0.339,6.85283654244212e-05
"MCMBP",1.63383885245263e-09,0.369122650259037,0.255,0.105,7.07484899889038e-05
"CDS2",1.70791355763694e-09,0.548365537590277,0.34,0.17,7.39560728727948e-05
"KDM2B",1.78066624657064e-09,0.31384450200533,0.301,0.133,7.71064098090019e-05
"DCUN1D1",1.92800042856586e-09,0.413467933961253,0.34,0.164,8.34862745577591e-05
"TIAM2",1.94915242970614e-09,0.528191050222351,0.392,0.207,8.44021985111353e-05
"BCL2L1",2.12656931919163e-09,0.356818718637383,0.307,0.138,9.2084704659636e-05
"ZCCHC7",2.12818440157627e-09,0.624442661512597,0.523,0.314,9.21546409570558e-05
"MED13",2.22081293327151e-09,0.421045189240956,0.523,0.312,9.61656416365231e-05
"WWP2",2.27977247963532e-09,0.359792132773298,0.307,0.14,9.87187079131687e-05
"CGGBP1",2.37513754253754e-09,0.350078805994639,0.34,0.161,0.00010284820586696
"PRDM2",2.40707297374425e-09,0.436528619177853,0.379,0.193,0.000104231073909073
"ARID2",2.47390876777101e-09,0.527875734361892,0.51,0.305,0.00010712519746202
"SLX4IP",2.66122813910295e-09,0.551763077978769,0.346,0.177,0.000115236500879436
"NFIC",2.71587650834378e-09,0.429636485954053,0.464,0.259,0.000117602884564302
"CUL1",2.92632512426987e-09,0.470895173966456,0.431,0.233,0.000126715730531134
"MARK2",2.93243287299692e-09,0.372335513787856,0.34,0.162,0.000126980208266513
"UBXN2B",3.1104879697769e-09,0.342761127291057,0.333,0.154,0.000134690350067279
"ATP11B",3.36890312727756e-09,0.402078159897709,0.359,0.179,0.000145880243217373
"TMED5",3.71350350117487e-09,0.356871638356223,0.261,0.111,0.000160802128607874
"HNRNPM",4.5323425603234e-09,0.393413365272588,0.425,0.23,0.000196259497547124
"SHPRH",4.68624651511217e-09,0.462140850474572,0.484,0.282,0.000202923846597387
"CSTF3",4.83142956645795e-09,0.410294510595492,0.307,0.143,0.000209210563086762
"HERC1",4.88592243222428e-09,0.321131681186711,0.549,0.318,0.000211570213160176
"AGO3",4.93755233401055e-09,0.339303232359281,0.549,0.32,0.000213805891167325
"ARIH1",5.03332281725648e-09,0.415471733935237,0.536,0.323,0.00021795294463284
"SLC7A6",5.13064357789805e-09,0.343302730346097,0.255,0.107,0.000222167128210141
"CHFR",5.14146035899584e-09,0.432035765772349,0.307,0.146,0.000222635516465238
"TSC22D2",5.35892360096664e-09,0.424999700451634,0.549,0.332,0.000232052109769058
"AL365273.2",5.53845200219678e-09,0.40257704343497,0.255,0.109,0.000239826048599125
"ERP44",5.6536546569344e-09,0.431364945638551,0.353,0.18,0.000244814553954573
"TMOD3",6.03539863173516e-09,0.476886532139437,0.301,0.142,0.000261344831551396
"STX8",6.56818387176957e-09,0.504332578664083,0.425,0.237,0.000284415498015366
"SLAIN2",6.62330965165035e-09,0.421404179980069,0.261,0.116,0.000286802554535764
"ATP6V1H",6.69351546988509e-09,0.43520849041073,0.412,0.225,0.000289842606876964
"RAB10",6.71327865229937e-09,0.437436175938978,0.523,0.312,0.000290698392201867
"HTT",7.24722144348664e-09,0.356887229786632,0.405,0.216,0.000313819182945859
"ACTR3",7.72934991222764e-09,0.323316200434982,0.386,0.195,0.000334696309899281
"NT5DC1",8.53810929992245e-09,0.514784491089508,0.275,0.123,0.000369717208905242
"TAF1",8.56894832401704e-09,0.434375361485029,0.34,0.173,0.000371052600326586
"MICU1",9.46208901496793e-09,0.484163934791084,0.359,0.185,0.000409727378526142
"HIPK3",9.70310469129433e-09,0.484849602746559,0.471,0.276,0.000420163839342427
"AKT3",9.87765474662487e-09,0.467406595503044,0.771,0.547,0.00042772220583835
"BNIP2",1.00214852515883e-08,0.275534760937882,0.255,0.11,0.000433950354364276
"BIRC6",1.03624131422762e-08,0.305915929144095,0.699,0.461,0.000448713213886842
"BRAF",1.09586484050858e-08,0.420889468026829,0.556,0.34,0.000474531393237026
"ZNF407",1.10376080978233e-08,0.93430281551281,0.405,0.23,0.000477950505851945
"GATAD2B",1.13597676146184e-08,0.382102005962164,0.405,0.219,0.000491900657248204
"DNAJC3",1.22530155207091e-08,0.543688431605335,0.353,0.185,0.000530580078077745
"LSM14A",1.33139659583174e-08,0.464713698529376,0.471,0.28,0.00057652135392706
"TTC17",1.3329631115499e-08,0.282986905644202,0.614,0.389,0.000577199686563337
"DNM3",1.42939060400979e-08,0.330978591446316,0.451,0.239,0.000618954719348319
"SRBD1",1.45971640961382e-08,0.568905986254813,0.275,0.128,0.000632086399690976
"RB1CC1",1.46241829935346e-08,0.366238440135233,0.471,0.269,0.000633256371986034
"FAM168B",1.49785129719927e-08,0.382027623655097,0.255,0.113,0.000648599568713228
"MT-ND3",1.5628260975555e-08,0.272616978095142,0.85,0.547,0.000676734956763481
"PTK2B",1.5712001544184e-08,0.429042493781697,0.288,0.133,0.000680361090866257
"SMAD2",1.72262677173034e-08,0.457893902180436,0.431,0.243,0.000745931844694674
"YTHDC2",1.79817532955347e-08,0.31172027080949,0.392,0.207,0.000778645881203243
"KRIT1",2.02543486644762e-08,0.38632133842151,0.32,0.157,0.000877053805869149
"ZNRF2",2.17683600471118e-08,0.526688930432082,0.34,0.172,0.000942613526760037
"CWC27",2.19866627525677e-08,0.535530967071154,0.346,0.18,0.000952066470511686
"SPPL3",2.23502825320461e-08,0.409454118265532,0.49,0.29,0.000967811934202662
"ANKRD13D",2.27884550550271e-08,0.387909927367843,0.301,0.144,0.000986785680792783
"RPTOR",2.35195987808713e-08,0.587619898072424,0.405,0.235,0.00101844566640929
"FUBP3",2.44022444885127e-08,0.474130273609511,0.281,0.133,0.00105666599084158
"ARFGEF1",2.44485099342549e-08,0.34427221086643,0.458,0.264,0.00105866937717311
"IFNAR1",2.46320194423664e-08,0.31180165151511,0.268,0.12,0.00106661570589335
"KIAA2026",2.64150881374331e-08,0.256638838412734,0.464,0.261,0.00114382614652713
"YARS",2.69246961701993e-08,0.290386941660078,0.288,0.132,0.00116589319356197
"WDR7",2.69719559104572e-08,0.490181511347938,0.431,0.244,0.00116793963483462
"SLC12A6",2.82382732544818e-08,0.507305214255465,0.275,0.128,0.00122277370846557
"GIGYF2",2.8503249951067e-08,0.367377966065676,0.484,0.281,0.0012342477293811
"STAU2",2.86678848622203e-08,0.46901358522867,0.366,0.193,0.00124137675030386
"SP3",3.08102184429666e-08,0.458719592972911,0.333,0.169,0.00133414407901734
"RAB14",3.42469288975061e-08,0.368238086431548,0.268,0.125,0.00148296051511981
"AC245297.3",3.65407902748055e-08,0.501471634101642,0.621,0.401,0.00158228930047963
"SUCLG2",3.80297202240375e-08,0.533827523551875,0.405,0.231,0.00164676294514127
"FAM172A",3.93223403794651e-08,0.521518873848429,0.588,0.386,0.0017027359831116
"MPZL1",4.00900055924163e-08,0.47457452036887,0.333,0.172,0.00173597742216281
"FNDC3A",4.12488139379727e-08,0.436862375820279,0.477,0.294,0.00178615614114209
"XPR1",4.27900282299172e-08,0.477490365945517,0.471,0.281,0.00185289380241188
"ZNF652",4.28941318650096e-08,0.406080262007791,0.379,0.202,0.00185740169801864
"BMPR1A",4.49887449908264e-08,0.394748940536228,0.562,0.347,0.00194810263559276
"FAM193A",5.29151227249312e-08,0.335020799610345,0.418,0.233,0.00229133064423497
"MAP3K4",5.30036862943226e-08,0.563568421592977,0.281,0.138,0.00229516562391676
"HECTD2",5.43644036538151e-08,0.437359725948581,0.307,0.152,0.0023540874070175
"TBC1D15",5.46309109389801e-08,0.410161245186289,0.314,0.157,0.00236562770547972
"C1GALT1",5.50776115581381e-08,0.404741591823764,0.268,0.126,0.00238497073569049
"PPM1L",5.57555954435154e-08,0.6943883110078,0.379,0.217,0.0024143287938951
"KLHL5",5.68338668550954e-08,0.345338445300508,0.366,0.189,0.00246102010255934
"YAF2",5.88669472384217e-08,0.457534529736176,0.353,0.189,0.00254905654931814
"ZNF706",5.94094333512486e-08,0.36276165272279,0.366,0.192,0.00257254728297577
"HBS1L",5.97072228627152e-08,0.404214421231882,0.268,0.125,0.00258544216440129
"SMAP1",6.30483786257887e-08,0.420610771212317,0.366,0.197,0.0027301208912539
"ITFG1",6.44731771536383e-08,0.516684849733683,0.549,0.362,0.00279181751710684
"SNX24",7.08738191990335e-08,0.483542784927787,0.314,0.161,0.00306897811895655
"SETBP1",8.08438394784415e-08,0.575206442417578,0.353,0.19,0.00350069993709547
"SIPA1L3",8.08837125036218e-08,0.502867495809054,0.359,0.197,0.00350242651883183
"NUP160",9.41630440439656e-08,0.373575552149974,0.294,0.145,0.0040774481331918
"UBE2K",9.62246360817938e-08,0.40650156042675,0.484,0.286,0.00416671919161384
"EMSY",9.92607019918926e-08,0.383688954295406,0.346,0.182,0.00429818691765293
"MIER1",1.00121382397172e-07,0.357963364688508,0.327,0.168,0.00433545610056236
"AUH",1.01704305433299e-07,0.385166704469908,0.438,0.256,0.00440399983387269
"TNKS",1.02118350792971e-07,0.366240394420439,0.542,0.342,0.00442192882603722
"CAMK1D",1.11148993447934e-07,0.433425018528185,0.575,0.366,0.00481297371428245
"GATAD2A",1.11162353004315e-07,0.347093909498592,0.301,0.151,0.00481355220979285
"EDEM3",1.14914964112489e-07,0.303224807076445,0.327,0.169,0.00497604777599898
"MAST2",1.16888498005756e-07,0.398655750018898,0.275,0.131,0.00506150574064525
"C2CD5",1.21788326245108e-07,0.443613208858795,0.301,0.154,0.00527367810306565
"ANKRD6",1.31218644856608e-07,0.622390360330536,0.275,0.136,0.00568202975958085
"LRRFIP1",1.40969521087387e-07,0.323998379853134,0.484,0.285,0.00610426220212601
"ITCH",1.55312210164963e-07,0.426822443980716,0.425,0.255,0.00672532932456324
"THADA",1.59536005160437e-07,0.390667478257356,0.431,0.255,0.00690822809545726
"BPTF",1.65098617056453e-07,0.264195108526629,0.68,0.452,0.00714910031577852
"PPP1R21",1.68767007966633e-07,0.342517274812126,0.32,0.164,0.00730794897897113
"MAP3K7",1.69517355831178e-07,0.327769695989166,0.314,0.163,0.00734044054220165
"HOOK3",1.7081678401899e-07,0.29681515102105,0.412,0.234,0.0073967083815903
"IRF2",1.74249560809431e-07,0.387210055994145,0.353,0.195,0.00754535448216996
"CAMSAP2",1.82646117222057e-07,0.387079580712932,0.451,0.268,0.0079089421679495
"AGTPBP1",1.87698898968795e-07,0.453791345941579,0.346,0.186,0.00812773772314674
"ATP9B",1.99876545715252e-07,0.320409992925821,0.51,0.316,0.00865505418256185
"MARCH6",2.01057453754492e-07,0.389888908004467,0.549,0.357,0.008706189862477
"BAZ1B",2.01184264971239e-07,0.319811976316173,0.333,0.178,0.00871168104178461
"REV1",2.17396520846988e-07,0.361333688356943,0.353,0.193,0.00941370414571627
"RAPH1",2.39762380396997e-07,0.489786058665266,0.301,0.156,0.0103821905959507
"OSBPL1A",2.47043156093709e-07,0.338469857981713,0.588,0.382,0.0106974627451698
"PRPF40A",2.81755385503304e-07,0.281554653246976,0.366,0.2,0.0122005717030641
"OGT",2.82654912313941e-07,0.341690358271111,0.379,0.213,0.0122395230130183
"CLNS1A",2.90303962124014e-07,0.336478683106041,0.255,0.121,0.0125707421678941
"PELI2",2.90313855552161e-07,0.485654787863872,0.418,0.248,0.0125711705731197
"CUL3",2.9823954362766e-07,0.291426899859076,0.464,0.275,0.0129143687181649
"MTHFD2L",3.0065819594978e-07,0.337295298654122,0.281,0.139,0.0130191012010174
"NUTM2B-AS1",3.01299613690049e-07,0.281876070422185,0.471,0.275,0.0130468758720065
"ADAM9",3.02988027359022e-07,0.324506673336495,0.353,0.186,0.0131199875607004
"TMEM260",3.10710549586007e-07,0.380365894702614,0.275,0.137,0.0134543882181733
"PDE4DIP",3.37905595859962e-07,0.28866650643691,0.784,0.501,0.0146319881119281
"DCP2",3.40139095641116e-07,0.286882754515516,0.261,0.124,0.0147287031194516
"DLEU2",4.05958136743612e-07,0.423058023571678,0.562,0.359,0.0175787992372719
"KRCC1",4.11370735008323e-07,0.37861006287812,0.261,0.128,0.0178131755673304
"VPS13D",4.33679883308543e-07,0.340123707746076,0.51,0.327,0.0187792063070265
"CPEB2",4.6171791554345e-07,0.507018171029437,0.314,0.172,0.0199933091788625
"RNF38",5.08800855956239e-07,0.49932646921362,0.386,0.231,0.0220320946646171
"ERC1",5.23331877407708e-07,0.429025603056667,0.569,0.389,0.0226613169555086
"RALGAPB",5.35684952054182e-07,0.40256012488392,0.288,0.152,0.0231962297938502
"ITGAV",5.4272227456687e-07,0.282802053634483,0.49,0.299,0.0235009599332946
"EXOC6B",5.56294695885005e-07,0.48727830165153,0.549,0.38,0.0240886729212125
"TMEM245",5.64704523167727e-07,0.268154734992829,0.327,0.175,0.0244528352622089
"TBCK",6.06631144494479e-07,0.367523327341102,0.49,0.311,0.0262683418188999
"PPP2CB",6.17075049852839e-07,0.328156032730229,0.392,0.225,0.0267205838087276
"WDFY3",7.16019818588609e-07,0.297225990608198,0.693,0.465,0.031005090184524
"SPIRE1",7.41473574067936e-07,0.445279406189548,0.471,0.294,0.0321072887042898
"PUM1",7.6930703891331e-07,0.305694332660591,0.51,0.319,0.0333125333990241
"VPS53",8.39870024864222e-07,0.360751269684587,0.438,0.267,0.0363680518166705
"PCMTD1",9.00766421479352e-07,0.453159769903584,0.431,0.268,0.0390049875828989
"SPATA5",9.26473565666684e-07,0.415137151916003,0.288,0.146,0.0401181583404987
"GALNT7",9.32959792225981e-07,0.338911873147324,0.268,0.135,0.0403990249229694
"MAP3K5",9.63008975887621e-07,0.256488384379632,0.745,0.481,0.0417002146738858
"ADK",9.98137138605628e-07,0.392474421311432,0.523,0.325,0.0432213343759009
"SUPT3H",1.07315785000738e-06,0.575413368285333,0.425,0.265,0.0464698812210196
"CTNNB1",1.1017028997697e-06,0.265827465798171,0.425,0.255,0.0477059389658275
"ASXL2",1.13785145556695e-06,0.292830542079137,0.386,0.224,0.04927124372896
"DMTF1",1.15679266663324e-06,0.261488796869848,0.405,0.241,0.0500914360505525
"ARMC8",1.36362720557861e-06,0.343572054088607,0.327,0.182,0.0590477852559648
"USP25",1.40058911802619e-06,0.450645788956865,0.353,0.206,0.0606483099887703
"MIA2",1.48727378277338e-06,0.432109059412762,0.275,0.143,0.0644019293416528
"UBR4",1.49185942490492e-06,0.28965229075492,0.353,0.198,0.0646004968172329
"CNTLN",1.49875582798838e-06,0.487085620629546,0.333,0.19,0.0648991248635529
"SESN1",1.55650550860291e-06,0.385752245169783,0.379,0.222,0.067399801533523
"NDUFA10",1.56240419065784e-06,0.279784960278528,0.275,0.141,0.0676552262638659
"STAT5B",1.72762600696108e-06,0.410182860673427,0.327,0.187,0.0748096613534287
"CAPRIN1",1.83539128955882e-06,0.314254091253324,0.261,0.133,0.0794761136204759
"SENP5",1.85659277699486e-06,0.295668173960264,0.32,0.178,0.0803941804294316
"MEF2C-AS1",1.86016853387967e-06,0.489272784263881,0.471,0.298,0.0805490178540573
"NEK6",1.89634870985218e-06,0.509806336181494,0.333,0.193,0.0821156918340192
"ADAM10",1.90811800255739e-06,0.288163298591933,0.444,0.277,0.08262532574674
"GPATCH8",1.96256235963244e-06,0.291883933956942,0.523,0.336,0.0849828752968039
"PIK3R1",2.06276735566611e-06,0.334860819447488,0.484,0.306,0.0893219520350539
"FAM13B",2.1352908917044e-06,0.317034582013778,0.418,0.252,0.0924623661925838
"CDC27",2.15115076021885e-06,0.307770237158315,0.379,0.225,0.0931491302189966
"UBASH3B",2.19686580393355e-06,0.324164713424649,0.255,0.126,0.0951286830419305
"TBK1",2.2549680458159e-06,0.280919237921992,0.275,0.142,0.0976446263199202
"ACAP2",2.27669679152842e-06,0.287568506061563,0.595,0.398,0.0985855244667639
"KMT2C",2.32541415560211e-06,0.273490623873704,0.719,0.53,0.100695083765883
"SUCO",2.3319213055544e-06,0.327543278899077,0.275,0.145,0.100976856373117
"ELF2",2.34696964985491e-06,0.275108054214246,0.536,0.345,0.101628479778017
"CLCN3",2.60656084010075e-06,0.269950313155255,0.301,0.164,0.112869297498043
"SEPT2",2.73061683397722e-06,0.275097692369772,0.438,0.27,0.118241170144882
"UBE4B",2.81621704541825e-06,0.342447171260819,0.359,0.212,0.121947830500701
"TRIM44",2.86968055788807e-06,0.360217133031989,0.451,0.292,0.124262907517669
"R3HDM1",2.8781946664747e-06,0.386151070197859,0.405,0.25,0.124631585447688
"CPQ",2.97080962016579e-06,0.316101688971453,0.51,0.327,0.128641998172419
"NEK7",3.09683247640493e-06,0.405790872461039,0.412,0.254,0.134099039893286
"VPS35L",3.43272594438732e-06,0.380084693407499,0.346,0.206,0.14864389884386
"SMURF1",3.46511074072945e-06,0.33681319832509,0.333,0.189,0.150046225295067
"MTMR3",3.60109866408858e-06,0.334551016233238,0.451,0.28,0.155934774352363
"KDM7A",3.65082413821402e-06,0.277710767339814,0.294,0.156,0.158087986832944
"KPNA1",3.73134687903741e-06,0.356968236682609,0.314,0.18,0.161574782556078
"PSEN1",3.80745326179648e-06,0.272360125026202,0.307,0.17,0.164870341142311
"MTF2",3.87479459548536e-06,0.325186748610889,0.288,0.155,0.167786355573707
"ADAM17",3.90253530656188e-06,0.313255039283468,0.346,0.2,0.168987583844742
"JDP2",3.96758842089557e-06,0.280653910442207,0.288,0.152,0.17180451380162
"PHF20L1",3.99804060211978e-06,0.304363021389076,0.333,0.19,0.173123154152991
"UBA3",4.02482821672447e-06,0.323749574227943,0.281,0.15,0.174283111440603
"NUP214",4.03087630260926e-06,0.384120224267389,0.275,0.147,0.174545005655586
"TTBK2",4.58313879428431e-06,0.321131170804198,0.418,0.264,0.198459076070099
"MBTD1",4.62308608641767e-06,0.412535795356629,0.333,0.192,0.200188873714058
"MON2",4.62803204636737e-06,0.285398041374808,0.464,0.292,0.2004030436718
"SNX14",4.72138199292819e-06,0.292685252437453,0.32,0.181,0.204445283057777
"UGGT2",4.72612180457367e-06,0.324085467883962,0.412,0.255,0.204650526381649
"UBR3",4.7501623837971e-06,0.284525886048901,0.484,0.31,0.205691531543182
"GSN",4.77758672173375e-06,0.257579757021325,0.497,0.326,0.206879060224515
"CDK5RAP2",5.03893155008899e-06,0.36953806857125,0.34,0.199,0.218195813981953
"SPRED2",5.09565905812349e-06,0.661617742614923,0.314,0.184,0.220652228534863
"MAP2K4",5.41946116531809e-06,0.453723537087829,0.346,0.211,0.234673507380604
"FBXW11",5.43034069486592e-06,0.442160744642861,0.366,0.222,0.235144612769084
"BTBD7",5.4805789394965e-06,0.298469472638318,0.392,0.235,0.237320029238077
"PPP1R12A",5.69706479879425e-06,0.277468584282027,0.529,0.357,0.246694299917389
"CBLB",5.85991416606055e-06,0.252592972431136,0.34,0.199,0.253746003218754
"ICE2",6.41214010206996e-06,0.268896033032201,0.255,0.131,0.277658490699833
"RCOR1",7.05695518615648e-06,0.384240372078733,0.294,0.164,0.305580273470948
"MARCH7",7.08010571050417e-06,0.260782397981439,0.386,0.237,0.306582737476252
"LMBR1",8.01176238665691e-06,0.472351935469769,0.281,0.158,0.346925334867017
"RAB21",8.16860957657721e-06,0.272022460758297,0.268,0.142,0.353717131884946
"NBDY",8.2935916183886e-06,0.398019988055629,0.288,0.161,0.359129104259463
"CHM",8.61871895910656e-06,0.272639646714939,0.281,0.152,0.373207768367232
"LARGE1",8.68141328052172e-06,0.417544934967824,0.379,0.236,0.375922557873151
"KIZ",9.76108412719179e-06,0.358826956101614,0.268,0.146,0.422674464875659
"NAA35",1.02212123567794e-05,0.272675408607709,0.275,0.149,0.44259893747326
"XRCC5",1.03099486313576e-05,0.351037547715447,0.418,0.269,0.446441395635046
"ARNTL",1.04058399416342e-05,0.338150565353006,0.261,0.141,0.450593681152642
"YLPM1",1.09948750164891e-05,0.343023166757209,0.327,0.19,0.476100077964012
"CSGALNACT1",1.11032621425222e-05,0.363061699421235,0.654,0.48,0.480793457295496
"NSD2",1.20071838468524e-05,0.257692716276414,0.307,0.174,0.519935074936404
"SCFD1",1.21000646989452e-05,0.402671497942439,0.353,0.215,0.523957001593723
"SNX9",1.23525548265377e-05,0.314703619417097,0.399,0.254,0.534890329098734
"NSL1",1.23596562691844e-05,0.25171580700686,0.261,0.139,0.535197835768225
"EXOC5",1.27040434078458e-05,0.314081827936315,0.301,0.172,0.550110487646537
"MAP2K1",1.29913756411674e-05,0.328208106094005,0.288,0.16,0.56255254801383
"SLC35F5",1.34082037671649e-05,0.339799899421736,0.281,0.159,0.580602039525773
"PLCL2",1.4222422984832e-05,0.288370218548095,0.268,0.141,0.615859360089193
"CEP192",1.43793149157574e-05,0.467491073107929,0.327,0.198,0.622653094482127
"ABL1",1.48679129022414e-05,0.436487988558146,0.346,0.212,0.643810364492856
"BMPR2",1.48718023806112e-05,0.446930810863586,0.438,0.293,0.643978786685226
"ADNP",1.62470854468895e-05,0.373352303147055,0.425,0.28,0.703531294021208
"RFX7",1.62888740935576e-05,0.567142601026124,0.373,0.243,0.705340825999233
"ZMYND11",1.71384836617322e-05,0.350504999795966,0.366,0.225,0.742130619520328
"RREB1",1.7536597073865e-05,0.339128053894509,0.405,0.252,0.759369726492502
"OFD1",1.76481663197236e-05,0.297455755757381,0.333,0.198,0.764200897976672
"CDC73",2.00808684212749e-05,0.357030934641551,0.353,0.218,0.869541764378046
"SMYD3",2.01923275665427e-05,0.316164495248164,0.614,0.43,0.874368168286431
"PACS2",2.05254384581603e-05,0.263807496964757,0.314,0.182,0.888792536115258
"LYPLAL1",2.09702538473123e-05,0.306948009844606,0.32,0.192,0.908053932096317
"PSME4",2.13615569673919e-05,0.320057921010256,0.418,0.271,0.924998139802005
"LMBRD1",2.5296929548324e-05,0.372376344361798,0.405,0.267,1
"TRIP11",2.72717683269416e-05,0.264789999196207,0.346,0.211,1
"ZDHHC14",2.82469571813932e-05,0.379554322050227,0.418,0.269,1
"PPP4R2",2.94737811650464e-05,0.323007950810107,0.281,0.162,1
"STRN3",2.97451045397362e-05,0.360398936319562,0.386,0.246,1
"NUP98",3.1504685476122e-05,0.279970831705007,0.281,0.161,1
"SOS2",3.35070418724779e-05,0.355247338311446,0.32,0.194,1
"FBXO42",3.42572722155964e-05,0.278980001858653,0.359,0.224,1
"IQGAP1",3.84344198777718e-05,0.251544602648546,0.301,0.177,1
"HUWE1",3.94921121088362e-05,0.342588757943264,0.366,0.234,1
"CLEC16A",4.57902067930458e-05,0.303155833265814,0.497,0.344,1
"RNF111",4.90436842667487e-05,0.341434010238133,0.333,0.205,1
"PTEN",5.12008306793615e-05,0.272017483669443,0.412,0.269,1
"DPH6-DT",5.37193489193939e-05,0.413226185407406,0.346,0.216,1
"MAN1A2",6.15258376670719e-05,0.262883815132731,0.294,0.173,1
"NAA15",6.9669204590684e-05,0.252395920217234,0.288,0.17,1
"TFCP2",8.54021964163355e-05,0.265257767539901,0.32,0.196,1
"TMEM164",8.6179357243458e-05,0.314089698019345,0.307,0.184,1
"OLA1",9.05575512151611e-05,0.343667095367874,0.294,0.177,1
"ORC4",9.25308001853256e-05,0.269095539678172,0.268,0.157,1
"RDX",9.63071962820222e-05,0.318475758032268,0.399,0.267,1
"FAM208B",9.75091928973608e-05,0.379036423468282,0.307,0.191,1
"SSBP3",0.000119916877237279,0.418861276851742,0.307,0.19,1
"RSBN1L",0.000132361217381489,0.339231507244258,0.281,0.169,1
"NR6A1",0.000147052510105388,0.555406823798126,0.275,0.168,1
"BICRAL",0.000148830719243617,0.382324566993522,0.307,0.192,1
"METTL15",0.000171139017643403,0.271311932654063,0.386,0.258,1
"CSNK2A1",0.000173612263302499,0.272237758266765,0.301,0.189,1
"PPP4R3B",0.000174239132375297,0.258648086344293,0.288,0.176,1
"PIBF1",0.000201318967694876,0.27100818906452,0.392,0.268,1
"SLC22A23",0.0002092556489611,0.264471960176382,0.281,0.17,1
"CNOT4",0.000225104413010031,0.33493961467917,0.392,0.277,1
"FAM214A",0.00028071842558593,0.332791428078479,0.301,0.193,1
"KLF12",0.000292857623635788,0.318302413460256,0.399,0.27,1
"PHACTR4",0.000298779408118261,0.269599657925781,0.34,0.222,1
"MAPRE2",0.000323450803462868,0.294367364394861,0.418,0.285,1
"MYO5A",0.000334795946769831,0.271431692811366,0.373,0.251,1
"NCOA6",0.000339617522716508,0.284760124499067,0.281,0.178,1
"PDXDC1",0.000354079972866492,0.301292323866651,0.346,0.234,1
"ZNF33A",0.00039466500565003,0.267202917567991,0.275,0.17,1
"PPP2R5E",0.000421898867895259,0.279459771107774,0.32,0.21,1
"FOXK2",0.000433268669241593,0.268660140889239,0.281,0.178,1
"VPS54",0.000449014306907438,0.326093777764078,0.314,0.205,1
"CTIF",0.000462422523885673,0.296804567218768,0.327,0.221,1
"TLK2",0.000506120107113363,0.275035255815611,0.32,0.215,1
"COMMD1",0.000535081501067629,0.278306074719078,0.327,0.218,1
"RABGAP1",0.000622040870038598,0.280832961940575,0.392,0.275,1
"ASCC3",0.000661520374526457,0.336125794684908,0.346,0.233,1
"KPNA3",0.000682979105943328,0.352305899025885,0.275,0.176,1
"ACYP2",0.000703944045203973,0.343235782970289,0.431,0.315,1
"APBA1",0.000708601298634465,0.30258747005182,0.255,0.157,1
"ZFR",0.000914591023666934,0.276863958535458,0.386,0.277,1
"CCDC7",0.00148099006309205,0.314810803949162,0.275,0.176,1
"SERGEF",0.00256082405648845,0.263135486406799,0.261,0.175,1
"RASSF8",0.00302951955445956,0.287680854924654,0.431,0.325,1
"ZNF532",0.00362982648098583,0.272335088729287,0.32,0.229,1
"SUCLG2-AS1",0.00401974146190984,0.55243244196623,0.255,0.18,1
"CBR4",0.0043559063405429,0.312191934779321,0.32,0.233,1
"GMDS",0.0044722221686755,0.298761183846845,0.268,0.185,1
"ATG10",0.00461909175818086,0.310316046546696,0.275,0.194,1
"TMCC1",0.00583967768448744,0.385207040178764,0.392,0.301,1
"MAP3K20",0.00681651681056418,0.270080497096841,0.255,0.177,1
"MED27",0.0138096713234097,0.272668334260758,0.255,0.185,1
"CRADD",0.0151420418441551,0.557887928906239,0.333,0.263,1
"KIF13A",0.0240911447066584,0.296154067651309,0.327,0.252,1
