"","p_val","avg_log2FC","pct.1","pct.2","p_val_adj"
"ANLN",0,1.76382767880723,0.663,0.022,0
"ARHGAP11A",0,1.33010695125724,0.519,0.004,0
"ASF1B",0,0.996015319316979,0.462,0.005,0
"ASPM",0,1.82103236786417,0.481,0.002,0
"ATAD5",0,1.71333088142822,0.731,0.03,0
"AURKA",0,0.883639390735895,0.298,0.003,0
"AURKB",0,1.28557476323463,0.49,0.001,0
"BIRC5",0,1.05815801116513,0.433,0.001,0
"BLM",0,1.17720573969469,0.596,0.011,0
"BRCA2",0,1.85830550264284,0.779,0.014,0
"BRIP1",0,2.56881747462641,0.808,0.01,0
"BUB1",0,1.36086714993046,0.558,0.002,0
"BUB1B",0,1.93382789043687,0.683,0.001,0
"C21orf58",0,1.34187731428873,0.596,0.02,0
"CCDC150",0,0.742293327380058,0.404,0.008,0
"CCNF",0,1.42094978499505,0.538,0.016,0
"CDC25C",0,1.02050300822662,0.423,0.003,0
"CDC45",0,0.71421383845196,0.279,0.001,0
"CDCA2",0,1.22164759759395,0.471,0.002,0
"CDCA3",0,0.860621885011906,0.317,0.002,0
"CDCA4",0,0.613806855855272,0.365,0.007,0
"CDCA5",0,0.891959654306053,0.394,0.002,0
"CDCA8",0,0.993649431126095,0.423,0.003,0
"CDK1",0,0.844503198073042,0.385,0.001,0
"CDKN3",0,0.802266115362925,0.288,0.003,0
"CDT1",0,0.441434789824739,0.26,0.002,0
"CENPE",0,1.52811433010686,0.5,0.008,0
"CENPF",0,2.31201353395426,0.663,0.007,0
"CENPI",0,1.56054726520702,0.692,0.01,0
"CENPK",0,1.96777890396071,0.779,0.007,0
"CENPM",0,0.504744839317934,0.25,0.002,0
"CENPU",0,1.11524210371351,0.462,0.003,0
"CHEK1",0,0.7811635418146,0.365,0.006,0
"CKAP2L",0,1.04958079356746,0.462,0.001,0
"CLSPN",0,1.7749624845991,0.683,0.006,0
"DEPDC1B",0,1.44301186277157,0.49,0.002,0
"DLGAP5",0,1.11142790204077,0.327,0.001,0
"DTL",0,1.59720042470185,0.538,0.003,0
"E2F7",0,0.851387311368617,0.394,0.006,0
"ESCO2",0,1.13201098924235,0.481,0.002,0
"EXO1",0,0.616591480455211,0.279,0.001,0
"EZH2",0,3.15663296340143,0.856,0.031,0
"FANCA",0,1.64106228667544,0.635,0.012,0
"FANCD2",0,1.15816589347547,0.548,0.014,0
"FANCI",0,1.90254622593265,0.75,0.016,0
"FOXM1",0,1.03335003294191,0.423,0.003,0
"GINS1",0,1.13856184112409,0.567,0.008,0
"GTSE1",0,1.6271768820971,0.567,0.002,0
"HELLS",0,1.72493864548115,0.654,0.025,0
"HMMR",0,1.27262773444204,0.423,0.003,0
"IQGAP3",0,1.32838875226365,0.538,0.001,0
"KIF11",0,1.9220468677236,0.712,0.004,0
"KIF14",0,1.3445722812195,0.462,0.004,0
"KIF15",0,1.6180626615832,0.596,0.01,0
"KIF18A",0,0.795932401746127,0.26,0.003,0
"KIF18B",0,1.76875118362315,0.587,0.001,0
"KIF20B",0,1.61721361383248,0.683,0.028,0
"KIF23",0,1.11831106095593,0.442,0.002,0
"KIF2C",0,1.03382722355755,0.452,0.004,0
"KIF4A",0,1.35933425835011,0.567,0.007,0
"KIFC1",0,1.24650865620935,0.538,0.002,0
"KNTC1",0,1.43816335464325,0.683,0.027,0
"LMNB1",0,2.0218241840409,0.788,0.026,0
"MASTL",0,0.950370700818211,0.558,0.018,0
"MCM10",0,0.708727165639509,0.308,0.002,0
"MCM8",0,1.25355865444963,0.587,0.016,0
"MELK",0,2.2358166407678,0.75,0.004,0
"MKI67",0,2.33289693025432,0.702,0.001,0
"MND1",0,1.34254101882156,0.567,0.005,0
"MYBL2",0,0.574073901563547,0.25,0.002,0
"NCAPG",0,1.62719381156929,0.567,0.001,0
"NCAPG2",0,2.39485895661925,0.808,0.022,0
"NCAPH",0,1.28067533077306,0.615,0.002,0
"NDC80",0,1.15726899966935,0.51,0.002,0
"NEIL3",0,0.979253349742004,0.433,0.001,0
"NUF2",0,1.54477279783316,0.548,0.015,0
"NUSAP1",0,1.82015647677064,0.635,0.006,0
"ORC6",0,0.756963070357104,0.404,0.007,0
"PARPBP",0,1.33297446652487,0.596,0.008,0
"PKMYT1",0,0.581344849858465,0.337,0.001,0
"PLK4",0,0.815211977200682,0.308,0.003,0
"POC1A",0,0.743660116185533,0.404,0.009,0
"POLQ",0,2.25117525631738,0.808,0.004,0
"PRC1",0,0.735641536691355,0.375,0.003,0
"RAD51AP1",0,1.09960633688265,0.51,0.006,0
"RAD54L",0,1.13926122016555,0.442,0.004,0
"RFC3",0,1.91077022382098,0.75,0.034,0
"SHCBP1",0,1.18195040422183,0.548,0.006,0
"SKA3",0,0.74077742176456,0.337,0.001,0
"SMC4",0,2.52824648728887,0.837,0.037,0
"SPC24",0,0.491167603999148,0.298,0.002,0
"SPC25",0,1.43249870375994,0.558,0.001,0
"STIL",0,1.7211766138565,0.663,0.011,0
"TACC3",0,1.82571891258223,0.712,0.014,0
"TCF19",0,0.994679203408613,0.423,0.005,0
"TICRR",0,1.16088502604878,0.442,0.002,0
"TIMELESS",0,0.937754131636286,0.375,0.008,0
"TK1",0,0.59992657085715,0.337,0.003,0
"TONSL",0,0.657719509322747,0.327,0.006,0
"TOP2A",0,2.65668820886647,0.769,0.002,0
"TPX2",0,1.68477868043146,0.567,0.003,0
"TTK",0,0.750498154673747,0.356,0.001,0
"TYMS",0,0.949363321592819,0.49,0.003,0
"UBE2C",0,1.09029471942468,0.413,0,0
"WDR62",0,1.35237014634734,0.548,0.005,0
"WDR76",0,1.0337701898358,0.51,0.01,0
"WEE1",0,1.029911229915,0.385,0.009,0
"ZNF367",0,1.03903769809838,0.462,0.01,0
"ZWINT",0,0.651729960072099,0.394,0.002,0
"SLFN13",0,0.881175055904837,0.433,0.005,0
"E2F2",0,0.551128132889049,0.26,0.001,0
"HJURP",0,0.880265603735367,0.26,0,0
"SGO1",0,0.832632096636398,0.356,0.002,0
"CIP2A",0,1.1533240412333,0.519,0.012,0
"Z94721.1",0,2.38789879943324,0.837,0.031,0
"PBK",0,0.724354980367826,0.308,0,0
"FAM111B",0,1.25997087846472,0.471,0.001,0
"CEP55",0,1.01869831834328,0.433,0.002,0
"TROAP",0,0.801874441289003,0.317,0,0
"ESPL1",0,0.685254805592265,0.327,0.001,0
"AC091057.6",0,2.50626699022722,0.827,0.012,0
"KNL1",0,2.4428591623505,0.769,0.005,0
"SGO2",1.45640083596606e-298,1.55624799042778,0.654,0.028,6.30650689990025e-294
"WDHD1",5.00965224701677e-297,1.14366926791478,0.471,0.014,2.1692796160032e-292
"CHAF1A",4.06656611703003e-295,0.848929222381607,0.375,0.009,1.76090445999635e-290
"DIAPH3",5.18059285088145e-291,2.57195117587227,0.875,0.055,2.24330031628869e-286
"AC068992.1",1.35608355496771e-279,2.11987809495095,0.519,0.018,5.87211300972118e-275
"OIP5",6.21685735796673e-279,0.836778024927204,0.346,0.008,2.69202357314675e-274
"UHRF1",4.37604148483109e-268,0.851412977604202,0.433,0.013,1.89491348376156e-263
"CIT",1.32034490433034e-267,2.08439233943103,0.769,0.044,5.71735750473122e-263
"RAD54B",1.50462610867229e-267,0.671876311282581,0.346,0.008,6.51533197577275e-263
"FANCB",1.39057496604106e-266,0.554587978984116,0.308,0.006,6.021467717951e-262
"CHTF18",1.26996685902809e-263,0.71160563717638,0.346,0.008,5.49921049296345e-259
"CENPN",6.13056567548937e-256,0.498095458340963,0.26,0.005,2.65465754880041e-251
"INCENP",4.94358899515778e-255,0.843535184050166,0.375,0.01,2.14067290668322e-250
"ATAD2",2.63309906638246e-254,2.39085742293498,0.76,0.047,1.14018455772493e-249
"CYTOR",3.87747522430998e-252,1.07508005148852,0.471,0.017,1.67902432163071e-247
"VRK1",3.43675762082338e-248,1.3069706740632,0.702,0.038,1.48818478496894e-243
"C19orf48",1.27725209523305e-247,0.635411596615843,0.385,0.011,5.53075702277814e-243
"PCNA",4.59902796601226e-242,0.979938045971508,0.49,0.019,1.99147108984263e-237
"ECT2",1.49975461545341e-240,1.16979839650973,0.519,0.022,6.49423743583634e-236
"DSN1",1.81054370153741e-236,0.892086951726198,0.462,0.017,7.8400163363973e-232
"CCDC26",1.67506040210823e-233,2.6238328285039,0.856,0.062,7.25334655320904e-229
"CCNE2",1.7183587459522e-227,0.554972426153832,0.269,0.006,7.44083704172222e-223
"RECQL4",2.46075342347042e-226,0.56921801760883,0.298,0.007,1.06555544743116e-221
"GEN1",3.74341843414672e-226,1.26659578818422,0.519,0.023,1.62097505035421e-221
"RACGAP1",1.06245319304297e-223,1.24496652910553,0.5,0.022,4.60063481651467e-219
"AC016708.1",2.80491366052358e-214,1.65283593642304,0.577,0.031,1.21458371327992e-209
"PRR11",2.27916663824697e-204,0.730759744615999,0.337,0.01,9.86924737693702e-200
"NCAPD2",3.34592592064951e-204,1.36752720164357,0.567,0.031,1.44885284215965e-199
"RFWD3",1.21163432376998e-202,1.4809080848572,0.712,0.049,5.24661894878877e-198
"OAS3",1.98813647881589e-202,0.952628497779375,0.5,0.024,8.60902858056858e-198
"DNA2",8.24115043854903e-202,0.94899253784486,0.519,0.026,3.5685829629005e-197
"CHEK2",1.44556615933893e-199,1.19629990590771,0.596,0.034,6.25959058316943e-195
"POLH",3.80405108628265e-199,1.05688791841969,0.567,0.031,1.64723020138211e-194
"LINC01572",1.73771197791229e-195,2.22371950135313,0.817,0.07,7.52464040675578e-191
"SMC2",1.71454615407141e-193,0.787204569037982,0.519,0.026,7.42432775636001e-189
"ZGRF1",1.13254568978127e-191,1.13551316484874,0.587,0.035,4.90414934589086e-187
"TMPO",1.19004151278322e-190,1.63996846799224,0.76,0.059,5.15311775865389e-186
"LIN9",1.21678096877058e-187,0.746092258890166,0.385,0.015,5.26890495097036e-183
"GAS2L3",8.08231461671697e-186,1.07153628021601,0.394,0.016,3.49980387533078e-181
"POLA2",9.96517566966317e-184,1.02678094571749,0.538,0.03,4.31512036847754e-179
"CENPO",1.23988976309874e-177,0.659798044660931,0.346,0.013,5.36897065217017e-173
"HIST1H1D",1.51523807104719e-175,0.834404781153388,0.279,0.008,6.56128389524855e-171
"CKAP2",2.86443101603784e-175,1.18878544806959,0.462,0.024,1.24035591856471e-170
"SIGLEC1",5.93548887984293e-175,0.9593679871296,0.452,0.022,2.57018539474959e-170
"CENPP",1.04206155093119e-174,2.87616632519721,0.846,0.089,4.51233492784224e-170
"CEP152",8.92377012425182e-174,1.50904130431284,0.74,0.061,3.86417093920352e-169
"C5orf34",6.17087078456744e-173,0.520202785816733,0.298,0.01,2.67211046713339e-168
"MCM4",6.64138635930417e-173,0.652780568244327,0.298,0.01,2.87585312130589e-168
"TFDP1",1.30787731348981e-171,0.888011643237679,0.538,0.032,5.66337034287358e-167
"HMGB2",2.22401823525074e-168,1.6168592106633,0.712,0.058,9.63044376228274e-164
"REXO5",3.2101350683853e-167,0.573204757229754,0.26,0.008,1.3900526873122e-162
"MCM3",9.24791621675934e-163,1.01348141558827,0.423,0.021,4.00453268018113e-158
"PHF19",2.71528413220988e-161,0.981341888240338,0.49,0.029,1.17577233492952e-156
"CKS2",3.35626328538987e-161,0.921556183917963,0.385,0.018,1.45332912783952e-156
"KIF22",4.75241073279364e-161,0.753467780238437,0.433,0.022,2.0578888955143e-156
"LIG1",1.73680667145711e-160,0.95116983699995,0.5,0.03,7.52072024874357e-156
"NCAPD3",1.59964921757902e-158,1.50198622843515,0.683,0.057,6.92680104196067e-154
"DDX11",6.84956988987679e-158,0.765078445277059,0.462,0.026,2.96600075371445e-153
"FAM111A",1.27612476155565e-157,1.78909636156492,0.731,0.066,5.52587544248829e-153
"HAUS8",2.30643136616371e-156,0.648773276941881,0.346,0.015,9.9873091017621e-152
"C1orf112",2.10925328025935e-155,1.20230475978112,0.567,0.04,9.13348855417903e-151
"SAC3D1",1.21273641297648e-153,0.534491550056085,0.317,0.013,5.25139121547075e-149
"BRCA1",1.34721515284771e-153,1.4821260700366,0.673,0.058,5.83371105486116e-149
"DSCC1",7.08956119594693e-153,0.568112153622061,0.298,0.011,3.06992178906894e-148
"CKS1B",5.77946776755044e-151,0.783269023203313,0.298,0.011,2.50262513270469e-146
"BARD1",3.2840313010148e-150,1.80469169485087,0.837,0.093,1.42205123396543e-145
"IL21R",8.07337920988615e-149,0.60840843224177,0.346,0.015,3.4959346654649e-144
"USP18",2.2603320429277e-147,0.618154296845588,0.346,0.016,9.78768981228554e-143
"NDC1",4.44245146743262e-147,1.03288918476444,0.558,0.04,1.92367033442767e-142
"MMS22L",1.78432943906086e-144,1.78310891783755,0.74,0.074,7.72650333702135e-140
"RRM1",3.95889358371805e-143,0.951026979588326,0.442,0.026,1.71428009962159e-138
"CCDC18",3.15588071962587e-140,1.88585590576223,0.779,0.086,1.36655946921239e-135
"CENPL",9.14390786071977e-138,0.439754709346036,0.25,0.009,3.95949498184888e-133
"POLE",2.96480063833106e-137,0.750245597011277,0.442,0.027,1.28381797241011e-132
"LIN54",8.59495662192769e-136,1.36911050911905,0.663,0.062,3.72178811642713e-131
"MIR4435-2HG",2.58018963580754e-134,1.31329263530102,0.529,0.04,1.11727371609738e-129
"HERC5",1.78657449707037e-132,1.09125709511119,0.558,0.045,7.7362248872141e-128
"POLE2",7.1190559284084e-132,1.06500340818197,0.558,0.045,3.08269359811941e-127
"MTBP",4.39914999754582e-131,0.789582780832808,0.433,0.027,1.90491993193729e-126
"CDKN2C",3.57311480395544e-129,0.535658420493774,0.279,0.012,1.54723017240878e-124
"TMEM106C",1.31721996915564e-128,0.855747449492203,0.423,0.027,5.70382591043774e-124
"DNMT1",1.61390834118406e-127,1.11747914300426,0.644,0.06,6.98854589899522e-123
"RBL1",3.99108633449887e-127,1.3962506155475,0.577,0.05,1.7282202045647e-122
"MXD3",1.94446305608822e-125,0.767140490748999,0.337,0.017,8.4199139254732e-121
"TUBB",1.31354573794163e-124,1.76561448268604,0.798,0.098,5.68791575443485e-120
"PLAC8",7.45075374202876e-124,1.07284258386726,0.346,0.019,3.22632538537329e-119
"OAS2",4.65148894647527e-123,0.642304844647247,0.356,0.02,2.01418774360272e-118
"LMO7",5.23646967254162e-123,1.48128640146971,0.702,0.076,2.26749609760397e-118
"IKBIP",1.41168910755419e-122,1.0522370458459,0.587,0.051,6.11289617353114e-118
"KPNA2",2.39185209598536e-122,1.01488316075622,0.375,0.022,1.03571979460358e-117
"SKA2",6.07740022450713e-122,1.11641503120193,0.673,0.068,2.63163584521608e-117
"HAMP",1.18674857177016e-121,1.80653443755954,0.692,0.074,5.13885866547914e-117
"OAS1",2.94434875554969e-120,0.849439032593889,0.481,0.036,1.27496189812813e-115
"TOPBP1",3.33399146277576e-120,1.01697381410554,0.625,0.06,1.44368498321116e-115
"KCNK13",1.63630435941975e-119,1.71821637347586,0.769,0.093,7.08552513715942e-115
"MCM7",1.94958788198438e-118,0.549250132804877,0.365,0.021,8.44210544656876e-114
"CENPJ",8.37913761575771e-118,0.714109966949216,0.481,0.036,3.6283341703754e-113
"DCK",4.67128007057399e-117,0.550178032693761,0.413,0.027,2.02275769615995e-112
"ARHGAP20",6.40070823853632e-117,1.16018490979414,0.5,0.04,2.771634681451e-112
"DTYMK",9.63570377944546e-117,0.643785685414209,0.394,0.025,4.17245245057547e-112
"TTF2",1.77636992865008e-116,1.05247302893155,0.567,0.052,7.6920370650406e-112
"RBBP8",9.08524518668637e-115,0.724841470684995,0.452,0.033,3.93409287073893e-110
"ERC2",2.81749386385952e-114,1.52417042324265,0.798,0.102,1.22003119292845e-109
"MCM5",5.65469064570931e-114,0.736267277564695,0.394,0.026,2.44859414340504e-109
"SLC12A8",3.43887819556443e-113,0.726019342806196,0.337,0.019,1.48910303624331e-108
"H2AFX",2.3112898281439e-112,0.84765195091144,0.433,0.032,1.00083472138287e-107
"NETO2",2.70647176789956e-108,0.993891067697861,0.433,0.032,1.17195640493587e-103
"CEP128",7.64027934212981e-107,1.82470117900978,0.817,0.121,3.30839376072905e-102
"CEP85",3.51382950822371e-106,0.733453067143692,0.327,0.019,1.52155845365103e-101
"ISG15",9.61628263629495e-106,1.13354164522062,0.481,0.041,4.16404270716844e-101
"LMNB2",2.56274656067251e-104,0.544391516513708,0.288,0.015,1.10972051570241e-99
"ZWILCH",6.96720340082782e-104,0.419964987574029,0.25,0.012,3.01693841662646e-99
"ARPC1B",1.05990108247251e-102,1.04848018558291,0.615,0.065,4.58958366732247e-98
"EPSTI1",2.06851815997509e-102,2.00661670522445,0.74,0.103,8.95709733632415e-98
"MX2",3.83848290035806e-101,1.41995562469843,0.529,0.051,1.66213986551305e-96
"GCNT2",4.57045824591183e-101,0.878446302567714,0.615,0.065,1.97909982964474e-96
"AL162414.1",1.48571459379428e-100,1.13553611410401,0.442,0.036,6.433441334048e-96
"PRIM2",3.25871269471757e-100,2.07987806374594,0.856,0.151,1.4110877710666e-95
"CSE1L",5.78757205328074e-100,0.882462150588287,0.577,0.06,2.50613445051163e-95
"MMD",6.44177536239653e-100,0.876057213323175,0.49,0.044,2.78941756742495e-95
"PRIM1",7.71744510867954e-100,0.651068693568306,0.394,0.029,3.34180808096041e-95
"IFI6",1.9610194030012e-99,1.26681755187261,0.538,0.055,8.49160621887579e-95
"IFI44L",5.30839432841745e-99,2.26651933698938,0.683,0.092,2.29864091209132e-94
"CTPS1",1.74214584395883e-98,0.639743092048694,0.365,0.026,7.54383993351053e-94
"FANCC",2.19780082891282e-98,1.1713068906157,0.663,0.081,9.51691714935829e-94
"NSD2",2.62942699249151e-98,2.35484891534311,0.875,0.172,1.13859447628867e-93
"AC073529.1",1.03846881363766e-97,1.37743383053956,0.452,0.04,4.4967776568138e-93
"TMEM131L",1.33139558932514e-97,1.09379840796259,0.663,0.079,5.7652091808957e-93
"RAD18",5.59180408630454e-96,1.2393497174691,0.49,0.047,2.42136300545159e-91
"H2AFZ",6.6844512610495e-96,1.19364726416097,0.635,0.076,2.89450108505965e-91
"SLC25A19",7.48302961456312e-96,0.672476846288089,0.394,0.03,3.24030148369812e-91
"SLC29A1",9.10612377293288e-95,0.529038247203087,0.385,0.029,3.9431337161554e-90
"MIS18BP1",1.60281527156561e-94,1.93657974116733,0.894,0.158,6.94051068893342e-90
"FANCM",2.86255655332925e-94,0.71402010670636,0.385,0.029,1.23954423872263e-89
"FAM122B",4.3050434199304e-94,0.764034541697768,0.423,0.035,1.86416990169826e-89
"MFSD14B",4.4580309116197e-94,0.918903710158655,0.663,0.082,1.93041654534956e-89
"TDP1",4.4891054019491e-94,0.882236792040593,0.442,0.038,1.943872421152e-89
"OTULINL",4.60299273418495e-94,0.853353480185077,0.615,0.069,1.99318791375677e-89
"NUP155",9.21591277264138e-94,0.837853810460841,0.471,0.044,3.99067454880917e-89
"AP003481.1",2.13221122218816e-93,1.10917029508433,0.442,0.039,9.23290103431915e-89
"MX1",1.55070584699807e-92,1.8364875622589,0.635,0.084,6.71486645867106e-88
"PTPRO",2.22671681279944e-92,0.897958099872548,0.51,0.05,9.64212914278412e-88
"TRIM36",1.15803236806981e-91,0.695957231396126,0.519,0.052,5.01451176021588e-87
"ANP32B",2.94639789117406e-91,1.15136046010605,0.615,0.074,1.27584921483619e-86
"SPATA5",1.04253968056048e-90,1.72263279589272,0.827,0.144,4.514405324763e-86
"PPIH",1.06288363517562e-90,0.4811426950911,0.365,0.027,4.60249871703746e-86
"AC008691.1",1.18998341822608e-90,0.863740584544545,0.433,0.038,5.15286619760256e-86
"P2RY6",3.10267155236733e-90,0.58096457209976,0.346,0.025,1.3435188356061e-85
"FAM129A",6.77538074318339e-90,1.28427397072179,0.76,0.109,2.93387536941327e-85
"AC011933.4",2.0131938975195e-89,0.951137358772162,0.567,0.064,8.71753221503893e-85
"APOLD1",3.54466641593786e-89,1.82175658059872,0.51,0.055,1.53491145142941e-84
"MNDA",5.94757572721326e-89,0.897754623845153,0.519,0.054,2.57541924139789e-84
"NFATC2IP",7.76328494267192e-89,1.00836827498562,0.74,0.107,3.36165764587579e-84
"DDB2",8.98656571985526e-89,1.07746720811193,0.644,0.083,3.89136268801172e-84
"MCM6",1.30510956904071e-87,0.611802073053648,0.279,0.017,5.6513854558601e-83
"UBE2S",2.91851582825148e-87,0.848620437028866,0.288,0.018,1.26377572394946e-82
"CEP295",3.26203844960342e-87,1.13282070765592,0.644,0.084,1.41252788944727e-82
"NUP210",7.97637735937717e-87,1.06414627263212,0.673,0.091,3.4539309241575e-82
"MYBL1",1.86474976830917e-86,0.551482242528588,0.279,0.017,8.07473944673236e-82
"KIF24",4.44906520650462e-86,0.510577556588229,0.317,0.022,1.92653421572063e-81
"COQ2",1.81617162706453e-85,0.681133939272707,0.365,0.029,7.86438637951484e-81
"PRRG4",5.595680367623e-85,0.505938616478172,0.269,0.016,2.42304151278811e-80
"PIK3CD",1.05628964305923e-84,1.01100861420775,0.663,0.089,4.5739454123751e-80
"PAK1",1.72447972744896e-84,1.19123403859674,0.769,0.121,7.4673421157995e-80
"RTTN",2.04597405810449e-84,2.00392345450867,0.856,0.168,8.85947686640405e-80
"RASGEF1C",2.37310018705476e-84,1.27642257251651,0.721,0.104,1.02759984299845e-79
"LINC01736",4.21997530577417e-84,0.763617679945151,0.365,0.029,1.82733370690633e-79
"CMPK2",4.78917224441831e-84,0.483721714178226,0.269,0.017,2.07380736527802e-79
"PARP2",5.76187245152183e-83,0.492300770443245,0.327,0.024,2.49500600895798e-78
"SHISAL2A",6.45234749858882e-83,0.484622141142138,0.298,0.02,2.79399551383893e-78
"PBX3",8.52858234925372e-83,1.913649999553,0.788,0.142,3.69304672887385e-78
"GPR137C",1.81008933681993e-82,0.933680406873287,0.481,0.051,7.83804884629768e-78
"SAE1",2.95180118161038e-82,0.954927994680802,0.529,0.061,1.27818894766092e-77
"JPT2",4.71718808901062e-82,0.430487940552472,0.298,0.02,2.04263678630338e-77
"NEMP1",7.0666575119803e-82,0.813764210455205,0.385,0.034,3.06000403583771e-77
"MILR1",1.63133318129326e-81,0.537758592896314,0.423,0.039,7.06399894163608e-77
"IPCEF1",3.81385656981974e-81,1.58240152293631,0.856,0.153,1.65147617186335e-76
"POLD3",6.48130750015627e-81,1.14266024378182,0.596,0.08,2.80653577371767e-76
"STMN1",1.39700789390176e-80,0.941580005464762,0.635,0.087,6.04932358217339e-76
"LGALS9",1.59399537975623e-80,1.01956142130361,0.558,0.067,6.90231879342041e-76
"HNRNPAB",4.20644726551628e-80,0.55906049628922,0.375,0.032,1.82147579491386e-75
"RP2",7.87921356827853e-80,0.801133465928046,0.385,0.034,3.41185705933597e-75
"TMEM51",1.19336229438571e-79,1.16376331325492,0.712,0.108,5.16749740714898e-75
"TUBA1B",1.73754678551644e-79,2.29046989796413,0.913,0.216,7.5239250906433e-75
"S100A11",1.87049493387827e-79,1.0296605381694,0.615,0.082,8.09961716267967e-75
"BRI3BP",2.11641551202406e-79,0.861817202746662,0.5,0.056,9.16450245016658e-75
"SLFN11",5.50550952313304e-79,0.705669342328141,0.413,0.039,2.38399573370707e-74
"NUP107",1.78623200941816e-78,0.991766294210268,0.615,0.084,7.73474184718252e-74
"USP31",2.62451168164562e-78,0.70631051778485,0.51,0.058,1.13646604838618e-73
"SNRPB",3.05437315489416e-77,0.439367007129096,0.375,0.033,1.32260466353227e-72
"CCDC15",5.82396647664503e-77,0.512119554444199,0.288,0.02,2.52189396371683e-72
"LAIR1",7.72749706885413e-77,0.829126843101304,0.606,0.079,3.34616078075522e-72
"ABI3",8.01274532093885e-77,0.609536559596436,0.433,0.043,3.46967897887294e-72
"C1QB",8.7906840574064e-77,1.43789411654309,0.885,0.166,3.80654201053812e-72
"ITGAL",1.88980285708629e-76,0.772147200638738,0.49,0.055,8.18322433175507e-72
"PHTF2",1.98078201742537e-76,1.13398195989963,0.702,0.111,8.57718229185534e-72
"PARP14",3.28483438708464e-76,2.16253066906035,0.837,0.186,1.42239898629539e-71
"PFN1",6.49614932969639e-76,0.311746467761592,0.663,0.096,2.81296258274513e-71
"LINC01268",1.80968913191594e-75,0.5710939209056,0.442,0.046,7.83631587902241e-71
"CCDC73",4.86290860013993e-75,0.602326654214925,0.25,0.016,2.10573668203259e-70
"PLA2G4A",8.71735038790645e-75,1.20853184657973,0.692,0.107,3.77478706497125e-70
"ZNF519",1.40035129766287e-74,0.810965634966038,0.423,0.043,6.06380118913976e-70
"GLA",3.74046449428456e-74,0.429744111182487,0.337,0.028,1.6196959353151e-69
"RCC2",6.56195148719598e-74,0.823599576846315,0.635,0.091,2.8414562329856e-69
"IFI44",2.56098006564762e-73,0.979168577810483,0.51,0.063,1.10895558802673e-68
"CDKN2A",2.72397042612248e-73,0.527045925234186,0.317,0.025,1.17953367391955e-68
"MPHOSPH9",5.96260676195152e-73,1.14761962393372,0.75,0.132,2.58192798006025e-68
"LRRK1",6.50182493931305e-73,1.39222668579777,0.817,0.153,2.81542023522134e-68
"MLXIPL",6.66824652556397e-73,0.76402979050265,0.548,0.069,2.88748411049971e-68
"IFIT3",6.90542853711927e-73,1.03470144483674,0.452,0.051,2.99018866514339e-68
"SRGAP2C",2.2632478379857e-72,1.59969804655871,0.904,0.198,9.80031578804567e-68
"TBC1D31",3.12499662899348e-72,0.961316380404715,0.462,0.053,1.35318604028676e-67
"HPSE",3.93000833904801e-72,0.531270082289983,0.308,0.024,1.70177221097457e-67
"SASS6",4.49811231899771e-72,0.475039277339918,0.317,0.026,1.94777259637239e-67
"SAMD9L",1.0786262443063e-71,1.30380538148286,0.625,0.097,4.67066736309515e-67
"C1QC",1.12556343117938e-71,1.14302753090291,0.75,0.125,4.87391476969296e-67
"CGAS",1.39971234228373e-71,0.778105534475837,0.5,0.06,6.06103438455699e-67
"EPHB2",1.77071406694849e-71,0.912290682375211,0.51,0.064,7.66754605270036e-67
"DEK",2.04096964736255e-71,1.1133194736399,0.798,0.148,8.83780676700931e-67
"HMGN2",2.62719824771721e-71,1.09238001951402,0.635,0.098,1.1376293852265e-66
"MCUB",6.31063609404458e-71,0.938113747461317,0.529,0.069,2.73263164144319e-66
"CNTROB",6.69134387954977e-71,0.491854098171933,0.308,0.025,2.89748572672264e-66
"VAV1",9.79808436488223e-71,0.792369383451619,0.654,0.096,4.2427664916813e-66
"CTDSPL2",1.04957312366905e-70,1.25698146403424,0.788,0.151,4.54486154011173e-66
"FCGBP",1.42658627612157e-70,1.25509160804179,0.538,0.071,6.17740389286163e-66
"RMI1",2.25605247932995e-70,0.650225428667422,0.394,0.04,9.76915844599457e-66
"TAGAP",3.97526552625354e-70,0.737147056099087,0.365,0.034,1.72136947817831e-65
"AL390729.1",4.92958538961539e-70,0.505568724533992,0.288,0.022,2.13460906541126e-65
"CYBA",6.31606292630901e-70,0.850256784768076,0.788,0.136,2.73498156835033e-65
"IGF2BP3",2.46410402797148e-69,0.675538155606944,0.269,0.02,1.06700632619221e-64
"STK32B",2.60773426769062e-69,0.909936890172145,0.442,0.05,1.12920109259539e-64
"PIK3AP1",3.33007984867896e-69,1.2042967341951,0.769,0.136,1.44199117607496e-64
"CD226",4.29007402828755e-69,0.728955626157708,0.5,0.062,1.85768785572908e-64
"SRGAP2-AS1",4.78705924102531e-69,0.472664539560942,0.375,0.036,2.07289239254878e-64
"ATP8B4",8.31699635112961e-69,1.62530864088683,0.885,0.191,3.60142575996614e-64
"JPT1",9.38358665774684e-69,0.738013550806158,0.327,0.029,4.06328069453754e-64
"CTCF",9.57835129911446e-69,0.782838018880852,0.606,0.088,4.14761767954254e-64
"CXorf21",9.66150161739578e-69,0.606667686375457,0.337,0.03,4.18362343036472e-64
"HCK",1.33475860714962e-68,1.05402715979583,0.75,0.129,5.7797717206793e-64
"SUPT16H",1.70887984015375e-68,0.94002187146719,0.567,0.08,7.39979148383379e-64
"KMT5A",2.90746593692836e-68,0.773338526282994,0.558,0.077,1.25899090000872e-63
"ARHGAP25",3.47998124734577e-68,0.993748870323423,0.769,0.133,1.50690147972566e-63
"FCGR1A",8.79095643023774e-68,0.632126054109898,0.567,0.077,3.80665995342155e-63
"DBF4",8.90708034838643e-68,0.74952419073959,0.288,0.023,3.85694393245829e-63
"DTX3L",1.67659372190663e-67,0.640356256444049,0.433,0.049,7.2599861346001e-63
"CEP57L1",1.82034933279525e-67,0.965300954828072,0.452,0.054,7.88247668087e-63
"LAPTM5",2.51660127596497e-67,0.997191944904947,0.846,0.162,1.08973868451835e-62
"SUSD3",2.70167645170548e-67,0.41623262907592,0.298,0.024,1.16987993711751e-62
"PLCL2",4.12848813922093e-67,1.1971428148119,0.76,0.139,1.78771793404545e-62
"HAUS2",2.15521980009288e-66,0.590896598506494,0.356,0.035,9.33253277836218e-62
"DDX60",2.42227145863676e-66,0.963918729928908,0.5,0.067,1.04889198701889e-61
"JAK3",4.39551315615271e-66,0.690176486323432,0.587,0.084,1.90334510687725e-61
"TNFSF10",5.82825089578875e-66,0.4668180079363,0.317,0.028,2.52374920289444e-61
"TLR10",8.58172037364057e-66,0.528482853988764,0.356,0.035,3.71605655619384e-61
"CCND1",1.39639597892637e-65,0.64259610069555,0.356,0.035,6.04667386794697e-61
"CD300A",2.26781491021377e-65,0.533945311327836,0.49,0.061,9.82009212420769e-61
"USP1",2.73745308383565e-65,0.473801736895481,0.346,0.033,1.18537193436251e-60
"TBC1D9",3.55984249144213e-65,0.706962052899522,0.625,0.094,1.54148299564427e-60
"NUP93",8.18845394164158e-65,0.749391266857856,0.51,0.069,3.54576432580964e-60
"SLC16A3",9.14373558668601e-65,0.964541457120067,0.538,0.077,3.95942038374677e-60
"SLC20A1",9.38988891788231e-65,0.909072687884636,0.615,0.097,4.0660096992214e-60
"MAST2",1.0911915560323e-64,1.23011915128586,0.692,0.13,4.72507767593105e-60
"ITGAM",1.57156437734848e-64,0.842903804489761,0.587,0.087,6.80518806679441e-60
"WDR34",1.88399081998243e-64,0.480017010811542,0.269,0.021,8.15805704868792e-60
"RGS16",1.89712813893613e-64,1.32271190661062,0.49,0.066,8.21494426722123e-60
"EFHD2",2.23053537864676e-64,0.443086436363651,0.442,0.052,9.65866429661621e-60
"SYK",2.59215079531222e-64,1.2769445567488,0.904,0.195,1.1224531373861e-59
"LAT2",3.43223444549778e-64,1.05955322166436,0.75,0.135,1.48622615958945e-59
"KCNMB1",3.58439675756873e-64,0.581617614706144,0.365,0.037,1.55211548396241e-59
"PRKCD",3.9568507463972e-64,0.614503367801588,0.5,0.065,1.71339551020492e-59
"GMNN",6.59063914247264e-64,0.752535824776602,0.413,0.048,2.8538785614735e-59
"METTL4",6.87453632794395e-64,0.729103673204942,0.413,0.048,2.97681172072629e-59
"LY86",7.7030445832424e-64,1.09481936781816,0.798,0.15,3.33557236543562e-59
"TNFAIP8",8.12564227654699e-64,0.841031340079707,0.567,0.083,3.51856561859038e-59
"TUBGCP3",8.61742645614485e-64,0.982766934900227,0.683,0.122,3.73151800403984e-59
"EXOC6",1.34077350548749e-63,1.17592086321835,0.769,0.154,5.80581743346193e-59
"GSDMD",1.73195956038914e-63,0.486966855665312,0.423,0.049,7.49973128839707e-59
"ACTL6A",2.24908172465104e-63,0.567791338645786,0.337,0.033,9.73897368408393e-59
"BTG3",2.31899817777062e-63,0.566259349976593,0.394,0.043,1.00417259093823e-58
"TFEC",2.46157486655596e-63,1.01896811000179,0.692,0.119,1.06591114871606e-58
"ARHGAP33",2.55473422518862e-63,0.391102105860164,0.269,0.021,1.10625101419118e-58
"RASSF1",2.82895263415812e-63,0.676290943795636,0.481,0.061,1.22499306964315e-58
"SP140",3.7294106899467e-63,0.728955456283971,0.5,0.067,1.61490941696072e-58
"UBL7-AS1",4.85330899945311e-63,0.569145812436951,0.288,0.025,2.10157986294319e-58
"SLFN12",6.35838076111331e-63,0.405974134649401,0.25,0.019,2.75330603717729e-58
"HAT1",6.36748644954018e-63,0.879675914359956,0.529,0.077,2.75724898237989e-58
"OXCT1",7.61252934556375e-63,0.902266170675385,0.538,0.079,3.29637745721602e-58
"CD14",9.37398540287289e-63,1.142520302539,0.625,0.1,4.05912315915202e-58
"LMO2",1.40517731717047e-62,1.03786278937374,0.615,0.099,6.08469881881159e-58
"SPI1",3.78277253134727e-62,0.720258867773891,0.587,0.09,1.63801616152399e-57
"GUSB",3.88436529983491e-62,0.687774904804353,0.413,0.048,1.68200786213451e-57
"IRF8",4.51906353920086e-62,0.856073193332428,0.519,0.073,1.95684489374476e-57
"POLA1",4.68532326592852e-62,1.56801204358229,0.683,0.138,2.02883868061237e-57
"CNPY3",5.2401685225753e-62,0.804507607246028,0.558,0.082,2.26909777364556e-57
"CD53",5.4955338054841e-62,0.963698632481355,0.808,0.154,2.37967604845073e-57
"MTHFD2",1.69155865494348e-61,0.718122374381571,0.471,0.061,7.32478728763627e-57
"LILRB1",2.34138481822869e-61,0.669003276516237,0.529,0.073,1.01386645398939e-56
"LPAR6",2.39558543627279e-61,1.07861444811863,0.798,0.156,1.03733640561484e-56
"BAX",3.15372643338251e-61,0.54875634695711,0.404,0.047,1.3656266201833e-56
"KDELC2",5.02545959451543e-61,0.485289023535438,0.288,0.025,2.17612451361707e-56
"PIM1",5.65808152301857e-61,0.785010084031295,0.471,0.062,2.4500624610975e-56
"HK2",6.78999681156779e-61,0.884913411398406,0.635,0.106,2.94020441934508e-56
"SPTLC2",1.12593689695912e-60,1.3002407678099,0.837,0.189,4.87553195121239e-56
"RBBP7",1.24607985094106e-60,0.571061508756226,0.49,0.066,5.39577497054499e-56
"PGP",1.41369772017416e-60,0.688385806574138,0.577,0.09,6.12159386789816e-56
"LPCAT2",1.48463219179693e-60,1.26623864058755,0.856,0.184,6.42875431691906e-56
"MIR503HG",1.51643131716628e-60,0.6925645300618,0.298,0.027,6.56645088959343e-56
"SYNDIG1",1.88224750243307e-60,1.73271852542287,0.837,0.198,8.15050813503568e-56
"LIN52",2.3140902351961e-60,0.992723485670262,0.625,0.107,1.00204735364461e-55
"INTS7",4.11595872674794e-60,0.595716500095885,0.385,0.044,1.78229244785639e-55
"TLR3",5.90227121832088e-60,0.35691547253344,0.25,0.02,2.55580148295731e-55
"RABEP2",6.50523685275345e-60,0.516317647429049,0.385,0.043,2.8168976619793e-55
"CX3CR1",7.37667876364901e-60,0.542974093369208,0.51,0.07,3.19424943823529e-55
"CENPQ",1.21281980247607e-59,0.590762559247994,0.298,0.027,5.25175230868189e-55
"H2AFV",2.26396899307125e-59,0.870062606408958,0.567,0.091,9.80343853379711e-55
"CD180",2.27943768492192e-59,0.510494094279157,0.25,0.02,9.87042106324889e-55
"BLNK",3.46901936382289e-59,1.08733516630789,0.673,0.121,1.50215476492259e-54
"FOXP2",4.92313000595983e-59,1.21008655304035,0.74,0.147,2.13181375518073e-54
"LY6E",6.28832945694976e-59,0.494566848307861,0.317,0.031,2.72297242144838e-54
"HDAC9",8.73782894004797e-59,1.24475843960301,0.856,0.192,3.78365468761957e-54
"HPRT1",9.021208371734e-59,0.809042936709267,0.548,0.084,3.90636364912826e-54
"RAP1GAP2",9.35180726106749e-59,0.826097612958274,0.606,0.1,4.04951958018744e-54
"APBB1IP",1.13717047590652e-58,1.83203620082668,0.933,0.257,4.9241755947704e-54
"STAT1",1.30405828216299e-58,1.03775030520915,0.577,0.096,5.64683317342219e-54
"CD4",1.56980511854317e-58,0.625149812403387,0.51,0.072,6.79757012431562e-54
"EIF2AK2",1.93708496717048e-58,1.47305709854323,0.721,0.162,8.3879653248416e-54
"ATL3",3.11339926508191e-58,0.768663602577116,0.529,0.081,1.34816414976577e-53
"IFIH1",3.45286846682611e-58,0.489233888018257,0.375,0.042,1.49516110350504e-53
"IRF7",3.65615771271971e-58,0.642795240771116,0.404,0.049,1.58318941276189e-53
"POU2F2",4.77743100003876e-58,0.830924942133614,0.712,0.13,2.06872317163678e-53
"RCCD1",5.27584543314494e-58,0.427810050212655,0.25,0.02,2.28454658946042e-53
"C1QA",5.42570576939251e-58,0.877540206056583,0.683,0.122,2.34943911226234e-53
"EMB",5.73405776013889e-58,0.554463241630069,0.404,0.048,2.48296169129534e-53
"FCER1G",6.12333689830761e-58,0.600558691323118,0.548,0.081,2.65152734370516e-53
"PAXIP1",6.42434796309164e-58,0.650680874707706,0.442,0.058,2.78187115497794e-53
"MBD4",6.65724782587911e-58,0.671289649969967,0.596,0.097,2.88272145356217e-53
"NUP205",9.06621262281232e-58,0.667632825156471,0.558,0.088,3.92585138993019e-53
"NLRC5",9.10371425975771e-58,0.678203116614252,0.577,0.093,3.94209034876028e-53
"TUBGCP5",1.11734905311467e-57,0.487802263409264,0.423,0.053,4.83834486979712e-53
"DDX60L",1.16104296603064e-57,1.10726172183148,0.567,0.094,5.02754825150588e-53
"TBC1D4",1.29943914705412e-57,0.990303988598427,0.673,0.123,5.62683139457377e-53
"AP001347.1",1.47376554017096e-57,0.948069180878245,0.471,0.067,6.38169954204829e-53
"ACER3",1.63828795505125e-57,1.40844022254768,0.856,0.225,7.09411450296293e-53
"CACNA1D",1.77731523819765e-57,1.10727649248364,0.663,0.123,7.69613044444348e-53
"SFT2D2",2.4684550385329e-57,0.697352993490542,0.596,0.097,1.06889040078552e-52
"DOCK8",2.582291395361e-57,1.66555171581256,0.962,0.271,1.11818382001922e-52
"DENND3",2.76518415756391e-57,1.34088135781832,0.875,0.205,1.19738004390833e-52
"RAD21",3.26468373218959e-57,0.892991985932183,0.654,0.118,1.41367334971273e-52
"P2RY12",5.60396856883452e-57,0.662210292368064,0.606,0.1,2.42663046967672e-52
"LY96",5.77907369307241e-57,0.684936158283893,0.558,0.086,2.50245449057421e-52
"TGFBR1",8.37953631238522e-57,1.28325408663005,0.865,0.209,3.62850681398905e-52
"NVL",8.8990621109131e-57,0.816402119208656,0.577,0.095,3.85347187526759e-52
"HAUS6",1.15684006647483e-56,0.58333629536232,0.327,0.034,5.00934885584929e-52
"ALOX5",1.63106354981874e-56,0.98001924391897,0.74,0.146,7.06283138342509e-52
"SRGAP2B",1.63656916327225e-56,1.7111266551257,0.846,0.226,7.08667179080149e-52
"RFC2",2.22084977851986e-56,0.618815605022896,0.298,0.029,9.61672371094668e-52
"SAMSN1",2.35175305492143e-56,1.03446627051079,0.846,0.183,1.01835610784208e-51
"SOGA1",2.72886821472773e-56,0.931679845297442,0.577,0.098,1.1816545143414e-51
"CEP192",2.78490641509963e-56,1.44566614966982,0.788,0.196,1.20592017586644e-51
"IGSF21",4.81710756085457e-56,1.10761401158935,0.606,0.104,2.08590391600125e-51
"BUB3",5.12571441182523e-56,0.588655466941569,0.471,0.066,2.21953685460856e-51
"AC244021.1",1.22847498522762e-55,0.820858769555546,0.721,0.138,5.31954238103264e-51
"FLI1",1.31149862168493e-55,1.16224522671874,0.846,0.189,5.67905133162008e-51
"NDE1",1.81918209148353e-55,0.7553291116285,0.442,0.061,7.87742229254199e-51
"MSR1",1.96166070868285e-55,1.08378380853831,0.702,0.135,8.49438320073848e-51
"FGFR1OP",3.57638669965292e-55,0.831661882219478,0.596,0.104,1.54864696868371e-50
"BACH1",3.58123604045436e-55,1.38593700493042,0.865,0.224,1.55074683023755e-50
"ITGB2",4.37181413503164e-55,0.726272557205749,0.625,0.108,1.8930829567514e-50
"CSF1R",5.53087439006472e-55,0.837632811781985,0.875,0.188,2.39497922838582e-50
"CCHCR1",6.25000201366889e-55,0.426878597578487,0.269,0.024,2.7063758719589e-50
"LILRB4",6.47688891487698e-55,0.596695313613042,0.433,0.057,2.80462243792003e-50
"HAVCR2",7.85030699997648e-55,0.985761109532688,0.712,0.142,3.39933993712982e-50
"XAF1",8.67375553717348e-55,1.2758190202987,0.721,0.158,3.75590962270686e-50
"WDFY4",9.71350037318006e-55,1.17527700212967,0.702,0.142,4.20613993159443e-50
"SLC8A1",1.01145347372751e-54,1.76262011344515,0.933,0.304,4.37979583193485e-50
"PRKDC",1.1384412506989e-54,1.23292322892258,0.817,0.201,4.92967830377637e-50
"UCP2",1.31234891904809e-54,0.691463272739735,0.308,0.031,5.68273328926202e-50
"LINC00278",1.91648310637921e-54,1.11508270368583,0.577,0.1,8.29875514724325e-50
"SAMHD1",2.01197870750227e-54,0.973545722094009,0.712,0.144,8.71227019922632e-50
"UNC93B1",2.30361321476479e-54,0.618175249539163,0.519,0.08,9.9751059425745e-50
"GTPBP2",2.5357936089135e-54,0.520002465461386,0.356,0.041,1.09804934853172e-49
"A2M",2.82641793020522e-54,0.851154917185166,0.74,0.15,1.22389549213746e-49
"IL17RA",3.51080346260088e-54,0.840262415802044,0.75,0.152,1.52024811537543e-49
"VRK2",4.07148944274746e-54,0.912251330587884,0.558,0.093,1.7630363584985e-49
"NCKAP1L",4.26050832650762e-54,0.909925244479935,0.683,0.126,1.84488531554433e-49
"DGCR8",4.26306745684053e-54,0.439707197894069,0.404,0.051,1.84599347016108e-49
"SCIN",4.8583983599268e-54,1.31085753067349,0.721,0.151,2.1037836578155e-49
"PTPN7",5.0506069477872e-54,0.471283453402668,0.308,0.032,2.18701382053081e-49
"TRAF3IP3",6.32613945169152e-54,0.452496183517097,0.471,0.066,2.73934490537146e-49
"SCLT1",9.03600339150624e-54,1.52919760803679,0.817,0.208,3.91277018859003e-49
"RNPEPL1",9.82584798895134e-54,0.378646474590363,0.365,0.043,4.25478869617571e-49
"RGS10",1.07275277194777e-53,0.974974520255688,0.635,0.117,4.64523405308822e-49
"CKAP5",1.15907126507821e-53,1.25206488849481,0.635,0.126,5.01901039204165e-49
"MYO1F",1.30513150543017e-53,0.977962019989008,0.808,0.175,5.65148044481374e-49
"ACYP1",1.61388053476059e-53,0.612701085482054,0.413,0.055,6.98842549162031e-49
"SMC3",1.74305977926484e-53,0.815406343991723,0.548,0.09,7.54779745617261e-49
"SMCO4",1.98577519087076e-53,0.525995374281002,0.394,0.049,8.59880373150854e-49
"DOCK2",2.95612607002799e-53,1.32527576656292,0.885,0.222,1.28006171084352e-48
"CORO1A",3.0437990204772e-53,0.49744836800065,0.423,0.056,1.31802585184704e-48
"CCR1",3.06326058417011e-53,0.483576777656896,0.356,0.041,1.32645309815734e-48
"TMEM156",3.16893701817118e-53,0.706662077858578,0.529,0.083,1.37221310760849e-48
"SRGAP2",4.20132461022193e-53,1.66533113016858,0.933,0.295,1.8192575827183e-48
"RUBCNL",4.94295654192268e-53,0.828049624501152,0.702,0.137,2.14039904178336e-48
"C12orf75",6.35862661003803e-53,0.638605884809147,0.442,0.061,2.75341249467867e-48
"ABCC4",8.34057502292952e-53,1.41785127284046,0.856,0.231,3.61163579642894e-48
"LRRC20",8.79022859901942e-53,0.456253537031151,0.269,0.025,3.80634478794739e-48
"LRRK2",1.29284731712576e-52,0.944424528768572,0.712,0.146,5.59828745261794e-48
"HLA-DQA1",1.53942644528318e-52,0.277823009887106,0.288,0.028,6.66602439336524e-48
"DAPP1",1.80987951185847e-52,0.303432001999906,0.288,0.028,7.83714026224954e-48
"SP100",1.87646048231669e-52,1.00352302571636,0.846,0.192,8.12544918052773e-48
"DCAF12",1.97630581448919e-52,0.564767629695711,0.375,0.046,8.55779943790109e-48
"RPA1",2.06048127782752e-52,0.723982899014831,0.5,0.079,8.92229602924874e-48
"CPPED1",2.74456880598937e-52,0.590889353853094,0.452,0.064,1.18845318436952e-47
"G2E3",3.24442154983425e-52,1.0305824761626,0.5,0.08,1.40489941950923e-47
"C3",7.96010775377386e-52,1.26198862105887,0.846,0.214,3.44688585953916e-47
"GNB4",8.76457454750026e-52,0.997570699457318,0.827,0.193,3.79523607055856e-47
"ZC3HAV1",1.22934035950131e-51,0.77869428928936,0.798,0.177,5.32328962471256e-47
"HLA-DRB1",1.65805062217932e-51,0.791027787167129,0.702,0.14,7.17969080416088e-47
"SLF1",1.67894567027319e-51,0.637518959152111,0.452,0.066,7.27017054141696e-47
"CD69",1.92556310511758e-51,0.361957138497236,0.269,0.026,8.33807335778016e-47
"SNX10",2.08495234406646e-51,0.572043385142758,0.452,0.066,9.02826064027659e-47
"JAK2",3.01183107448411e-51,1.18798898237577,0.798,0.199,1.30418309187311e-46
"CBL",3.26755629733083e-51,0.868397474299748,0.731,0.155,1.41491722787019e-46
"LCP2",3.3276855238845e-51,0.694857565377885,0.596,0.105,1.44095438555247e-46
"TRIM22",4.07455128570191e-51,0.825396289969342,0.635,0.121,1.76436219773464e-46
"IFIT1",4.75250232357546e-51,0.460487042173194,0.317,0.035,2.05792855615465e-46
"SRSF2",5.22030985948788e-51,0.846396402226154,0.673,0.139,2.26049857535544e-46
"IFI16",5.67335752820397e-51,1.29482127481426,0.904,0.259,2.45667727686288e-46
"ARHGAP22",6.72769885498935e-51,1.03476644531824,0.827,0.192,2.91322815818749e-46
"FBXO34",6.92027173890001e-51,1.04277578418812,0.615,0.118,2.99661606837848e-46
"VPS29",7.56306748579888e-51,0.683707556159103,0.644,0.124,3.27495948270063e-46
"HMGXB4",9.2143707702892e-51,0.601895821434507,0.548,0.094,3.99000683095063e-46
"IRAK3",1.01155320674471e-50,1.10495512552289,0.731,0.153,4.38022769584595e-46
"NUP50",1.37787351500969e-50,0.434246789155191,0.375,0.048,5.96646789469497e-46
"ARHGAP15",1.53618606660538e-50,1.40955976439284,0.885,0.237,6.65199290561461e-46
"FKBP15",1.7600493457861e-50,0.90673286487132,0.663,0.134,7.62136567712297e-46
"QSER1",1.88798474208341e-50,0.970270680425908,0.692,0.148,8.17535153016957e-46
"SLC8A1-AS1",1.98689260536369e-50,0.787006089449803,0.346,0.042,8.60364235974584e-46
"CDKN2B-AS1",2.14332844817976e-50,0.465293660630361,0.279,0.028,9.281040846308e-46
"AKR1A1",2.25104645014542e-50,0.65549230379297,0.49,0.076,9.74748133841968e-46
"TCIRG1",2.36091139867632e-50,0.547829733377576,0.288,0.03,1.02232185385482e-45
"CDK5RAP2",2.38518502603195e-50,1.20525482899229,0.779,0.197,1.03283281997235e-45
"IL4R",2.66514636225616e-50,0.768938055132515,0.615,0.114,1.15406167778416e-45
"HERC6",2.70027560242569e-50,0.675774714228798,0.404,0.056,1.16927334136237e-45
"ARHGDIB",2.8815601721104e-50,0.696590207902016,0.481,0.074,1.24777318572725e-45
"CCP110",2.94701644647362e-50,0.666488862740761,0.529,0.088,1.27611706165201e-45
"CCM2",3.23065825259233e-50,0.91137915519159,0.721,0.155,1.39893963653753e-45
"DOCK10",3.52463179502619e-50,1.29760905135401,0.913,0.259,1.52623605988224e-45
"SRSF10",3.55329836157224e-50,1.04891551947517,0.721,0.164,1.53864925652801e-45
"FAM102B",4.02266302040236e-50,0.761303491016199,0.596,0.107,1.74189354109463e-45
"SPP1",4.37166763130386e-50,1.64579453774876,0.933,0.31,1.8930195177072e-45
"RUNX1",5.71671946824482e-50,1.58396353290523,0.933,0.279,2.47545386413937e-45
"VAPB",5.99557368203744e-50,0.790694766725315,0.577,0.105,2.59620331579585e-45
"FAM96A",6.24383974674469e-50,0.536220082696733,0.365,0.046,2.70370748713539e-45
"PARP9",7.56362163828862e-50,1.06514928484652,0.702,0.157,3.27519944181174e-45
"CTSZ",8.50572151346367e-50,0.773585069595924,0.644,0.124,3.68314752976004e-45
"FMN1",8.51008618748912e-50,0.679382429213808,0.856,0.196,3.68503752090654e-45
"SRSF7",9.02502357583756e-50,1.07165512230801,0.75,0.176,3.90801570880918e-45
"LPAR5",1.00338163387102e-49,0.602822139510365,0.404,0.055,4.3448431509883e-45
"LPAR1",1.03486874605056e-49,0.942623393209287,0.548,0.097,4.48118864414815e-45
"MGAT4A",1.15248876694338e-49,1.49687652503429,0.865,0.249,4.99050685861823e-45
"SLC7A7",1.19723524652462e-49,0.568743283661247,0.413,0.057,5.18426806450089e-45
"C15orf41",1.2303448630561e-49,0.989884338237511,0.529,0.091,5.32763932600554e-45
"ABCA7",1.28188020342371e-49,0.391579410704739,0.269,0.027,5.55079765686533e-45
"TPM3",1.28507115481252e-49,0.755828009974469,0.615,0.118,5.56461511456919e-45
"PATL1",1.39172938158775e-49,0.760684667714716,0.471,0.074,6.02646656815126e-45
"FSCN1",2.43008300084224e-49,0.526358411274992,0.385,0.05,1.05227454102471e-44
"DLEU2",4.48414968086405e-49,1.9687389695677,0.894,0.358,1.94172649480775e-44
"PARP1",6.76892042124987e-49,0.604161189950045,0.51,0.084,2.93107792080962e-44
"STAB1",6.98839811321393e-49,0.485118725686483,0.442,0.064,3.0261161509839e-44
"PRKCB",7.2891613012462e-49,1.18602760993793,0.808,0.203,3.15635262666563e-44
"SLC2A5",8.75115573767897e-49,0.735830080609212,0.75,0.158,3.78942545752975e-44
"MIR646HG",8.90179787638337e-49,0.850538954405098,0.673,0.138,3.85465651643153e-44
"AC011447.3",9.70594654684977e-49,0.630245403025846,0.317,0.037,4.20286897371689e-44
"RAB39A",1.40620524983439e-48,0.607436433269299,0.423,0.061,6.08914997283288e-44
"TADA2A",1.70510091489858e-48,0.568751238139084,0.404,0.057,7.38342798169381e-44
"APMAP",1.83597357209008e-48,0.734478425916163,0.673,0.137,7.95013276186448e-44
"GAL3ST4",2.18870067382961e-48,0.330930721528564,0.327,0.038,9.47751165781697e-44
"NFATC2",2.38241607037302e-48,1.11793442132345,0.837,0.216,1.03163380679293e-43
"RAPH1",2.87431077253332e-48,0.917299274213273,0.692,0.155,1.24463405072238e-43
"ATG16L2",2.90005784607187e-48,0.710913747115737,0.587,0.108,1.25578304850604e-43
"SH2D3C",3.01147066384117e-48,0.396376833179888,0.279,0.029,1.3040270268565e-43
"SUZ12",3.20261935480433e-48,1.00411544245239,0.788,0.199,1.38679823301737e-43
"C4orf33",3.382167838294e-48,0.391324139741622,0.288,0.031,1.46454631733807e-43
"NANS",3.42713112004379e-48,0.27399271468013,0.337,0.04,1.48401631760136e-43
"PLEK",3.73335494104847e-48,0.788004285511923,0.452,0.068,1.61661735657281e-43
"PRKD3",4.15928921120049e-48,0.773960214769844,0.74,0.162,1.80105541423404e-43
"CD74",6.17261619841891e-48,0.699618732760447,0.952,0.26,2.67286626623936e-43
"GRB2",6.74640219986781e-48,1.54849112292322,0.817,0.233,2.92132708058676e-43
"SUMO3",7.69042202679657e-48,0.298023543801248,0.346,0.043,3.33010654604345e-43
"MIR34AHG",7.85640950746404e-48,0.6600166488808,0.471,0.075,3.40198244492208e-43
"WAS",8.88252102321241e-48,0.417286853724463,0.356,0.045,3.84630925347144e-43
"SP140L",1.02030381451816e-47,0.507785710146505,0.404,0.056,4.41811957762655e-43
"INPP5D",1.10997053815622e-47,1.27398334274602,0.846,0.223,4.80639442432406e-43
"CNTLN",1.41854389355606e-47,1.06721385444466,0.769,0.188,6.14257876787644e-43
"PKP4",1.77553098246163e-47,1.07184942091221,0.577,0.112,7.68840426025534e-43
"PPM1G",1.90462357143201e-47,0.745973310143769,0.462,0.074,8.24740098901491e-43
"PRAM1",2.10001507872072e-47,0.486108759561488,0.5,0.081,9.09348529387647e-43
"RALY",2.22034284925213e-47,0.895289437562488,0.673,0.144,9.61452860583156e-43
"SLC27A4",2.26196603879454e-47,0.58401660478007,0.423,0.063,9.79476534118811e-43
"USP37",2.33605265808609e-47,0.863368064775597,0.673,0.146,1.01155752200444e-42
"ARHGAP27",2.37122928371669e-47,0.500875461579594,0.404,0.057,1.026789704435e-42
"AC074327.1",2.43078537086766e-47,0.917842203776406,0.827,0.194,1.05257868129311e-42
"SP3",3.1248305647562e-47,0.897392141788658,0.731,0.168,1.35311413115073e-42
"USP12",3.40768518377549e-47,0.756357998655128,0.519,0.09,1.47559583827846e-42
"CSK",3.89769178906906e-47,0.449300273185734,0.433,0.065,1.68777849850268e-42
"DCP2",4.60926791971495e-47,1.01648815324519,0.606,0.123,1.99590519459497e-42
"RPS6KA1",5.25572439155421e-47,0.571684236332324,0.481,0.077,2.2758337760308e-42
"RNF168",5.81381143963102e-47,0.68392101420486,0.538,0.096,2.51749662958903e-42
"CLCN5",7.36403703454524e-47,0.513292024408645,0.49,0.08,3.18877531669878e-42
"NIPA2",7.36623732212906e-47,0.533450814641221,0.413,0.06,3.18972808522832e-42
"FGL2",7.6281537500721e-47,0.485134426453247,0.337,0.042,3.30314313685622e-42
"ZMYM1",7.98806822573635e-47,0.630123393651523,0.394,0.057,3.45899330310835e-42
"RNPEP",8.93416782794267e-47,0.528025116889845,0.375,0.051,3.86867335285573e-42
"SLC2A13",9.60845814786269e-47,0.819776549416761,0.683,0.143,4.1606545471875e-42
"GPRIN3",1.01385748034189e-46,0.80652641508799,0.692,0.144,4.39020566137645e-42
"CD37",1.01450615501632e-46,0.460923306058668,0.462,0.071,4.39301455245167e-42
"LYN",1.04571252015741e-46,1.30685101559155,0.837,0.231,4.5281443547856e-42
"EVI2B",1.11233709232263e-46,0.418279143830784,0.298,0.034,4.81664207717547e-42
"SPDYE2",1.3147015179653e-46,0.498462848130412,0.327,0.041,5.69292051309332e-42
"AC025569.1",1.32562148730491e-46,0.578147513720393,0.452,0.069,5.74020616432771e-42
"CARD8",1.37793831596626e-46,0.674898692097924,0.654,0.133,5.96674849579709e-42
"TDRD7",1.51212184405514e-46,0.554854971099052,0.433,0.066,6.54779000912758e-42
"CASP8AP2",1.68325734543948e-46,0.782427063185585,0.548,0.103,7.28884095722205e-42
"HIST1H4C",1.83273740334403e-46,0.794962555035621,0.375,0.052,7.93611950396034e-42
"EFCAB11",3.22373909321206e-46,0.798693830186009,0.5,0.086,1.39594350214269e-41
"TYMP",3.29427380574967e-46,0.822919335027445,0.567,0.106,1.42648644336572e-41
"VKORC1L1",3.60011084203533e-46,0.715555880258324,0.51,0.09,1.55891999681814e-41
"NLGN4Y",7.50311945527632e-46,1.16379087557003,0.538,0.105,3.24900078652375e-41
"SH3TC1",7.7408618740607e-46,0.63578598812966,0.596,0.113,3.35194800870577e-41
"PLCB2",8.23756298023842e-46,0.400436315360292,0.413,0.06,3.56702952170284e-41
"C2CD3",9.36828730061892e-46,0.631207922175967,0.529,0.095,4.056655766914e-41
"RBM15",1.1429520173089e-45,0.305872885213399,0.279,0.03,4.94921082535099e-41
"MGME1",1.14322986645698e-45,0.528153023673304,0.356,0.048,4.95041396773201e-41
"RB1",1.19686326068673e-45,1.50843462150672,0.904,0.351,5.18265729142567e-41
"GPSM2",1.28959444825882e-45,1.16239782002726,0.529,0.103,5.58420187985033e-41
"PYCARD",1.34647476376205e-45,0.308965499522078,0.279,0.03,5.83050502204244e-41
"SLC11A1",1.3583797540732e-45,0.873618889040619,0.788,0.182,5.88205601108778e-41
"SH3KBP1",1.53926499968722e-45,1.15105462242892,0.827,0.215,6.6653253016456e-41
"FAM49B",1.83880034052233e-45,1.5105918773609,0.923,0.314,7.96237323452981e-41
"FAR2",1.90103886399461e-45,0.812084755004408,0.567,0.107,8.23187848886948e-41
"SUGP2",2.21016329078639e-45,0.875434690431325,0.779,0.197,9.57044908176321e-41
"FYB1",2.3647321984536e-45,0.960317954335448,0.894,0.227,1.02397633657438e-40
"SDK1",2.44067219438373e-45,1.31968566206587,0.885,0.265,1.05685987361204e-40
"EXOSC8",2.62135690636662e-45,0.347400167739629,0.346,0.045,1.13509996759487e-40
"PLB1",2.63098645038827e-45,0.506916584275221,0.356,0.047,1.13926975274713e-40
"BTK",2.90182986698096e-45,0.471119845393929,0.356,0.047,1.25655036900009e-40
"CFL1",3.60462448789506e-45,0.839182596981479,0.692,0.159,1.56087449574832e-40
"SERPINF1",3.85673824931811e-45,0.267809595386536,0.269,0.029,1.67004479671973e-40
"IL18",4.58311971961049e-45,0.526514822037809,0.644,0.127,1.98458250098573e-40
"PSMB9",6.47989158193822e-45,0.457034914571309,0.346,0.046,2.80592265281089e-40
"AIF1",6.87205355935672e-45,0.757606921273317,0.413,0.062,2.97573663227265e-40
"PCNT",6.89802615741305e-45,0.576905344091111,0.49,0.084,2.986983286683e-40
"FCGR3A",7.98531793727183e-45,0.35656225619567,0.548,0.097,3.45780237319745e-40
"EML4",1.14977497074782e-44,1.18044531393893,0.788,0.212,4.9787555783322e-40
"USP10",1.40965228114539e-44,0.616579528451795,0.654,0.138,6.10407630781576e-40
"RCSD1",1.80177779999347e-44,0.631663452445859,0.683,0.142,7.80205822953171e-40
"DISC1",1.98495658542416e-44,1.10704589087336,0.846,0.223,8.59525900620372e-40
"VASH1",2.07713357264375e-44,0.633303560029671,0.529,0.095,8.99440379626199e-40
"IKZF1",2.57801326748261e-44,0.709188077498696,0.788,0.183,1.11633130508532e-39
"RCOR1",2.58747973045606e-44,1.1660223135522,0.673,0.162,1.12043047288208e-39
"PHACTR4",2.89784176465737e-44,1.113575759396,0.798,0.22,1.25482344093194e-39
"ALOX5AP",3.07597368580093e-44,0.703580853005406,0.433,0.068,1.33195812542552e-39
"IKBKE",3.08601444812426e-44,0.549122405848688,0.317,0.04,1.33630597632677e-39
"PARP12",4.66166501563124e-44,0.604187701994697,0.375,0.054,2.01859418506864e-39
"LRMDA",4.93182692954309e-44,1.86459947845267,0.923,0.425,2.13557969703075e-39
"MAN2B1",4.96377752081657e-44,0.448940465034927,0.365,0.051,2.14941494206399e-39
"TOP3A",5.10142232859007e-44,0.496507779190136,0.346,0.047,2.20901789672607e-39
"AP001011.1",5.56081864852902e-44,0.405906202625947,0.317,0.04,2.40794569118604e-39
"SLF2",5.87859784154353e-44,0.788934318141141,0.702,0.164,2.54555043734518e-39
"SFI1",6.82767305195405e-44,0.504539573750679,0.442,0.071,2.95651898495714e-39
"TMUB1",7.05305626553966e-44,0.491342304002565,0.26,0.028,3.05411442410398e-39
"HNRNPA1",8.59568176140416e-44,0.515892380218659,0.548,0.105,3.72210211632323e-39
"LINC02232",9.8313226587077e-44,0.996091540776431,0.587,0.118,4.25715933767361e-39
"EEFSEC",9.9006184537981e-44,0.814266110679978,0.548,0.106,4.28716580286365e-39
"RGS1",1.01991852493899e-43,0.833938052185294,0.615,0.126,4.41645119669083e-39
"ELMO1-AS1",1.02130422819709e-43,0.455980484092004,0.298,0.035,4.42245156893902e-39
"ZNF107",1.16516796935415e-43,0.575264489418633,0.394,0.059,5.04541034089735e-39
"SMC6",1.23502834841878e-43,0.697887152606071,0.548,0.106,5.34791975432302e-39
"KCNQ1",1.25194975270003e-43,0.901998403285742,0.577,0.115,5.42119281914167e-39
"MRC2",1.38511945085329e-43,0.731476086405133,0.51,0.093,5.99784424608491e-39
"ARHGAP9",1.47718696205845e-43,0.286272043197394,0.26,0.028,6.3965149831055e-39
"PTBP1",1.65115699062211e-43,0.668134807835364,0.442,0.073,7.14984000079188e-39
"SNX5",2.01707894852366e-43,0.532644771005919,0.529,0.098,8.73435526289714e-39
"MRE11",2.10605199606952e-43,0.551809861400578,0.423,0.066,9.11962635338022e-39
"RHOA",2.25511202846772e-43,0.772195476504555,0.702,0.165,9.76508610567091e-39
"ENTPD1",2.36855612331274e-43,0.966725608173785,0.788,0.202,1.02563217251688e-38
"LCORL",2.43230470854329e-43,1.29172808978039,0.798,0.229,1.05323658489342e-38
"PACSIN2",2.53092835211427e-43,1.04090190338178,0.76,0.195,1.09594259503252e-38
"CYFIP1",2.58735804170391e-43,1.19262996542869,0.865,0.258,1.12037777921863e-38
"CNOT1",3.0223368549613e-43,0.857153003836494,0.663,0.154,1.30873230493534e-38
"ST8SIA4",3.56815985446902e-43,0.696777996996341,0.596,0.118,1.54508458018218e-38
"TMC7",4.39504963841448e-43,0.461153232966196,0.337,0.045,1.90314439442624e-38
"DAGLB",4.47545256379922e-43,0.596619546427785,0.462,0.077,1.93796046917634e-38
"SOCS6",4.88863992688214e-43,0.953339554868026,0.644,0.144,2.1168788611385e-38
"SFMBT1",4.90279532957177e-43,0.654862191352381,0.442,0.074,2.12300843361117e-38
"YWHAH",6.55529209447086e-43,0.395587927381473,0.49,0.085,2.83857258274777e-38
"CNOT10",6.6145990651294e-43,0.712111474715763,0.529,0.101,2.86425368718233e-38
"SUSD6",6.70101078282961e-43,0.796176933934215,0.827,0.211,2.90167168918088e-38
"PIK3R6",7.61759883763123e-43,0.373495584078018,0.298,0.036,3.29857264867107e-38
"CBFB",7.76374955548926e-43,1.22197935094288,0.76,0.214,3.36185883251796e-38
"OLR1",8.05407244653868e-43,0.736940396144243,0.529,0.099,3.48757445080018e-38
"SRPK1",8.27815548892723e-43,0.610017080414266,0.462,0.079,3.58460688981527e-38
"GXYLT1",8.37562534285981e-43,0.458794959257764,0.413,0.065,3.62681328596516e-38
"SKP2",8.48547890755911e-43,0.519511004723573,0.308,0.039,3.67438207655124e-38
"NUP85",8.73795271697235e-43,0.409168341176232,0.385,0.057,3.78370828550337e-38
"BIN2",9.54569801971667e-43,0.510203485836627,0.423,0.066,4.13347815649771e-38
"TGFB1",1.06365495243702e-42,0.686927258837723,0.567,0.113,4.60583867504277e-38
"RANBP1",1.06793599746075e-42,0.411316122017514,0.308,0.039,4.62437645620454e-38
"CEP57",1.20654287747169e-42,0.864196695219013,0.577,0.122,5.22457196802792e-38
"TYROBP",1.29381748311274e-42,0.475111672978637,0.567,0.109,5.6024884653748e-38
"MAP3K1",1.66301697988224e-42,0.644281578364449,0.596,0.121,7.20119612628606e-38
"RIF1",1.84705420048116e-42,0.784275955355629,0.75,0.191,7.99811409892353e-38
"CMTM7",2.05224701533394e-42,0.516406099618377,0.558,0.105,8.88664002579903e-38
"IMMT",2.46906362917791e-42,0.77509951343752,0.5,0.094,1.06915393270662e-37
"AP4E1",3.49389042112739e-42,0.787476044254947,0.481,0.087,1.51292443015658e-37
"SLC6A6",3.73716849335036e-42,0.394035658276458,0.317,0.041,1.61826870099057e-37
"SCMH1",4.09206363283496e-42,1.38681819781829,0.808,0.249,1.7719453942902e-37
"DTNB",4.11843218683429e-42,1.14122475341903,0.817,0.242,1.78336350554298e-37
"PTPN2",5.14552239127914e-42,1.02478873841949,0.798,0.217,2.22811410587169e-37
"ANKRD13A",6.93553810501643e-42,0.483576414694907,0.423,0.069,3.00322671023422e-37
"FANCL",7.84422553395246e-42,0.649661732832463,0.548,0.108,3.3967065407121e-37
"DEF6",8.67969651894195e-42,0.452578971322065,0.375,0.055,3.75848218663224e-37
"IFNGR2",9.14070820527472e-42,0.893060001523792,0.731,0.186,3.95810946704806e-37
"STAG1",9.18890375095624e-42,1.73363280653833,0.885,0.401,3.97897910223907e-37
"DCAF15",1.02266257127605e-41,0.528051797291931,0.288,0.035,4.42833346613957e-37
"PPARD",1.05684303324498e-41,1.09016522467389,0.76,0.204,4.57634170255742e-37
"ETV5",1.17552665514697e-41,0.662389414756771,0.471,0.083,5.09026552211739e-37
"P2RX7",1.22862215374985e-41,0.759487200372903,0.654,0.145,5.32017965016761e-37
"TRIM14",1.35172892624844e-41,0.59010149985396,0.452,0.078,5.85325659644101e-37
"NPC2",1.45626077523363e-41,0.724213908440429,0.548,0.11,6.30590040891664e-37
"CENPC",1.59526007225782e-41,0.913070386251637,0.635,0.147,6.90779516489083e-37
"RBM14-RBM4",1.93928017285546e-41,0.465321244137967,0.423,0.068,8.3974710044987e-37
"ODF2",2.03607536129644e-41,0.474393415403857,0.346,0.049,8.81661352948584e-37
"EFL1",2.09071322958513e-41,0.562270893057397,0.433,0.072,9.05320642674953e-37
"AC078883.1",2.25551511117731e-41,0.43992254158707,0.25,0.027,9.76683153441999e-37
"IPO9",2.30312486742835e-41,0.758596201432405,0.663,0.156,9.97299130093826e-37
"EHD4",2.33856653739354e-41,0.399085698594588,0.365,0.053,1.01264608202215e-36
"R3HCC1L",2.37519207360193e-41,0.763528228057563,0.644,0.145,1.02850567171111e-36
"CEP250",2.44269219113121e-41,0.375455867720275,0.317,0.042,1.05773457260364e-36
"KCNQ3",2.6880294509159e-41,1.45772588896273,0.856,0.274,1.1639705128356e-36
"OPA3",2.72546052223899e-41,0.275452233533436,0.279,0.033,1.18017891533993e-36
"CD58",3.93755812516676e-41,0.555505779811496,0.529,0.101,1.70504141935971e-36
"SIVA1",4.09303305358183e-41,0.369094596598493,0.298,0.037,1.772365172862e-36
"PGM5",4.5364790161562e-41,0.441119449905432,0.481,0.084,1.96438614357596e-36
"LRMP",5.4351406659648e-41,0.459099315262327,0.558,0.106,2.35352461117608e-36
"EPB41L3",5.5357779014719e-41,1.00120913434025,0.827,0.232,2.39710254689536e-36
"HLA-DPA1",6.92467280483834e-41,0.334223194063893,0.587,0.117,2.9985218179511e-36
"MIR222HG",7.07326445113527e-41,0.339119730747495,0.288,0.035,3.0628649726306e-36
"PIGK",7.44591075879244e-41,0.584850609684946,0.385,0.06,3.2242282767723e-36
"KIF5B",7.60937018500614e-41,0.81994813540013,0.798,0.217,3.29500947751136e-36
"RSAD2",7.87026655179106e-41,0.517162012188418,0.288,0.036,3.40798282225657e-36
"LAP3",8.44075015861747e-41,0.835847301754756,0.615,0.137,3.65501363368454e-36
"HSD17B11",8.45359151987588e-41,0.526244916806814,0.462,0.082,3.66057419993666e-36
"SKAP2",8.54670820189902e-41,0.922659645032183,0.779,0.2,3.70089558558631e-36
"AGPS",1.28602542365137e-40,0.681399406774732,0.567,0.119,5.56874728949516e-36
"DIAPH2",1.39914880269918e-40,1.3078661011607,0.856,0.278,6.05859414544797e-36
"TRAPPC10",1.53836383090851e-40,0.743366032484357,0.644,0.148,6.66142306060005e-36
"FAM126A",1.59605441716645e-40,0.650682031454999,0.481,0.087,6.91123483721417e-36
"MDM2",1.7211542887067e-40,0.795219674782829,0.635,0.144,7.45294230095774e-36
"H1FX",1.88751132136651e-40,0.748548723720166,0.375,0.059,8.17330152378127e-36
"AL139125.1",2.09085733742638e-40,0.389159476930785,0.25,0.028,9.0538304425237e-36
"IFIT2",2.17357037520077e-40,0.488018100911558,0.26,0.03,9.41199443869438e-36
"CMC2",2.54097423693084e-40,0.51840671905967,0.5,0.094,1.10029266407579e-35
"DOPEY2",2.72217779156947e-40,0.485119714388047,0.481,0.086,1.17875742730541e-35
"ATF7IP2",4.06416488649041e-40,0.783157970425881,0.635,0.144,1.75986467914808e-35
"TBC1D14",4.56729740693656e-40,0.861188251501475,0.788,0.211,1.97773112315167e-35
"LRCH1",6.60026982437036e-40,0.892715552660509,0.856,0.24,2.85804883934885e-35
"SIN3A",7.12523342397282e-40,0.66179333511671,0.5,0.095,3.08536857724871e-35
"NUP54",9.20820328804356e-40,0.483723523361313,0.471,0.085,3.98733618778862e-35
"SLC2A3",9.34238252566789e-40,1.11052853066906,0.567,0.123,4.04543848126471e-35
"ZNRF2",1.00132495171338e-39,0.947088148796211,0.683,0.171,4.33593730590928e-35
"ZNF43",1.00711816105208e-39,0.72127727364941,0.423,0.073,4.36102306098772e-35
"RAN",1.15123678374847e-39,0.599909428019114,0.462,0.084,4.98508552098762e-35
"RPA2",1.19731505439737e-39,0.437524602963926,0.346,0.05,5.18461364855151e-35
"CNTRL",1.22624235675734e-39,1.1066600765482,0.74,0.201,5.30987465323063e-35
"SLBP",1.22901878645673e-39,0.4775191360439,0.413,0.068,5.32189714911494e-35
"RCC1",1.52587888511092e-39,0.485054688158699,0.356,0.053,6.60736074830731e-35
"KIAA1211L",1.7844398922882e-39,0.487387606082344,0.279,0.034,7.72698162158636e-35
"PLD4",1.81237657066562e-39,0.401286029256839,0.288,0.036,7.84795302629629e-35
"ANP32E",1.96555009284756e-39,0.66986041903671,0.365,0.056,8.51122501204852e-35
"SLC38A2",1.97831509660782e-39,0.537772023338603,0.721,0.173,8.5665000313312e-35
"CTSC",2.00222809077081e-39,0.724666753779273,0.587,0.125,8.67004807865575e-35
"TMED9",2.06013455943111e-39,0.384098488882401,0.452,0.08,8.92079466924861e-35
"HLA-DRB5",2.14068593007075e-39,0.260361559862746,0.337,0.048,9.26959821439237e-35
"CD86",2.16101577132806e-39,0.379640686770449,0.606,0.125,9.35763049300476e-35
"LMF2",2.22102185083248e-39,0.328175600949364,0.337,0.048,9.61746881847479e-35
"RHBDF2",2.64564125681524e-39,0.712964158811904,0.788,0.196,1.14561557702613e-34
"PALD1",3.08375003034376e-39,0.861232480074195,0.702,0.172,1.33532543813946e-34
"FAM149A",3.57118673207353e-39,0.839372107537921,0.712,0.179,1.54639527872248e-34
"C2CD5",3.86104141394096e-39,0.760609705916831,0.644,0.153,1.67190815306471e-34
"PPA1",3.94675283329545e-39,0.778019404855435,0.5,0.1,1.70902291187359e-34
"THEMIS2",4.22786902635916e-39,0.331332469313496,0.394,0.062,1.83075184579404e-34
"RANGAP1",4.24289928295058e-39,0.529944414898537,0.481,0.088,1.83726024750326e-34
"SH2B3",4.46958448866796e-39,0.49645885606101,0.49,0.091,1.935419475283e-34
"ZNF90",5.28576332960011e-39,0.709783242436076,0.375,0.059,2.28884123698344e-34
"BTN3A2",5.5034285776925e-39,0.474760718213485,0.269,0.033,2.38309464271241e-34
"ATR",5.57728408857003e-39,0.645345278658437,0.702,0.171,2.41507555603259e-34
"CDC27",5.89670320324614e-39,1.13208497519243,0.76,0.224,2.55339042106965e-34
"NNT",6.49858837450632e-39,0.954076671151741,0.635,0.154,2.81401873792873e-34
"TMCC3",7.00682994782345e-39,0.72742475597902,0.519,0.104,3.03409750400651e-34
"SMYD4",7.25749019970308e-39,0.500957892075883,0.385,0.061,3.14263840627543e-34
"ARSB",7.67025532435095e-39,0.915583827982491,0.587,0.13,3.32137396055045e-34
"CCDC137",7.88427776523994e-39,0.379873118194277,0.308,0.042,3.4140499579042e-34
"INSIG2",8.36788309022662e-39,0.694499915434283,0.452,0.082,3.62346073572993e-34
"H2AFY",8.43580308809587e-39,0.876609298437948,0.827,0.242,3.65287145320727e-34
"ARPC3",1.16922510415014e-38,0.518274387930701,0.654,0.151,5.06297854599093e-34
"DIAPH1",1.24679652380991e-38,0.635104441274366,0.529,0.108,5.39887830740169e-34
"ASH2L",1.4159315985327e-38,0.336124315615917,0.375,0.059,6.13126700796628e-34
"PRIMPOL",2.25918205079175e-38,0.604982144450589,0.49,0.094,9.78271011633844e-34
"TRIR",2.34392330852186e-38,0.375892589805901,0.433,0.075,1.01496567105614e-33
"ACTR2",2.39258402617789e-38,0.794595586033975,0.788,0.215,1.03603673501555e-33
"PLAA",2.44437124133462e-38,0.553236521775874,0.394,0.066,1.05846163492272e-33
"ZDHHC13",2.51842968075144e-38,0.429883208030563,0.423,0.073,1.09053042035899e-33
"PCNX2",2.56520316455567e-38,1.10215318398132,0.798,0.249,1.11078427431589e-33
"CHUK",2.8451257562915e-38,0.330903485853313,0.356,0.054,1.23199635498934e-33
"BAZ1A",2.87666034270037e-38,0.621136748025448,0.663,0.157,1.24565146159611e-33
"SRBD1",3.16312348053404e-38,0.727053181353201,0.577,0.127,1.36969572954085e-33
"KYNU",3.65563155494246e-38,0.319299571027463,0.5,0.093,1.58296157592118e-33
"LIMD1",3.69268693778381e-38,0.659231030543896,0.529,0.108,1.59900729779915e-33
"PML",3.71984105295337e-38,0.455719646653351,0.385,0.062,1.61076557274987e-33
"MAP3K3",3.76106208511291e-38,0.721333303096795,0.654,0.153,1.62861510409559e-33
"TTL",3.82941827036258e-38,0.473377838694882,0.404,0.067,1.6582146994324e-33
"ACTR3",3.94424599543855e-38,0.858505559501753,0.721,0.194,1.7079374009448e-33
"GDI2",4.1500810306889e-38,0.646715408781707,0.663,0.16,1.79706808790891e-33
"SSH2",4.41128069901155e-38,1.30153143959789,0.952,0.399,1.91017276828598e-33
"AC079015.1",4.56229058987984e-38,0.410379535007003,0.308,0.042,1.97556307122977e-33
"FERMT3",5.16969280840961e-38,0.428722661211346,0.317,0.044,2.23858037989753e-33
"FAF1",5.79091963439452e-38,1.65880765300497,0.837,0.39,2.50758402008552e-33
"KCNIP1",6.99030347907225e-38,1.05773718168696,0.587,0.138,3.02694121250787e-33
"RNF213",6.99350926271309e-38,1.32182500525182,0.856,0.327,3.02832938094002e-33
"TPK1",7.43162853144421e-38,0.866411756922714,0.673,0.167,3.21804378668597e-33
"CCDC14",7.46342939769815e-38,0.902718797217036,0.692,0.177,3.23181419779125e-33
"PPIA",7.69665770203204e-38,0.632955602010766,0.587,0.13,3.33280671813392e-33
"SSH1",8.23353683650251e-38,0.886482907250892,0.712,0.19,3.56528612094232e-33
"MAPK9",9.52823773005283e-38,0.481159886567552,0.481,0.091,4.12591750186748e-33
"RAC1",9.93821486806997e-38,0.732229516576251,0.798,0.219,4.30344580217166e-33
"STAMBPL1",1.03086322211542e-37,0.776830507419102,0.587,0.13,4.46384392440419e-33
"STAM",1.07397573524145e-37,0.509758189921358,0.442,0.08,4.65052972874251e-33
"TMEM106A",1.0930525956912e-37,0.388370007187473,0.394,0.064,4.73313634986204e-33
"MTF2",1.10363400170685e-37,0.512254294828929,0.654,0.154,4.77895595419101e-33
"RFC1",1.12896704712568e-37,0.66758733883953,0.587,0.133,4.88865310746363e-33
"JAZF1",1.16566664483855e-37,1.3141685851689,0.846,0.305,5.04756970547991e-33
"PDS5B",1.17019912952057e-37,1.09081291702559,0.865,0.295,5.06719627064998e-33
"TGFBR2",1.23986275899649e-37,0.678559941419547,0.74,0.183,5.3688537190066e-33
"SYCP2",1.57358228081394e-37,0.799534059348989,0.365,0.06,6.81392599238051e-33
"PCBD2",1.74994158938275e-37,0.711493681241993,0.462,0.089,7.57759707034518e-33
"ATP13A1",1.82457365128519e-37,0.313003038228129,0.317,0.045,7.90076882479514e-33
"ABHD12",1.83664705694259e-37,0.808236557485216,0.654,0.159,7.95304908597278e-33
"MARCH1",1.87179665697506e-37,0.916613411919871,0.875,0.26,8.10525388403342e-33
"CHSY3",1.88359472185696e-37,0.540731545077264,0.548,0.113,8.15634186458499e-33
"MYO19",1.94440105192484e-37,0.618806277928279,0.442,0.081,8.41964543504494e-33
"COTL1",2.11656521872412e-37,0.631070585541493,0.712,0.188,9.1651507101192e-33
"RBMS1",2.1341594595203e-37,0.522233928326169,0.663,0.153,9.24133729161478e-33
"ZNF611",2.16369222291901e-37,0.42731572793009,0.423,0.074,9.36922006368391e-33
"RASAL2",2.22018188679522e-37,1.20267943975357,0.856,0.276,9.61383160620065e-33
"CDK19",2.47654895788876e-37,1.03319706598405,0.779,0.232,1.07239522974499e-32
"FDPS",2.82718582209418e-37,0.595953923257537,0.51,0.104,1.22422800468322e-32
"TAF3",2.86407796868242e-37,0.770068560188082,0.673,0.167,1.24020304199886e-32
"ST3GAL6",3.21370177598107e-37,0.567350162600748,0.635,0.143,1.39159714303532e-32
"PTAFR",4.3918239011137e-37,0.512164322024646,0.385,0.063,1.90174758566025e-32
"FAM76B",4.4225906289746e-37,0.352691634045022,0.346,0.053,1.91507019415858e-32
"CARHSP1",4.71464983903894e-37,0.405936684307798,0.404,0.069,2.04153767330064e-32
"CEBPA",5.19281484529834e-37,0.297327693669299,0.346,0.052,2.24859268431109e-32
"NUP37",5.92361066807239e-37,0.428552401244387,0.26,0.032,2.56504189148871e-32
"TNFRSF1B",6.18530904423189e-37,0.392347951243445,0.654,0.146,2.67836252233329e-32
"UBE2D2",6.46088052193583e-37,0.992609174764063,0.702,0.193,2.79769048360865e-32
"RANBP9",6.60635219725389e-37,1.00396929567883,0.798,0.248,2.86068262845488e-32
"DCAF7",6.94044031912018e-37,0.691855502505352,0.587,0.132,3.00534946698542e-32
"KBTBD2",7.57272176804357e-37,0.658194758988967,0.471,0.092,3.27913997999823e-32
"NCL",7.58295494616764e-37,0.377199727133779,0.413,0.072,3.28357115078951e-32
"RGS19",8.30494089963317e-37,0.3820316818043,0.327,0.048,3.59620550835916e-32
"ZNF124",8.7100510270699e-37,0.66084280278881,0.529,0.11,3.77162629574181e-32
"B2M",9.7848754900419e-37,1.16648292708116,0.913,0.366,4.23704678469794e-32
"NPAT",1.02483613149782e-36,0.553514787300205,0.452,0.085,4.43774541661186e-32
"KIF2A",1.08399123680303e-36,0.909115777464306,0.74,0.217,4.69389885360446e-32
"SPATS2",1.2353351291543e-36,0.673251534340558,0.519,0.11,5.34924817626396e-32
"DAP",1.30160736400725e-36,0.476998062544873,0.442,0.081,5.63622020762418e-32
"UBASH3B",1.41115311752424e-36,0.961918477513763,0.558,0.125,6.11057522950348e-32
"XRCC4",1.44675999148066e-36,0.678724847331922,0.538,0.117,6.26476011510956e-32
"RGS3",1.61351582158326e-36,0.597745116222506,0.327,0.05,6.98684621061984e-32
"TNFRSF10D",1.63546744425343e-36,0.486146303219372,0.346,0.053,7.08190112710622e-32
"PTBP3",1.63688177810729e-36,0.704237743961265,0.74,0.194,7.08802547556017e-32
"TRIOBP",1.66812391140441e-36,0.532457184162654,0.433,0.079,7.22331016116338e-32
"C11orf80",1.67273039027728e-36,0.577965479116941,0.452,0.085,7.24325713597868e-32
"PARP4",1.85226368734532e-36,0.770141643296496,0.692,0.179,8.02067221894271e-32
"DBF4B",1.87668344208883e-36,0.464445476833075,0.337,0.052,8.12641464093306e-32
"TIGAR",1.90473637792086e-36,0.468919285907674,0.442,0.081,8.24788946367292e-32
"FUS",2.00737282578324e-36,1.06225527077022,0.788,0.251,8.6923258102066e-32
"CYTH4",2.03758300310189e-36,0.28776827334773,0.471,0.087,8.82314192003181e-32
"NCK2",2.08765122501557e-36,0.839148891834017,0.837,0.252,9.03994733456242e-32
"WIPF3",2.43987077529862e-36,0.583470784840165,0.423,0.076,1.05651284311981e-31
"PTPRE",2.51879754206902e-36,0.980962751474163,0.885,0.285,1.09068971166673e-31
"MCF2L",2.89846820843882e-36,0.635384460561791,0.663,0.16,1.25509470361818e-31
"MCU",3.09849915201198e-36,0.763311065573948,0.558,0.124,1.34171210280423e-31
"UHRF2",3.51329537613591e-36,0.600479724702859,0.558,0.122,1.52132716377437e-31
"MPDU1",3.91387945187308e-36,0.262727280836926,0.288,0.039,1.69478808025008e-31
"RUNX2",4.60499626396277e-36,0.611790558753088,0.692,0.168,1.99405548222116e-31
"CHSY1",4.73976135427306e-36,0.831505872210347,0.788,0.227,2.05241146162732e-31
"LHFPL2",4.74797985723865e-36,1.12229914003922,0.798,0.249,2.05597023778148e-31
"AOAH",4.82316242725544e-36,0.530208393219596,0.74,0.185,2.08852579425015e-31
"UGGT1",4.86116328937164e-36,0.60376301541619,0.51,0.107,2.10498092756371e-31
"RAP1A",5.09769658255369e-36,0.86537333238904,0.865,0.274,2.2074045741774e-31
"SCAMP2",5.15820416376864e-36,0.469381002792595,0.519,0.106,2.2336055669951e-31
"PHACTR2",5.4436590222683e-36,1.03976624341713,0.683,0.187,2.35721322982262e-31
"ACPP",5.79863526611461e-36,0.508843569627268,0.269,0.035,2.51092504293295e-31
"PCBP1",6.14668338540651e-36,0.577871619613487,0.538,0.116,2.66163683954873e-31
"ADAM28",6.32155588739862e-36,0.824994505589508,0.837,0.229,2.73736013036135e-31
"LCP1",6.64126338409011e-36,0.481025549381788,0.519,0.105,2.8757998705787e-31
"PKD2",6.69965098494622e-36,0.939694776707711,0.76,0.225,2.90108286950141e-31
"ILF3",7.23259079931982e-36,0.386060798601363,0.548,0.118,3.13185646792147e-31
"RIC1",7.64329333453621e-36,1.04371026012253,0.692,0.2,3.30969887972087e-31
"MTHFD1L",8.45148175223373e-36,1.21048271250599,0.837,0.299,3.65966062835225e-31
"RCBTB2",8.46310382661879e-36,0.70566677715558,0.442,0.084,3.66469321900247e-31
"RNF4",8.69052018778106e-36,0.513068304433045,0.471,0.093,3.76316905171296e-31
"KIF26B",9.82014911790724e-36,0.651120833054587,0.385,0.066,4.2523209710362e-31
"DENND6A",1.03956971009491e-35,0.710123125531044,0.577,0.135,4.501544758653e-31
"CEP135",1.05097295444167e-35,0.339974935752101,0.404,0.07,4.55092308732333e-31
"SLC25A24",1.07006228216535e-35,0.49082595290543,0.356,0.058,4.63358369423239e-31
"PLD1",1.08034831918464e-35,0.553281532585383,0.462,0.087,4.67812429173334e-31
"PRELID2",1.24303276108545e-35,0.874613395993471,0.529,0.118,5.38258046205223e-31
"RAD51C",1.26200436134767e-35,0.355814068545531,0.317,0.047,5.46473128550768e-31
"MEF2C",1.29142122901605e-35,1.19445264566258,0.942,0.378,5.5921122058853e-31
"PGAM1",1.55298282224314e-35,0.582706178254733,0.481,0.097,6.72472621687724e-31
"SERF2",1.9425131162353e-35,0.931418887084209,0.779,0.23,8.41147029592211e-31
"SEPHS1",1.94973560931941e-35,0.469537010234025,0.25,0.031,8.4427451354749e-31
"DHX15",1.97275077592897e-35,0.853626481202523,0.615,0.153,8.54240540992764e-31
"LSM4",2.1839509751911e-35,0.529808907011939,0.279,0.038,9.45694451277249e-31
"CBX3",2.18489080852365e-35,0.707187174488499,0.442,0.084,9.4610141790691e-31
"ZNF714",2.30097993838879e-35,0.560999179318177,0.375,0.064,9.96370332921113e-31
"RNFT1",2.32666168893745e-35,0.279990771633025,0.279,0.037,1.0074910445437e-30
"KLHL5",2.37775105246977e-35,0.75795574318023,0.702,0.188,1.02961376074046e-30
"PSPC1",2.92764433136496e-35,0.889658891896883,0.731,0.212,1.26772854836765e-30
"PTPRC",3.03605492140805e-35,0.849340594538644,0.875,0.256,1.31467250206811e-30
"GGA2",3.18206809729017e-35,0.713561016823271,0.702,0.187,1.37789912748859e-30
"IPO7",3.37255000561598e-35,0.560051688851912,0.538,0.119,1.46038160343183e-30
"GRK2",3.42242962382455e-35,0.655872673443916,0.51,0.106,1.48198047570851e-30
"SMCHD1",3.45284371847919e-35,1.06442326211793,0.808,0.284,1.49515038697586e-30
"MFSD14C",4.21965342796292e-35,0.803897325259645,0.76,0.224,1.82719432737651e-30
"LGMN",4.81158011083874e-35,0.393947404647385,0.49,0.098,2.08351041959539e-30
"HLA-B",5.44502146012003e-35,0.690653769015562,0.76,0.211,2.35780319266117e-30
"XYLT1",5.62719003639112e-35,0.899276067014932,0.615,0.155,2.43668582955808e-30
"XYLB",6.37139675682823e-35,0.476909432922398,0.337,0.053,2.75894222364176e-30
"RAD51B",6.38823225369144e-35,1.35304563456171,0.894,0.377,2.76623233049347e-30
"CARD11",6.58398307246086e-35,0.428520436165583,0.433,0.08,2.850996350037e-30
"NUP43",7.79919949670697e-35,0.358811096786513,0.308,0.045,3.37720936606405e-30
"ABHD15-AS1",7.80993397557579e-35,0.471223596984204,0.49,0.099,3.38185761010383e-30
"S100Z",8.39482924818266e-35,0.591201741157388,0.394,0.069,3.63512896104805e-30
"EAF2",9.10867960048187e-35,0.632463738488818,0.462,0.093,3.94424044060066e-30
"E2F3",9.55945483773668e-35,0.659198021272386,0.606,0.145,4.13943513383674e-30
"ALPK1",9.79695972710423e-35,0.844904905337504,0.75,0.209,4.24227950103068e-30
"ADPGK",1.01720823150252e-34,0.503841621717361,0.615,0.143,4.4047150840522e-30
"SLC38A10",1.07348463400432e-34,0.453897306174155,0.548,0.12,4.64840316216549e-30
"HDAC2",1.09293718279997e-34,0.363165865287158,0.404,0.072,4.73263658896044e-30
"FMNL3",1.10745939098969e-34,0.66105688486867,0.673,0.17,4.79552065486355e-30
"NTAN1",1.11328593433722e-34,0.40819269244166,0.26,0.034,4.82075075286702e-30
"PIP5K1B",1.15705132937623e-34,0.716863457301526,0.404,0.074,5.01026366646496e-30
"TCF12",1.34040614654325e-34,1.54841082915758,0.885,0.481,5.80422669576159e-30
"GAB3",1.55636558779886e-34,0.418936442306381,0.471,0.092,6.73937426828661e-30
"HCLS1",1.8752028185972e-34,0.445109673056218,0.673,0.159,8.12000324508958e-30
"UBA7",1.88014798636451e-34,0.360351823499013,0.279,0.038,8.1414168105556e-30
"TAF12",1.94214334618289e-34,0.285809469492644,0.298,0.043,8.40986911764116e-30
"MOB1A",1.965924112764e-34,0.766124760760284,0.529,0.117,8.51284459309068e-30
"GNB1",2.17683901351656e-34,0.979339198967329,0.856,0.301,9.42614829632939e-30
"RNASEH2B",2.29234259202467e-34,0.481460529068435,0.548,0.121,9.92630189198521e-30
"GPR34",2.37201960909022e-34,0.399123568733754,0.404,0.072,1.02713193112825e-29
"UVRAG",3.17164276140808e-34,0.953571410263506,0.856,0.289,1.37338474854493e-29
"RNF138",3.18147244805815e-34,0.565702488631458,0.452,0.09,1.37764119945814e-29
"SLC7A1",3.56500752235964e-34,0.529624769520994,0.365,0.063,1.54371955733217e-29
"PDE7A",4.06517312640039e-34,0.745743700472714,0.663,0.177,1.7603012671939e-29
"SP110",4.18178775622764e-34,0.775607515402083,0.644,0.167,1.81079773420169e-29
"DCLRE1C",4.56823495138618e-34,0.740380458368943,0.452,0.093,1.97813709864924e-29
"KPNB1",4.73661349980608e-34,0.823312436671166,0.74,0.215,2.05104837768603e-29
"PIK3CG",5.00881599775325e-34,0.287920410405523,0.25,0.032,2.16891750334711e-29
"RBM47",5.03864520009607e-34,0.568040721402318,0.788,0.21,2.1818341445456e-29
"ADAMTSL2",5.11506256511172e-34,0.374904827109484,0.25,0.032,2.21492439194467e-29
"PSMD14",5.42265359762344e-34,0.561149969114119,0.558,0.126,2.3481174608429e-29
"FCHSD2",5.42863896605712e-34,1.17103920645331,0.913,0.384,2.35070924508206e-29
"FCHO1",5.56478890023264e-34,0.321500783572215,0.298,0.043,2.40966488957874e-29
"CORO1C",5.74181642985232e-34,0.639294946557299,0.644,0.159,2.48632135045465e-29
"PTPRJ",6.14216392433285e-34,1.26542549402803,0.837,0.309,2.65967982251461e-29
"AP2S1",6.29533393157663e-34,0.424151453142762,0.337,0.055,2.72600549905131e-29
"SIGLEC9",6.35991460855516e-34,0.452955717333244,0.308,0.046,2.75397022379656e-29
"ZNF100",6.38133813050573e-34,0.37495904858618,0.442,0.085,2.76324703727159e-29
"CDC7",6.62657372770034e-34,0.272880749721185,0.26,0.034,2.8694389555688e-29
"STRN",7.88962909363221e-34,0.722831023738658,0.587,0.144,3.41636719012462e-29
"EPB41",8.31171575395417e-34,0.795026129868024,0.635,0.163,3.59913915577724e-29
"KLF3",9.101504940158e-34,0.471831224650313,0.5,0.106,3.94113366918722e-29
"HEXB",9.77345718441775e-34,0.290927875586083,0.413,0.075,4.23210242999657e-29
"NAA40",1.00615057640014e-33,0.366382478767626,0.346,0.057,4.35683322592789e-29
"FRYL",1.15601279577489e-33,1.01580383276655,0.846,0.305,5.00576660826442e-29
"NUPL2",1.18440483856911e-33,0.46670967757079,0.481,0.099,5.12870983197197e-29
"FAM157C",1.2628020660441e-33,0.413280205058239,0.654,0.157,5.46818550638418e-29
"MTHFD1",1.43421018277741e-33,0.283984131438861,0.308,0.046,6.21041693346275e-29
"ERAP1",1.51369161492876e-33,0.354004117651331,0.375,0.065,6.55458743096453e-29
"TMSB10",1.67889566991444e-33,1.26862342095518,0.75,0.231,7.26995402986351e-29
"CTSS",1.86575531075713e-33,0.539559751791586,0.5,0.105,8.07909364664053e-29
"EED",2.00054683308791e-33,0.499840105329322,0.404,0.075,8.66276789663728e-29
"PTGS1",2.12965717299399e-33,0.370093088024816,0.317,0.049,9.22184149049856e-29
"CPED1",2.17168821459411e-33,0.613875553160086,0.615,0.151,9.4038443068354e-29
"TTC7A",2.20297067566931e-33,0.921517246305879,0.75,0.232,9.53930361978323e-29
"UIMC1",2.20645175806324e-33,0.780721926017647,0.567,0.137,9.55437740276542e-29
"THOC5",2.21844223079861e-33,0.250526842642437,0.26,0.034,9.60629854780414e-29
"NUMA1",2.29387688964253e-33,0.561804998287057,0.692,0.182,9.93294570753008e-29
"TRPM2",2.33053377610226e-33,0.509337268446442,0.558,0.123,1.0091677357278e-28
"SRGN",2.62942812436866e-33,0.514301582289737,0.712,0.19,1.13859496641412e-28
"GNAI2",2.96358329786121e-33,0.771106848207251,0.721,0.203,1.28329083963986e-28
"SNRPA",2.97124905977152e-33,0.27343577306709,0.288,0.042,1.28661026786226e-28
"ILF2",3.13917134760802e-33,0.3034100830284,0.279,0.039,1.35932397694122e-28
"FGD3",3.52876919164439e-33,0.338401054557417,0.375,0.065,1.52802763536585e-28
"SRSF4",3.61350091596533e-33,0.783450782368373,0.702,0.208,1.56471816663131e-28
"SPRED1",3.65459263916822e-33,0.956229554386526,0.827,0.286,1.58251170461262e-28
"CBWD6",3.75034038803488e-33,0.361842874080081,0.317,0.049,1.62397239482686e-28
"AC105052.3",3.82594591909581e-33,0.606562650406751,0.404,0.078,1.65671110188687e-28
"TM6SF1",3.89497603822153e-33,0.572775476784915,0.442,0.087,1.68660252407069e-28
"CTTNBP2NL",4.12367055380339e-33,0.567101063695337,0.606,0.148,1.78563182320794e-28
"TBC1D12",4.48159770654574e-33,0.665443743320759,0.635,0.163,1.94062143888843e-28
"RPLP0",5.00911865209811e-33,0.766593978364435,0.596,0.142,2.16904855873152e-28
"TMC8",5.67717398038735e-33,0.452366463439967,0.452,0.089,2.45832987698733e-28
"DNM2",5.7269120459969e-33,0.637026952844999,0.731,0.204,2.47986745415758e-28
"RSRC1",6.00941693155853e-33,0.789173829483984,0.76,0.232,2.60219771970348e-28
"RNF145",6.41415603601951e-33,0.694462738650155,0.683,0.183,2.77745784671717e-28
"KHSRP",6.45707931548145e-33,0.38532931711995,0.365,0.064,2.79604448518978e-28
"DERA",6.6351151328498e-33,0.718878356659023,0.452,0.094,2.87313755482662e-28
"ABHD17A",6.7111074560741e-33,0.272904816432861,0.375,0.066,2.90604375062921e-28
"ERCC3",7.86047890149117e-33,0.315998325268022,0.413,0.077,3.40374457392371e-28
"AC009948.1",8.27640099844623e-33,0.404548761577864,0.317,0.05,3.58384716034719e-28
"LIMS1",8.81058300595735e-33,1.06122333881715,0.885,0.342,3.81515865323965e-28
"CAPG",9.11136660990811e-33,0.405565745454726,0.308,0.047,3.94540396942241e-28
"SH3RF3",9.19970245801571e-33,1.04528307161507,0.837,0.304,3.98365515836996e-28
"CAPZA1",9.28142484048805e-33,0.860403239761922,0.74,0.233,4.01904258442814e-28
"MAP2K1",9.46699049360392e-33,0.519161589509133,0.635,0.159,4.09939622354037e-28
"PCGF6",9.63579956322069e-33,0.378996716703493,0.269,0.038,4.17249392686582e-28
"RHOH",9.9418628175684e-33,0.275338046445836,0.288,0.042,4.30502543726347e-28
"PANK2",1.15618844845439e-32,0.552728499071559,0.577,0.14,5.00652721949719e-28
"MBD2",1.19326237063844e-32,0.676796266984396,0.587,0.143,5.16706471733856e-28
"CUL1",1.25034306755426e-32,0.870314846208896,0.75,0.232,5.41423555112347e-28
"ARHGDIA",1.2829820166687e-32,0.300254671952493,0.404,0.075,5.55556872857881e-28
"SNCA",1.3213852894367e-32,0.767537900851561,0.692,0.19,5.72186258031879e-28
"MED14",1.32890083444165e-32,0.552114784898232,0.5,0.11,5.75440639329925e-28
"ADAP2",1.36788466016337e-32,0.542220830998452,0.567,0.132,5.92321415543943e-28
"PHC2",1.42271235178809e-32,0.624768148329886,0.731,0.204,6.1606290257128e-28
"OLA1",1.45369791611331e-32,0.75644059325152,0.654,0.175,6.29480271635384e-28
"BICD2",1.55238122424104e-32,0.402031817749769,0.433,0.086,6.72212117720855e-28
"HNRNPD",1.60758329573833e-32,0.747883540809598,0.75,0.225,6.9611571872061e-28
"PECAM1",2.05529914081739e-32,0.430693503405987,0.356,0.061,8.89985633956746e-28
"YEATS2",2.48161402806325e-32,0.671369425919076,0.673,0.184,1.07458850643195e-27
"ELMO1",2.53319737097041e-32,0.950449781449809,0.894,0.299,1.09692512557761e-27
"CBX5",2.98211916588026e-32,0.533052503964812,0.567,0.136,1.29131724120947e-27
"NUAK1",3.50931937498135e-32,0.596752874137693,0.51,0.114,1.51960547575442e-27
"BTN2A1",3.54121846136272e-32,0.616175959970981,0.317,0.051,1.53341841813929e-27
"GRK3",3.69729942703939e-32,0.788111969266663,0.808,0.247,1.6010045978966e-27
"KIAA1841",3.75238263828532e-32,0.463695323630531,0.433,0.086,1.62485673003031e-27
"KIAA0586",3.8557785915064e-32,0.855963796781787,0.529,0.128,1.6696292456941e-27
"CHD1L",3.94519065035478e-32,0.58939468896067,0.538,0.125,1.70834645541663e-27
"SLA",4.09230740139659e-32,0.286136577436448,0.577,0.129,1.77205095095275e-27
"IDH2",4.14373766390273e-32,0.594635455070702,0.587,0.147,1.79432128322316e-27
"HLA-F",4.51080514760416e-32,0.398468172096956,0.317,0.051,1.95326884501555e-27
"TMIGD3",4.77604820514303e-32,0.619390348052661,0.442,0.089,2.06812439379104e-27
"BRD7",4.94417363421525e-32,0.401538583085778,0.442,0.089,2.14092606708789e-27
"ZNF761",5.12834033412272e-32,0.320351934148942,0.327,0.053,2.22067393148182e-27
"CIITA",5.29070420975454e-32,0.602695088801385,0.558,0.132,2.29098073690791e-27
"COMMD4",5.31840080923467e-32,0.383281233868913,0.298,0.046,2.3029739184148e-27
"ARMH3",5.90832926077121e-32,0.790370431175154,0.75,0.227,2.55842473649915e-27
"CLEC7A",5.997823225035e-32,0.391859224362198,0.413,0.079,2.59717741290466e-27
"ARID3A",6.19905411970759e-32,0.470810594891074,0.519,0.116,2.68431441491578e-27
"RAB12",6.78319905854106e-32,0.646587705065193,0.587,0.146,2.93726085632945e-27
"ZNF430",8.05096693032908e-32,0.608074278615406,0.423,0.086,3.4862297001711e-27
"DENND5A",8.68763470631409e-32,0.750305678597261,0.76,0.234,3.76191958052813e-27
"AC120193.1",8.88764905363127e-32,0.675090303560776,0.452,0.093,3.84852979320341e-27
"PPP1R21",9.51121880911295e-32,0.717348853500852,0.615,0.163,4.11854796872209e-27
"MIOS",1.00376977202547e-31,0.417878767242948,0.442,0.089,4.34652386682468e-27
"HP1BP3",1.01703606275579e-31,1.07537261903373,0.885,0.34,4.40396955894512e-27
"CSF3R",1.02202184195919e-31,0.377675483469054,0.577,0.133,4.42555898005168e-27
"C1GALT1",1.21753750532466e-31,0.456909591028494,0.538,0.125,5.27218090555684e-27
"CBWD2",1.23311969114782e-31,0.440225488343248,0.49,0.106,5.3396548866083e-27
"UBA2",1.28760072358349e-31,0.492249055314841,0.654,0.169,5.57556865326122e-27
"ASCC3",1.33307889944124e-31,0.920733930433056,0.721,0.232,5.77249825036046e-27
"MSH2",1.33694658021756e-31,0.456686217493933,0.356,0.063,5.78924608165808e-27
"OXR1",1.41814820440658e-31,1.25942869940831,0.827,0.313,6.14086535472137e-27
"RPS6KA3",1.50191806871213e-31,0.773950553954667,0.798,0.234,6.50360562113728e-27
"NDUFAF6",1.52232238044423e-31,0.606179135410467,0.567,0.139,6.59196037179962e-27
"SPCS3",1.56736831304226e-31,0.351662495124903,0.442,0.09,6.78701826913558e-27
"KLHL18",1.62767274821929e-31,0.436702627583971,0.423,0.084,7.04814853433916e-27
"GATAD2A",1.78692696309434e-31,0.66052615694599,0.587,0.15,7.7377511355911e-27
"DNAJC15",1.79597012371618e-31,0.496181988352344,0.452,0.094,7.77690982971578e-27
"ATG10",1.8879457162688e-31,0.946108185320571,0.663,0.192,8.17518254058717e-27
"SUCLG2",1.94706706781481e-31,0.75978894176747,0.75,0.23,8.4311898170517e-27
"TMSB4X",2.01271641328266e-31,0.859895842887546,0.933,0.397,8.71546461279659e-27
"RHOG",2.01611891110336e-31,0.404814240771543,0.327,0.054,8.73019810885978e-27
"CHST11",2.06200098052817e-31,1.31833103727615,0.913,0.439,8.9288766458831e-27
"CCDC138",2.1910510262898e-31,0.448416947601703,0.337,0.057,9.48768915404009e-27
"NINJ1",2.26629834685323e-31,0.378823620486286,0.413,0.08,9.81352510154386e-27
"NEXMIF",2.3656596586195e-31,0.754163484013851,0.365,0.069,1.02437794537542e-26
"ZNF710",2.50267143210155e-31,0.822712052754081,0.731,0.219,1.08370678352861e-26
"DTNBP1",3.21968529355098e-31,0.612648754890999,0.673,0.184,1.39418812581345e-26
"PBRM1",3.47666279611928e-31,1.00086457022893,0.817,0.3,1.50546452397557e-26
"AC092535.3",3.5209719965614e-31,0.747195802778824,0.327,0.056,1.52465129395102e-26
"B3GNT5",3.62878469518236e-31,0.365087815191507,0.625,0.155,1.57133634870786e-26
"BIN1",3.68816239854742e-31,0.758038604908993,0.663,0.179,1.597048081819e-26
"PABPC1",3.6969699170205e-31,0.78623152964086,0.76,0.23,1.60086191346822e-26
"TMEM117",3.76550027994177e-31,0.744740721377799,0.683,0.195,1.63053693122039e-26
"RNF34",4.01206382415795e-31,0.448881459400471,0.356,0.063,1.73730387713688e-26
"SYNJ1",4.03560661584933e-31,0.471066347299543,0.423,0.086,1.74749837679508e-26
"MAD1L1",4.06833811672256e-31,0.701239290337613,0.577,0.143,1.7616717713032e-26
"RNGTT",4.08973898566215e-31,0.736673789103361,0.692,0.197,1.77093877557142e-26
"HACE1",4.14096973952664e-31,0.647599284776954,0.548,0.135,1.79312271660983e-26
"ANKRD44",4.56465295963927e-31,1.08956558585956,0.913,0.419,1.97658602458299e-26
"TXLNA",4.82137914991964e-31,0.302877904449074,0.337,0.057,2.0877535994982e-26
"WWP2",5.0269984807874e-31,0.650401804101687,0.558,0.14,2.17679088215056e-26
"TNS3",5.07452879635806e-31,0.971173150534544,0.817,0.284,2.19737245939897e-26
"WDR33",5.28154929986241e-31,0.613881438378876,0.692,0.191,2.28701647782642e-26
"ZNFX1",5.74051667780869e-31,0.530803668328454,0.423,0.086,2.48575853182472e-26
"SINHCAF",5.94553719821126e-31,0.332011604401268,0.25,0.034,2.57453651756944e-26
"HEATR5B",6.2416036637954e-31,0.528063337628539,0.625,0.163,2.70273921849669e-26
"HLA-DMB",6.30543677694289e-31,0.258163339296913,0.404,0.076,2.73038023315181e-26
"KIAA1328",6.57464683834938e-31,0.833682787913643,0.712,0.205,2.84695357394205e-26
"AP1M1",6.78661579777525e-31,0.396215326835503,0.356,0.064,2.93874037275264e-26
"WAPL",7.63293336512065e-31,0.68726824065235,0.663,0.187,3.30521280576455e-26
"TIPRL",8.37801768685003e-31,0.574022522676365,0.337,0.058,3.6278492187598e-26
"PSMA1",9.1099331247236e-31,0.676534220801378,0.644,0.174,3.94478324166782e-26
"LCOR",9.48407375297848e-31,0.861252621941262,0.837,0.29,4.10679361651474e-26
"MZT2B",9.63247573714486e-31,0.394792017069128,0.442,0.092,4.17105464369847e-26
"PPP1R18",9.69945250106503e-31,0.337871089507215,0.308,0.05,4.20005692201118e-26
"TBXAS1",9.76975469961265e-31,0.357336104106099,0.856,0.242,4.23049918002627e-26
"RIN3",9.77535464624688e-31,0.683072365055019,0.74,0.212,4.23292406891782e-26
"SKI",1.00441116934351e-30,0.801817542718644,0.721,0.215,4.34930124549127e-26
"PHTF1",1.00877291768167e-30,0.658996374328737,0.452,0.098,4.36818848814517e-26
"SWAP70",1.03794448838168e-30,0.49394780383343,0.683,0.184,4.49450722359037e-26
"ZNF618",1.21784121809382e-30,0.517417575571059,0.413,0.082,5.27349604258985e-26
"TBC1D1",1.2397945484103e-30,0.895092530072412,0.779,0.267,5.36855835352627e-26
"FGD2",1.24074285167771e-30,0.355141654581547,0.577,0.135,5.37266469633481e-26
"RNF135",1.24850736423862e-30,0.429168601878882,0.317,0.053,5.40628658862606e-26
"PTMA",1.3445637202119e-30,0.550111457581,0.837,0.284,5.82222982126158e-26
"RASSF3",1.35214400722658e-30,0.333842136817,0.5,0.11,5.85505398009255e-26
"DNAJC9",1.36974473417432e-30,0.447302142647207,0.433,0.089,5.93126864792163e-26
"CDC42SE2",1.41348095732285e-30,0.74264854808091,0.769,0.244,6.12065524139939e-26
"SHTN1",1.41999186658165e-30,0.619619554517246,0.779,0.234,6.14884878067186e-26
"MAPRE1",1.58824822875597e-30,0.318318785885289,0.327,0.055,6.87743248015908e-26
"KPNA3",1.68973288460582e-30,0.634207024434455,0.635,0.175,7.31688133692011e-26
"SASH3",1.8213806660551e-30,0.280149674475425,0.26,0.037,7.88694256015181e-26
"MALT1",1.8799059081587e-30,0.491285896560971,0.596,0.149,8.14036856350882e-26
"NSL1",2.01984766697586e-30,0.427022125540029,0.567,0.138,8.74634436753886e-26
"ATL2",2.07263400216533e-30,0.417819608512506,0.567,0.138,8.97491975617632e-26
"KIAA0100",2.34367223986933e-30,0.523937827253887,0.413,0.084,1.01485695330822e-25
"TCERG1",2.38179663833448e-30,0.537510462960432,0.644,0.172,1.0313655803316e-25
"NRIP1",2.41877871101489e-30,0.59651292609066,0.625,0.165,1.04737955744367e-25
"BASP1",2.52111339659779e-30,0.3163824100601,0.615,0.153,1.09169252299477e-25
"C5orf15",2.56355853092829e-30,0.392460952309709,0.404,0.08,1.11007211506257e-25
"C3orf58",3.04792563187275e-30,0.499102393949407,0.413,0.084,1.31981275711354e-25
"MYO9B",3.26122764657759e-30,0.697224210577125,0.798,0.257,1.41217679552103e-25
"TANGO2",3.39444806274399e-30,0.437214191125311,0.462,0.099,1.4698639001294e-25
"SHMT1",3.41261571428584e-30,0.378692208952916,0.423,0.085,1.47773085660006e-25
"SLC36A1",3.4523480725769e-30,0.279912252515548,0.269,0.04,1.49493576238725e-25
"TLR1",3.55170618768591e-30,0.302474226633533,0.462,0.095,1.53795981339175e-25
"FRMD4A",3.73120910062099e-30,1.1362733066529,0.904,0.401,1.6156881647509e-25
"RHEB",3.75330949576418e-30,0.838234357015833,0.75,0.246,1.62525807785581e-25
"NAGK",3.76596808021315e-30,0.310723593050708,0.462,0.099,1.6307394980939e-25
"KBTBD12",4.06016705538074e-30,0.487581704367769,0.51,0.119,1.75813353832097e-25
"ANKFY1",4.19780304678795e-30,0.546925283338624,0.683,0.194,1.81773267532012e-25
"PARVG",4.25169266740706e-30,0.326342905486641,0.49,0.106,1.8410679588406e-25
"GALM",4.41341341172947e-30,0.440762697540565,0.365,0.068,1.9110962755471e-25
"RABGAP1L",4.43464532915701e-30,1.16184096396101,0.846,0.361,1.92029012043157e-25
"MYH9",4.5931644101519e-30,0.676117079148434,0.654,0.181,1.98893205288398e-25
"EIF3L",4.94921606871591e-30,0.43994348805691,0.394,0.077,2.14310954207536e-25
"UBAP2",4.97564805031259e-30,0.748777923062155,0.625,0.174,2.15455511874636e-25
"NSMAF",5.05418374383611e-30,0.520178515763703,0.721,0.205,2.18856264475591e-25
"EVL",5.23068515294287e-30,0.684116874600215,0.788,0.254,2.26499128492732e-25
"DNAJC5",5.52464968272557e-30,0.650134220523112,0.654,0.183,2.39228380561383e-25
"SRM",6.04031055351702e-30,0.274567527138147,0.298,0.048,2.61557527588394e-25
"IKBKB",6.54905984328822e-30,0.484979400128453,0.615,0.16,2.83587389334066e-25
"KDM1B",6.59937018218844e-30,0.307056416136152,0.423,0.086,2.85765927629124e-25
"NF2",7.56499607245162e-30,0.54658906033269,0.365,0.069,3.275794599293e-25
"SH3GL1",7.94608418307709e-30,0.423288289549523,0.413,0.084,3.44081337295604e-25
"MYOF",8.18431834896113e-30,0.581136557164349,0.587,0.148,3.54397353146715e-25
"MAZ",8.6754233604063e-30,0.398795913999928,0.308,0.051,3.75663182352314e-25
"PUM2",9.15888249546248e-30,0.846536485066713,0.865,0.324,3.96597929818516e-25
"PTPDC1",9.39151576880209e-30,0.359822269994759,0.327,0.057,4.06671415820668e-25
"UHRF1BP1L",9.61297672436018e-30,0.563364264051122,0.538,0.133,4.16261118118244e-25
"ZRANB3",9.94508823529184e-30,0.609891947707392,0.481,0.111,4.30642210764607e-25
"DBNL",1.02680715869731e-29,0.295179034149945,0.385,0.074,4.44628035859109e-25
"ANAPC7",1.03013960119503e-29,0.30095759478949,0.356,0.065,4.46071050109473e-25
"EPB41L2",1.03967031468767e-29,1.11695590377944,0.923,0.421,4.50198039666056e-25
"UBE2N",1.05033501195483e-29,0.413156806573018,0.433,0.092,4.5481606687668e-25
"MEF2A",1.06473746245224e-29,1.19687308402616,0.923,0.45,4.61052615991068e-25
"TRIM38",1.08641287464491e-29,0.343132157821145,0.394,0.076,4.7043850297874e-25
"LARP4B",1.14565227681323e-29,0.851025504746748,0.769,0.253,4.96090348905666e-25
"PLEKHB2",1.17576868733768e-29,0.353177228236956,0.5,0.113,5.09131356990964e-25
"COPG2",1.26210746453863e-29,0.41893129239585,0.365,0.069,5.46517774294519e-25
"PTPN18",1.2750891177795e-29,0.455727564050299,0.423,0.088,5.52139089780881e-25
"ETV6",1.29346193654509e-29,1.09106446630735,0.913,0.425,5.60094887762753e-25
"CTSB",1.39019168807452e-29,0.795611542126126,0.846,0.283,6.01980804770029e-25
"GIT2",1.44073956879994e-29,0.479163618297315,0.577,0.145,6.23869048081748e-25
"USP15",1.51046984098173e-29,0.814950184761942,0.856,0.31,6.54063650541909e-25
"EEA1",1.51432464518175e-29,0.76263609656251,0.673,0.201,6.55732857856603e-25
"ALG8",1.60433663319916e-29,0.339536281604174,0.317,0.054,6.94709848907902e-25
"TBC1D2B",1.70936081328895e-29,0.566258536870315,0.702,0.199,7.40187419370381e-25
"GBE1",1.77213577510764e-29,0.630829605541853,0.635,0.176,7.67370233337109e-25
"ERP29",1.8748806795855e-29,0.338013357173446,0.365,0.068,8.11860831874112e-25
"WNT5A",1.9651421557713e-29,0.358510128672942,0.298,0.049,8.50945856292087e-25
"THSD4-AS1",1.99127667915435e-29,0.596122352189432,0.433,0.095,8.62262627607419e-25
"AP003086.2",2.13138125265948e-29,0.603099372769032,0.5,0.117,9.22930710026608e-25
"GATAD2B",2.23032066992779e-29,0.745307516417262,0.712,0.218,9.65773456492131e-25
"ADA2",2.23332714043375e-29,0.2574223578658,0.279,0.043,9.67075318350622e-25
"TNPO3",2.27213742620012e-29,0.488084331787857,0.644,0.175,9.83880948293176e-25
"SPINDOC",2.28980163369315e-29,0.26901410432818,0.26,0.038,9.9152990342181e-25
"GLCE",2.31712756442479e-29,0.378407211544597,0.346,0.063,1.00336257794722e-24
"ST6GALNAC3",2.4292647096167e-29,1.01401372388098,0.817,0.3,1.05192020455822e-24
"USP6NL",2.5121705666221e-29,0.813824598532564,0.692,0.212,1.0878200987587e-24
"AP002495.2",2.53128017230945e-29,0.621129467047074,0.337,0.063,1.09609494021344e-24
"HK1",2.81293693551211e-29,0.665291921676405,0.654,0.184,1.21805795181545e-24
"PLEKHO1",2.86371427844208e-29,0.495568108253061,0.558,0.141,1.24004555685099e-24
"SHISA5",2.93378587079618e-29,0.404070893287355,0.413,0.086,1.27038795777216e-24
"PPP6R1",3.07013128027586e-29,0.40099350381395,0.365,0.07,1.32942824698505e-24
"SIPA1L2",3.07194367209595e-29,0.509234265673111,0.673,0.185,1.33021304889099e-24
"HRH2",3.23153720790705e-29,0.295181589777505,0.385,0.074,1.39932024176791e-24
"TPI1",3.30063242161674e-29,0.528501712605792,0.529,0.127,1.42923985120848e-24
"NSMCE2",3.32124882894901e-29,1.08077285416918,0.817,0.324,1.4381671679115e-24
"NSD1",3.83030495888708e-29,0.883169065591005,0.817,0.299,1.65859865329729e-24
"CHFR",4.23169075638164e-29,0.573876236681311,0.567,0.146,1.83240673132838e-24
"PA2G4",4.44248798596464e-29,0.25436591899344,0.279,0.044,1.92368614768241e-24
"NR2C2",4.47597529470782e-29,0.678614835554159,0.577,0.153,1.93818682211438e-24
"CSF2RA",4.80205827749791e-29,0.367804973631818,0.529,0.124,2.07938727532215e-24
"PAXX",5.06119491923452e-29,0.37535885832571,0.308,0.052,2.19159862392693e-24
"NASP",5.21477241298559e-29,0.548483827252059,0.644,0.184,2.25810075027102e-24
"TM9SF2",5.30416234283224e-29,0.404328236060645,0.587,0.15,2.29680837769322e-24
"HNRNPF",5.35617862207051e-29,0.518985746477973,0.51,0.122,2.31933246692897e-24
"SNRNP40",5.46473387732823e-29,0.44469203073,0.337,0.062,2.36633906356067e-24
"LYPLA1",5.71241271042299e-29,0.405223326388047,0.423,0.089,2.47358895186736e-24
"IL1RAP",5.76769647768374e-29,0.556337770181081,0.49,0.114,2.49752792876661e-24
"DLEU7-AS1",5.82989394435784e-29,0.363022152036558,0.462,0.1,2.52446067578583e-24
"CERK",5.83769608946516e-29,0.436180208594115,0.462,0.1,2.5278391606602e-24
"GTF2H2C",6.32156486655821e-29,0.580947053245173,0.462,0.106,2.73736401851704e-24
"STK4",8.27990898976577e-29,0.54019842022232,0.692,0.199,3.58536619074838e-24
"ATP1B3",8.31993477734518e-29,0.359997480446044,0.606,0.163,3.60269815728601e-24
"SMC1A",8.35116906489252e-29,0.633256796255756,0.394,0.082,3.61622322847976e-24
"LIMK2",8.39185523446042e-29,0.584106716633139,0.673,0.193,3.63384115362605e-24
"COG4",9.1461555103398e-29,0.506156857910808,0.375,0.074,3.96046825908734e-24
"GBF1",1.00692169850398e-28,0.626313127654361,0.692,0.203,4.36017233886195e-24
"CRLF3",1.01668075454606e-28,0.628118063283811,0.567,0.151,4.40243100333533e-24
"MKNK1",1.040787183333e-28,0.609403694242935,0.74,0.219,4.50681666126857e-24
"TBK1",1.08435755333214e-28,0.48473778468303,0.558,0.141,4.69548507743884e-24
"GALNT10",1.08676829712569e-28,0.77635564508407,0.702,0.214,4.70592408021365e-24
"COP1",1.10050607185255e-28,0.893962226736442,0.856,0.329,4.76541139233589e-24
"TAF15",1.12588509889321e-28,0.889207430961968,0.808,0.299,4.87530765522739e-24
"FZR1",1.13084878611505e-28,0.478029881136355,0.25,0.037,4.8968014136354e-24
"PTPA",1.17148728066701e-28,0.450270325139652,0.404,0.084,5.07277422274431e-24
"KCTD12",1.18620497709828e-28,0.753890911474013,0.481,0.109,5.13650479183097e-24
"ARL6IP6",1.20259856959843e-28,0.521850971138393,0.423,0.092,5.20749232607511e-24
"DLEU7",1.22838973276246e-28,0.298762250628622,0.308,0.052,5.31917322080801e-24
"VHL",1.25370295762911e-28,0.272935602924824,0.317,0.055,5.42878454712556e-24
"HNRNPH1",1.3726948231128e-28,0.850874935775236,0.798,0.284,5.94404312304306e-24
"TRIM28",1.37999426046995e-28,0.455822068855355,0.337,0.061,5.97565114668697e-24
"DCAF1",1.38146317561205e-28,0.421473589885954,0.317,0.055,5.98201184303532e-24
"CD84",1.42306293209535e-28,0.259113259500521,0.423,0.087,6.16214710855929e-24
"USP48",1.46204145756885e-28,0.678826287096877,0.606,0.168,6.33093191956465e-24
"THOC3",1.46660216306415e-28,0.255957253546759,0.279,0.044,6.3506806865004e-24
"KIAA1147",1.48431326180673e-28,0.48121428579324,0.471,0.108,6.42737328627552e-24
"NEDD1",1.61083717249662e-28,0.373312008442874,0.288,0.048,6.97524712434488e-24
"ASXL1",1.79633271558945e-28,0.779808897185891,0.769,0.251,7.77847992504545e-24
"HLA-C",2.10416481935375e-28,0.387151132979911,0.692,0.208,9.11145450076562e-24
"TRABD",2.12205532201902e-28,0.48141983273881,0.423,0.091,9.18892395540677e-24
"SEC22A",2.28152532335632e-28,0.682857644551417,0.49,0.117,9.87946095519755e-24
"ANKLE2",2.42267197119322e-28,0.319585551005082,0.471,0.106,1.04906541696609e-23
"LNPK",2.64101009846934e-28,0.382004851428741,0.433,0.094,1.14361019283919e-23
"NUP58",2.65950595033315e-28,0.453649590609286,0.596,0.161,1.15161926661326e-23
"IFNLR1",2.89410730768945e-28,0.33627714707593,0.288,0.047,1.25320634637569e-23
"CEP97",3.30692464115636e-28,0.382428390721054,0.337,0.063,1.43196450811353e-23
"RAB8B",3.36679822696723e-28,0.500888664078244,0.51,0.125,1.45789096824135e-23
"HNRNPUL1",3.43811354621617e-28,0.467749944258255,0.462,0.105,1.48877192778253e-23
"SLC2A9",4.1262149643111e-28,0.355493938429883,0.49,0.112,1.78673360384599e-23
"ARL15",4.55971862643857e-28,0.764634260727734,0.779,0.252,1.97444935962043e-23
"RBM17",4.65951287892045e-28,0.689123994171653,0.471,0.111,2.01766226683013e-23
"VMP1",4.76557995128061e-28,0.717008239674856,0.769,0.259,2.06359143050353e-23
"FAM107B",4.8359482026608e-28,0.387114954198302,0.365,0.071,2.09406229071618e-23
"DTX2",6.39914909876858e-28,0.487589996395307,0.375,0.075,2.77095954274877e-23
"TMX3",6.48015549749151e-28,0.3993781559235,0.471,0.109,2.80603693352377e-23
"PKN1",6.53621661562335e-28,0.347642791029137,0.394,0.081,2.83031251889722e-23
"PLXDC2",6.56747769722821e-28,1.26931552474329,0.933,0.541,2.84384919245376e-23
"FBXW7",6.63432718542406e-28,0.628734492129876,0.74,0.236,2.87279635783233e-23
"KLHL2",7.54683573346855e-28,0.435325852494754,0.519,0.127,3.26793080930655e-23
"AIDA",7.93786374333871e-28,0.643578379474917,0.375,0.076,3.43725375814053e-23
"TIAM1",8.67113054605426e-28,0.663810379758144,0.663,0.195,3.75477294905242e-23
"PPP2R3C",8.83626368107819e-28,0.516357999786873,0.558,0.146,3.82627889918048e-23
"HIRA",9.23983323283553e-28,0.346638094821727,0.279,0.046,4.00103258648244e-23
"CMIP",9.32695355345888e-28,0.987990035951495,0.904,0.392,4.03875742771876e-23
"PNPT1",9.61037076437844e-28,0.400389416842575,0.462,0.107,4.16148274839115e-23
"LBR",9.72201142204701e-28,0.469962385278717,0.413,0.09,4.2098253859748e-23
"FAM114A1",9.87005441465801e-28,0.360222591075158,0.337,0.062,4.27393096263521e-23
"NMI",9.92385803359329e-28,0.346206905641199,0.25,0.038,4.29722900570657e-23
"FIG4",9.93783963485753e-28,0.490906883085062,0.462,0.104,4.30328331868601e-23
"ELF2",9.95414309923207e-28,0.916530205973237,0.865,0.344,4.31034304482947e-23
"JADE1",1.04137558454113e-27,0.503183089384105,0.385,0.079,4.50936455617999e-23
"GTF3A",1.15121912463663e-27,0.437692095987095,0.365,0.072,4.98500905350152e-23
"ARF1",1.15847879264293e-27,0.30053269963875,0.538,0.131,5.01644486790243e-23
"WDR5",1.20352835252221e-27,0.373778225569507,0.337,0.063,5.21151847209167e-23
"RRM2B",1.25106425900547e-27,0.460245080965161,0.327,0.061,5.4173584543455e-23
"AC044781.1",1.28904887723525e-27,0.3797841048211,0.279,0.045,5.58183944820407e-23
"CYBC1",1.33075343357638e-27,0.490594470242351,0.462,0.106,5.76242851807244e-23
"PIP4K2A",1.3755434343019e-27,0.807605990802485,0.856,0.336,5.95637817921407e-23
"ERI2",1.38104288893104e-27,0.337982750110104,0.288,0.049,5.98019191764917e-23
"TSPO",1.46881435510329e-27,0.465715140070451,0.365,0.072,6.36025992046825e-23
"OSTF1",1.49281750871743e-27,0.432260492603436,0.442,0.099,6.46419837624824e-23
"PLAGL1",1.56877508173015e-27,0.681755633111624,0.462,0.11,6.79310985890789e-23
"P4HB",1.6314335648463e-27,0.463954428062013,0.51,0.125,7.06443362249744e-23
"STAT2",1.65739550575826e-27,0.531079196288627,0.548,0.144,7.17685401903444e-23
"ATP11C",1.87784298473465e-27,0.684247256403077,0.51,0.129,8.13143569249799e-23
"VDAC1",1.91472423317094e-27,0.405425093790106,0.49,0.119,8.29113887447681e-23
"AMD1",1.91661594264302e-27,0.597818077070176,0.49,0.118,8.29933035483281e-23
"GTF2F2",1.91877320123337e-27,0.363536082723496,0.538,0.133,8.30867171598074e-23
"TRIM25",1.95823890440155e-27,0.381534009960275,0.346,0.066,8.47956610383961e-23
"TPM4",2.07069345706028e-27,0.365760657754195,0.442,0.098,8.9665168077624e-23
"BTBD7",2.0955202626727e-27,0.754170013492951,0.721,0.234,9.07402184142534e-23
"GSK3B",2.200345780965e-27,0.832041351415004,0.808,0.295,9.52793730073463e-23
"HIVEP3",2.20782346903471e-27,1.19700889373992,0.731,0.273,9.5603171856141e-23
"GPATCH11",2.21574924171747e-27,0.363504216914233,0.279,0.046,9.59463736648499e-23
"B4GALT1",2.28427901906008e-27,0.449971269477002,0.49,0.116,9.89138500833395e-23
"JMJD1C",2.46679517978514e-27,1.07640580744851,0.913,0.497,1.06817164875056e-22
"EIPR1",2.49734098021863e-27,0.497394002376394,0.404,0.087,1.08139859125427e-22
"S100PBP",2.53720836838844e-27,0.439495341857061,0.51,0.127,1.09866196767956e-22
"TSPAN14",2.82426360049957e-27,0.408850781754862,0.644,0.178,1.22296262428832e-22
"AP3M2",2.94170330206177e-27,0.286619443989258,0.269,0.044,1.27381636385879e-22
"SMYD2",2.9706773139724e-27,0.337244556465502,0.25,0.038,1.28636269049633e-22
"ADAR",3.04627162400644e-27,0.510948508146543,0.615,0.175,1.31909653862727e-22
"CAPRIN1",3.05443151304849e-27,0.388268595424986,0.529,0.132,1.32262993378026e-22
"ZYG11B",3.15109606223627e-27,0.272398328098073,0.49,0.115,1.36448761686955e-22
"HNRNPL",3.16482641163647e-27,0.48979930529923,0.567,0.148,1.37043313276683e-22
"CAD",3.20371080742487e-27,0.273562681174045,0.26,0.041,1.38727085383112e-22
"GGA3",3.31340835177443e-27,0.315049854097385,0.394,0.081,1.43477208448536e-22
"STT3B",3.42474923267161e-27,0.595699804518078,0.577,0.155,1.48298491273146e-22
"CCDC50",3.51877476970604e-27,0.550407977107326,0.558,0.15,1.52369985077811e-22
"PAG1",3.54872209323598e-27,0.566925941764091,0.856,0.291,1.53666764081305e-22
"AP1B1",3.59356590615236e-27,0.477863834801999,0.635,0.179,1.5560859086821e-22
"PRPSAP1",3.6934737901195e-27,0.338737043309536,0.5,0.122,1.59934802059755e-22
"CBWD5",3.744060042575e-27,0.477065274990044,0.558,0.144,1.62125287963583e-22
"NUP98",3.84121960800816e-27,0.570020834481366,0.577,0.16,1.66332491465969e-22
"CCDC12",3.90715455565425e-27,0.320214183390645,0.394,0.082,1.6918760656894e-22
"STT3A",3.96619138403347e-27,0.371490886165127,0.269,0.044,1.71744019311417e-22
"UTP6",3.98668709048635e-27,0.251557979697508,0.385,0.078,1.7263152439224e-22
"XPO6",4.06870545004604e-27,0.538265039538349,0.596,0.165,1.76183083397894e-22
"TPR",4.30142862119271e-27,0.486084717623118,0.644,0.182,1.86260462154887e-22
"TRAPPC9",4.48969084366777e-27,0.852937012667657,0.827,0.315,1.94412592912502e-22
"HECTD2",5.30918702999911e-27,0.541329764773514,0.567,0.151,2.29898416773022e-22
"CDC123",5.43726726254664e-27,0.431204550986736,0.404,0.088,2.35444547002795e-22
"SKIL",5.47262665115607e-27,0.296257716606028,0.587,0.151,2.3697567924836e-22
"TM7SF3",5.50772937734299e-27,0.483369442713283,0.471,0.111,2.38495697497706e-22
"TTLL5",5.52251175995917e-27,0.608822478705341,0.673,0.201,2.39135804229752e-22
"SPTLC1",5.5765462856414e-27,0.449308927384849,0.49,0.121,2.41475607260844e-22
"SLC11A2",5.62159292992571e-27,0.415378717265615,0.644,0.18,2.43426217051643e-22
"GLDN",6.07643548965968e-27,0.489225281688222,0.51,0.123,2.63121809573243e-22
"ITGB3BP",6.15747928811674e-27,0.699499606674452,0.519,0.134,2.66631168134031e-22
"GSTCD",6.74409296162882e-27,0.60761981543326,0.375,0.079,2.92032713424451e-22
"DPP9",7.25227027555138e-27,0.412698543382097,0.375,0.076,3.14037807471926e-22
"ZNF789",7.32453429981413e-27,0.364629823479582,0.327,0.061,3.17166984250552e-22
"DDX46",7.57198995217515e-27,0.465013027097512,0.673,0.197,3.27882308909088e-22
"DAZAP1",8.19499850296876e-27,0.514009443653492,0.452,0.105,3.54859825175553e-22
"TRIM24",8.28846579471059e-27,0.563080226906528,0.423,0.097,3.58907145842558e-22
"NR2C1",8.59941694750897e-27,0.353805605086739,0.462,0.108,3.72371952661033e-22
"SLC15A4",8.80983911817637e-27,0.254654847215962,0.462,0.105,3.81483653495273e-22
"GLB1",9.24726883836586e-27,0.43010849722076,0.577,0.153,4.00425235238918e-22
"ARPC2",9.46432485764548e-27,0.374228469136857,0.654,0.187,4.09824194985764e-22
"SPG11",9.70557487931624e-27,0.666144563059919,0.712,0.231,4.20270803424152e-22
"PSMB2",9.93925205390087e-27,0.258493973979134,0.327,0.061,4.30389492438015e-22
"BMP2K",1.07652970816674e-26,1.0701150003624,0.923,0.45,4.66158894230362e-22
"KHDRBS1",1.20231202177642e-26,0.560570967054419,0.673,0.206,5.20625151669625e-22
"GMPS",1.20377666331723e-26,0.450407463507232,0.423,0.095,5.21259370749627e-22
"SHOC2",1.20920520365935e-26,0.511193989837538,0.615,0.171,5.2361003728857e-22
"GMDS",1.23940162136818e-26,0.718169803145987,0.615,0.184,5.3668569008485e-22
"ELAVL1",1.26068550618344e-26,0.385160434170898,0.442,0.1,5.45902037887555e-22
"ARPC5",1.2905752711396e-26,0.566679778424661,0.442,0.105,5.58844903908869e-22
"GGNBP2",1.48522683133445e-26,0.290801754689693,0.567,0.15,6.43132922504442e-22
"WBP11",1.63458477598407e-26,0.303513132801612,0.269,0.044,7.0780789969662e-22
"WDR1",1.72294792811607e-26,0.378984220640383,0.452,0.106,7.46070911832821e-22
"LDHA",1.73788563910238e-26,0.45773816885124,0.471,0.115,7.52539239444113e-22
"CMKLR1",2.06413900254794e-26,0.479471559799773,0.346,0.068,8.93813470883308e-22
"CEBPG",2.14515908254247e-26,0.442094556878923,0.308,0.056,9.2889678592254e-22
"ENG",2.19784347627711e-26,0.54270669719894,0.327,0.062,9.51710182097516e-22
"FMNL1",2.20664195649954e-26,0.330228154713189,0.442,0.099,9.55520100003433e-22
"PIP5K1A",2.21078776358453e-26,0.635478010952906,0.635,0.194,9.57315317387372e-22
"METAP1",2.28782243785083e-26,0.305788757413107,0.298,0.053,9.90672872038165e-22
"TENT4A",2.56705762352581e-26,0.57223904354076,0.51,0.131,1.11158729213915e-21
"PSMD8",2.57980627204897e-26,0.516228057524821,0.298,0.054,1.11710771192264e-21
"HPS3",2.82439594959152e-26,0.449815742426885,0.51,0.129,1.22301993409212e-21
"USP39",2.88537026518831e-26,0.268395474209776,0.471,0.111,1.24942303223184e-21
"AC004943.2",2.95487470372538e-26,0.447470469956735,0.25,0.04,1.27951984420716e-21
"TUBB4B",2.95795225939395e-26,0.389893393347431,0.413,0.092,1.28085248736277e-21
"OXSR1",3.01406897044631e-26,0.666877154176015,0.567,0.156,1.30515214558266e-21
"ZC3H7A",3.04536012173182e-26,0.512498604074405,0.519,0.133,1.31870183991231e-21
"PAK2",3.14065436093812e-26,0.56566470018183,0.683,0.21,1.35996615137343e-21
"ERLIN1",3.29591983237585e-26,0.350952420433296,0.298,0.053,1.42719920581539e-21
"FARP2",3.30359077567695e-26,0.450773897973534,0.49,0.12,1.43052087768363e-21
"ADCY7",3.35862549957029e-26,0.426051822063119,0.538,0.134,1.45435201382393e-21
"STK24",3.48550826178553e-26,0.604677454720897,0.615,0.179,1.50929478751837e-21
"ZDHHC5",3.60496242028897e-26,0.618229922346058,0.337,0.067,1.56102082723353e-21
"TRNAU1AP",3.82658535771306e-26,0.337012598248557,0.442,0.103,1.65698799159691e-21
"DOT1L",4.52003639490805e-26,0.250521234673537,0.317,0.059,1.95726615972308e-21
"PPP5C",4.78719665899181e-26,0.34615467188688,0.365,0.075,2.07295189727664e-21
"MTF1",4.95462466935264e-26,0.260175920987817,0.308,0.056,2.14545157432308e-21
"ZNF335",4.99415969712727e-26,0.273351409680197,0.308,0.056,2.16257103205005e-21
"WIPF1",5.15376349330526e-26,0.489967409699799,0.731,0.224,2.23168266787104e-21
"UBAC2",5.30888037007622e-26,0.67311667640814,0.779,0.265,2.2988513778504e-21
"COA1",5.44059376387447e-26,0.529795420559073,0.615,0.177,2.35588591163292e-21
"C19orf66",5.54288106159283e-26,0.431036697300018,0.404,0.089,2.40017835729093e-21
"IRAK4",5.87511430332412e-26,0.350852553532833,0.317,0.06,2.54404199562541e-21
"TTC39C",5.99379009766797e-26,0.600205104152396,0.404,0.092,2.59543098809219e-21
"SLC4A7",6.19546134671819e-26,0.500919129015156,0.644,0.181,2.68275867235591e-21
"TTF1",6.24069722753704e-26,0.280446717828378,0.375,0.078,2.70234671346809e-21
"ANKRD36",6.48282636338156e-26,0.585699791814012,0.635,0.195,2.80719347187148e-21
"PDPN",6.54516447037209e-26,0.339647781516467,0.317,0.059,2.83418711896052e-21
"KHDRBS2",6.55166963313868e-26,0.376194380479559,0.25,0.04,2.83700398454171e-21
"RASGRP3",6.63387852444129e-26,0.251097223376305,0.288,0.05,2.87260207865357e-21
"NAB1",6.67065291351876e-26,0.496166065360737,0.346,0.069,2.88852612461189e-21
"SERPINB9",6.97450530151841e-26,0.672097968743166,0.529,0.14,3.0201002856635e-21
"UBE2K",7.50037896799106e-26,0.720797941452755,0.788,0.285,3.24781410071949e-21
"IFNAR1",8.30981007380669e-26,0.329872865989767,0.49,0.119,3.59831395815977e-21
"NUCKS1",8.46631540910605e-26,0.673585981660236,0.769,0.274,3.6660838984511e-21
"KHDC4",8.56808714363903e-26,0.357081356282541,0.423,0.096,3.71015309493857e-21
"GTDC1",8.72929048872268e-26,0.813404649277563,0.683,0.219,3.77995736742669e-21
"MAML3",8.89859166174205e-26,0.766592869443625,0.856,0.314,3.85326816136754e-21
"L2HGDH",8.93429020819241e-26,0.353198958966066,0.269,0.046,3.86872634595148e-21
"EDA",1.00390458657406e-25,0.489099167949991,0.433,0.1,4.347107640783e-21
"UHRF1BP1",1.07197229770381e-25,0.48840114852481,0.471,0.116,4.64185444351706e-21
"ZNF652",1.08495534523128e-25,0.531629822530121,0.663,0.201,4.69807363592051e-21
"NOD1",1.08831892207194e-25,0.305418622131177,0.442,0.103,4.71263859635592e-21
"ACLY",1.12894284832455e-25,0.31757851261146,0.337,0.066,4.88854832181495e-21
"AC006978.2",1.19240689455152e-25,0.505148858163097,0.538,0.143,5.16336033478701e-21
"FAM192A",1.20368532266272e-25,0.550133903949533,0.385,0.082,5.21219818419411e-21
"CNOT6",1.25679986750176e-25,0.348976639835147,0.375,0.08,5.44219478625614e-21
"KIF13B",1.31328404038653e-25,0.452456778388904,0.567,0.155,5.68678255168176e-21
"TRIM13",1.33766568633858e-25,0.440057152442617,0.442,0.104,5.7923599549833e-21
"INPP5B",1.3522094080352e-25,0.27288857175023,0.5,0.123,5.85533717867401e-21
"GPD2",1.36183444007801e-25,0.765090305718506,0.74,0.257,5.89701549242579e-21
"SMARCC1",1.45613989546481e-25,0.684598191520664,0.654,0.203,6.30537697534171e-21
"RAP2A",1.4898889111244e-25,0.432119437969205,0.404,0.09,6.45151696295089e-21
"STRBP",1.49335734881004e-25,0.542273348848493,0.731,0.233,6.46653599181725e-21
"TMEM65",1.54345529429621e-25,0.66122645490547,0.587,0.169,6.68347011536145e-21
"CALM3",1.57434289267641e-25,0.276214783517904,0.413,0.092,6.81721959386739e-21
"ARHGAP17",1.62208193490226e-25,0.534532311477485,0.538,0.147,7.02393919451375e-21
"SLC25A25",1.66719521044829e-25,0.437666672931806,0.413,0.093,7.2192887002832e-21
"CNDP2",1.88870479161182e-25,0.469451257220152,0.481,0.118,8.17846948863751e-21
"TMLHE",1.93662982530893e-25,0.437705192364583,0.452,0.108,8.38599446955275e-21
"ZNF407",2.03382751138577e-25,0.839774227821692,0.673,0.23,8.80687988980264e-21
"BST2",2.04308577163054e-25,0.398668565483813,0.423,0.096,8.84697000831455e-21
"BAZ1B",2.11799557509402e-25,0.539893449205502,0.596,0.177,9.17134443927212e-21
"NUP160",2.218665667228e-25,0.471446538815813,0.538,0.144,9.60726607223068e-21
"PHF20",2.25007360906114e-25,0.626378240959499,0.702,0.223,9.74326874195656e-21
"MAP3K20",2.28687858055012e-25,0.630246369493841,0.606,0.175,9.90264162949815e-21
"GOLPH3",2.28707656011199e-25,0.634445908558089,0.596,0.178,9.90349892059692e-21
"TLR2",2.28952391581921e-25,0.538533963915238,0.663,0.193,9.91409646028035e-21
"DOCK11",2.37042465643785e-25,0.493237808681663,0.673,0.2,1.02644128473072e-20
"TUBA1C",2.72568677036673e-25,0.773633676665023,0.317,0.062,1.1802768853042e-20
"ZNF718",2.76007070744556e-25,0.627647571508314,0.471,0.121,1.19516581773808e-20
"RAB10",2.79421582689879e-25,0.78421586084646,0.808,0.311,1.20995133736371e-20
"SEPT6",2.88032857026785e-25,0.382405261690604,0.471,0.114,1.24723987749738e-20
"TTC13",2.98418481313414e-25,0.421698822501714,0.462,0.112,1.29221170778335e-20
"SUCLA2",3.03844491622857e-25,0.505667621404644,0.385,0.085,1.3157074176253e-20
"HEG1",3.17139830832906e-25,0.387237776182563,0.404,0.091,1.37327889547265e-20
"TMCO4",3.36167333244728e-25,0.29121736845674,0.317,0.06,1.45567178641632e-20
"DESI2",3.78362856233022e-25,0.423057931042641,0.365,0.077,1.63838684006023e-20
"GNG5",3.86018831636057e-25,0.321356267731096,0.365,0.077,1.67153874475045e-20
"TAF1B",4.01916419296591e-25,0.43526515730311,0.404,0.092,1.7403784788381e-20
"LRP8",4.05234673654995e-25,0.295793223415611,0.308,0.058,1.75474718386086e-20
"CLTA",4.18835022730944e-25,0.395827135908349,0.462,0.113,1.81363941542953e-20
"CAB39",4.58780602612373e-25,0.570289556328729,0.76,0.25,1.9866117654321e-20
"R3HDM1",4.66569362913853e-25,0.680245362961821,0.731,0.249,2.02033865528957e-20
"RTCB",5.00418740602887e-25,0.395838856054444,0.433,0.102,2.16691323055862e-20
"PRR14L",5.10175114064116e-25,0.37456693629134,0.538,0.143,2.20916027892043e-20
"SAP130",5.14997419199879e-25,0.37290298547921,0.385,0.084,2.23004182461932e-20
"EP400",5.17429359797578e-25,0.509133884747389,0.654,0.202,2.24057261379547e-20
"RASSF2",5.62428630712263e-25,0.414394414912156,0.404,0.091,2.43542845671024e-20
"ELK3",5.67161026372711e-25,0.4590840900217,0.337,0.068,2.45592067639911e-20
"RPS4Y1",5.77431967890361e-25,0.4726654941773,0.308,0.058,2.50039590735884e-20
"KDM2B",5.90335051405169e-25,0.481045784787834,0.51,0.132,2.55626883959466e-20
"ELF1",5.94891232443213e-25,0.68616251679661,0.769,0.27,2.5759980147256e-20
"TFEB",6.22747974618255e-25,0.519917733137003,0.423,0.1,2.69662327969197e-20
"FAM168A",6.44835945115925e-25,0.808609616316056,0.808,0.314,2.79226860954098e-20
"POT1",6.46563164637667e-25,0.654611942216607,0.413,0.1,2.79974781551403e-20
"CD2AP",6.58061167900712e-25,0.570132283539872,0.538,0.146,2.84953646924366e-20
"FNBP1L",6.89164006534412e-25,0.615364308456087,0.635,0.19,2.98421798109531e-20
"SNX24",7.01976546350679e-25,0.641188164527334,0.558,0.161,3.03969884100771e-20
"BCAT1",7.09599472351344e-25,0.323731540629555,0.394,0.086,3.07270763517579e-20
"LNPEP",7.26257988405015e-25,0.419741285785267,0.702,0.221,3.1448423413914e-20
"NFIC",8.03254616477382e-25,0.682598006538344,0.721,0.258,3.47825314027036e-20
"INIP",8.19495842410881e-25,0.533355415579579,0.279,0.051,3.5485808968076e-20
"MICU1",8.29098782818525e-25,0.643114494906688,0.606,0.184,3.59016354936078e-20
"ZFHX3",8.5190676928565e-25,0.992901458112812,0.923,0.46,3.68892669236072e-20
"NONO",8.59631280708094e-25,0.272052471102943,0.375,0.08,3.72237537172219e-20
"IRF2BPL",8.93607384279491e-25,0.310069847643534,0.279,0.049,3.86949869540705e-20
"RASSF8",8.97747865892438e-25,0.999532463602399,0.788,0.324,3.88742780888744e-20
"WDR7",9.27687601708422e-25,0.617270229540794,0.721,0.244,4.01707285291781e-20
"TRIP12",1.0288704308269e-24,0.757195613080369,0.808,0.3,4.45521473956665e-20
"CEPT1",1.03726422588564e-24,0.406194163434064,0.49,0.124,4.49156155092999e-20
"GLMN",1.05940004828642e-24,0.295976610915578,0.375,0.081,4.58741408908984e-20
"HNRNPLL",1.08841040457618e-24,0.381852767926803,0.423,0.099,4.7130347338958e-20
"IFNGR1",1.11793159619164e-24,0.557585273428845,0.663,0.205,4.84086739782903e-20
"EGLN1",1.16565162061796e-24,0.756447768628862,0.558,0.166,5.04750464759987e-20
"RNF121",1.19981567360287e-24,0.307430715996028,0.298,0.056,5.19544182983514e-20
"SLC25A40",1.30495460331628e-24,0.39507461454452,0.317,0.063,5.65071442328015e-20
"DAP3",1.35800456873987e-24,0.477800495485996,0.558,0.156,5.88043138355739e-20
"SIRPB2",1.42899117282204e-24,0.298492930937068,0.298,0.055,6.187817576554e-20
"GFPT1",1.45819169973606e-24,0.437593695035026,0.394,0.089,6.3142616981971e-20
"MAPKAP1",1.509358524008e-24,0.599578331768011,0.721,0.243,6.53582428065944e-20
"SMG9",1.52917862642358e-24,0.338219680309411,0.375,0.082,6.62164928813939e-20
"ADK",1.70581874514276e-24,0.95827556466002,0.779,0.324,7.38653633021718e-20
"UBALD2",1.71880918352904e-24,0.44925747209043,0.288,0.054,7.44278752651746e-20
"SPECC1",1.77860119574713e-24,0.659587503754713,0.702,0.234,7.70169889782424e-20
"KDM3B",1.78006818795581e-24,0.469263720273869,0.538,0.149,7.70805126748624e-20
"TRA2B",1.87091861140931e-24,0.413311310809741,0.76,0.247,8.10145177112458e-20
"THRAP3",1.87437745167388e-24,0.540286433437574,0.644,0.2,8.11642924123822e-20
"TMEM163",1.94815700641536e-24,1.37752534225096,0.394,0.097,8.43590946917981e-20
"UBE3C",1.97107708826167e-24,0.606173861704342,0.702,0.236,8.53515800759068e-20
"MPZL1",2.03729284576301e-24,0.425919340623578,0.596,0.172,8.82188548072298e-20
"STEAP1B",2.08321563678746e-24,0.455857462410079,0.356,0.076,9.02074035041705e-20
"XRN2",2.13522603536219e-24,0.463657599338891,0.606,0.171,9.24595577832535e-20
"DIP2B",2.22063667793379e-24,0.913710670589816,0.865,0.386,9.6158009427889e-20
"SGPP1",2.22205235497384e-24,0.394552645345451,0.462,0.115,9.62193110750773e-20
"TBL1XR1",2.48467484472686e-24,0.795873262494174,0.875,0.374,1.07591390126362e-19
"MGAT5",2.54509302335757e-24,0.811510857415098,0.856,0.348,1.1020761809743e-19
"UNK",2.58768714767411e-24,0.509927917862511,0.529,0.143,1.12052028868584e-19
"PLAG1",2.68719270390184e-24,0.456441731270729,0.346,0.072,1.16360818464358e-19
"FARSB",2.74631776391199e-24,0.294681583843583,0.346,0.072,1.18921051812917e-19
"ATP11A",2.7846683735072e-24,0.562867093472802,0.712,0.235,1.20581709909609e-19
"NOL4L",2.94980114868439e-24,0.410210795173101,0.413,0.096,1.27732289340332e-19
"MRPL48",3.27032570770514e-24,0.351758107540666,0.26,0.045,1.41611643795048e-19
"HSPB11",3.35798547976728e-24,0.313434167984037,0.317,0.063,1.45407487244883e-19
"DYNC1LI1",3.38448429416372e-24,0.363527827054685,0.375,0.082,1.46554938905877e-19
"IQGAP1",3.5027976021588e-24,0.486458295320991,0.596,0.176,1.5167814176868e-19
"USP25",3.57369581287198e-24,0.546675891182415,0.663,0.205,1.54748176088982e-19
"PILRB",3.70715144610484e-24,0.366429402667532,0.452,0.113,1.60527071919232e-19
"PPARG",3.77332325373088e-24,0.75035233911801,0.413,0.099,1.63392443533055e-19
"TANGO6",4.26279293537245e-24,0.412594004431827,0.452,0.112,1.84587459687498e-19
"PPP4C",4.50673503802934e-24,0.252889953413582,0.298,0.057,1.95150640616747e-19
"YBX1",4.76712185476866e-24,0.51586820239909,0.481,0.127,2.06425910555193e-19
"PPM1D",4.85282635463894e-24,0.546022864601552,0.365,0.083,2.10137086808575e-19
"DRAM2",5.24546122568091e-24,0.331918052217644,0.5,0.129,2.27138961994435e-19
"PADI2",5.47326217618583e-24,0.460272075088057,0.654,0.203,2.37003198753199e-19
"DHX35",5.52444520823325e-24,0.387949541542985,0.308,0.061,2.39219526406916e-19
"ZNF83",5.67691387813135e-24,0.787884706556963,0.673,0.233,2.45821724750844e-19
"SF3B3",5.74960617496534e-24,0.33441244444957,0.385,0.087,2.48969446588349e-19
"AGTPBP1",5.75812132857741e-24,0.532746871681347,0.615,0.185,2.49338169770059e-19
"SPNS2",5.9487173596096e-24,0.602167479804233,0.279,0.05,2.57591359105815e-19
"SEC11A",5.95326837703452e-24,0.36423197530723,0.5,0.133,2.57788427262349e-19
"RECQL",5.99153918613681e-24,0.25091793165151,0.26,0.045,2.59445629838096e-19
"RCAN1",6.04906036196997e-24,0.32455407243519,0.269,0.048,2.61936411794024e-19
"TFB1M",6.05259407805388e-24,0.41229142091352,0.394,0.089,2.62089428767889e-19
"CLASRP",6.13430351089674e-24,0.402436047966902,0.51,0.136,2.6562761062885e-19
"SPPL2A",6.35572811299575e-24,0.336479787340301,0.596,0.175,2.75215738748942e-19
"NUP153",6.40216667247049e-24,0.543609211247313,0.587,0.177,2.77226621251317e-19
"SCAI",7.15833160385193e-24,0.377319423722191,0.423,0.102,3.09970075109996e-19
"R3HDM2",7.43765236583432e-24,0.681995384403358,0.692,0.242,3.22065222745358e-19
"KDM2A",7.96637302790468e-24,0.702378985798378,0.837,0.335,3.44959884854328e-19
"AP3B1",8.08894707996639e-24,0.717770500247127,0.817,0.318,3.50267586456705e-19
"SMURF1",8.19183517256416e-24,0.702355308473998,0.606,0.189,3.54722846642373e-19
"IL13RA1",8.37017019096772e-24,0.263921663192197,0.51,0.131,3.62445109609284e-19
"DIP2A",8.48103351702601e-24,0.541453020194056,0.712,0.234,3.6724571335426e-19
"PARP8",8.51059648925985e-24,0.344256491055675,0.692,0.228,3.6852584917793e-19
"DDX50",9.1094608576156e-24,0.406769155904672,0.394,0.092,3.94457874056471e-19
"SPOPL",9.37807354681495e-24,0.428835100196699,0.51,0.138,4.06089340724181e-19
"RNF10",9.56138332580531e-24,0.338720649704754,0.462,0.116,4.14027020774022e-19
"FAM177B",9.88441695259192e-24,0.612296591811782,0.298,0.058,4.28015022881135e-19
"NUP214",1.01744783942968e-23,0.424094294682651,0.529,0.147,4.4057526342984e-19
"ITGAX",1.07812778335795e-23,0.312899330974421,0.471,0.115,4.66850892749658e-19
"WDR70",1.12743793516205e-23,0.803275850189103,0.808,0.321,4.88203174683871e-19
"GAB2",1.14484766385473e-23,0.819520571388933,0.856,0.365,4.95741935402374e-19
"SLC38A9",1.23275447182449e-23,0.453171180994852,0.462,0.117,5.33807341389439e-19
"MANBA",1.26128196141715e-23,0.454539815112475,0.673,0.212,5.46160314932854e-19
"PPP2R5E",1.2816005734916e-23,0.599955043040361,0.644,0.209,5.54958680333331e-19
"TTI1",1.30770238965184e-23,0.412398993874598,0.346,0.075,5.66261288767039e-19
"ANKS1A",1.33260943247091e-23,0.586987739503601,0.827,0.301,5.77046536448552e-19
"AKAP10",1.39021613693247e-23,0.674494982570454,0.788,0.286,6.01991391614498e-19
"PSIP1",1.39264731306729e-23,0.733752545928371,0.471,0.126,6.03044139504398e-19
"KCNQ5",1.47643201687663e-23,1.06909554315322,0.308,0.064,6.39324591947918e-19
"TRERF1",1.50958264735798e-23,0.643176944835016,0.481,0.132,6.53679477958954e-19
"RPL4",1.51275633019623e-23,0.287412433987952,0.519,0.14,6.55053746101571e-19
"MLXIP",1.58907481236736e-23,0.399168064261876,0.567,0.161,6.88101175251312e-19
"LCLAT1",1.59049989686913e-23,0.32824100974182,0.404,0.094,6.88718265342269e-19
"RAB2A",1.61308809573463e-23,0.612380993636651,0.788,0.288,6.98499407215008e-19
"TBC1D8",1.73493566232382e-23,0.591755957213228,0.548,0.156,7.5126184049946e-19
"TMEM62",1.73520660678469e-23,0.395892780654167,0.308,0.062,7.51379164869905e-19
"CTTNBP2",1.7510870128281e-23,0.385728475592323,0.596,0.171,7.58255698294822e-19
"SENP5",1.77399934420418e-23,0.528844719417914,0.596,0.177,7.68177196027294e-19
"NHLRC3",1.78580652646437e-23,0.29633112345209,0.404,0.095,7.732899420896e-19
"CDKAL1",1.83187544685944e-23,0.743328312321172,0.846,0.355,7.93238705999074e-19
"PUM1",1.83677513341188e-23,0.661735682496529,0.827,0.318,7.95360368270011e-19
"PTPN1",2.21313415851179e-23,0.415849245464836,0.548,0.155,9.58331353318775e-19
"SNX6",2.2435505037958e-23,0.41142085147184,0.49,0.132,9.71502239153656e-19
"EFTUD2",2.24988012924723e-23,0.45215827170461,0.346,0.075,9.74243093566637e-19
"ORC3",2.27474379847896e-23,0.350255113207067,0.423,0.103,9.85009559617361e-19
"SUFU",2.36711855118247e-23,0.505028449177637,0.5,0.135,1.02500967503303e-18
"CEP78",2.37234822500774e-23,0.263548915544524,0.413,0.099,1.02727422839285e-18
"HECA",2.40325401817557e-23,0.346905618070506,0.385,0.088,1.04065705495039e-18
"SEPT10",2.40996027503218e-23,0.421936418883797,0.404,0.096,1.04356099829444e-18
"UCHL3",2.55355445030775e-23,0.297465820363078,0.269,0.049,1.10574014807226e-18
"EYA3",2.59696640707582e-23,0.568274155122925,0.548,0.159,1.12453839359197e-18
"XKR6",2.62216413972141e-23,0.683326743606828,0.587,0.175,1.13544951578216e-18
"MLH1",2.63672305469043e-23,0.392077018949509,0.375,0.086,1.14175381714205e-18
"M6PR",2.70439220754541e-23,0.43587442793694,0.423,0.104,1.17105591371131e-18
"EEPD1",2.72507631156114e-23,0.533895770176118,0.442,0.113,1.1800125444322e-18
"INO80",2.79758240613249e-23,0.46988664625218,0.51,0.14,1.21140913350349e-18
"CAPZB",2.85151338245243e-23,0.76148064964776,0.856,0.364,1.23476232486955e-18
"KCTD20",2.93073023349658e-23,0.388119234497031,0.394,0.092,1.26906480570869e-18
"OSBPL8",2.99714597176069e-23,0.493759460398118,0.702,0.233,1.29782414869181e-18
"WDFY2",2.99962325443828e-23,0.730567669000756,0.865,0.357,1.29889686163686e-18
"PAFAH1B1",3.02397393246007e-23,0.699317872741902,0.827,0.332,1.30944119223386e-18
"MSH6",3.15168102742911e-23,0.360158502639759,0.25,0.044,1.36474091849735e-18
"PKM",3.2042518933397e-23,0.582372526569875,0.788,0.301,1.38750515485396e-18
"APAF1",3.21890439834144e-23,0.447034864901357,0.413,0.1,1.39384998256981e-18
"GLS",3.31937889652103e-23,0.465058946470673,0.702,0.232,1.43735744977154e-18
"TGOLN2",3.36094223707028e-23,0.332672491512437,0.538,0.146,1.45535520749617e-18
"UCK2",3.41027539076799e-23,0.39664646754146,0.26,0.047,1.47671744971036e-18
"TNRC18",3.42735982438781e-23,0.514764454871226,0.769,0.27,1.48411535115641e-18
"MRPS27",3.50497105985971e-23,0.451963096274026,0.423,0.105,1.51772256834045e-18
"CHCHD3",3.57551749846752e-23,0.76910474159194,0.74,0.282,1.54827058718641e-18
"MARK2",3.71704665417376e-23,0.603163411437916,0.548,0.161,1.60955554219032e-18
"MBNL1",3.80400285260459e-23,0.932238430898678,0.923,0.513,1.64720931523484e-18
"DRAM1",3.8309637396922e-23,0.290593528665699,0.26,0.046,1.65888391856152e-18
"PDSS2",3.92498599999017e-23,0.571196414105259,0.644,0.206,1.69959743771574e-18
"SLC31A1",4.511924485612e-23,0.326261126649031,0.288,0.055,1.95375354075971e-18
"PREP",4.5650178433314e-23,0.52239366472858,0.404,0.097,1.97674402651936e-18
"HADH",4.85070883924493e-23,0.307869899899589,0.269,0.05,2.10045394156984e-18
"SREBF2",4.90258550511956e-23,0.609334694899336,0.663,0.226,2.12291757542687e-18
"SPG7",5.07801791684195e-23,0.299430612323753,0.577,0.166,2.1988833183509e-18
"HIST2H2BF",5.17489739838492e-23,0.4251721523912,0.308,0.062,2.24083407144864e-18
"FASTKD1",5.22547499011539e-23,0.343139886747108,0.413,0.097,2.26273518021976e-18
"MCPH1",5.72271274521029e-23,0.530844956322729,0.606,0.185,2.47804907293096e-18
"LSM8",5.92138919321076e-23,0.376193324555421,0.346,0.075,2.56407994844413e-18
"ABRAXAS2",6.17585856160427e-23,0.356554970097208,0.26,0.047,2.67427027434588e-18
"CAP1",6.39820467310704e-23,0.411862039256345,0.51,0.138,2.77055058754881e-18
"MCMBP",6.4234231448714e-23,0.496957296416836,0.423,0.105,2.78147069019221e-18
"MARCKS",6.50762153735332e-23,0.397683275923376,0.654,0.212,2.81793027810473e-18
"GNAI3",6.61288869886046e-23,0.350460762598173,0.442,0.11,2.86351306438055e-18
"SEC24D",6.69211528440428e-23,0.350750629914789,0.413,0.099,2.89781976045274e-18
"ARHGAP24",7.03696553719032e-23,0.926303547464905,0.913,0.42,3.04714681691415e-18
"TBC1D5",7.07429470776944e-23,0.939760663414478,0.913,0.487,3.06331109435832e-18
"MOSMO",7.34285733952164e-23,0.495960917261254,0.5,0.137,3.17960408515966e-18
"XRCC5",8.0870972705051e-23,0.540323455227652,0.74,0.268,3.50187486007412e-18
"YWHAQ",8.16079575722974e-23,0.50242293707484,0.5,0.137,3.53378777879562e-18
"XRCC6",8.32651538108185e-23,0.474530842480414,0.423,0.106,3.60554769031606e-18
"CDYL",8.41446300113361e-23,0.535277781432982,0.615,0.193,3.64363076875088e-18
"GAS7",8.55415942342325e-23,0.595678237082605,0.5,0.138,3.70412211353074e-18
"SHLD1",9.03377653672693e-23,0.369238621124787,0.298,0.059,3.91180591593349e-18
"TAB2",9.29317473739289e-23,1.01662525039127,0.837,0.394,4.02413052478587e-18
"MKL1",9.6466967081324e-23,0.686882161059878,0.74,0.282,4.17721260855549e-18
"UBE2G1",9.75464441025378e-23,0.443312070884145,0.51,0.141,4.22395612252809e-18
"MCM9",1.00301856524103e-22,0.532321654231407,0.413,0.103,4.34327099120671e-18
"STX7",1.05980986555104e-22,0.587233373218033,0.779,0.278,4.58918867980912e-18
"RAP1B",1.07563498530065e-22,0.570938442694688,0.712,0.248,4.65771461334889e-18
"ZDHHC20",1.09680544402374e-22,0.485649347911559,0.5,0.137,4.74938693371158e-18
"GPR183",1.21706429273353e-22,0.287892474100612,0.26,0.047,5.27013180039472e-18
"CYTH3",1.21956770373586e-22,0.279922104350528,0.433,0.107,5.28097207071701e-18
"KIAA1468",1.24850455874925e-22,0.503330009786439,0.635,0.202,5.40627444029602e-18
"CAMK1D",1.29980998086402e-22,1.13277511665184,0.788,0.366,5.6284371791374e-18
"VPS35",1.30172403739526e-22,0.370650632782197,0.471,0.123,5.63672542672895e-18
"ROCK2",1.30434178510146e-22,0.514203463784368,0.712,0.239,5.64806079784636e-18
"FAM91A1",1.33414140757151e-22,0.288131374125269,0.385,0.089,5.77709912306615e-18
"MSH3",1.39288436129002e-22,0.693880072281875,0.548,0.169,6.03146786125805e-18
"DNAJC13",1.39606155251766e-22,0.477701562314006,0.596,0.183,6.04522573471195e-18
"ZCCHC8",1.4182310622415e-22,0.314901093119996,0.413,0.101,6.14122414571814e-18
"SMPD4",1.58954087331495e-22,0.344662069905864,0.404,0.097,6.88302988962841e-18
"HNRNPR",1.65387818319038e-22,0.342602261140071,0.548,0.159,7.16162330885097e-18
"ITGAV",1.66169647494703e-22,0.795639553560502,0.75,0.299,7.19547807581564e-18
"PSMA5",1.8096441816361e-22,0.272756786101811,0.26,0.047,7.83612123532065e-18
"CMSS1",2.03132859426235e-22,0.502475750793,0.625,0.201,8.79605907887481e-18
"RPS9",2.03438264049216e-22,0.412411899065103,0.702,0.229,8.80928370985914e-18
"AATF",2.08813215088513e-22,0.429766944779024,0.413,0.103,9.0420298397628e-18
"BHLHE41",2.26068247288805e-22,0.490274364177358,0.673,0.222,9.78920724409983e-18
"ZDHHC6",2.27754690839763e-22,0.488238858819362,0.25,0.045,9.8622336227434e-18
"BCOR",2.3004267392889e-22,0.43417486327561,0.279,0.054,9.96130786646879e-18
"ZNF33A",2.44621191902037e-22,0.476372819365778,0.567,0.168,1.0592586851742e-17
"NCK1",2.5166615109399e-22,0.378440037976904,0.471,0.123,1.0897647674672e-17
"PPP2R2A",2.53700330251112e-22,0.535760222731365,0.683,0.229,1.09857317005337e-17
"ATG4C",2.60975403489281e-22,0.470803713508964,0.577,0.173,1.13007569218928e-17
"RIOK3",2.64595603621796e-22,0.301831222474243,0.471,0.122,1.1457518828031e-17
"ASCC2",2.677184597077e-22,0.363567548349407,0.356,0.081,1.15927447422628e-17
"MARCH7",2.71886216474173e-22,0.501755221528577,0.692,0.236,1.17732169457646e-17
"USP42",2.84593336836365e-22,0.420443831754071,0.423,0.105,1.23234606716883e-17
"SFMBT2",2.88669016097662e-22,0.894923943793462,0.894,0.493,1.2499945735061e-17
"MSL2",2.99571499890695e-22,0.292831136497045,0.385,0.09,1.29720450882669e-17
"SETBP1",3.05205453035339e-22,0.41787422356641,0.615,0.189,1.32160065273363e-17
"RELL1",3.08380497796776e-22,0.318967680558502,0.385,0.09,1.3353492315596e-17
"C1orf54",3.12824617241655e-22,0.42868403115483,0.327,0.072,1.35459315757981e-17
"MAP3K4",3.16428592602416e-22,0.563210327775498,0.49,0.137,1.37019909168698e-17
"ORAI2",3.22629641950628e-22,0.553303621769592,0.25,0.045,1.39705087557461e-17
"ATM",3.39729112049271e-22,0.545354128018248,0.846,0.333,1.47109500099575e-17
"TAF2",3.49809147906021e-22,0.341055290298496,0.413,0.102,1.51474357226265e-17
"PDE3B",3.63244482288088e-22,0.726094090715204,0.788,0.293,1.57292125720388e-17
"LPIN2",3.65427955625467e-22,0.561859850692832,0.702,0.243,1.5823761334494e-17
"PCBP2",3.692648038947e-22,0.414500660442299,0.663,0.218,1.59899045382483e-17
"EHBP1L1",3.73056029749993e-22,0.318800323650118,0.375,0.087,1.61540722002342e-17
"PLSCR1",3.76476199761161e-22,0.435899341379073,0.683,0.222,1.63021724020578e-17
"NFYC",4.22370219438944e-22,0.323138845451366,0.481,0.129,1.82894752421452e-17
"CPVL",4.29713996658029e-22,0.263741388751451,0.567,0.16,1.8607475483286e-17
"ZCCHC2",4.48111952883962e-22,0.484384455101894,0.548,0.162,1.94041437837813e-17
"SCFD2",4.6034275978469e-22,0.567859319321166,0.567,0.176,1.99337621841967e-17
"MAP3K8",4.81201966566642e-22,0.708484178068108,0.413,0.104,2.08370075562687e-17
"NAA20",4.94982490160461e-22,0.427942625991862,0.375,0.089,2.14337317889283e-17
"RABL6",5.32519477838878e-22,0.448337329421878,0.442,0.117,2.30591584293791e-17
"UBE2I",5.62828377734736e-22,0.364080713826178,0.462,0.124,2.43715944126695e-17
"ENOSF1",5.90318581822721e-22,0.344340696692199,0.375,0.089,2.55619752300874e-17
"ATG5",5.9768554808411e-22,0.374776603393435,0.519,0.144,2.58809796031382e-17
"GAS6",6.32235694148888e-22,0.410541297025854,0.481,0.132,2.73770700280351e-17
"TRIM33",6.51968504467497e-22,0.534458455425734,0.702,0.248,2.82315401804516e-17
"CHD1",6.61752343296814e-22,0.390101230482134,0.702,0.234,2.86551999694386e-17
"EPS8",6.6211564457732e-22,0.641431359138904,0.75,0.286,2.86709316414871e-17
"PIAS1",6.74609498720902e-22,0.654078499911791,0.894,0.406,2.92119405136125e-17
"ZNF654",6.88231235308521e-22,0.517076238437496,0.577,0.178,2.98017889513296e-17
"NXN",6.9189301587794e-22,0.462548762845229,0.433,0.113,2.99603513735466e-17
"CRK",6.92924246513853e-22,0.44250442792655,0.442,0.116,3.00050057225428e-17
"TXNDC11",7.31169527045367e-22,0.265232848105058,0.423,0.106,3.16611028601185e-17
"NT5C3A",7.31293574263036e-22,0.435796473705484,0.385,0.095,3.1666474352738e-17
"PSMD1",7.91605234934324e-22,0.588132907955344,0.654,0.22,3.42780898831261e-17
"AC244453.3",9.0909199310746e-22,0.429835379602788,0.288,0.058,3.93655014855392e-17
"POLR2B",9.11053648359783e-22,0.390582294712553,0.433,0.111,3.94504450812753e-17
"CEBPB",9.43781611763542e-22,0.271619123031017,0.538,0.153,4.08676313525849e-17
"LPGAT1",9.80203413990388e-22,0.457763809669983,0.471,0.128,4.24447682326118e-17
"INTS4",1.06099950709809e-21,0.444721204278566,0.356,0.083,4.59434006563616e-17
"PKN2",1.08066251239176e-21,0.776974862839704,0.865,0.39,4.67948481115881e-17
"CFDP1",1.10136546853491e-21,0.457569903189389,0.558,0.166,4.76913275184985e-17
"FAM13B",1.18041400166656e-21,0.59416942805063,0.702,0.251,5.11142871001654e-17
"VPS13B",1.21437219178583e-21,0.696539874929643,0.894,0.389,5.25847446487099e-17
"TFCP2",1.22156841650431e-21,0.534946245961626,0.606,0.195,5.28963555714698e-17
"HSPA1B",1.25145153653268e-21,0.544811766647389,0.721,0.26,5.41903544349382e-17
"PRPF40A",1.2805264360799e-21,0.459970397585221,0.635,0.199,5.5449355735132e-17
"BNC2",1.30070722563778e-21,0.603935520911364,0.76,0.29,5.63232242845673e-17
"PPIL2",1.33580729445716e-21,0.381883776618974,0.385,0.093,5.78431274645841e-17
"DLG1",1.35526707448641e-21,0.742639420165599,0.779,0.313,5.86857748594104e-17
"MGST2",1.39563894938913e-21,0.41583673114477,0.375,0.089,6.0433957786448e-17
"YTHDF2",1.45182486535755e-21,0.420453933738521,0.385,0.093,6.28669203197128e-17
"RBSN",1.58475623962763e-21,0.282321118252047,0.327,0.072,6.86231146883558e-17
"VOPP1",1.75733887756524e-21,0.506764103579485,0.721,0.25,7.60962880763299e-17
"POLR3B",1.82967497534727e-21,0.322642567255144,0.25,0.046,7.92285857824874e-17
"ANGEL1",1.84104793231167e-21,0.315713328351308,0.327,0.072,7.97210575649601e-17
"KLHL8",1.89983299922668e-21,0.415509074242158,0.413,0.105,8.22665685325136e-17
"KATNBL1",1.91820922420417e-21,0.412918660876016,0.731,0.253,8.30622958264889e-17
"TPD52",1.93142053775015e-21,0.286103050569787,0.308,0.064,8.36343721256571e-17
"CUL2",1.9683632716215e-21,0.471789227286815,0.356,0.084,8.52340663877542e-17
"PPP4R3A",2.00823638668858e-21,0.438247156934348,0.558,0.169,8.69606520163888e-17
"ANOS1",2.05900498005144e-21,0.637487484694395,0.692,0.247,8.91590336461875e-17
"SIRT7",2.06686014553028e-21,0.312737104440988,0.308,0.065,8.9499178021752e-17
"NDUFAF8",2.07595045693462e-21,0.253054122737409,0.308,0.065,8.98928066861829e-17
"ARFIP1",2.0956228755342e-21,0.353696476852527,0.558,0.162,9.07446617563821e-17
"PIGB",2.26096665047562e-21,0.341737519317864,0.26,0.049,9.79043778988953e-17
"ZEB2",2.26753168790448e-21,0.713809872137629,0.885,0.409,9.81886571496397e-17
"FP700111.1",2.4126281401756e-21,0.504368919503832,0.365,0.087,1.04471623725884e-16
"REEP3",2.42662484980478e-21,0.325118682898459,0.49,0.136,1.05077709246246e-16
"TRPM7",2.46501362784391e-21,0.55563471641007,0.712,0.251,1.06740020112897e-16
"RAB22A",2.47438053761273e-21,0.28702119343931,0.394,0.096,1.07145626039706e-16
"P2RX4",2.49059040527528e-21,0.26174008165755,0.327,0.071,1.0784754572923e-16
"DDX42",2.50198640867879e-21,0.273211841469431,0.404,0.1,1.08341015468609e-16
"UGGT2",2.51044072955257e-21,0.614355168114933,0.702,0.254,1.08707104471086e-16
"ARMC1",2.55279249971598e-21,0.312174323860598,0.308,0.065,1.10541020822702e-16
"XACT",2.61339522207306e-21,0.762161091323831,0.269,0.053,1.13165239906208e-16
"AFTPH",2.6757047207391e-21,0.369731223399108,0.615,0.193,1.15863365817445e-16
"CREG1",2.75924041357903e-21,0.381957818440497,0.385,0.093,1.19480628388799e-16
"GPR65",3.23376453208005e-21,0.263472404991895,0.25,0.046,1.4002847176813e-16
"ERO1A",3.31874140951693e-21,0.358460498809532,0.423,0.109,1.43708140514902e-16
"PLPP1",3.75933606445737e-21,0.62223553678274,0.654,0.219,1.62786770263133e-16
"ADIPOR2",3.83436527236353e-21,0.431376864407379,0.5,0.143,1.66035685023886e-16
"ASXL2",3.85390968198889e-21,0.515844619159982,0.654,0.223,1.66881997049483e-16
"HADHA",4.13879288118115e-21,0.318891560727473,0.5,0.142,1.79218009340906e-16
"DDX58",4.16169540800174e-21,0.413917937197707,0.385,0.096,1.80209734557291e-16
"NFYA",4.43255078384217e-21,0.42661052231109,0.26,0.05,1.91938314041934e-16
"GSR",4.57147974465357e-21,0.618102760724062,0.298,0.064,1.97954215902989e-16
"TPGS2",4.57842460137689e-21,0.323851433098404,0.327,0.073,1.98254942088822e-16
"BTF3L4",4.62808126341416e-21,0.280160775599202,0.346,0.08,2.0040517486836e-16
"ACTB",4.62957817181199e-21,0.648478684233512,0.913,0.452,2.00469993995803e-16
"GCA",4.70877738234736e-21,0.581486973711322,0.375,0.092,2.03899478210405e-16
"SNX2",4.86060884502962e-21,0.45070329821959,0.548,0.168,2.10474084207473e-16
"MGMT",4.86085962054531e-21,0.555076341023693,0.5,0.146,2.10484943288853e-16
"CLOCK",4.98089083060108e-21,0.349355359741031,0.567,0.171,2.15682534746688e-16
"XPO1",5.17427357890177e-21,0.658205949149657,0.875,0.4,2.24056394513605e-16
"HERC1",5.21373130797883e-21,0.640602212056355,0.788,0.317,2.25764993098099e-16
"RAB14",5.51614197762514e-21,0.259090926628762,0.462,0.124,2.38859979915124e-16
"EIF4E",5.58139048331044e-21,0.411042149827997,0.452,0.123,2.41685370708309e-16
"ARHGAP12",5.6373999845065e-21,0.605425919366873,0.702,0.26,2.441106941291e-16
"CAMKK2",5.72546801325545e-21,0.308773196840956,0.269,0.053,2.47924215909987e-16
"PGS1",5.82840581097711e-21,0.335433540698132,0.413,0.105,2.52381628426931e-16
"RLF",6.14300478986937e-21,0.536127122267679,0.702,0.249,2.66004393410923e-16
"NFATC3",6.28719729373211e-21,0.570020356810231,0.683,0.245,2.72248217213188e-16
"PDK1",6.44453111255495e-21,0.342019615094678,0.394,0.098,2.79061086235854e-16
"YTHDC2",6.53555796008195e-21,0.382603471742771,0.635,0.206,2.83002730787469e-16
"RNF114",6.8132166207098e-21,0.332639246820274,0.423,0.111,2.95025906109976e-16
"NAIP",6.95328718241579e-21,0.551096942308761,0.779,0.296,3.01091241572968e-16
"CUX1",6.97558376278468e-21,0.813982282830003,0.827,0.381,3.02056728096102e-16
"AKAP7",7.06794312725791e-21,0.33981884343305,0.49,0.137,3.06056073296522e-16
"DNAJC8",7.06881670565624e-21,0.365796898037442,0.279,0.057,3.06093900988327e-16
"TAF4",7.12560906365074e-21,0.475475756257902,0.327,0.074,3.08553123674204e-16
"PHKB",7.34408425822119e-21,0.51149662222612,0.692,0.24,3.18013536549494e-16
"CEP170",7.43252910682782e-21,0.920578519921549,0.788,0.356,3.21843375383858e-16
"NPIPB5",7.58271902901152e-21,0.253979881070232,0.519,0.148,3.28346899394257e-16
"RREB1",7.92601579355433e-21,0.517792716163463,0.702,0.251,3.4321233589249e-16
"SAFB",8.20585923213362e-21,0.330813724609219,0.51,0.147,3.5533011646985e-16
"ELP3",8.27163655789336e-21,0.319757005164922,0.442,0.118,3.58178406229898e-16
"IDE",8.30462937613796e-21,0.251730139062185,0.385,0.094,3.59607061245526e-16
"UBAP2L",9.18054734230593e-21,0.593235775469969,0.385,0.095,3.97536061016532e-16
"UBE2E2",9.20059631331515e-21,0.848545491416511,0.865,0.426,3.98404221559173e-16
"MICU2",9.20711998340368e-21,0.402584228829312,0.615,0.197,3.98686709521346e-16
"IQCB1",9.27906727483882e-21,0.522923245236325,0.51,0.152,4.01802171135071e-16
"GART",9.39201221889561e-21,0.252476674774127,0.279,0.056,4.06692913102617e-16
"KATNAL1",9.57405941999836e-21,0.354202669571615,0.404,0.103,4.14575921004769e-16
"SORL1",9.87489408636184e-21,0.676427862090534,0.952,0.494,4.27602663727641e-16
"H3F3A",1.01194864522261e-20,0.452716238538933,0.394,0.098,4.38194002354294e-16
"PHF11",1.02086417282019e-20,0.39642288987149,0.375,0.094,4.42054604114597e-16
"LSM14A",1.02608989384723e-20,0.571592438989374,0.74,0.279,4.44317445833727e-16
"GTF2H2",1.07330846113177e-20,0.283195903049187,0.365,0.088,4.64764029839277e-16
"SIPA1",1.0778593689923e-20,0.285499979832917,0.26,0.05,4.66734663961045e-16
"ZNF236",1.13751553685766e-20,0.356806661273487,0.481,0.136,4.92566977770105e-16
"CDKN1A",1.17033729295784e-20,0.508204276773527,0.385,0.096,5.06779454596604e-16
"AC027097.2",1.24491924669933e-20,0.450562018555993,0.394,0.1,5.39074932205744e-16
"TNK2",1.26012928483826e-20,0.430254454531764,0.442,0.12,5.45661182920664e-16
"PGK1",1.37192349860853e-20,0.464776965326901,0.625,0.203,5.94070313367465e-16
"AMPD3",1.43934629842708e-20,0.259986758564657,0.423,0.108,6.23265734144895e-16
"KIAA1551",1.4844593228129e-20,0.330739365368376,0.462,0.126,6.42800575964441e-16
"AXL",1.5203363770676e-20,0.437701058113565,0.538,0.165,6.58336057997813e-16
"NCOA6",1.53262459925884e-20,0.427737160527372,0.577,0.177,6.63657103971061e-16
"MACO1",1.61915228250828e-20,0.314179370551793,0.404,0.101,7.01125321371737e-16
"AC093152.1",1.63249358012109e-20,0.566243231914705,0.365,0.09,7.06902370064034e-16
"DOCK4",1.65479580120995e-20,0.941087117876878,0.933,0.66,7.16559677839931e-16
"VTI1A",1.66320958596634e-20,0.746397373153126,0.817,0.361,7.20203014915144e-16
"AK2",1.68479196190157e-20,0.332822633593946,0.365,0.089,7.29548615342618e-16
"SETX",1.71519716557591e-20,0.482083289759468,0.788,0.311,7.42714676637679e-16
"FOXN3",1.7573745982347e-20,0.819559771384077,0.913,0.531,7.60978348527589e-16
"SNX30",1.76200140205641e-20,0.279789075167238,0.423,0.109,7.62981847118468e-16
"JUND",1.77916809496839e-20,0.308647624260306,0.577,0.177,7.70415368483214e-16
"IL6R",1.80176820115427e-20,0.286869174057678,0.51,0.147,7.80201666463821e-16
"ITPR1",1.85818630997142e-20,0.47544697669862,0.558,0.173,8.04631835943824e-16
"ANKMY1",1.92080460421462e-20,0.483029304325964,0.452,0.126,8.31746809717014e-16
"SMC5",1.92914696954357e-20,0.563054059244755,0.769,0.286,8.35359220751755e-16
"GNPAT",1.97016072791554e-20,0.307287584776152,0.385,0.096,8.53118998401986e-16
"HIF1A-AS2",1.98113347341809e-20,0.278525538588782,0.481,0.135,8.578704166595e-16
"ABHD3",1.989784007569e-20,0.457769347769191,0.76,0.29,8.61616270957527e-16
"TBC1D9B",2.01629721319846e-20,0.348783846260812,0.423,0.11,8.73097019259195e-16
"REV1",2.13273664545314e-20,0.405936368880939,0.596,0.192,9.2351762221412e-16
"TENT2",2.2163726448626e-20,0.695657501872849,0.798,0.324,9.59733682678403e-16
"PIDD1",2.22000071161302e-20,0.280523776242105,0.25,0.048,9.61304708142668e-16
"PTEN",2.28765604388396e-20,0.436386705809405,0.75,0.267,9.90600820122633e-16
"CPEB3",2.31973162640819e-20,0.57931153268041,0.788,0.308,1.00449018886727e-15
"CAPZA2",2.38471008521381e-20,0.467278205589593,0.596,0.196,1.03262716109928e-15
"ACAP2",2.4872829210423e-20,0.717410828921256,0.885,0.397,1.07704325046974e-15
"STRN3",2.54232040383015e-20,0.543802683067764,0.692,0.245,1.10087558126653e-15
"SCAF4",2.58378365787265e-20,0.326126378127762,0.462,0.127,1.11882999953201e-15
"ZNF609",2.59978484799463e-20,0.699750480947781,0.808,0.331,1.12575883487864e-15
"PDS5A",2.64012522617452e-20,0.722913849175644,0.76,0.325,1.14322702543809e-15
"CISD2",2.69862471736802e-20,0.37213714042861,0.26,0.051,1.1685584751147e-15
"SHLD2",2.73877174667942e-20,0.37537815877308,0.423,0.113,1.18594294174712e-15
"SLC7A6",2.82813263052167e-20,0.452743491775393,0.404,0.106,1.22463799166849e-15
"PARN",2.83033962348381e-20,0.457542477367485,0.529,0.162,1.22559366376096e-15
"PPME1",2.84803606696754e-20,0.303122319695194,0.49,0.14,1.23325657771828e-15
"ADAM9",2.84900301278795e-20,0.271755283341219,0.596,0.185,1.23367528459744e-15
"ARHGEF6",2.91161102703093e-20,0.331241232646577,0.596,0.187,1.26078580692493e-15
"GSDME",2.94820557875145e-20,0.318675808137844,0.26,0.051,1.27663197971095e-15
"CEP112",2.95518753348923e-20,0.5714641813696,0.625,0.209,1.27965530575151e-15
"VCP",3.0374409205931e-20,0.379365952939023,0.462,0.13,1.31527266743522e-15
"SLC39A9",3.05725680169451e-20,0.479740884354166,0.365,0.091,1.32385334026976e-15
"RNF111",3.14209473660512e-20,0.440019875483602,0.615,0.204,1.36058986284475e-15
"MFSD1",3.18897727220429e-20,0.48299335041132,0.481,0.135,1.3808909384099e-15
"USP13",3.23678621095069e-20,0.31870450223698,0.26,0.051,1.40159316506587e-15
"SLC9A9",3.30833006914691e-20,0.808896157626853,0.875,0.459,1.432573086542e-15
"TIMM23B",3.40711254325169e-20,0.630460311561489,0.5,0.148,1.47534787347885e-15
"DPP8",3.42476915487594e-20,0.25134624675358,0.548,0.168,1.48299353944438e-15
"ALMS1",3.44010208101023e-20,0.317148572057086,0.529,0.155,1.48963300311905e-15
"UPF2",3.81740133973361e-20,0.280687738768437,0.577,0.18,1.65301112813145e-15
"ME2",4.04263068694346e-20,0.432280110206858,0.596,0.19,1.75053994006026e-15
"LDAH",4.07521624620957e-20,0.295655010812461,0.394,0.1,1.76465013893367e-15
"DYRK1A",4.08175475569826e-20,0.816847788636615,0.837,0.381,1.76748144431246e-15
"AC114763.1",4.11722840821818e-20,0.438607349368833,0.298,0.065,1.78284224532664e-15
"DNTTIP1",4.15289734762524e-20,0.296483435647378,0.26,0.051,1.79828760946868e-15
"LRRC37A3",4.22998151521727e-20,0.47033032748473,0.635,0.214,1.83166659571938e-15
"EXOG",4.29468477034517e-20,0.396840507628744,0.327,0.075,1.85968439925487e-15
"CDK6",4.31623738185392e-20,0.599123226526084,0.452,0.128,1.86901711109038e-15
"TAOK3",4.59519761933773e-20,0.673090393508022,0.885,0.402,1.98981247312562e-15
"TIMP2",4.64087215497289e-20,0.489744093150331,0.577,0.182,2.00959046054636e-15
"SUPT20H",5.26282084527532e-20,0.258772914486636,0.481,0.136,2.27890668242112e-15
"NUDCD3",5.62623319411167e-20,0.435105088382289,0.577,0.185,2.43627149771423e-15
"ZMAT3",5.64371789709784e-20,0.340000687111408,0.49,0.144,2.44384272380131e-15
"GALK2",5.82353707751201e-20,0.436453090627773,0.49,0.142,2.52170802530425e-15
"MAP3K2",5.86741714641214e-20,0.522302697801607,0.76,0.302,2.54070897273938e-15
"TAPBP",5.89493636163719e-20,0.277023138575371,0.49,0.143,2.55262534331613e-15
"ST6GAL1",6.40434959125636e-20,0.754724781788493,0.865,0.397,2.77321146000583e-15
"MAPK1IP1L",6.50219733759097e-20,0.322187932891295,0.481,0.137,2.81558149112364e-15
"AAK1",6.6769881498683e-20,0.71917981812452,0.788,0.338,2.89126940865597e-15
"PPP2R2D",6.75829404216183e-20,0.315602734996075,0.5,0.145,2.92647648613692e-15
"RAPGEF1",6.96689382912453e-20,0.397885357830354,0.817,0.338,3.0168043658875e-15
"HLTF",7.27580770023465e-20,0.303629007585693,0.462,0.127,3.15057025035561e-15
"FOXN2",7.52289754491992e-20,0.485681961945725,0.442,0.125,3.25756509490122e-15
"FAM208A",7.54831595275537e-20,0.453787057599865,0.49,0.146,3.26857177386213e-15
"GORASP2",7.57757326244468e-20,0.280886037617015,0.26,0.052,3.2812407741038e-15
"LDLRAD4",7.63025416403589e-20,0.89013540684908,0.894,0.524,3.30405265811082e-15
"HNRNPM",7.67199190657374e-20,0.425918354997905,0.663,0.229,3.32212593538456e-15
"ATF7IP",8.10424241821424e-20,0.639090435256196,0.74,0.286,3.50929905193513e-15
"TANC1",8.20787473587302e-20,0.634964322476712,0.606,0.215,3.55417391812774e-15
"LSM5",8.48347578784614e-20,0.448816225931469,0.25,0.05,3.67351468565314e-15
"PDIA6",8.69756778776665e-20,0.274588513899156,0.442,0.122,3.76622080345872e-15
"PPP6R2",8.89828412870889e-20,0.582820128281516,0.702,0.267,3.85313499341352e-15
"WSB1",9.21287181054682e-20,0.677028006489786,0.904,0.468,3.98935775140298e-15
"ARHGAP18",9.44996490383226e-20,0.286927505631497,0.452,0.123,4.09202380265744e-15
"SIPA1L3",9.62347489947484e-20,0.485711155427918,0.587,0.196,4.16715710097059e-15
"WDR20",1.0350789151624e-19,0.463430102101508,0.519,0.159,4.48209871843622e-15
"KAT6A",1.03737621742597e-19,0.541573077058602,0.779,0.31,4.49204649669795e-15
"ATF4",1.06410082460036e-19,0.281701617308832,0.375,0.094,4.60776939068449e-15
"XPO4",1.129200506468e-19,0.413745714929968,0.5,0.148,4.88966403310774e-15
"HPS1",1.17582738192954e-19,0.26717002550459,0.346,0.083,5.0915677292313e-15
"PICALM",1.18507819543859e-19,0.792728087025745,0.885,0.451,5.13162560188818e-15
"EMSY",1.25930090783612e-19,0.400813652477959,0.567,0.181,5.45302479111196e-15
"PPT1",1.29621561630316e-19,0.365339883325801,0.394,0.103,5.61287286171595e-15
"FOXJ3",1.38589038060613e-19,0.535590358678708,0.702,0.257,6.00118252610066e-15
"SLC10A7",1.44500183735698e-19,0.387767965081386,0.49,0.146,6.2571469561232e-15
"SNW1",1.49651893466242e-19,0.28292687299537,0.346,0.084,6.48022629087523e-15
"C1QTNF3-AMACR",1.51777509242618e-19,0.734991783163614,0.423,0.123,6.57226970522385e-15
"TXNRD1",1.52080271585844e-19,0.444747140421429,0.683,0.244,6.5853799202102e-15
"TNPO1",1.57157889946841e-19,0.397405346317285,0.606,0.203,6.80525095047811e-15
"LINC01410",1.59240511400554e-19,0.303665920247646,0.25,0.049,6.89543262466678e-15
"KIF16B",1.62300540170577e-19,0.448552749839458,0.644,0.221,7.02793799046631e-15
"DUT",1.6500333009222e-19,0.275953440006478,0.394,0.103,7.14497419965331e-15
"SEC23B",1.83849814270034e-19,0.318155267547186,0.317,0.073,7.96106465752103e-15
"AMBRA1",1.90385470322193e-19,0.537727269659718,0.712,0.272,8.24407163589161e-15
"NRDC",1.90715059261302e-19,0.421745892148091,0.788,0.297,8.25834349613291e-15
"ZFAND3",1.91014468641343e-19,0.78800994723565,0.923,0.544,8.27130852110744e-15
"MPC2",1.98789876185129e-19,0.272821875292644,0.25,0.05,8.60799921856846e-15
"ABR",2.02131410951311e-19,0.844542024051007,0.904,0.51,8.75269435701367e-15
"BTAF1",2.04296851286761e-19,0.373977969287524,0.663,0.232,8.84646225441931e-15
"FAM168B",2.12012848749216e-19,0.363002954545458,0.413,0.112,9.18058037653854e-15
"TBC1D22A",2.4854909988622e-19,0.560768883176518,0.885,0.408,1.07626731232731e-14
"SIPA1L1",2.48912586197835e-19,0.700477693207485,0.875,0.429,1.07784128075387e-14
"TIMM23",2.52238916265962e-19,0.519024888134461,0.26,0.053,1.09224495521487e-14
"ZFX",2.5995288465742e-19,0.359785638824155,0.481,0.142,1.12564798114356e-14
"GAK",2.60709916253615e-19,0.385291762477202,0.567,0.184,1.12892607936141e-14
"SETD3",2.72466368529572e-19,0.421783649282622,0.51,0.158,1.17983386900675e-14
"PDIA3",2.81463715615626e-19,0.420423170240686,0.51,0.154,1.21879418135878e-14
"DNAJA3",2.87430705514701e-19,0.342655717104268,0.269,0.056,1.24463244101976e-14
"DENR",2.91553731992585e-19,0.349951895766666,0.423,0.114,1.26248597027429e-14
"DHRS3",3.01851210510806e-19,0.365092949650293,0.538,0.168,1.30707611175389e-14
"NCOR2",3.24575116251582e-19,0.611384743237016,0.654,0.24,1.4054751683926e-14
"BRCC3",3.25856694155879e-19,0.307947324750403,0.288,0.064,1.41102465703379e-14
"MTMR14",3.28454233583843e-19,0.291594953454757,0.394,0.103,1.42227252226476e-14
"NPLOC4",3.47049560002909e-19,0.403660856833264,0.442,0.128,1.5027940047246e-14
"PTPN11",3.48599032124639e-19,0.276951885481611,0.404,0.107,1.50950352890611e-14
"ANAPC5",3.51142571646955e-19,0.315502018390778,0.481,0.143,1.52051756374564e-14
"IREB2",3.57034859557005e-19,0.295972373287226,0.529,0.163,1.54603234885374e-14
"TRNT1",3.6034502077502e-19,0.29521584377377,0.279,0.06,1.56036600895999e-14
"HNRNPC",3.71861652101455e-19,0.506633914775598,0.779,0.312,1.61023532592972e-14
"YAF2",3.81922108870446e-19,0.333256793144876,0.587,0.189,1.65379911583081e-14
"SBF2-AS1",4.14596967910897e-19,0.344433081257482,0.269,0.057,1.79528779044777e-14
"ATF2",4.35773809847468e-19,0.359021316856905,0.548,0.173,1.88698775140151e-14
"AC116366.3",4.50699539411375e-19,0.50880882315886,0.548,0.178,1.95161914555914e-14
"IMMP1L",4.5297559559039e-19,0.465223463945656,0.337,0.082,1.96147492402551e-14
"RAB3GAP1",4.75019844163827e-19,0.508590404361266,0.75,0.291,2.0569309291982e-14
"DIDO1",4.88788022614372e-19,0.374589360695128,0.51,0.157,2.11654989552476e-14
"NR3C1",4.89590493519515e-19,0.501913365715394,0.673,0.25,2.12002475503821e-14
"DENND4B",4.93529368855621e-19,0.286383340326563,0.394,0.103,2.13708087301861e-14
"ALKBH1",5.26678882987282e-19,0.41195415792339,0.26,0.054,2.28062489911153e-14
"RAF1",5.35106977022246e-19,0.36215318412401,0.673,0.238,2.31712023190173e-14
"CBWD1",5.46713325021624e-19,0.274868550553589,0.375,0.097,2.36737804000864e-14
"CERS6",5.51963007454979e-19,0.614527083006763,0.798,0.33,2.39011021488155e-14
"SLC30A6",5.64827972121265e-19,0.346454954286584,0.327,0.079,2.4458180848795e-14
"UBA6",5.99508360837229e-19,0.402687231390067,0.625,0.213,2.59599110409737e-14
"SETD2",6.23302601716376e-19,0.478172150745324,0.808,0.328,2.69902492595225e-14
"RPL15",6.3746845830862e-19,0.304063742223829,0.635,0.211,2.76036591816798e-14
"UBE2E1",6.38014524780379e-19,0.474706766960462,0.712,0.267,2.762730495204e-14
"ITCH",6.55999526678472e-19,0.519556454424196,0.683,0.254,2.84060915042312e-14
"SCAF8",6.68313747653457e-19,0.469861387587176,0.692,0.256,2.893932190089e-14
"QRICH1",6.90555763017627e-19,0.303645661306503,0.327,0.078,2.99024456501893e-14
"FMR1",7.59652505082999e-19,0.473629361315677,0.356,0.09,3.2894472775104e-14
"CCDC7",7.87263140940291e-19,0.507822209403144,0.538,0.175,3.40900685289965e-14
"ROCK1",7.99462225700911e-19,0.523542431612114,0.769,0.314,3.46183132973008e-14
"TET2",8.10671713617005e-19,0.358389239435913,0.731,0.266,3.51037065430435e-14
"KMT2D",8.72929332313915e-19,0.349067597496636,0.327,0.079,3.77995859478571e-14
"ZNF592",9.14164292329018e-19,0.283140306334014,0.423,0.116,3.95851421864311e-14
"HELB",9.35672288498094e-19,0.339247063315905,0.327,0.079,4.05164814365445e-14
"ZMYND8",1.0694652660227e-18,0.527464535776492,0.731,0.278,4.63099849493148e-14
"NARS2",1.0708641245746e-18,0.324161148381758,0.394,0.105,4.63705583223294e-14
"SCAF11",1.08451414607961e-18,0.438127705611558,0.846,0.354,4.69616315535392e-14
"DYM",1.12101335593276e-18,0.717249068488127,0.76,0.337,4.85421203386005e-14
"ADNP",1.12453482716563e-18,0.473822395707279,0.721,0.279,4.86946070859259e-14
"GAPVD1",1.13424350185286e-18,0.478839289102817,0.529,0.171,4.91150121172325e-14
"KRIT1",1.16926065119902e-18,0.329371656629816,0.51,0.156,5.06313247182201e-14
"RALBP1",1.16943644743638e-18,0.420489701446754,0.356,0.089,5.06389370468902e-14
"PLEKHA2",1.2572493501456e-18,0.35195876641957,0.587,0.193,5.44414113600047e-14
"FBXW11",1.28141782810427e-18,0.418596297932063,0.635,0.221,5.54879547925712e-14
"PPHLN1",1.3005859191478e-18,0.353676777411932,0.615,0.208,5.63179714709379e-14
"RAD23B",1.31366056105306e-18,0.314479703019613,0.519,0.16,5.68841296147197e-14
"CPSF2",1.3221079912648e-18,0.334282603644863,0.346,0.087,5.72499202377483e-14
"RTN3",1.33425822993314e-18,0.371485178737835,0.731,0.281,5.77760498725646e-14
"SH3BGRL",1.33672135097633e-18,0.572942121207256,0.731,0.29,5.78827079399772e-14
"SBNO2",1.48686406272431e-18,0.257761925790027,0.346,0.085,6.43841876440882e-14
"DCAF10",1.48700012296855e-18,0.476317073335984,0.548,0.179,6.4390079324784e-14
"ATXN10",1.54945751915714e-18,0.52848992131065,0.75,0.298,6.70946094945424e-14
"NLK",1.55397798775357e-18,0.462599894363583,0.567,0.19,6.72903548257053e-14
"KANSL3",1.82200541880789e-18,0.314373717318404,0.375,0.096,7.88964786452191e-14
"FGD4",2.02397598039197e-18,0.625114216546803,0.894,0.417,8.76422079029332e-14
"SMG7",2.1181232427341e-18,0.40784113180778,0.529,0.167,9.17189726568719e-14
"FILIP1L",2.11829327075401e-18,0.312158136236014,0.288,0.065,9.17263352101902e-14
"TMOD3",2.11842759340705e-18,0.447590220612578,0.471,0.142,9.17321516497122e-14
"ILKAP",2.20539564606001e-18,0.282275489297997,0.51,0.155,9.54980422656906e-14
"CEP89",2.21770254773231e-18,0.29460717517356,0.375,0.099,9.60309557219046e-14
"NAA50",2.3072603971316e-18,0.272125247451304,0.481,0.143,9.99089897165927e-14
"XRN1",2.42166453452258e-18,0.565495729836838,0.683,0.261,1.04862917673897e-13
"EXOC4",2.82307903963576e-18,0.836736490637898,0.894,0.466,1.22244968574308e-13
"APOL6",2.8572816327148e-18,0.254408099746513,0.337,0.084,1.23726009259816e-13
"TTC27",2.96722506267236e-18,0.452831845029558,0.365,0.097,1.28486779663838e-13
"MR1",3.17135226523761e-18,0.282169491033192,0.288,0.065,1.37325895789319e-13
"CHD9",3.20978397377109e-18,0.758008473316964,0.923,0.532,1.38990065632236e-13
"BTG2",3.29992662706139e-18,0.324871298317203,0.375,0.098,1.42893422805012e-13
"TXNDC12",3.32551273861934e-18,0.270893306538404,0.26,0.055,1.44001352607695e-13
"SOAT1",3.46432889050533e-18,0.285738468417621,0.51,0.157,1.50012369616662e-13
"ECHDC1",3.4824028418958e-18,0.336696894067001,0.433,0.125,1.50795007859772e-13
"PPP6C",3.49726443511316e-18,0.346119111314829,0.356,0.09,1.5143854456927e-13
"CHD7",3.57913593012834e-18,0.467121133965453,0.721,0.278,1.54983744046418e-13
"APPL1",3.70898287847581e-18,0.315378855403971,0.433,0.125,1.6060637660376e-13
"UBE2V2",3.72370639341134e-18,0.255037494975479,0.308,0.072,1.61243934247498e-13
"ANKRD11",3.86837996839553e-18,0.6329531504632,0.885,0.455,1.67508589391463e-13
"TYW1",4.09024484492681e-18,0.344716814328363,0.5,0.155,1.77115782275021e-13
"STK3",4.19700218778508e-18,0.620613723037653,0.837,0.377,1.8173858873547e-13
"TRMT1",4.86430030433007e-18,0.256162775291896,0.269,0.058,2.10633931778101e-13
"UACA",4.90483127820446e-18,0.429384610174126,0.394,0.108,2.1238900400881e-13
"CHST15",4.92487327629267e-18,0.41215344485038,0.548,0.173,2.13256862610025e-13
"CYTH1",4.96292038708267e-18,0.316011600712554,0.663,0.241,2.14904378601454e-13
"IPO8",5.14767877360967e-18,0.269975670478451,0.308,0.074,2.22904786254846e-13
"PIGU",5.20695522391185e-18,0.28380279362681,0.327,0.081,2.25471575105831e-13
"EIF3H",5.35547554398427e-18,0.394206304106503,0.529,0.169,2.31902802005607e-13
"C1orf159",5.41758030577686e-18,0.308655069813123,0.279,0.063,2.3459206240075e-13
"FBXO22",5.67524007505228e-18,0.343081973104071,0.356,0.095,2.45749245729914e-13
"RAB27A",5.76566406459835e-18,0.342922399446834,0.394,0.109,2.49664785325238e-13
"CYB5R4",5.79406592736157e-18,0.314880324468522,0.5,0.152,2.50894642786611e-13
"PCMT1",6.03040614294768e-18,0.280888090239825,0.365,0.096,2.61128646801921e-13
"MIER1",6.05603721571844e-18,0.330267804363981,0.529,0.168,2.6223852351504e-13
"RNF38",6.28345270487325e-18,0.490145999464004,0.635,0.23,2.72086069026422e-13
"HECTD1",6.38170413863632e-18,0.273883449172237,0.673,0.238,2.7634055261123e-13
"NAP1L1",6.73263494963205e-18,0.423115681165668,0.683,0.255,2.91536558588967e-13
"ATP2A2",6.87794533197085e-18,0.494771128014255,0.606,0.222,2.97828788765002e-13
"G3BP1",7.03700734850416e-18,0.383332405288214,0.51,0.164,3.04716492204927e-13
"SEPT2",7.08839567100042e-18,0.461459171847676,0.702,0.269,3.0694170934566e-13
"RPS19",7.30783040721653e-18,0.292037122450537,0.75,0.282,3.1644367229329e-13
"NSF",7.491161146299e-18,0.388098716834909,0.615,0.209,3.24382259957039e-13
"CWC27",7.62482772067843e-18,0.514998851245331,0.548,0.18,3.30170289960817e-13
"MFF",8.70253068394369e-18,0.360325724089668,0.519,0.165,3.76836983676129e-13
"SIMC1",9.50062992750858e-18,0.406803541062042,0.481,0.15,4.11396277120976e-13
"GLCCI1",9.72933082817489e-18,0.547397896921843,0.548,0.186,4.21299483521629e-13
"NECTIN2",9.81655926075033e-18,0.311058969287384,0.288,0.067,4.25076649109011e-13
"DCTN4",9.86333468832479e-18,0.36706405506687,0.529,0.172,4.2710211867384e-13
"C2orf69",1.00690616499148e-17,0.282010633759159,0.26,0.057,4.3601050756461e-13
"PSMB7",1.07687441226004e-17,0.320259897460051,0.385,0.106,4.66308157996845e-13
"NOP56",1.0852044710373e-17,0.255954659884848,0.298,0.07,4.69915240048574e-13
"TMEM39A",1.11585745918156e-17,0.339251366507803,0.269,0.059,4.83188596974799e-13
"MAML1",1.1364422805797e-17,0.313821444160447,0.279,0.063,4.92102236336624e-13
"RPS27L",1.17263473003088e-17,0.360845163322285,0.365,0.098,5.07774290797971e-13
"COMMD10",1.21495022284002e-17,0.541665533080374,0.683,0.266,5.26097745494188e-13
"KLF6",1.22853411746753e-17,0.256938132639976,0.606,0.203,5.31979843545788e-13
"FOXK2",1.2762518173302e-17,0.286053177140775,0.548,0.177,5.52642561940322e-13
"TRIP4",1.30287666231569e-17,0.294271335005663,0.337,0.086,5.64171652315938e-13
"ULK2",1.31312481692906e-17,0.3792981181199,0.481,0.149,5.68609308226621e-13
"ANKRD36B",1.35539476213854e-17,0.334576602398654,0.337,0.086,5.86913039901232e-13
"RGS12",1.4115303578058e-17,0.451239022891099,0.712,0.278,6.11220875537068e-13
"PEX14",1.42613800160192e-17,0.326829750658265,0.413,0.119,6.17546277453662e-13
"FAM20B",1.46966777492004e-17,0.310054087404824,0.26,0.057,6.36395539895877e-13
"SECISBP2",1.52194506845491e-17,0.385074199999926,0.49,0.155,6.59032653542345e-13
"EIF4G3",1.52662983525329e-17,0.633609377810052,0.885,0.427,6.61061251261381e-13
"WASHC4",1.5922386803667e-17,0.339814505954106,0.654,0.237,6.89471193372388e-13
"VSIG4",1.62082750110719e-17,0.546411368745034,0.365,0.098,7.01850724529434e-13
"ELK4",1.67797037077484e-17,0.361077582424039,0.308,0.074,7.2659472995292e-13
"SP1",1.78306990629942e-17,0.303394099432543,0.279,0.064,7.72104930825776e-13
"STX18",1.86807505745026e-17,0.402517697748919,0.51,0.168,8.08913861377111e-13
"MCCC1",1.96164057660043e-17,0.370046031753713,0.49,0.153,8.49429602479519e-13
"FOXK1",2.13814333815123e-17,0.28658878344845,0.519,0.166,9.25858828286244e-13
"ZNF431",2.14299375262886e-17,0.310915606405226,0.423,0.12,9.27959154763351e-13
"CCNY",2.2217026128743e-17,0.623764520374387,0.817,0.375,9.62041665426827e-13
"GMCL1",2.22423850054411e-17,0.279741189296975,0.288,0.068,9.63139755505609e-13
"CLTC",2.24153666515903e-17,0.420481085981786,0.712,0.275,9.70630206747163e-13
"TLK2",2.29229767781382e-17,0.303477470486662,0.625,0.214,9.92610740446941e-13
"DNAJC1",2.3046058458443e-17,0.39842914344143,0.702,0.266,9.97940423367499e-13
"GTF3C2",2.376202697094e-17,0.272782208071328,0.26,0.057,1.02894329189565e-12
"SNX13",2.39407674094031e-17,0.486167656355078,0.74,0.291,1.03668311036197e-12
"STX12",2.4004346312841e-17,0.281199389893348,0.481,0.148,1.03943620403864e-12
"ANKRD10",2.42963029429817e-17,0.525583323156411,0.74,0.301,1.05207851003699e-12
"TCF20",2.49738954860076e-17,0.377472788755694,0.462,0.138,1.0814196223351e-12
"ARMC8",2.51196557284994e-17,0.342890549495499,0.548,0.182,1.08773133235548e-12
"PAICS",2.54942420266718e-17,0.375959600749425,0.25,0.055,1.10395166823894e-12
"TACC1",2.58826021417536e-17,0.372954316401115,0.74,0.288,1.12076843794222e-12
"SPIDR",2.67423057172551e-17,0.794975625050842,0.769,0.383,1.15799532216858e-12
"ZC3H18",2.68352913727776e-17,0.287310546897098,0.317,0.079,1.16202178702401e-12
"ATP6V0E1",2.71072694168147e-17,0.465643536974254,0.5,0.166,1.17379898028691e-12
"ARPP19",2.71111365132449e-17,0.28359744226858,0.423,0.122,1.17396643329653e-12
"AGO1",2.77381100767998e-17,0.251072562776816,0.317,0.078,1.20111564254558e-12
"SLC23A2",2.79932089985087e-17,0.39604719385326,0.596,0.211,1.21216193605342e-12
"MFSD11",2.81190368916909e-17,0.452093664681362,0.49,0.158,1.217610535484e-12
"TBCD",2.81695996113704e-17,0.314797385929854,0.529,0.174,1.21980000237156e-12
"SYNE2",2.82023725183312e-17,0.463351657168967,0.423,0.126,1.22121913478878e-12
"SNX29",2.84357540898171e-17,0.562458277267935,0.817,0.375,1.23132502359726e-12
"CGGBP1",2.84697833329047e-17,0.345094265769798,0.5,0.161,1.23279855788144e-12
"PARG",2.98726369139374e-17,0.451699493698052,0.51,0.169,1.29354492364732e-12
"MYCBP2",3.00282904197792e-17,0.690340765546576,0.865,0.458,1.30028503175728e-12
"PITPNB",3.15618369503295e-17,0.376535481115051,0.558,0.191,1.36669066362317e-12
"STX8",3.21432278153989e-17,0.495220291491547,0.635,0.237,1.3918660508624e-12
"CXADR",3.24386237700369e-17,0.369779296041385,0.279,0.064,1.40465728649014e-12
"CXorf38",3.32923555672979e-17,0.372012661925553,0.279,0.064,1.44162558077513e-12
"CEP83",3.33306122546238e-17,0.304441389644181,0.452,0.136,1.44328217184972e-12
"GPATCH2",3.52002746250969e-17,0.380507445630414,0.471,0.148,1.52424229181594e-12
"LRRC28",3.59830782262691e-17,0.357486307475476,0.356,0.096,1.5581392533539e-12
"CAND1",3.75309733143295e-17,0.279006074562395,0.433,0.13,1.62516620645709e-12
"IP6K1",3.80358620317945e-17,0.320379500020759,0.375,0.104,1.64702889770076e-12
"SLC9A8",3.82801360461443e-17,0.423423399508724,0.365,0.1,1.65760645107014e-12
"NHLRC2",3.8485124559002e-17,0.518759727060527,0.481,0.156,1.66648286365391e-12
"FP671120.1",4.17355609733136e-17,0.730846929377977,0.74,0.323,1.80723326126642e-12
"SNX18",4.21578541383837e-17,0.31956764442893,0.337,0.087,1.82551939990029e-12
"SLTM",4.52039874962226e-17,0.306539250656809,0.692,0.267,1.95742306656143e-12
"ABCB7",4.56234023426078e-17,0.341956789165774,0.452,0.137,1.9755845682396e-12
"STX6",4.69257232945242e-17,0.282964222697381,0.385,0.107,2.03197767009949e-12
"ANAPC10",4.72758460840616e-17,0.4155876921512,0.394,0.113,2.04713868713203e-12
"EIF2B3",4.81389417990004e-17,0.357087150071648,0.394,0.113,2.08451245778031e-12
"SMURF2",5.04381618920983e-17,0.52819295799528,0.663,0.26,2.18407328625164e-12
"SUN2",5.22127718994167e-17,0.325994210152024,0.394,0.113,2.26091744878854e-12
"ZZEF1",5.27930660332646e-17,0.283323434596348,0.49,0.156,2.28604534537242e-12
"OS9",5.54651929068813e-17,0.309746359802784,0.404,0.114,2.40175378325377e-12
"NAA25",5.63320794412357e-17,0.257108511970355,0.5,0.159,2.43929170396439e-12
"WDTC1",5.77412993899321e-17,0.376141377423977,0.327,0.085,2.50031374618284e-12
"WNK1",5.99373672305911e-17,0.568133796095916,0.779,0.329,2.59540787581906e-12
"LYST",6.35093005430472e-17,0.573969487467165,0.788,0.336,2.75007973211503e-12
"ZFAND4",6.37724709673284e-17,0.258342208798449,0.26,0.058,2.76147553782725e-12
"RNF130",6.80557346992133e-17,0.5116511245078,0.875,0.415,2.94694942394533e-12
"AC010894.3",7.02472104058784e-17,0.282743885478753,0.394,0.111,3.04184470499535e-12
"ATF6",7.3757038549528e-17,0.369076830961546,0.74,0.289,3.19382728327166e-12
"BTBD1",7.39603938525165e-17,0.322404809722142,0.413,0.122,3.20263297460167e-12
"SLX4IP",7.53708454923556e-17,0.373911705771705,0.529,0.176,3.26370835150998e-12
"PIK3R1",7.55555886090243e-17,0.351243093548726,0.779,0.306,3.27170809794797e-12
"RPS6KC1",7.70726396554064e-17,0.502145370719933,0.625,0.238,3.33739944235841e-12
"CREB1",7.71919414598437e-17,0.290086010574801,0.548,0.182,3.34256544909415e-12
"AGFG1",7.87171719403044e-17,0.504342927868414,0.606,0.221,3.40861097935906e-12
"RPS20",8.01943312967525e-17,0.650477698258536,0.538,0.185,3.47257493381198e-12
"CCDC93",8.66686881666892e-17,0.31643338717159,0.519,0.169,3.75292753499398e-12
"CNOT9",9.88093152601825e-17,0.271134284479284,0.279,0.066,4.27864096939642e-12
"ZNF148",1.03512533698639e-16,0.517203039535774,0.75,0.322,4.48229973421846e-12
"RAB31",1.04562596929285e-16,0.329712897945624,0.798,0.324,4.52776957223191e-12
"TMEM165",1.05137448908724e-16,0.327547220694589,0.663,0.247,4.55266181264558e-12
"ATAD2B",1.07173723587873e-16,0.336931394240925,0.692,0.255,4.64083657880208e-12
"SLC25A16",1.08996572558997e-16,0.287696995000284,0.337,0.09,4.71976958494969e-12
"ZBED4",1.16280756778585e-16,0.308433479266673,0.269,0.062,5.03518933002631e-12
"LRRFIP1",1.19792598623639e-16,0.393330642437768,0.721,0.285,5.1872591056008e-12
"RPRD1B",1.25179719469237e-16,0.306200487154794,0.346,0.093,5.42053221245692e-12
"SLC37A1",1.31057040239251e-16,0.375192955786108,0.356,0.098,5.67503195644007e-12
"HERC2",1.3867886281616e-16,0.269761987081918,0.75,0.285,6.00507211766538e-12
"SDCCAG8",1.5270427801651e-16,0.605337775900379,0.894,0.454,6.61240064667093e-12
"PMEPA1",1.59731592131629e-16,0.317423146475323,0.308,0.076,6.91669740248381e-12
"GPR107",1.61183419487034e-16,0.380672275066817,0.49,0.159,6.97956443062756e-12
"ECPAS",1.61823464349977e-16,0.426978223562725,0.596,0.22,7.00727965328272e-12
"SLC12A6",1.61962408648362e-16,0.373636728544499,0.423,0.128,7.01329621929137e-12
"PHF12",1.63707141123306e-16,0.254765323610781,0.346,0.093,7.0888466249214e-12
"FBXL5",1.64656344950268e-16,0.340904920303818,0.567,0.199,7.12994904903651e-12
"SERGEF",1.64866666826588e-16,0.269657989913952,0.529,0.175,7.13905640692492e-12
"SNX1",1.68148120815085e-16,0.309190774230947,0.567,0.194,7.28114992753481e-12
"SCAPER",1.68673991122176e-16,0.638665245056948,0.837,0.384,7.30392116357247e-12
"UTP18",1.68777444329241e-16,0.25832120917997,0.288,0.07,7.30840089434479e-12
"HSPBAP1",1.77306607029735e-16,0.256309333923274,0.365,0.101,7.67773069760161e-12
"ANP32A",1.78957599272119e-16,0.254395616433433,0.577,0.199,7.74922196368131e-12
"ZFP36",1.87994049677361e-16,0.422184207287082,0.481,0.159,8.14051833912907e-12
"DROSHA",1.88353650585676e-16,0.324316364729861,0.433,0.132,8.15608977766094e-12
"TRPC4AP",2.13569323436349e-16,0.295786325501485,0.683,0.256,9.24797884344077e-12
"RALGAPB",2.14164645528591e-16,0.344248088226024,0.471,0.151,9.27375748067903e-12
"WTAP",2.25213025496266e-16,0.264332380145399,0.471,0.148,9.75217443003932e-12
"AKAP13",2.27094961877206e-16,0.641578524689784,0.875,0.475,9.83366603920678e-12
"N4BP1",2.32887699411209e-16,0.388713512688533,0.481,0.154,1.00845031599042e-11
"LRPPRC",2.42665368800203e-16,0.400843171610623,0.49,0.162,1.05078957997864e-11
"SLC25A13",2.48798780277129e-16,0.450767969126212,0.606,0.227,1.07734847835603e-11
"APLP2",2.49061978664712e-16,0.393329656803655,0.577,0.205,1.07848818001394e-11
"FNDC3A",2.55936362521321e-16,0.439649712722135,0.702,0.294,1.10825563698983e-11
"CEP44",2.5712583726663e-16,0.285934445420652,0.269,0.063,1.11340630053196e-11
"AKT1",2.79102374969594e-16,0.283506713277112,0.269,0.063,1.20856910409333e-11
"PTBP2",2.95504103352275e-16,0.500396603203996,0.702,0.281,1.27959186833602e-11
"FUBP1",2.9971528021343e-16,0.26365059313113,0.567,0.194,1.29782710638019e-11
"ARID2",3.03829421609163e-16,0.397672551002983,0.74,0.304,1.315642161452e-11
"SMAD2",3.1563664440407e-16,0.371568746474409,0.644,0.242,1.36676979759851e-11
"WDR37",3.34107004059689e-16,0.342575483719124,0.567,0.194,1.44675014897927e-11
"FAF2",3.36065583073502e-16,0.293151923465461,0.413,0.122,1.45523118782488e-11
"FNBP4",3.65513544654029e-16,0.254091589813012,0.663,0.246,1.58274675106088e-11
"PRKAR2A",3.8010674848065e-16,0.26919024513781,0.49,0.159,1.64593824227091e-11
"FAM120A",3.83980829765596e-16,0.317861140179026,0.702,0.269,1.66271378905098e-11
"CNOT4",3.98521316926875e-16,0.408670102768266,0.692,0.276,1.72567700655675e-11
"RANBP3",4.02216971669917e-16,0.266006739291967,0.346,0.094,1.74167993072507e-11
"SELENOI",4.05345716829733e-16,0.266456393060733,0.327,0.087,1.75522802301611e-11
"HUWE1",4.35357884245263e-16,0.447811246152856,0.615,0.233,1.88518671035884e-11
"POM121",4.48582285836473e-16,0.313023455828941,0.452,0.143,1.94245101412909e-11
"SOS2",4.57380578035217e-16,0.372355845527878,0.548,0.194,1.9805493790081e-11
"ERP44",4.7299332734112e-16,0.387081225477324,0.529,0.18,2.04815570605252e-11
"DLST",5.12799358376671e-16,0.34277125742541,0.308,0.079,2.22052378164266e-11
"RAB1A",5.13588480457722e-16,0.292665582489791,0.76,0.302,2.22394083807803e-11
"NOL10",5.77196992479912e-16,0.289922269142559,0.413,0.125,2.49937841683651e-11
"MESD",5.98787826995186e-16,0.265020884754703,0.298,0.076,2.59287104845456e-11
"ITPR2",6.08266195904912e-16,0.688259576280011,0.952,0.599,2.63391428150745e-11
"ESCO1",6.36738646924901e-16,0.250878330583553,0.337,0.092,2.75720568891421e-11
"ID2",6.37102852409006e-16,0.306510114651452,0.529,0.186,2.75878277150148e-11
"GALNT2",6.37607132108815e-16,0.480519726750266,0.75,0.33,2.76096640345759e-11
"MORC3",6.51458708417241e-16,0.331852946530417,0.644,0.232,2.82094649918834e-11
"CDK8",6.60848609292816e-16,0.390355146999745,0.519,0.179,2.86160664795975e-11
"PPIP5K1",6.88279588749118e-16,0.305508504844909,0.26,0.061,2.98038827520143e-11
"COLGALT1",7.2345838254589e-16,0.272595163838222,0.385,0.109,3.13271948810021e-11
"ACSL4",7.42716514418094e-16,0.3052808582853,0.51,0.171,3.21611105073323e-11
"SSU72",7.65954091565239e-16,0.302315320497858,0.298,0.076,3.3167344072958e-11
"WAC",7.87521622094332e-16,0.493937935529108,0.856,0.396,3.41012612799288e-11
"ADAM10",8.73961588587413e-16,0.535718123754353,0.663,0.277,3.78442847090122e-11
"CNOT6L",9.64527775847039e-16,0.326358831544087,0.5,0.171,4.17659817497285e-11
"ALCAM",9.66092829022605e-16,0.652386955907391,0.692,0.298,4.18337516823369e-11
"VPS41",9.99499763984851e-16,0.281594264356766,0.587,0.204,4.3280338780072e-11
"PLXNC1",1.02035839102741e-15,0.26463822311439,0.337,0.091,4.41835590482688e-11
"ERC1",1.04612041389261e-15,0.515841433827172,0.846,0.388,4.52991061623779e-11
"FLOT1",1.15939267988282e-15,0.33338440384299,0.51,0.175,5.02040218242859e-11
"ENOX2",1.20332201244433e-15,0.295956419218741,0.308,0.08,5.21062497828643e-11
"FAM208B",1.24331273107472e-15,0.412011610529733,0.538,0.191,5.38379278809976e-11
"RUFY1",1.24406378782954e-15,0.285089430378017,0.413,0.126,5.38704501405945e-11
"RABEP1",1.29973953933009e-15,0.2927398403232,0.625,0.234,5.62813215320717e-11
"RPRD2",1.33327225859339e-15,0.432618089103759,0.596,0.226,5.77333553416108e-11
"ARFGEF1",1.37932257063692e-15,0.382462884389622,0.683,0.264,5.97274259537197e-11
"PITPNA",1.39314045884297e-15,0.274297868757539,0.49,0.162,6.03257681488185e-11
"PAN3",1.47492082525412e-15,0.537511156984489,0.788,0.354,6.38670215751538e-11
"MTOR",1.54292581273983e-15,0.379193200796432,0.385,0.116,6.681177354326e-11
"INTS6",1.58619177503932e-15,0.407718102261166,0.635,0.245,6.86852762427524e-11
"KRAS",1.72112011280969e-15,0.25428873388179,0.327,0.088,7.45279431248851e-11
"KANSL1",1.72498185876832e-15,0.594708636752981,0.865,0.45,7.46951644483859e-11
"MLLT10",1.7272262227114e-15,0.597389447379783,0.808,0.371,7.47923498958491e-11
"SLC36A4",1.73765802535594e-15,0.341144703751116,0.452,0.147,7.5244067813963e-11
"EIF3B",1.79299018267171e-15,0.33145244763388,0.375,0.109,7.76400608900503e-11
"LRBA",1.80258599451439e-15,0.564543075967979,0.74,0.334,7.8055578734462e-11
"FARS2",1.88382606166723e-15,0.514848381538259,0.654,0.264,8.15734361223144e-11
"ZNF207",1.91357569618619e-15,0.300352783876534,0.721,0.292,8.28616547962546e-11
"MED27",1.99652727426467e-15,0.387622798494376,0.519,0.184,8.64536240302088e-11
"DCAF6",2.12564794433201e-15,0.531990512459835,0.663,0.265,9.20448072854648e-11
"RPL41",2.21104641451224e-15,0.496711641527958,0.692,0.28,9.57427318412091e-11
"RUVBL1",2.24561880320704e-15,0.275513012701931,0.279,0.07,9.72397854164713e-11
"ATP10D",2.30259807399899e-15,0.327874248106355,0.452,0.146,9.97071018003044e-11
"LMBR1",2.54187917793216e-15,0.349882239278283,0.471,0.157,1.10068452162819e-10
"UMAD1",2.58760421427727e-15,0.460753585797958,0.635,0.251,1.12048437686634e-10
"CASK",2.70220058296532e-15,0.346887765908236,0.692,0.279,1.17010689643564e-10
"CREBBP",2.76485089688888e-15,0.343513933131181,0.769,0.317,1.19723573537082e-10
"LGALS3BP",2.86023995850871e-15,0.279866982019599,0.279,0.07,1.23854110683344e-10
"HSD17B4",2.8940217010747e-15,0.263772140167906,0.519,0.178,1.25316927699937e-10
"AKNA",2.93353813755032e-15,0.317420382099447,0.365,0.104,1.27028068432204e-10
"VCPIP1",2.99734297201455e-15,0.342275906565172,0.26,0.063,1.29790945374174e-10
"PTPRA",2.99843747537544e-15,0.444875376662002,0.721,0.299,1.29838339558707e-10
"SLC25A17",3.10964554158569e-15,0.299136008435951,0.317,0.086,1.34653871241743e-10
"OOEP",3.22562026731255e-15,0.273133526747723,0.308,0.082,1.39675808815168e-10
"UBE2O",3.40110586694735e-15,0.421042068084609,0.375,0.112,1.47274686250554e-10
"DHRSX",3.45709877227504e-15,0.307720134690877,0.625,0.235,1.49699291037054e-10
"AC018682.1",3.50858213686336e-15,0.276747810947438,0.288,0.073,1.51928623690457e-10
"VTA1",3.69420724520814e-15,0.292926477787454,0.337,0.094,1.59966562132003e-10
"METTL15",3.71443443636817e-15,0.442592358829728,0.654,0.257,1.60842439963615e-10
"NEDD4",3.88359524721292e-15,0.479566298116775,0.346,0.1,1.68167441394814e-10
"SDHB",3.894975648608e-15,0.258417473246339,0.337,0.094,1.68660235536024e-10
"MON2",4.0013699517611e-15,0.371453060076544,0.712,0.291,1.73267321651159e-10
"ARID1A",4.02172254345255e-15,0.460946549824611,0.76,0.323,1.74148629576582e-10
"PIGL",4.0533665695631e-15,0.343796768487158,0.317,0.087,1.75518879195222e-10
"CAMK2D",4.11559774718018e-15,0.613797871866624,0.798,0.398,1.78213613648396e-10
"EPG5",4.8729358249579e-15,0.269246790193581,0.423,0.13,2.11007867092327e-10
"INTS6L",4.9001364380528e-15,0.256613293474182,0.327,0.09,2.12185708040562e-10
"PPWD1",4.90140604414054e-15,0.354976658386003,0.327,0.089,2.12240684523374e-10
"GNPTAB",4.9657781223705e-15,0.258684131465872,0.433,0.137,2.15028124254888e-10
"SMARCA4",4.98998151639851e-15,0.34855194799861,0.423,0.133,2.16076179623088e-10
"AGO4",5.17592157983007e-15,0.35549602867416,0.567,0.208,2.24127756249802e-10
"COMMD1",6.47518864046249e-15,0.380230092181464,0.577,0.217,2.80388618509307e-10
"RASA1",7.06190619794295e-15,0.475498029877922,0.712,0.291,3.05794662183326e-10
"RANBP10",7.29668390762814e-15,0.306831493676321,0.279,0.071,3.15961006568114e-10
"SMAP1",7.45825308227073e-15,0.300214793862099,0.548,0.197,3.22957274968487e-10
"RICTOR",7.5922332549065e-15,0.264394122968396,0.721,0.291,3.28758884403961e-10
"ATXN2L",7.59691979699359e-15,0.275745627599427,0.385,0.116,3.28961821049416e-10
"STAG2",7.85831299736655e-15,0.299440744157629,0.606,0.231,3.40280669411966e-10
"THADA",8.34619451952999e-15,0.426495527088579,0.644,0.255,3.61406915084688e-10
"MRRF",8.48733022788091e-15,0.314878250309813,0.317,0.088,3.67518373527699e-10
"URI1",8.53736595796389e-15,0.335718259667427,0.51,0.18,3.69685020711752e-10
"MTPN",9.40021303591026e-15,0.49472951359178,0.394,0.119,4.07048024880986e-10
"RTCA",9.44767648142662e-15,0.278340185162169,0.25,0.06,4.09103286998736e-10
"PSEN1",9.54957377429006e-15,0.259722596284106,0.49,0.169,4.13515643574308e-10
"TANC2",1.00362291669953e-14,0.395651441419307,0.74,0.318,4.34588795389229e-10
"WASF2",1.00804877202853e-14,0.381789523855116,0.731,0.303,4.36505279263794e-10
"USP33",1.01884891745393e-14,0.280754290217573,0.615,0.231,4.411819582359e-10
"TMEM245",1.04879077242751e-14,0.336774148494351,0.5,0.175,4.54147380276561e-10
"ZNF292",1.10444169366507e-14,0.605671802690673,0.856,0.429,4.78245342190848e-10
"FBXO11",1.11353479821355e-14,0.407391025254735,0.817,0.371,4.82182838322429e-10
"TCP11L1",1.1319181539619e-14,0.294370067150297,0.279,0.073,4.9014319902858e-10
"UTRN",1.21818419451653e-14,0.532096354263006,0.817,0.394,5.27498119909549e-10
"ARFGEF2",1.23142762457138e-14,0.389705071759827,0.5,0.177,5.33232789991897e-10
"MAGI3",1.41494455903756e-14,0.349445429527824,0.625,0.243,6.12699292954445e-10
"TLK1",1.4773678426769e-14,0.387308949976156,0.683,0.278,6.39729823235949e-10
"NSRP1",1.48504241217168e-14,0.25973326160106,0.51,0.181,6.4305306531858e-10
"STAM2",1.6912658291303e-14,0.281882977145137,0.404,0.127,7.32351929330002e-10
"IPO11",1.6959670163941e-14,0.432802802871784,0.317,0.09,7.34387637438975e-10
"RAB11A",1.70594488817218e-14,0.353636234308041,0.577,0.217,7.38708255476318e-10
"ARHGAP26",1.71384363458906e-14,0.644508362615797,0.913,0.582,7.42128570649757e-10
"HTT",1.83308494418353e-14,0.290081872437844,0.577,0.215,7.93762442530353e-10
"CEP70",1.9187494963477e-14,0.474648760395367,0.327,0.094,8.30856906908482e-10
"CTNNBL1",1.95893276550124e-14,0.366962760879295,0.356,0.106,8.48257066117345e-10
"ORC5",1.98530975544774e-14,0.255247485044959,0.288,0.077,8.59678830303982e-10
"TTC7B",2.0041642165474e-14,0.445667417183858,0.567,0.22,8.67843189049357e-10
"AAGAB",2.05584674692405e-14,0.307051018811174,0.317,0.09,8.90222758353054e-10
"TRAF3",2.14740583843819e-14,0.45969216458847,0.567,0.215,9.29869676160506e-10
"MVB12B",2.58547359888156e-14,0.345536379788219,0.625,0.244,1.11956177778769e-09
"RASSF4",2.71583565339118e-14,0.261751904864104,0.663,0.265,1.17601115463145e-09
"TRAPPC8",2.80951025966612e-14,0.266361241883242,0.5,0.176,1.21657413264062e-09
"STIM1",2.84945106163395e-14,0.369768833427119,0.567,0.219,1.23386929870873e-09
"RDX",3.1538894336338e-14,0.311368875180071,0.673,0.266,1.36569720255211e-09
"RAB7A",3.19672065546068e-14,0.347810810895313,0.721,0.303,1.38424397822759e-09
"MIA2",3.46013864285201e-14,0.276447009334291,0.433,0.143,1.49830923512778e-09
"FAM135A",3.55385222729843e-14,0.542679616574729,0.721,0.323,1.53888909146477e-09
"HDX",3.64190791945646e-14,0.320112139666264,0.25,0.063,1.57701896728304e-09
"ACBD3",3.69806939737565e-14,0.327400640913349,0.346,0.103,1.6013380104516e-09
"PPP1R12A",3.74544232235808e-14,0.352647870866627,0.788,0.356,1.62185143442749e-09
"CEP350",3.77926879237897e-14,0.393108545358793,0.788,0.362,1.63649897247594e-09
"NEK6",4.26979361277069e-14,0.290777951085685,0.529,0.193,1.84890603020196e-09
"RBPJ",4.44199202115256e-14,0.428541121763227,0.702,0.293,1.92347138499948e-09
"ARHGAP6",4.48483354243979e-14,0.387803017311229,0.567,0.215,1.94202262054728e-09
"AFG3L2",4.68218803590205e-14,0.395087671753464,0.279,0.073,2.02748106330631e-09
"WARS",4.82198223876555e-14,0.267808487323744,0.337,0.099,2.08801474903026e-09
"SND1",5.20324048142777e-14,0.340724243346928,0.74,0.314,2.25310719326785e-09
"GALNT11",5.27308358663692e-14,0.301958627581036,0.423,0.142,2.28335065468552e-09
"CTNNA1",5.36794030505072e-14,0.444313699774011,0.673,0.286,2.32442551089306e-09
"HELZ",5.44860913021542e-14,0.335980960524617,0.74,0.325,2.35935672556588e-09
"RBM33",5.74525877934844e-14,0.408895809714372,0.663,0.274,2.48781195663346e-09
"NPTN",6.47442996150159e-14,0.275318191511442,0.51,0.183,2.80355766192942e-09
"GPATCH8",7.13367604280505e-14,0.375834036674747,0.75,0.336,3.08902440005544e-09
"RPS15",7.30436314660086e-14,0.453216311660438,0.606,0.228,3.1629353297411e-09
"TNFRSF10B",7.48362169643842e-14,0.359370370449476,0.288,0.079,3.24055786699177e-09
"DOPEY1",7.74419849053162e-14,0.351269242753252,0.471,0.167,3.35339283037e-09
"TMEM33",8.26740687887587e-14,0.497969635870895,0.279,0.076,3.57995252669083e-09
"INPP4A",9.02884254783574e-14,0.27334074247967,0.673,0.278,3.90966940006383e-09
"PPP6R3",9.15381494867508e-14,0.552358347760755,0.798,0.42,3.96378494907528e-09
"RAP1GDS1",9.1590349170794e-14,0.332320508584925,0.625,0.251,3.96604529979372e-09
"FAM193A",1.0830697107668e-13,0.5038536574214,0.577,0.232,4.6899084615624e-09
"USP32",1.12639959406269e-13,0.363567044018345,0.635,0.262,4.87753552221024e-09
"TRANK1",1.16093805806749e-13,0.281305050484148,0.327,0.096,5.02709397904385e-09
"ETNK1",1.22241707348492e-13,0.368031478492667,0.577,0.218,5.29331041160442e-09
"CCDC88A",1.25379733330833e-13,0.495957884917444,0.856,0.478,5.42919321269171e-09
"AC098850.3",1.40965940427187e-13,0.255085977952803,0.423,0.139,6.10410715237804e-09
"DNAJC11",1.51918914693645e-13,0.265702415966442,0.269,0.072,6.57839284406423e-09
"COL4A3BP",1.63781748616055e-13,0.403673031706971,0.558,0.22,7.0920772785724e-09
"GABPB1",1.84902704078937e-13,0.30073826527338,0.317,0.093,8.00665689202614e-09
"PHIP",1.85562690421018e-13,0.521170189162468,0.837,0.416,8.03523562061092e-09
"AGPAT5",1.95975568139004e-13,0.373755529452817,0.49,0.176,8.48613405155516e-09
"ARHGEF11",1.98640354860856e-13,0.299172437045362,0.529,0.198,8.60152464618481e-09
"HDAC1",2.03285907043215e-13,0.286424018070018,0.279,0.076,8.80268634678531e-09
"MAPK14",2.12943267808002e-13,0.279672463141744,0.481,0.174,9.22086938262209e-09
"GPBP1L1",2.32708130891498e-13,0.618122568210758,0.567,0.226,1.00767274838636e-08
"STK38",2.39029125996601e-13,0.464810555774269,0.442,0.149,1.03504392139048e-08
"ETFA",2.39111047275015e-13,0.292392018983419,0.394,0.13,1.03539865691027e-08
"FBXO42",2.40712079696983e-13,0.303197530396304,0.577,0.224,1.04233144750388e-08
"AC118549.1",2.52607459766896e-13,0.298933078311682,0.51,0.187,1.09384082228261e-08
"GSN",2.65680462350301e-13,0.370376025361854,0.721,0.325,1.15044953806927e-08
"MTMR3",3.08506256361813e-13,0.262670397226039,0.683,0.28,1.33589379129792e-08
"FARP1",3.16503301679869e-13,0.393802067501673,0.769,0.354,1.37052259693417e-08
"ANAPC1",3.23274201209015e-13,0.311068838533986,0.365,0.117,1.39984194607528e-08
"JDP2",3.31305828454667e-13,0.257256125796784,0.442,0.152,1.4346204983744e-08
"NSFL1C",3.36648170202689e-13,0.480663175774766,0.317,0.095,1.45775390661169e-08
"NEDD4L",3.38797100922022e-13,0.560867608452298,0.712,0.325,1.46705920641254e-08
"PPP2R5C",3.53119354004378e-13,0.255470528695755,0.692,0.287,1.52907742670976e-08
"ZNF644",3.63146736344783e-13,0.334705549923168,0.683,0.292,1.57249799772018e-08
"TPP2",3.73013755406436e-13,0.314911251522804,0.452,0.158,1.61522416366095e-08
"GIGYF2",3.74508186838644e-13,0.346187286934736,0.663,0.28,1.62169535064869e-08
"NBAS",3.84142155834076e-13,0.418780039517642,0.673,0.282,1.66341236319271e-08
"MED10",4.31268973830258e-13,0.357248643276924,0.279,0.078,1.86748091047978e-08
"ARL8B",5.09950853320728e-13,0.253512157058211,0.548,0.212,2.20818918504942e-08
"SLC1A4",5.12183324522786e-13,0.279177177296425,0.394,0.131,2.21785623184857e-08
"NT5C",5.72997427560091e-13,0.308683604345679,0.26,0.07,2.4811934608207e-08
"WASHC5",5.91492684331057e-13,0.303636333173017,0.288,0.083,2.56128162169034e-08
"PLCG2",5.93720117942507e-13,0.266025106854304,0.769,0.326,2.57092685471465e-08
"NIPBL",6.27025247228474e-13,0.451372720382377,0.837,0.453,2.71514472554874e-08
"LYRM4",6.47867272587749e-13,0.371113315997228,0.346,0.11,2.80539486375947e-08
"GLYR1",7.33096082506143e-13,0.284813554489172,0.442,0.155,3.1744526564681e-08
"UQCC1",8.47602978932631e-13,0.276608350286877,0.423,0.146,3.67029041937408e-08
"CUL3",8.90458668700784e-13,0.310947950726432,0.654,0.274,3.85586412720813e-08
"GTF2A1",8.98575131793907e-13,0.302848945646514,0.269,0.076,3.89101003569398e-08
"SEC24B",9.05559389678485e-13,0.406549487246624,0.538,0.213,3.92125326918577e-08
"KDM6A",9.08645472265636e-13,0.372053199129382,0.692,0.306,3.93461662400466e-08
"RNF216",1.01231015025185e-12,0.350376107099633,0.644,0.27,4.38350541262054e-08
"ZDHHC3",1.02895418914052e-12,0.310572387259939,0.298,0.086,4.45557742981628e-08
"MYO5A",1.04438257022799e-12,0.396177288809797,0.606,0.25,4.52238540560124e-08
"PKNOX1",1.11877474986473e-12,0.321055690324236,0.356,0.113,4.84451842186424e-08
"APBA1",1.14653103024102e-12,0.31992330293335,0.442,0.157,4.96470866714967e-08
"CDC73",1.24598727729332e-12,0.338075274339294,0.548,0.217,5.39537410813555e-08
"BRD4",1.43090653247068e-12,0.256973891467815,0.587,0.232,6.19611146690455e-08
"CCSER2",1.52454554603959e-12,0.370592255824469,0.625,0.26,6.60158712346062e-08
"STK17A",1.57310517000958e-12,0.271721798255062,0.317,0.097,6.81186000717547e-08
"NFE2L2",1.654848680153e-12,0.356570289017951,0.779,0.374,7.16582575479854e-08
"NFX1",1.66371051656407e-12,0.2632589082435,0.481,0.178,7.20419927882574e-08
"ATRN",1.66718894874812e-12,0.273999840147564,0.529,0.204,7.21926158586911e-08
"GTF2A2",1.77984154293712e-12,0.281797292389314,0.26,0.072,7.70706984922632e-08
"PHC3",1.87481671458645e-12,0.321064800194407,0.673,0.293,8.11833133750225e-08
"FBXO38",1.98231673382615e-12,0.341432337603737,0.298,0.089,8.58382792081399e-08
"PCNX1",2.25773931397369e-12,0.329118716716428,0.683,0.297,9.77646277736886e-08
"ATP9B",2.43442162060785e-12,0.292610213979059,0.712,0.316,1.05415325015561e-07
"BDP1",2.4496216555852e-12,0.414735901355672,0.558,0.232,1.0607351693015e-07
"C12orf4",2.52372962919894e-12,0.286854161429644,0.308,0.094,1.09282540403573e-07
"FKBP5",2.57163600360801e-12,0.282109340547429,0.856,0.413,1.11356982228234e-07
"ITSN2",2.84978297064826e-12,0.303506634977224,0.74,0.338,1.23401302195011e-07
"TTC17",3.0399718726155e-12,0.378057715149102,0.808,0.388,1.31636862027996e-07
"ASAP1",3.10563424304207e-12,0.525595152529898,0.817,0.428,1.34480173992208e-07
"RBM26",3.12773071560289e-12,0.293304895150631,0.76,0.331,1.35436995447036e-07
"CSTF3",3.35020180829487e-12,0.27359155306563,0.413,0.143,1.45070438702784e-07
"EHMT1",3.39637520060531e-12,0.258071156464059,0.76,0.331,1.47069838936611e-07
"SMYD3",3.89867484655017e-12,0.420361521146674,0.856,0.43,1.68820418205315e-07
"CAMKMT",3.98110143936258e-12,0.402648924953199,0.577,0.246,1.72389654527278e-07
"ITFG1",4.04453328826819e-12,0.374677646137638,0.76,0.361,1.75136380448589e-07
"NF1",4.16759621053151e-12,0.553527029144748,0.817,0.465,1.80465251108435e-07
"CEP162",4.21463222393784e-12,0.273993144404838,0.394,0.136,1.82502004560956e-07
"CHM",4.64379655448152e-12,0.273711930605568,0.433,0.152,2.01085678402159e-07
"HSPA1A",5.09627342532292e-12,0.408185347027426,0.856,0.479,2.20678831863333e-07
"RBM6",5.40315158392752e-12,0.372208493636403,0.856,0.461,2.33967269887229e-07
"FBXL4",5.77639807355426e-12,0.255132459915042,0.404,0.141,2.50129589381047e-07
"PXK",5.84050714481754e-12,0.330478902517336,0.365,0.123,2.52905640384889e-07
"INVS",6.21941206893939e-12,0.383638007794264,0.606,0.25,2.69312981409213e-07
"DDX10",7.16429217035837e-12,0.27690225229771,0.356,0.118,3.10228179560858e-07
"GNAS",7.38537295037934e-12,0.326751174928524,0.885,0.455,3.19801419497326e-07
"RPL22",7.43003396436197e-12,0.426517078252033,0.269,0.076,3.21735330724802e-07
"L3MBTL4",8.03385130085036e-12,0.435890269112834,0.654,0.295,3.47881829029423e-07
"GRID2",8.08767241574454e-12,0.557511756915811,0.346,0.12,3.5021239094657e-07
"DENND1A",8.19406277653641e-12,0.45522675052177,0.856,0.454,3.54819306349579e-07
"ZDHHC14",9.15291270884734e-12,0.319767143180629,0.625,0.269,3.96339426118508e-07
"AIG1",1.07196685739383e-11,0.26530599832358,0.606,0.253,4.64183088588675e-07
"PI4KA",1.08898098923182e-11,0.260612154400421,0.615,0.259,4.71550547957161e-07
"RPTOR",1.09450757890618e-11,0.354119118509394,0.558,0.235,4.73943671817953e-07
"RPL14",1.11562234334406e-11,0.323878271988806,0.471,0.183,4.83086787114843e-07
"HDGF",1.14713525726099e-11,0.271747633480696,0.26,0.074,4.96732509099152e-07
"NCOA3",1.19820245622287e-11,0.251840269185114,0.558,0.224,5.18845627593627e-07
"PCNX4",1.29895504364596e-11,0.420349070943545,0.442,0.166,5.62473512999574e-07
"SMG1",1.5197859772259e-11,0.316898334046704,0.663,0.299,6.5809772385836e-07
"USP24",1.52621603113119e-11,0.270241293050244,0.587,0.25,6.60882065800427e-07
"ATG7",1.74833198411275e-11,0.343558736739256,0.798,0.416,7.57062715760505e-07
"NCOA2",2.32787600736423e-11,0.43677386965099,0.788,0.405,1.00801686870886e-06
"RBM12B",2.59860169051649e-11,0.270077106383138,0.317,0.103,1.12524650402745e-06
"SUPT3H",2.62468727211477e-11,0.298864266903912,0.615,0.265,1.13654208257114e-06
"EEF1A1",2.63887938107869e-11,0.402849125237038,0.721,0.334,1.14268754959469e-06
"DENND4A",2.64492145601161e-11,0.320664266213658,0.779,0.39,1.14530388888215e-06
"SPRED2",2.95599203918457e-11,0.338504854317348,0.471,0.184,1.2800036728077e-06
"ARL17A",3.30514369254678e-11,0.285650059035309,0.269,0.08,1.43119332174661e-06
"ATG12",3.3466365090104e-11,0.250578241261792,0.279,0.084,1.44916054113168e-06
"CTBP2",3.36898190980604e-11,0.292266466558727,0.769,0.369,1.45883654658421e-06
"SENP6",3.62443226477585e-11,0.329033330744128,0.769,0.361,1.56945165929324e-06
"PREX1",4.17021910265802e-11,0.251415687503092,0.798,0.39,1.80578827583298e-06
"KDM4C",4.40049265681012e-11,0.360270363082087,0.74,0.361,1.90550133025192e-06
"APPL2",4.80045095141145e-11,0.327365298675151,0.606,0.268,2.07869127098018e-06
"DNAJB14",5.95201952925494e-11,0.575671704113365,0.462,0.183,2.57734349655797e-06
"IPMK",6.14135997357942e-11,0.327704200766477,0.279,0.087,2.65933169575936e-06
"NUTM2A-AS1",6.57624577416557e-11,0.282631888391345,0.606,0.257,2.84764594512918e-06
"MTREX",6.91115505748523e-11,0.346510314042765,0.423,0.161,2.99266836299225e-06
"CEMIP2",7.41154151100162e-11,0.301039023514023,0.269,0.083,3.20934570509392e-06
"HNRNPA2B1",8.3458770991222e-11,0.327787945280261,0.913,0.482,3.61393170146189e-06
"COG5",8.53494239956565e-11,0.368617794561073,0.712,0.353,3.69580075785992e-06
"DHRS7B",8.62214355774675e-11,0.332313256921917,0.298,0.099,3.7335606033755e-06
"PCGF3",8.80020166085393e-11,0.310793680835317,0.298,0.095,3.81066332318297e-06
"MAP4K4",9.27359640656870e-11,0.533015324299186,0.894,0.548,4.01565271597238e-06
"SBF2",1.02809167453322e-10,0.468637311666555,0.885,0.504,4.45184256906376e-06
"FMNL2",1.02925406013664e-10,0.63739374040053,0.875,0.601,4.45687593120367e-06
"DARS",1.27899179418372e-10,0.355912155202475,0.51,0.222,5.53829026717435e-06
"ZMYM4",1.37819779257265e-10,0.258335553745046,0.625,0.281,5.96787208139808e-06
"ENTPD1-AS1",1.42814415380058e-10,0.252563884104356,0.663,0.292,6.18414981478726e-06
"ATRX",1.45130135737796e-10,0.297720367886956,0.837,0.444,6.28442513771805e-06
"MAGI1",1.46150441230394e-10,0.460951823273145,0.587,0.264,6.32860640615852e-06
"PDE6D",1.5052495103811e-10,0.268662940488066,0.26,0.081,6.51803142985225e-06
"LARGE1",2.05821475487218e-10,0.350737935876776,0.538,0.235,8.91248153154752e-06
"NAV3",2.82679391357822e-10,0.454973446428594,0.885,0.513,1.22405830045764e-05
"TMCC1",2.9612540968695e-10,0.260098439487212,0.654,0.3,1.28228224902643e-05
"GMDS-DT",2.96335748416596e-10,0.283107458122659,0.683,0.312,1.28319305779354e-05
"USP34",3.61514954657736e-10,0.374625550536491,0.856,0.456,1.56543205665893e-05
"ZSWIM6",3.83408442430185e-10,0.482307087055637,0.913,0.534,1.66023523741119e-05
"ZFP36L1",3.94998576018601e-10,0.312084310647458,0.837,0.46,1.71042283387575e-05
"TRMT10B",4.24202600956574e-10,0.334007130041095,0.288,0.095,1.83688210266216e-05
"DICER1",4.25630945748779e-10,0.254711770331578,0.663,0.303,1.84306712128136e-05
"SMG6",4.40040841436229e-10,0.370776645076028,0.481,0.211,1.90546485158716e-05
"HDAC4",4.58820065740779e-10,0.261895529294468,0.683,0.32,1.98678264867072e-05
"SORT1",5.05706292697981e-10,0.256193645474911,0.654,0.306,2.1898093886408e-05
"PEAK1",6.07121099972514e-10,0.271138622037078,0.721,0.347,2.62895578710098e-05
"NUMB",6.0850451347465e-10,0.262610593923245,0.779,0.397,2.63494624424793e-05
"ZFP36L2",7.40285951444735e-10,0.328223552378477,0.548,0.244,3.20558622694599e-05
"INTS10",8.47552214613379e-10,0.262927168447266,0.548,0.24,3.67007059971885e-05
"BIRC6",1.00077556080658e-09,0.315085042819962,0.846,0.461,4.33355833340465e-05
"FAM185A",1.15361525338254e-09,0.318907815793992,0.317,0.114,4.99538477019709e-05
"ASH1L",1.29583785292448e-09,0.285425398325516,0.837,0.465,5.61123707073357e-05
"TAX1BP1",1.53826222636398e-09,0.262972634861877,0.567,0.24,6.66098309260132e-05
"PABPC4",1.91452042572699e-09,0.343934394979004,0.269,0.089,8.290256347483e-05
"MDH1",2.05434668832887e-09,0.377845021102039,0.288,0.099,8.89573202980168e-05
"ANKRD17",2.06597833724929e-09,0.260646729906258,0.817,0.413,8.94609939595687e-05
"ABI1",2.41713837102902e-09,0.328367300553856,0.731,0.394,0.000104666925742299
"ANGEL2",2.46302584740331e-09,0.273094250529967,0.26,0.085,0.000106653945244258
"MB21D2",2.48851278453039e-09,0.266727252555276,0.25,0.081,0.000107757580595735
"MED13L",2.5828814468684e-09,0.468973312122358,0.894,0.593,0.000111843932412296
"UBL3",2.99238682886224e-09,0.28533054011383,0.587,0.259,0.000129576334463393
"HPS4",3.33568197208187e-09,0.252285762456082,0.308,0.109,0.000144441700755089
"HMG20A",3.4591321877039e-09,0.251184347680731,0.308,0.11,0.000149787341991954
"PCM1",7.08915754256178e-09,0.287735392200684,0.817,0.447,0.00030697469990801
"ABL1",8.58307343173241e-09,0.410368047307002,0.471,0.211,0.000371664245740877
"SUMF1",1.07127074423695e-08,0.266687165361349,0.567,0.267,0.000463881657669482
"WDR41",1.12051392311256e-08,0.301647031411542,0.404,0.167,0.000485204938986199
"PRKCE",1.33958512358006e-08,0.26465841250663,0.654,0.314,0.000580067150212636
"ARID1B",1.4130485380636e-08,0.367024008400958,0.904,0.562,0.0006118782779523
"CLASP1",1.7334404782209e-08,0.296624633514003,0.808,0.431,0.000750614395879215
"PPP1CC",2.03933993952439e-08,0.395502988305861,0.26,0.091,0.000883074980612851
"PACS1",2.16976177544343e-08,0.289869785746632,0.76,0.396,0.000939550244002516
"FAM172A",3.81301760885709e-08,0.273006772598457,0.74,0.386,0.0016511128849873
"CELF2",4.88505573983794e-08,0.351331898429167,0.942,0.696,0.00211532683646463
"TMEM131",5.74881387993463e-08,0.255179254177768,0.587,0.291,0.00248935138628929
"GNAQ",6.0656038666319e-08,0.349451481258299,0.904,0.602,0.00262652778632895
"ZNF638",1.09716442732646e-07,0.280025204150204,0.875,0.499,0.00475094140320905
"PHF21A",2.00890919501712e-07,0.391880851762377,0.712,0.384,0.00869897859626311
"PTK2",3.33972423880735e-07,0.383831143160402,0.721,0.433,0.0144616738988836
"SEC23IP",3.81117382303459e-07,0.292359863555705,0.269,0.104,0.0165031448885044
"MAMDC2",3.90231552179381e-07,0.276755267901436,0.288,0.117,0.0168978066724715
"PLEKHA7",5.29236108148592e-07,0.29134812929872,0.577,0.288,0.0229169819550503
"MAML2",7.14698476844646e-07,0.307500402011593,0.904,0.625,0.0309478734443269
"RPS11",1.36407274301839e-06,0.389766622213578,0.394,0.18,0.0590670779181823
"FBXW8",1.61914660657165e-06,0.30469802304358,0.26,0.105,0.0701122863577655
"PRKCA",5.67107545595289e-06,0.426203110058275,0.856,0.54,0.245568909393672
"QKI",5.81903261033179e-06,0.333692131585532,0.962,0.753,0.251975750092587
"AKT3",1.61018449137844e-05,0.283510549233015,0.846,0.547,0.697242088456694
"RPL28",7.13070719073306e-05,0.321278166237256,0.394,0.198,1
"LRRC4C",0.0454583260928472,0.438079499693054,0.288,0.205,1
