"","p_val","avg_log2FC","pct.1","pct.2","p_val_adj"
"PTCSC3",0,1.54619683419377,0.524,0.026,0
"KSR2",1.93023257045665e-292,1.77638238487708,0.627,0.045,8.3582930765914e-288
"FRMD6-AS2",1.24478233671084e-244,1.37579275593151,0.395,0.021,5.39015647442526e-240
"AC016766.1",3.94139187405187e-230,1.72380812983528,0.341,0.016,1.70670150930194e-225
"SLC24A4",8.81082247518178e-223,1.95995086050829,0.778,0.093,3.81526234820321e-218
"LINC00836",2.00857777855923e-214,1.77324180687224,0.762,0.088,8.69754349671716e-210
"NAA11",1.61137127621202e-193,1.29514474399272,0.378,0.024,6.97755990025328e-189
"C5orf17",1.30110519585915e-185,1.25669326133561,0.346,0.021,5.63404571910929e-181
"SORCS3",1.69215033971253e-181,1.46973764566521,0.508,0.046,7.32734940102321e-177
"AC073941.1",4.91592194241171e-178,2.1198836559226,0.951,0.172,2.12869251950312e-173
"KCND2",1.69204878620391e-176,2.12261960625605,0.768,0.111,7.32690965402016e-172
"IL1RAPL1",1.15165540398224e-169,1.2296232609182,0.73,0.099,4.9868982303239e-165
"KCNN2",2.94862207940774e-165,1.40925718985711,0.541,0.057,1.27681233282514e-160
"ADAMTSL3",5.87730579105334e-163,1.8808782039924,0.903,0.159,2.54499095364192e-158
"AC026316.5",7.47381193319805e-162,1.11234401861169,0.432,0.038,3.23631004331342e-157
"TNC",2.27644063942353e-160,1.75493513540676,0.843,0.138,9.85744325683178e-156
"DYNC1I1",4.06665608309749e-160,1.2188806988086,0.503,0.051,1.76094341710288e-155
"KIRREL3",3.25413238952629e-159,0.763172250504854,0.384,0.029,1.40910440731268e-154
"DGKB",4.59621586447715e-156,1.61298426670036,0.805,0.128,1.99025339363589e-151
"AL162511.1",5.02639288145203e-156,1.36438209794689,0.638,0.082,2.17652864552636e-151
"LINC00609",1.38821135688801e-155,2.59888451991697,0.995,0.264,6.01123281759648e-151
"ALDH1A1",3.56321436148458e-153,2.00374611348638,0.795,0.135,1.54294308281005e-148
"AC023421.2",3.58551826949748e-150,1.20892985163669,0.384,0.033,1.5526011210578e-145
"GPC6",1.39621868035655e-148,1.74467043826006,0.805,0.137,6.04590612967992e-144
"TTN",3.88965185701251e-148,1.85639415560838,0.843,0.154,1.68429704712356e-143
"USH1C",3.21882498636705e-145,0.954053170865321,0.395,0.034,1.39381559559666e-140
"AL160272.2",4.04238865919471e-138,1.42143342941587,0.686,0.109,1.75043513720449e-133
"LAMA4",3.66017913237138e-137,1.43227130261228,0.611,0.086,1.58493076789945e-132
"LINC01088",5.5715139041603e-137,2.36786175440504,0.957,0.238,2.41257695077949e-132
"RGS6",6.53736879963561e-136,1.53820432642068,0.686,0.107,2.83081143761821e-131
"LINC00486",9.55385310342987e-136,1.4401668718307,0.649,0.101,4.1370094708472e-131
"LINC02251",1.26206211060712e-135,1.07368287110704,0.405,0.039,5.46498135135093e-131
"AL365259.1",4.27537620772371e-135,1.00810504466846,0.335,0.027,1.85132340546852e-130
"CPAMD8",2.53869337463359e-132,1.49603543322843,0.535,0.067,1.09930500508384e-127
"HS6ST3",1.05396712497045e-131,1.64584370965413,0.568,0.077,4.56388844454705e-127
"STXBP5L",9.74237848153061e-129,1.4227816067347,0.838,0.159,4.21864473007239e-124
"TRPM3",7.44887250146761e-128,2.16779911482307,0.995,0.29,3.2255107705855e-123
"VCAN",1.67297682322218e-126,1.68426082252064,0.951,0.225,7.24432423991668e-122
"ADCY8",1.75593212745306e-126,1.94840654117398,0.892,0.216,7.60353729829725e-122
"GINS3",2.66725298499628e-126,1.32250892603946,0.508,0.065,1.15497388756309e-121
"MGAT4C",3.58620231064025e-125,2.0022917179965,0.951,0.253,1.55289732455344e-120
"AP003049.2",5.64281453100608e-125,1.10953675869725,0.314,0.026,2.44345154821625e-120
"PLCB4",2.00600843267949e-124,1.29789297056551,0.703,0.116,8.68641771518872e-120
"CCDC85A",5.70249711979346e-123,1.63404775683651,0.757,0.139,2.46929530281296e-118
"NTNG1",6.26654236932029e-122,1.36352302491788,0.584,0.086,2.71353817676307e-117
"ABI3BP",1.33354229100692e-121,1.27991400034765,0.692,0.117,5.77450482851816e-117
"AC138627.1",1.35998964869882e-121,1.43866430242044,0.649,0.107,5.88902717679565e-117
"SLC38A1",2.51346808304381e-121,1.68355099866391,0.876,0.19,1.08838194931963e-116
"WDR49",1.97667546508162e-119,1.59023700549498,0.93,0.219,8.55940009889645e-115
"RNF219-AS1",3.25664321767156e-119,2.09786848815664,0.914,0.235,1.41019164611614e-114
"ADAMTS9",3.33232480557882e-119,1.43573793232514,0.605,0.094,1.44296328731174e-114
"PRR16",3.71331214371597e-119,1.31252949415582,0.492,0.063,1.60793842447189e-114
"COL21A1",5.76651866734252e-119,1.43701585910288,0.805,0.158,2.49701791333266e-114
"PRTG",9.00397186880919e-119,1.09266675827028,0.454,0.055,3.89889989863176e-114
"AC027117.2",5.96509387666211e-118,1.51384081511832,0.805,0.17,2.58300495047223e-113
"SYTL4",2.54500023511477e-117,1.52624263542968,0.805,0.17,1.1020360018094e-112
"DCLK1",5.29898209365139e-117,1.76161960254339,0.984,0.245,2.29456522619292e-112
"WDR11-AS1",5.65677440722064e-117,1.37518671254532,0.741,0.143,2.44949645381468e-112
"AL603840.1",4.8015324526764e-116,1.2323652903162,0.411,0.046,2.07915958265794e-111
"CTNNA3",1.11697374680256e-114,1.08758389365045,0.643,0.105,4.83671971840442e-110
"DAAM2",1.9780936409366e-112,1.69575324771107,0.914,0.234,8.56554108398365e-108
"KCNJ3",1.18656268017875e-111,1.36702263919797,0.757,0.146,5.13805371771001e-107
"TSHZ2",1.3660461373419e-111,1.51835904448951,0.805,0.166,5.91525298391789e-107
"CTNND2",2.16473256277694e-111,2.15537955974795,1,0.456,9.37372494333669e-107
"AC124854.1",5.52288955143427e-111,0.860155868572447,0.281,0.023,2.39152163356207e-106
"DPP10",2.21491147862466e-110,2.23614277148073,1,0.413,9.59100968474051e-106
"ATP10B",1.29754923664789e-108,1.12109544493175,0.459,0.061,5.61864770453269e-104
"DPP6",1.94575770457643e-107,1.69987089013788,0.903,0.228,8.42552001235685e-103
"AL133346.1",1.62925303961772e-106,1.09739792096197,0.346,0.036,7.05499151215266e-102
"CNKSR2",1.02033753039161e-105,1.39068789707351,0.795,0.176,4.41826557410177e-101
"CYP4F3",2.61157828460849e-105,0.909331070002503,0.4,0.046,1.13086562880117e-100
"SMOC1",9.10201112051738e-105,1.12129192155522,0.546,0.084,3.94135285540644e-100
"DCLK2",1.91776039324601e-104,1.82948726872574,0.978,0.335,8.30428605483387e-100
"NFASC",5.89363424551812e-104,1.38822158754311,0.843,0.195,2.55206150099426e-99
"GLIDR",1.1628217749844e-103,1.15045021079099,0.486,0.071,5.03525085003745e-99
"PHYHIPL",4.04930082409145e-103,1.66550778792384,0.876,0.232,1.75342824284808e-98
"AC104596.1",4.19522596001684e-102,1.5724359597493,0.789,0.187,1.81661674520649e-97
"ROBO2",1.46637693404388e-101,1.96830217930306,0.768,0.178,6.34970539979679e-97
"NRG3",8.19443547340711e-101,1.86064396617345,0.995,0.445,3.54835444869475e-96
"ST6GAL2",1.15810260437029e-100,0.865608068799276,0.303,0.029,5.01481589744425e-96
"KIF6",2.64680964051837e-100,1.14282029086521,0.497,0.075,1.14612151053726e-95
"CD38",1.13285342029561e-99,1.15661754158598,0.632,0.118,4.90548188056406e-95
"NKAIN2",1.38123068784358e-99,1.3649338082989,0.773,0.171,5.98100512450029e-95
"CNTN1",2.00371079408399e-99,1.9273375594839,0.984,0.378,8.6764684805425e-95
"CALCRL",1.03823231324118e-98,0.879288095142964,0.303,0.03,4.49575356279695e-94
"LMCD1-AS1",2.07029134922438e-98,1.72674699882852,0.941,0.284,8.96477560041142e-94
"NALCN",5.85885961648439e-98,1.38719671579087,0.746,0.17,2.53700339113007e-93
"CACNA2D3",5.42001187436505e-97,1.93057337469966,0.708,0.159,2.34697354183755e-92
"MIR9-3HG",1.04826756178185e-96,0.641319005704723,0.259,0.022,4.53920819602776e-92
"PRKG1",5.06264602830752e-95,1.79551125158066,0.984,0.381,2.19222698317772e-90
"TMEM132B",1.61119825790051e-94,1.23084524266555,0.697,0.146,6.97681069636081e-90
"FAM189A2",6.16438398957117e-94,1.39929901894587,0.957,0.293,2.66930155516411e-89
"GALNT13",7.1701102659861e-94,1.13406147423325,0.616,0.113,3.1048011473773e-89
"FAM182B",2.3749230705212e-93,1.59745904114204,0.876,0.25,1.02838918799709e-88
"PPP2R2B",5.64801275966343e-93,1.79299150148859,1,0.441,2.44570248518946e-88
"AC008014.1",7.73814063346878e-93,1.49190478233706,0.697,0.155,3.35076965710465e-88
"MOBP",1.22325886660219e-92,0.651683052957271,0.368,0.044,5.29695554416079e-88
"RFX3-AS1",1.26907867410936e-92,1.32284259458985,0.805,0.201,5.49536447462836e-88
"PLEKHA5",1.53068544186671e-92,1.85223374770208,0.968,0.352,6.62817410037122e-88
"AC002429.2",3.26107732913214e-92,1.57236771462869,0.741,0.172,1.4121117050608e-87
"ANGPT1",9.14095752735094e-92,1.28240401584153,0.654,0.131,3.95821742849351e-87
"GALNT15",1.4664922825161e-91,1.15121191865652,0.686,0.142,6.3502048817512e-87
"ARHGEF4",2.25064164064758e-91,1.51820966616403,0.968,0.324,9.74572843233216e-87
"AC093535.1",2.58654577882275e-91,0.924696443611089,0.33,0.038,1.12002605314583e-86
"KREMEN1",4.06067811065412e-89,1.29423087121151,0.627,0.132,1.75835483547545e-84
"FBXL7",1.40689941435135e-88,1.72111465491675,0.973,0.357,6.0921558440242e-84
"NT5DC3",2.44864843668915e-88,0.765033473762065,0.308,0.034,1.06031374605514e-83
"AC131571.1",2.51701954672793e-88,1.218430096519,0.514,0.091,1.08991980412413e-83
"SYNPO2",2.87654567425565e-88,1.1720652237072,0.719,0.155,1.24560180786618e-83
"DPYSL3",1.82698239294657e-87,1.23438982651071,0.811,0.207,7.91119915793725e-83
"RGS9",5.97807422204404e-87,0.983770413864827,0.605,0.118,2.58862569962951e-82
"AQP4-AS1",3.12945312312543e-86,1.63839902414269,0.924,0.272,1.35511579137577e-81
"LINC01376",1.01165368708292e-85,1.12246382840424,0.568,0.11,4.38066279580648e-81
"NAV3",1.75464297088854e-85,1.72749697576008,0.995,0.511,7.59795499254157e-81
"HYDIN",2.54060739285359e-85,0.866682919894106,0.854,0.225,1.10013381325346e-80
"AC091826.2",2.61206336772498e-85,1.26398541562356,0.611,0.125,1.13107567949227e-80
"AC007563.2",3.2875289538621e-85,1.02763864174628,0.389,0.054,1.42356578760137e-80
"LINC01515",5.27955357643173e-85,0.931121380645291,0.422,0.062,2.28615228966647e-80
"CYP4F12",6.50157977662283e-85,0.98987810208801,0.335,0.041,2.81531407487322e-80
"FRMPD2",1.42772869888638e-84,1.10622016535708,0.686,0.15,6.1823508119178e-80
"ATP9A",1.88686629045272e-84,1.19452186908282,0.73,0.18,8.17050841091837e-80
"NKAIN3",6.65872487065053e-84,1.43637599129257,0.957,0.305,2.88336104348909e-79
"KAZN",8.61251209545687e-84,1.24729603909036,0.903,0.259,3.72938998757473e-79
"ASTN2",1.71431237636254e-83,1.56257599423194,0.924,0.324,7.42331545212507e-79
"MAP7",1.72051868926156e-83,1.35706911791383,0.886,0.272,7.4501900282404e-79
"SERPINI2",1.88952258535961e-83,1.04363405345144,0.719,0.16,8.18201069912417e-79
"NCAM1",2.58001543015862e-83,1.53039374023792,0.989,0.399,1.11719828156729e-78
"BCKDHB",2.62229172962047e-83,1.44270727780102,0.951,0.325,1.13550476476026e-78
"LINC01748",3.29482930182597e-83,1.33967608706049,0.757,0.191,1.42672698427668e-78
"ANKFN1",1.191125914251e-82,1.18952534226873,0.838,0.225,5.15781343388969e-78
"LMNTD1",1.74690100365119e-82,1.24276921675165,0.681,0.151,7.56443072601039e-78
"AF117829.1",2.73052120087971e-82,1.40978666378377,0.886,0.274,1.18237029040493e-77
"GRIK4",4.38166105517681e-82,1.10730283824465,0.67,0.153,1.89734687011266e-77
"ZNF521",4.60528030524566e-82,1.25524711080385,0.714,0.174,1.99417847777747e-77
"ADRA1A",1.20323865268798e-81,1.23703449624562,0.703,0.169,5.2102640138695e-77
"AC108866.1",1.4224389909897e-81,1.33816834888337,0.605,0.13,6.15944531878361e-77
"FAM155A",4.88246142560048e-81,1.6688812430208,0.903,0.294,2.11420344651352e-76
"ADCY2",5.61476272462716e-81,1.59218087253234,1,0.424,2.43130455501805e-76
"EDIL3",1.95453051239691e-80,0.470491275269841,0.378,0.051,8.46350802478109e-76
"CDH20",4.42352188793867e-80,1.54687000170464,0.995,0.379,1.9154734479152e-75
"FMN2",1.31437220881754e-79,1.51120132041028,1,0.399,5.69149453862171e-75
"AKAP6",1.95193515300969e-79,1.28106282832878,0.903,0.279,8.45226959956257e-75
"ZC3H12C",2.99401924184947e-79,1.21556481699495,0.768,0.209,1.29647021210566e-74
"NR2F1-AS1",9.29636832725727e-79,1.27554899794152,0.87,0.262,4.02551341306894e-74
"LINC00271",1.02832600789811e-78,1.02519696702495,0.508,0.094,4.45285727940038e-74
"AL359710.1",2.70662809995326e-78,1.038299925652,0.427,0.07,1.17202409984176e-73
"AC097515.1",2.95245837218657e-78,0.957891347967993,0.438,0.072,1.27847352432423e-73
"SNED1",4.33691329476535e-78,1.06535469141614,0.876,0.244,1.87797019489929e-73
"AC053527.1",9.05799018845099e-78,1.09448942259412,0.676,0.162,3.92229091140305e-73
"AL589740.1",1.04997271207435e-77,1.46406815034096,0.865,0.261,4.54659183782436e-73
"THSD7A",1.42374803616682e-77,1.13615967675062,0.703,0.173,6.16511374620956e-73
"IGSF11",1.62251314479038e-77,1.20514453940414,0.746,0.198,7.02580641957133e-73
"CHST9",1.67681291780772e-77,1.41884015185307,0.557,0.115,7.26093529669097e-73
"FAM66D",2.07632279740111e-77,1.1447504166393,0.659,0.159,8.9908929773063e-73
"AC008127.1",3.05405679678996e-77,0.916755390082812,0.341,0.046,1.32246767414599e-72
"RASL12",4.38138757153981e-77,0.895893932830969,0.459,0.079,1.89722844622817e-72
"PDE3A",7.18414403013409e-77,1.18351030198799,0.573,0.121,3.11087804792866e-72
"DAPK1",1.27058914517602e-76,1.27909901305349,0.832,0.249,5.50190511644119e-72
"ABLIM1",1.37338412975374e-76,1.41463560480156,0.989,0.389,5.94702795865963e-72
"SLC44A1",2.02197952772025e-76,1.10320731641934,0.865,0.263,8.75557575093422e-72
"GLIS3",2.47981548426096e-76,1.60609304221437,1,0.451,1.07380970099468e-71
"L3MBTL4",5.83792410674856e-76,1.36713270499735,0.892,0.292,2.52793789670426e-71
"NAV1",6.22773971929607e-76,1.24795340198228,0.784,0.222,2.69673585324958e-71
"SPON1",7.15776603025801e-76,1.35884850392104,0.827,0.239,3.09945584642232e-71
"DSCAML1",7.32740588773268e-76,0.938923184602649,0.432,0.07,3.172913297506e-71
"FAM171A1",8.04938653135279e-76,1.18026375561049,0.822,0.239,3.48554535580638e-71
"CNTN3",2.92024218588771e-75,0.844206562326676,0.4,0.061,1.26452327133309e-70
"TMEM232",3.60789523035485e-75,0.879363165387295,0.854,0.254,1.56229079264826e-70
"AC125613.1",8.67229111356369e-75,1.04173427816554,0.486,0.092,3.75527549799535e-70
"SEMA6A",1.24914419241249e-74,1.04708236952925,0.53,0.106,5.40904418198457e-70
"PAMR1",1.28545948207427e-74,1.25280477420303,0.827,0.241,5.56629664927802e-70
"ASTN1",5.80133554701507e-74,1.10033827798147,0.703,0.178,2.51209431856847e-69
"PBX1",8.50530910383055e-74,1.36708868556277,0.908,0.314,3.68296894814071e-69
"HMGCLL1",1.30510810283345e-73,0.887726118225123,0.405,0.066,5.65137910688939e-69
"KANK1",1.57097321881988e-73,1.40283776207509,0.908,0.315,6.80262823213383e-69
"WNK2",1.66137637335124e-73,1.03811588336846,0.616,0.141,7.19409197188552e-69
"MYLK",2.13236547650589e-73,1.12747199460242,0.676,0.168,9.2335689863658e-69
"STON2",6.12370774718678e-73,1.32435714030703,0.865,0.284,2.65168792868682e-68
"SLC14A1",7.15369349428266e-73,1.56175568988609,0.946,0.361,3.09769235689428e-68
"ARHGAP42",7.90407431299106e-73,1.2011695550046,0.741,0.204,3.42262225901139e-68
"ST7",8.57047773050478e-73,1.35038262539303,0.795,0.242,3.71118826686318e-68
"ST18",9.25869177020136e-73,0.630416322417889,0.362,0.052,4.00919871033259e-68
"SHISA9",1.86048585333802e-72,1.31661982150864,0.368,0.056,8.05627584212429e-68
"GRIA4",2.42276415917447e-72,0.85456780896158,0.373,0.057,1.04910533620573e-67
"C8orf34",2.77558646998299e-72,1.33179973405092,0.73,0.184,1.20188445323204e-67
"AC099792.1",3.90675429833325e-72,1.22769440845952,0.681,0.171,1.69170274626426e-67
"ATP13A4",4.59413985354516e-72,1.01361852534149,0.838,0.245,1.98935443938212e-67
"GRAMD2B",4.63059853092704e-72,1.31550080691869,0.962,0.359,2.00514177586203e-67
"WWC1",5.7489363902362e-72,1.08824569203601,0.832,0.249,2.48940443570008e-67
"AC091078.1",6.5858656293287e-72,1.26547329422539,0.508,0.105,2.85181153481191e-67
"AC004158.1",2.03056744171824e-71,0.769725792672167,0.373,0.057,8.79276313612832e-67
"ANTXR1",2.59254909999072e-71,1.18970785859126,0.762,0.214,1.12262561127798e-66
"PARD3B",2.5992278044546e-71,1.2759750102198,0.995,0.382,1.12551762388493e-66
"LIFR",2.90086717178203e-71,1.39472246952793,0.946,0.362,1.25613350272506e-66
"ADGRA3",4.67404759178346e-71,1.13169019220268,0.843,0.256,2.02395608819407e-66
"AL137145.2",8.14164376539279e-71,0.974638933780481,0.546,0.118,3.52549458329039e-66
"NEBL",1.01421839666473e-70,1.4034348336055,0.995,0.442,4.3917685012376e-66
"SRPX",1.69699357642488e-70,0.868069326022659,0.314,0.042,7.348321584635e-66
"KCNN3",3.55536167230192e-70,1.39474508427534,0.854,0.283,1.53954271134018e-65
"DLGAP1",1.0652780394731e-69,1.26733597004456,0.714,0.193,4.61286696652642e-65
"KCTD1",1.06797261293522e-69,1.12792070230772,0.638,0.157,4.62453500853209e-65
"ADAMTS9-AS2",1.57701532408552e-69,1.54135619154962,0.757,0.223,6.8287917563551e-65
"PEX5L",5.85268572819621e-69,0.806051209824906,0.508,0.101,2.53432997402352e-64
"MIR4300HG",1.27471564077689e-68,1.1681487729828,0.773,0.219,5.51977366769207e-64
"PPFIA2",1.49527863005179e-68,1.27964996868881,0.838,0.266,6.47485552385028e-64
"TAPT1-AS1",1.75467188333045e-68,1.32572400894616,0.751,0.23,7.59808018919752e-64
"ARRDC4",3.34165857551605e-68,0.961361516587922,0.416,0.073,1.44700499636996e-63
"ZHX3",1.63194589019644e-67,1.25889972846034,0.946,0.347,7.0666520937286e-63
"SLC16A9",1.663765960632e-67,1.05028373124844,0.659,0.168,7.20443936272867e-63
"LTBP1",7.39966283619235e-67,1.08421518063097,0.746,0.208,3.20420200132801e-62
"DPF3",7.46853727011608e-67,0.941563588080103,0.649,0.164,3.23402600870566e-62
"KIAA1211",7.76859268805662e-67,1.11472065418753,0.497,0.105,3.36395600578228e-62
"JAKMIP2",1.18114038979605e-66,0.999459741137176,0.805,0.239,5.11457411589487e-62
"AZIN1-AS1",1.47105180106135e-66,1.06081131465196,0.589,0.142,6.36994850895587e-62
"ADCY1",8.39925554254715e-66,0.783103574722627,0.27,0.034,3.63704563503377e-61
"SLC22A15",8.52287186393547e-66,0.956225651538393,0.578,0.136,3.69057397452134e-61
"CASK",9.64606820940265e-66,1.25064615815272,0.822,0.277,4.17694045603554e-61
"CA8",1.0004980652036e-65,1.23380467832519,0.611,0.151,4.33235672194462e-61
"SOX6",1.30597148581597e-65,1.19146165737393,0.946,0.341,5.65511772788034e-61
"GPC5",1.77936123070589e-65,0.597914843546256,0.957,0.282,7.70499000120266e-61
"PPP1R12B",1.89455931340271e-65,1.28094768425819,0.946,0.375,8.20382073889642e-61
"UPP2",1.9672944604846e-65,1.00297359673256,0.492,0.103,8.51877847279042e-61
"LAMA2",2.11353119653481e-65,0.835526139051536,0.454,0.086,9.15201278723501e-61
"AP1S2",3.84332433601847e-65,0.800244566827058,0.578,0.133,1.66423630398272e-60
"CDHR3",5.67051958170674e-65,0.95367126854812,0.859,0.266,2.45544838927065e-60
"ARMH1",9.89385516979449e-65,1.01454870784829,0.627,0.161,4.28423716562441e-60
"SEMA3D",1.27927551990938e-64,0.978281388132437,0.443,0.086,5.53951885631158e-60
"PLCH1",1.28267440814186e-64,1.00328590124794,0.643,0.165,5.55423672213588e-60
"ALOX12-AS1",1.83966823002489e-64,1.00670612030211,0.681,0.188,7.96613136965379e-60
"MAGI2",2.37170398055345e-64,1.29920219066332,0.995,0.457,1.02699525765926e-59
"TRIM2",2.37284242134774e-64,1.11601496414136,0.865,0.294,1.027488225292e-59
"FRMD5",2.50584768551217e-64,1.20787648359052,0.768,0.23,1.08508216478048e-59
"SGCD",2.76347927845605e-64,0.916704832504927,0.773,0.213,1.19664179715704e-59
"AC092691.1",4.90983583076444e-64,1.09469437261339,0.935,0.302,2.12605711143762e-59
"HCN1",5.34658931805727e-64,1.02782021109344,0.314,0.046,2.31518010650516e-59
"CADPS",5.47904755349455e-64,1.03077348805694,0.616,0.15,2.37253717161421e-59
"AP001347.1",6.05979499285421e-64,0.908635776123778,0.384,0.066,2.62401242780573e-59
"TNR",6.5841326872268e-64,0.972642541589068,0.373,0.063,2.85106113622295e-59
"SIDT1",7.1040019452926e-64,0.730083670681464,0.341,0.052,3.0761749223506e-59
"SLC24A2",7.30693231988105e-64,0.498081968767683,0.351,0.055,3.16404783315489e-59
"SLC39A11",8.31647515995653e-64,1.27406952099804,0.941,0.37,3.60120007376438e-59
"PRDM5",1.20757068603504e-63,0.918239798658934,0.497,0.107,5.22902258466894e-59
"ENTPD3-AS1",1.86288346727132e-63,0.943890276482015,0.481,0.101,8.06665798997825e-59
"GPR75-ASB3",2.4038561312459e-63,1.21385673838859,0.832,0.281,1.0409177819521e-58
"SUCLG2-AS1",4.00383673110842e-63,0.934765510018706,0.67,0.177,1.73374138130457e-58
"SRPX2",5.21557161462437e-63,0.703995593610431,0.265,0.035,2.25844682056464e-58
"MYRIP",5.48485690453231e-63,1.03281076748834,0.524,0.117,2.37505273680058e-58
"ADAM22",6.03473520051661e-63,0.855168614257677,0.422,0.08,2.6131610365277e-58
"LINC00299",1.20765128338609e-62,0.813012969381742,0.746,0.204,5.22937158731843e-58
"PPP1R9A",1.55735593153995e-62,1.20392349225656,0.827,0.274,6.74366265475428e-58
"AC110023.1",1.61502620729665e-62,1.10772073381308,0.47,0.098,6.99338648283596e-58
"GNG12-AS1",1.70882607138443e-62,1.01393435020662,0.465,0.098,7.39955865430886e-58
"RETREG1",1.91245168170997e-62,1.00810209921178,0.551,0.131,8.2812982721405e-58
"FIGN",1.94581713706797e-62,1.08893947267885,0.8,0.252,8.42577736693173e-58
"STK33",2.43775325119169e-62,0.993408943398367,0.773,0.23,1.05559591283102e-57
"PTPRD",4.11981166300955e-62,0.877107258868831,0.784,0.232,1.7839608463164e-57
"NCAM2",4.44571968416968e-62,1.29832279771739,0.968,0.377,1.92508553763915e-57
"ANKRD28",4.6457457078993e-62,0.973475612890715,0.735,0.215,2.01170080643456e-57
"ACSS3",5.19542975745633e-62,1.05367152023186,0.751,0.221,2.24972499357374e-57
"FREM1",6.83505101709228e-62,0.848419466681942,0.33,0.052,2.9597137914213e-57
"PDE4DIP",8.44419839027326e-62,1.35582598402599,0.989,0.499,3.65650678695613e-57
"AC079385.1",9.70029151816304e-62,1.12440826835559,0.492,0.109,4.20042023319496e-57
"AC097103.2",1.17180329119677e-61,1.02176965731092,0.681,0.19,5.07414261154026e-57
"MAPK10",4.04726928165866e-61,1.23106918403054,0.995,0.468,1.75254854434383e-56
"TF",6.25805285395578e-61,0.607004513117954,0.432,0.083,2.70986204681993e-56
"AR",7.36602094898667e-61,0.75640252367528,0.378,0.066,3.18963439133021e-56
"GAREM1",8.12154934779193e-61,1.21957114238228,0.886,0.33,3.51679329858086e-56
"NAV2",1.05987761858635e-60,1.10929284455621,1,0.466,4.58948206400263e-56
"DPH6-DT",1.09160554742919e-60,1.21765355841629,0.708,0.213,4.72687034147788e-56
"DGKG",1.59091578611447e-60,0.955576833873185,0.773,0.231,6.88898353703288e-56
"SPOCK1",3.88290914421721e-60,0.724084509474429,0.708,0.2,1.68137731762894e-55
"RYR3",4.74005628973484e-60,1.20494223319622,0.962,0.364,2.05253917458098e-55
"EFEMP1",5.66261745388368e-60,1.23617532971361,0.843,0.286,2.45202660988071e-55
"ERBB4",7.38746780512739e-60,1.14878288853006,0.989,0.38,3.19892130897626e-55
"OSBPL11",7.51757661974761e-60,1.02812438617575,0.708,0.215,3.25526102788311e-55
"MARCH3",1.00184485312503e-59,1.12549675412932,0.865,0.309,4.33818858300201e-55
"TCF7L1",1.05829202974855e-59,1.01232356731944,0.611,0.162,4.58261614721719e-55
"EML6",2.25275871613095e-59,1.06241696861468,0.611,0.163,9.75489579259024e-55
"CD109",2.44245203573313e-59,0.907052755352499,0.508,0.118,1.05763058051316e-54
"GABRB1",2.66158214577411e-59,1.00842162059106,0.941,0.321,1.15251830076311e-54
"CFAP70",5.48916429057696e-59,0.962997753401347,0.67,0.186,2.37691792110564e-54
"PCDH9",7.76529282965853e-59,1.27566095280301,1,0.614,3.36252710109874e-54
"UTRN",8.13583252558187e-59,1.17453841644651,0.914,0.392,3.52297820022746e-54
"AC006059.1",8.48045972375269e-59,1.11957664988974,0.578,0.15,3.67220866957939e-54
"SNCAIP",9.19283246178866e-59,1.13730315431505,0.573,0.146,3.98068031260372e-54
"LINC02340",1.55785529677022e-58,0.929709941260274,0.481,0.108,6.7458250060744e-54
"LINC00882",2.34463132199627e-58,1.01530314306929,0.643,0.179,1.01527225505083e-53
"CACNA2D1",2.41844771627224e-58,0.88238903967803,0.605,0.156,1.0472362301002e-53
"AL022068.1",2.86168462518627e-58,1.05581190904069,0.546,0.133,1.23916667639816e-53
"RFX4",3.47626055177902e-58,1.19321937308159,0.962,0.379,1.50529034413135e-53
"UTY",3.79323900446319e-58,0.888748421979016,0.692,0.191,1.64254835371265e-53
"AL645568.1",4.21460745680608e-58,0.895643566818951,0.605,0.16,1.82500932094617e-53
"PRKN",4.67773304755904e-58,1.18364989523917,0.941,0.391,2.02555196425402e-53
"ARNT2",4.81884340871768e-58,1.00128180529275,0.816,0.265,2.08665557284293e-53
"PARD3",5.06851654162065e-58,1.14959163096082,0.989,0.392,2.19476903285257e-53
"NPAS3",5.30359993865162e-58,1.29184094623106,0.995,0.519,2.29656484543492e-53
"LINC02062",8.0082818832344e-58,1.03078937570489,0.551,0.14,3.46774622107816e-53
"PDE1C",8.55269967481826e-58,0.608549987293894,0.303,0.046,3.7034900131898e-53
"ALK",9.71151936197948e-58,0.894482955994156,0.449,0.095,4.20528211412435e-53
"FAP",1.24844069356213e-57,0.781304211696201,0.319,0.051,5.40599789126273e-53
"ADGRV1",3.15284449339876e-57,1.28193546156376,0.989,0.487,1.36524472253153e-52
"TTTY14",7.48092764675234e-57,0.968953055096674,0.622,0.165,3.2393912895967e-52
"DNER",7.504575905274e-57,0.913926741165038,0.676,0.195,3.24963145850175e-52
"SOX5",8.10905111021788e-57,1.18327875132032,0.973,0.419,3.51138131174654e-52
"MIR99AHG",8.28316186417516e-57,1.17944057673233,0.995,0.626,3.58677475042513e-52
"SORBS1",8.62856113628874e-57,1.17625096382399,0.995,0.482,3.73633954323575e-52
"GAN",8.73779128490273e-57,1.07169339834397,0.73,0.235,3.78363838218858e-52
"ZSCAN5A",9.31145392661163e-57,0.908571471076063,0.492,0.116,4.03204577930137e-52
"AC108062.1",1.73742484802966e-56,0.981524766824414,0.503,0.12,7.52339707693802e-52
"TJP1",3.14275116551525e-56,1.06844510528597,0.914,0.357,1.36087410969142e-51
"LINC01182",3.45450764346417e-56,0.870910341361779,0.276,0.041,1.49587089977285e-51
"FRMD6",7.52580071548848e-56,0.842283969446965,0.411,0.083,3.25882222582082e-51
"PLCE1",1.17981862501724e-55,1.07644007841285,0.665,0.197,5.10885061004967e-51
"PLPP4",2.75350374030531e-55,0.565614234522202,0.281,0.042,1.19232218962701e-50
"CASC2",2.86697605890741e-55,0.907307812396324,0.632,0.175,1.24145797302809e-50
"NAALADL2",3.1490132598353e-55,1.16735214847079,0.859,0.326,1.36358572177388e-50
"MOB3B",6.42705837039916e-55,0.894754911480076,0.6,0.159,2.78304481555024e-50
"HSPB8",8.98727246516548e-55,0.970099812296042,0.632,0.18,3.89166872286596e-50
"TMEM178B",1.0176536831931e-54,1.11902982975055,0.643,0.19,4.40664397896278e-50
"SLCO3A1",1.99984614985388e-54,0.88906308101574,0.551,0.138,8.65973379809729e-50
"RDX",2.21184992874978e-54,1.04143944276835,0.768,0.264,9.57775256147231e-50
"NPL",2.6311388105747e-54,1.08121324514239,0.908,0.365,1.13933572775506e-49
"ASXL3",2.99176241874338e-54,0.638538777069449,0.292,0.045,1.29549296256426e-49
"CRB1",3.5027989593996e-54,0.996306470638605,0.838,0.296,1.51678200539921e-49
"C10orf90",3.96823173223842e-54,0.633949577544215,0.303,0.05,1.71832370469388e-49
"ACYP2",4.49941770648279e-54,0.962372887513713,0.849,0.312,1.94833785526118e-49
"AC073050.1",4.55678447346944e-54,1.06683140258023,0.67,0.193,1.97317881270174e-49
"RGS7",4.69828986668801e-54,1.04122661402138,0.6,0.167,2.03445347807324e-49
"DPP10-AS3",5.04749674355034e-54,0.702410844569057,0.292,0.046,2.18566703989217e-49
"TMEM135",8.796238883288e-54,1.04571383813634,0.676,0.212,3.80894736124137e-49
"ENOX1",9.48563221549862e-54,0.829618905928916,0.486,0.113,4.10746846195521e-49
"COL4A5",1.11764511157946e-53,0.925353092263511,0.6,0.168,4.83962686216137e-49
"LSAMP",1.31672223294202e-53,1.15472901696062,1,0.524,5.70167061308556e-49
"IL3RA",1.60820863130307e-53,0.571036075864656,0.297,0.048,6.96386501526855e-49
"KIAA1671",1.93838391867722e-53,0.881263756104514,0.692,0.211,8.3935900446561e-49
"MALRD1",2.14790972216561e-53,0.988171121928206,0.395,0.082,9.30087867892152e-49
"PTPRK",2.80337381208272e-53,0.963168271579706,0.724,0.231,1.21391692810806e-48
"MCC",4.01244960441549e-53,0.902395575553053,0.676,0.202,1.737470927704e-48
"AL445426.1",4.55673147918559e-53,1.01516476500556,0.427,0.095,1.97315586511694e-48
"DANT2",5.80266667233579e-53,0.937358319598816,0.832,0.292,2.51267072245484e-48
"PTCHD1-AS",9.58231138211993e-53,0.988431924395773,0.773,0.249,4.14933247468557e-48
"LRP1B",1.01378819360789e-52,1.10787109175332,0.978,0.453,4.3899056359609e-48
"KALRN",1.41517068515207e-52,1.01189662373066,0.795,0.273,6.12797210084549e-48
"NLGN4Y",1.7236788676763e-52,0.842975318665632,0.459,0.104,7.46387423281192e-48
"WWOX",2.08460690290261e-52,1.17959182557643,0.989,0.544,9.0267648109489e-48
"USP54",2.30244877464894e-52,0.932790899660168,0.557,0.152,9.97006368398484e-48
"B3GALT5",2.34055301863702e-52,0.688841466137504,0.351,0.066,1.0135062681302e-47
"AL392086.1",2.51872685087872e-52,0.671961833672761,0.254,0.038,1.0906591009675e-47
"PKIA",3.12438207701282e-52,0.928920501505596,0.546,0.144,1.35291992698809e-47
"CSRNP3",3.47696580511137e-52,0.9033510497365,0.551,0.147,1.50559573292932e-47
"AC025159.1",3.65330948830519e-52,1.03617000840075,0.503,0.127,1.58195607462591e-47
"LGI1",3.92894689046941e-52,0.89519057182032,0.778,0.253,1.70131258251106e-47
"DOCK3",9.16717302936124e-52,0.957303007785414,0.881,0.337,3.96956926517401e-47
"KLHL32",1.10445519880807e-51,0.872053145853999,0.6,0.169,4.7825119018787e-47
"PLPP3",1.22323359746612e-51,0.687483193354323,0.778,0.248,5.2968461237478e-47
"SGIP1",1.2689078790947e-51,0.773760999358568,0.843,0.284,5.49462489805588e-47
"GRID1",1.31724876609436e-51,0.935698349654531,0.665,0.201,5.70395060694181e-47
"TRPC1",1.85126908852435e-51,0.777813394065582,0.595,0.166,8.01636540712814e-47
"FUT9",2.40730984916075e-51,0.990167702881836,0.946,0.372,1.04241331088359e-46
"SEMA3A",2.79981114492704e-51,0.767152840916713,0.459,0.106,1.21237422197631e-46
"ANK2",3.10134287733062e-51,1.09715059503068,0.989,0.521,1.3429434927417e-46
"OPHN1",7.17664892516984e-51,1.05943744869085,0.838,0.311,3.10763251757704e-46
"TMEM72-AS1",9.13239344523118e-51,0.715084610377576,0.405,0.087,3.95450900965401e-46
"SPTBN1",1.65679785680629e-50,0.892641816192483,0.892,0.344,7.17426607954261e-46
"GUCY1A1",1.74153439563063e-50,0.823694534323125,0.346,0.066,7.54119223995974e-46
"LRRC1",1.86915842586347e-50,0.77017344099766,0.524,0.136,8.09382981567399e-46
"AC006148.1",2.211235256151e-50,0.867219260563966,0.314,0.056,9.57509090618508e-46
"PLCB1",3.03068070582176e-50,0.950299089887682,0.859,0.301,1.31234535923494e-45
"NFIB",3.9128933952937e-50,0.908727435086981,0.941,0.358,1.69436109803008e-45
"SMAD9",5.51115245405651e-50,0.811653366528774,0.519,0.131,2.38643923565555e-45
"GXYLT2",6.06232711244639e-50,0.560208121682421,0.27,0.042,2.62510888623153e-45
"DOCK1",1.23614451608835e-49,0.940703039140827,0.751,0.259,5.35275298356578e-45
"BRINP1",4.26405585927867e-49,0.911225008192544,0.497,0.129,1.84642146818485e-44
"LINC00461",4.73269154027305e-49,0.836801112657877,0.87,0.31,2.04935009076903e-44
"ZFHX4",5.49603407362144e-49,0.718979429481873,0.816,0.275,2.37989267455956e-44
"SLC13A3",6.15928287010557e-49,0.805456302040268,0.449,0.108,2.66709266841311e-44
"EYA1",6.1971909168083e-49,0.90960700978951,0.605,0.175,2.68350761079633e-44
"MYO5C",1.0294189996614e-48,0.659904126273969,0.368,0.074,4.45759015233378e-44
"ADGRB3",1.19988555113169e-48,0.954111431152338,0.946,0.39,5.19574441351045e-44
"LAMA1",2.28840429011762e-48,0.832366837614801,0.546,0.152,9.90924825706733e-44
"FRY",4.17219452694205e-48,0.803842286567984,0.546,0.145,1.80664367405645e-43
"TRPS1",4.23254316440179e-48,1.04841578824496,0.995,0.49,1.83277584104926e-43
"FLG-AS1",5.19625868387422e-48,0.842224468684667,0.373,0.08,2.25008393529121e-43
"SLC16A1-AS1",5.51371302286459e-48,0.825052331480491,0.616,0.187,2.38754801316082e-43
"STPG2",5.54103567840116e-48,1.0676115984641,0.578,0.17,2.39937926946127e-43
"MAPK4",7.0325191983978e-48,0.849865885320637,0.778,0.27,3.04522146329021e-43
"SLC4A4",1.12285318460904e-47,0.845699787085329,0.795,0.267,4.86217885999408e-43
"RNF19A",1.15746785816652e-47,0.966523886836578,0.886,0.352,5.01206731943267e-43
"SLC9B1",1.22911039411782e-47,0.69177839532431,0.27,0.045,5.32229382860898e-43
"C1orf61",1.33230231979413e-47,0.668416914406492,0.816,0.283,5.76913550517256e-43
"MED12L",2.23727985596207e-47,0.914174395012895,0.849,0.309,9.68786923228695e-43
"AGFG2",2.29050244877308e-47,0.631592161669312,0.319,0.061,9.91833370367718e-43
"DDAH1",2.40864682058606e-47,0.999704604221703,0.73,0.25,1.04299224625017e-42
"KIAA1958",2.78901984737643e-47,0.84799354502887,0.692,0.224,1.20770137431094e-42
"LMO3",2.83596632036047e-47,0.814980360887613,0.708,0.229,1.22803013604249e-42
"GRIP1",3.31389372357628e-47,1.09226419826295,0.524,0.145,1.434982260183e-42
"PREX2",3.44645044803981e-47,0.89675341640596,0.919,0.352,1.4923819730102e-42
"PITPNC1",4.27654603315265e-47,1.07414214682606,0.984,0.498,1.85182996327576e-42
"AC010099.4",4.42336656986988e-47,0.768904345630645,0.254,0.04,1.91540619208506e-42
"TMC1",4.98855370210211e-47,0.782928318884957,0.351,0.072,2.16014352408425e-42
"RTN1",6.69680057377172e-47,0.849169280630712,0.735,0.244,2.89984858445463e-42
"PLPP1",6.94357307642611e-47,1.01046561777692,0.654,0.218,3.00670601355404e-42
"MTSS1L",9.59217617485989e-47,0.790859786512114,0.649,0.2,4.15360412723783e-42
"ARAP2",1.14981654478467e-46,0.858595847428384,0.908,0.382,4.97893560222656e-42
"ITPKB",1.45500245428095e-46,1.08323754058045,0.881,0.384,6.30045162752737e-42
"FAM13C",1.47364080126006e-46,0.768533881027466,0.411,0.095,6.3811593976163e-42
"CTNNA2",2.13640493680276e-46,0.880982988587477,0.989,0.414,9.2510606573433e-42
"IQCK",2.2308778267856e-46,0.792148852260992,0.692,0.228,9.660147165547e-42
"ALDH7A1",3.1978248435928e-46,0.85864000725973,0.654,0.205,1.38472211377256e-41
"OSGIN2",3.63436682587074e-46,0.880977596493919,0.411,0.097,1.57375352293855e-41
"DCAKD",4.0274556801694e-46,0.741461214678732,0.416,0.099,1.74396885862695e-41
"DIRC3",5.04261766755757e-46,0.966459215443454,0.486,0.125,2.18355430240578e-41
"LINC00298",5.07548470644544e-46,0.665907435412453,0.286,0.052,2.19778638758501e-41
"NLGN1",5.92077363286143e-46,0.977611879482786,0.53,0.143,2.56381339850166e-41
"GYG2",7.35208223525987e-46,0.815459578722064,0.4,0.092,3.18359864951223e-41
"KIF1B",7.95801455176367e-46,0.938160176310245,0.946,0.442,3.4459794612047e-41
"FGF14",9.99125809843171e-46,0.793747058372595,0.611,0.186,4.3264145817829e-41
"FHOD3",1.32956460041434e-45,0.823719176475985,0.605,0.186,5.75728063271417e-41
"FBN1",1.72104624700221e-45,0.806690059694525,0.449,0.112,7.45247445876897e-41
"FAM124A",1.73024190388807e-45,0.646531184697582,0.351,0.073,7.49229349221611e-41
"POC1B",1.79398428384469e-45,0.803538323605679,0.481,0.129,7.76831074590427e-41
"FRMPD3",2.73159126515143e-45,0.573092380094852,0.259,0.043,1.18283364963587e-40
"PDE7B",3.40888503276119e-45,0.846182570373788,0.649,0.205,1.47611539688625e-40
"PRTFDC1",3.55835912325081e-45,0.780282951907432,0.551,0.161,1.54084066755006e-40
"MAN1C1",4.49818146823252e-45,0.824395875869036,0.719,0.247,1.94780253937405e-40
"BICD1",4.58555093538549e-45,0.92731300152497,0.892,0.369,1.98563526604062e-40
"ELN",5.36377174413998e-45,0.549231537055466,0.346,0.07,2.32262044064749e-40
"SPATA6",5.66736738745147e-45,0.821818633720944,0.816,0.308,2.45408342611423e-40
"CRADD",5.91386755101815e-45,0.812253998599754,0.746,0.26,2.56082292694188e-40
"CNTNAP3B",6.86798846831934e-45,0.953721439871277,0.697,0.232,2.97397636655164e-40
"TMTC2",7.57373306154082e-45,1.07057741708576,0.8,0.31,3.27957789030841e-40
"FARP1",8.63679544537342e-45,0.834833990630899,0.859,0.352,3.7399051637556e-40
"CCDC7",9.94972863084839e-45,0.790343517055898,0.578,0.174,4.30843149172997e-40
"CADM2",1.29139381758943e-44,0.724650328471284,0.973,0.388,5.59199350892576e-40
"STK32A",1.29617854902515e-44,0.739258504582395,0.405,0.093,5.6127123529887e-40
"AHNAK",1.78257382866247e-44,0.540754614981305,0.654,0.202,7.71890119287425e-40
"CDH4",1.82981296958466e-44,0.845033282158423,0.692,0.232,7.9234561208955e-40
"NRCAM",2.30158917392e-44,0.845132343859583,0.962,0.394,9.9663414409084e-40
"GPHN",4.54078754436371e-44,0.958798659343668,0.951,0.429,1.96625182246038e-39
"PLSCR4",4.96861611373493e-44,0.764593006753241,0.654,0.207,2.1515101495695e-39
"FTO",5.20271274160223e-44,0.924995551223998,0.892,0.389,2.2528786713686e-39
"IQCA1",5.73193520994822e-44,0.810836983888093,0.692,0.232,2.48204258461178e-39
"EHBP1",6.09360743292211e-44,0.879576178383871,0.843,0.337,2.63865389060393e-39
"PURG",7.00921589400635e-44,0.650990270083033,0.422,0.103,3.03513066642263e-39
"GPC4",1.20675518333505e-43,0.768225702983104,0.389,0.09,5.22549129487742e-39
"AC016705.2",1.48215235663885e-43,0.816651437997356,0.395,0.093,6.41801613471754e-39
"ACSBG1",1.62483393782173e-43,0.642411382316435,0.584,0.17,7.03585591755566e-39
"DNAJC27-AS1",1.87417343718235e-43,0.590682929379064,0.341,0.071,8.115545817687e-39
"MFHAS1",2.75357971557607e-43,0.860995560036059,0.654,0.219,1.19235508843875e-38
"PHLPP1",3.30016042044726e-43,0.818878050172835,0.816,0.309,1.42903546526207e-38
"EYA2",4.43841455137657e-43,0.809339170239981,0.697,0.239,1.92192226903708e-38
"CFAP54",4.61928161098828e-43,0.47787474028672,0.643,0.203,2.00024132319014e-38
"RORA",5.73002121732794e-43,0.909960646744572,0.989,0.472,2.48121378752735e-38
"CAB39L",6.20687377312959e-43,0.870704708019318,0.6,0.193,2.68770048124058e-38
"CEP112",6.58174550475747e-43,0.859911972914107,0.632,0.207,2.85002743847008e-38
"EMID1",7.83238533772776e-43,0.634495494510662,0.492,0.134,3.39157949894288e-38
"CTDSPL",8.04886632796689e-43,0.776219399835033,0.741,0.255,3.48532009733622e-38
"AC103923.1",9.07067783077619e-43,0.729416577179584,0.373,0.086,3.92778491428271e-38
"RFX3",1.16863056222041e-42,0.951233850935133,0.924,0.449,5.06040406052681e-38
"PRRX1",1.44791905710128e-42,0.91164673733205,0.568,0.175,6.26977910105998e-38
"NFIX",1.57482525353255e-42,0.74065578754052,0.6,0.189,6.81930831284663e-38
"NTRK2",1.66668136668124e-42,1.01902571598475,0.989,0.497,7.21706365400309e-38
"TRAF3IP2-AS1",1.71421018767629e-42,0.910758105668901,0.795,0.306,7.42287295467586e-38
"TNRC6A",2.82319611472918e-42,0.967796322847157,0.968,0.532,1.22250038160003e-37
"BCL2",3.65199867505499e-42,0.903281876537535,0.946,0.424,1.58138846627231e-37
"WLS",3.99743717470995e-42,0.764511684143466,0.768,0.281,1.7309702453929e-37
"MRVI1",4.29746029547724e-42,0.501938756162865,0.665,0.208,1.86088625714756e-37
"GPM6A",5.56874209652964e-42,0.934306109970608,0.989,0.527,2.41137670263926e-37
"STOX1",6.66558405656504e-42,0.67463579253438,0.503,0.142,2.88633120817379e-37
"TTC28",8.55869565333871e-42,0.915394555116001,0.876,0.389,3.70608639180873e-37
"MAOB",9.27062737850597e-42,0.934198887570238,0.632,0.209,4.01436706744065e-37
"NWD1",1.03627749347132e-41,0.603213257186569,0.4,0.095,4.48728880222949e-37
"CFAP47",1.10503208530199e-41,0.352121794953523,0.589,0.17,4.78500993577468e-37
"AC093879.1",1.37910847905381e-41,0.772880765555811,0.286,0.057,5.97181553599882e-37
"MASP1",1.44527305802832e-41,0.823982624509871,0.427,0.11,6.25832139587422e-37
"ICA1L",2.20248179523801e-41,0.750079656372615,0.535,0.161,9.53718666973962e-37
"LRAT",2.8938113622533e-41,0.620269608940802,0.378,0.086,1.25307819608293e-36
"TESK2",3.29037734295176e-41,0.779901820539984,0.492,0.14,1.42479919704497e-36
"ABCA1",3.29266791504055e-41,0.62444294336976,0.789,0.307,1.42579106057086e-36
"CCDC14",4.12456990288867e-41,0.806799659616141,0.562,0.177,1.78602125934885e-36
"ZNF704",4.13174840240767e-41,0.831870091233039,0.508,0.148,1.78912969321057e-36
"NEGR1",6.40698772830387e-41,0.880976053578999,0.573,0.181,2.77435382611014e-36
"PATJ",8.64458102890448e-41,0.804221228335767,0.503,0.148,3.74327647713622e-36
"SPIRE1",1.26115450357157e-40,0.788258259054453,0.762,0.292,5.46105123136562e-36
"NTRK3",1.28436310297111e-40,0.749574244190426,0.838,0.313,5.56154910848552e-36
"NEK11",1.4589625027973e-40,0.686073192954127,0.627,0.206,6.31759942961289e-36
"REPS1",1.52207781984966e-40,0.760712984737879,0.757,0.278,6.59090137551301e-36
"ZHX2",1.53181311522095e-40,0.891404496814804,0.886,0.385,6.63305715152975e-36
"ARL17B",1.87575524283972e-40,0.600571909953181,0.486,0.134,8.12239535254457e-36
"CD44",2.00025231104042e-40,0.743504013018058,0.773,0.285,8.66149255726721e-36
"ACACB",2.28030585174747e-40,0.687702889261729,0.659,0.219,9.8741803992369e-36
"RGMA",2.57083257691432e-40,0.7724382397862,0.643,0.22,1.11322192245544e-35
"ZNF423",2.89151689326153e-40,0.739419110594103,0.449,0.121,1.25208464512011e-35
"ENO4",3.13993052384428e-40,0.628156895567816,0.303,0.061,1.35965271543505e-35
"COLGALT2",3.86369013895839e-40,0.579168336467095,0.314,0.066,1.67305510397176e-35
"NMD3",4.57011240264683e-40,0.733289348574226,0.514,0.153,1.97895007259413e-35
"MYO18A",6.42400606521961e-40,0.663600133022094,0.384,0.094,2.7817231063614e-35
"LINC00894",8.57285723577585e-40,0.978338248257635,0.622,0.217,3.71221864023566e-35
"LINC01184",9.66134646641712e-40,0.732766214135617,0.476,0.136,4.18355624688794e-35
"TMTC1",1.1545650973209e-39,0.847267256726314,0.6,0.196,4.99949778441895e-35
"FGF1",1.42242281081159e-39,0.717534164940792,0.465,0.129,6.15937525537633e-35
"PRKCA",1.63735676003173e-39,0.909111005254479,0.978,0.538,7.09008224228938e-35
"ADGRL3",2.253774701317e-39,0.680084675084738,0.881,0.334,9.75929521164288e-35
"MAST4",2.70196062301624e-39,0.715942578361024,0.865,0.332,1.17000298897849e-34
"TENM2",3.54266679927162e-39,1.09097317987983,0.589,0.194,1.5340455774206e-34
"CHL1",3.88695270691935e-39,0.734576825274103,0.714,0.256,1.68312826115022e-34
"ETNPPL",4.44020223986842e-39,0.87857595281408,0.616,0.208,1.92269637390782e-34
"RUNX1T1",4.9407955946386e-39,0.754899861416874,0.416,0.11,2.13946330839041e-34
"AL078459.1",5.78669531465069e-39,0.647390804958032,0.292,0.061,2.50575480515004e-34
"LINC02060",5.90639221211348e-39,0.633547860766716,0.276,0.055,2.55758595568938e-34
"SLC7A2",7.25690138952299e-39,0.672906716342344,0.497,0.145,3.14238343969125e-34
"ARHGEF26",8.70143552776117e-39,0.826873034582601,0.719,0.267,3.76789561223114e-34
"AHCYL2",8.81523035985684e-39,0.778779506564732,0.865,0.355,3.81717105042521e-34
"UNC80",1.03251292903589e-38,0.67322076208685,0.384,0.095,4.47098748531123e-34
"NPAS2",2.03620940662015e-38,0.7356640088183,0.643,0.221,8.81719397254657e-34
"TNS1",2.33059431397939e-38,0.688666072999906,0.503,0.15,1.00919394983936e-33
"C11orf49",2.40535019488316e-38,0.740302375086805,0.703,0.259,1.04156474138831e-33
"DLG2",2.60875057246929e-38,0.823191017768369,0.93,0.409,1.12964117289065e-33
"NTM",2.79438723681715e-38,0.861931263587185,0.995,0.55,1.21002556128656e-33
"CERS6",2.90787303948868e-38,0.747469340702552,0.811,0.328,1.25916718355939e-33
"WDR11",4.08744145010906e-38,0.684087410651633,0.589,0.198,1.76994389672623e-33
"BMPR1B",4.13656028524972e-38,0.755416353962604,0.849,0.341,1.79121333471883e-33
"MAMLD1",4.41542911019301e-38,0.564338892861953,0.378,0.092,1.91196911329578e-33
"CRYL1",7.53946984840876e-38,0.670113305019047,0.443,0.124,3.26474123375796e-33
"AL357153.2",8.96082244170973e-38,0.823079920068403,0.395,0.105,3.88021533370915e-33
"AC005162.3",9.58709147216421e-38,0.712319128026983,0.416,0.111,4.15140234927655e-33
"TNIK",1.03895054380534e-37,0.8458187792448,0.951,0.433,4.49886364478588e-33
"STK39",1.06013785070928e-37,0.752643477478926,0.416,0.114,4.59060892114131e-33
"ZSWIM5",1.17405915001134e-37,0.705415841430965,0.486,0.143,5.0839109313791e-33
"SNX7",1.3034024105525e-37,0.723400881610125,0.319,0.072,5.64399311817443e-33
"LRP6",1.60108015506874e-37,0.720559510307943,0.546,0.178,6.93299728747866e-33
"AUTS2",1.65006401189771e-37,0.817328697370397,0.984,0.546,7.14510718431946e-33
"DTNA",1.71180013862987e-37,0.884919681785615,1,0.67,7.41243696029506e-33
"HNF4G",1.7835424016486e-37,0.660949608032301,0.286,0.06,7.72309530761876e-33
"PDZRN4",2.04843299729643e-37,0.806667705231292,0.351,0.083,8.87012456489298e-33
"AC007495.1",2.51000591670417e-37,0.682217170885028,0.254,0.049,1.08688276205124e-32
"PLCXD3",2.84475534657125e-37,0.842441602295785,0.335,0.077,1.23183596017228e-32
"JAKMIP1",3.02455230608185e-37,0.490153649595351,0.281,0.057,1.30969163957956e-32
"FAM69A",3.90498460654065e-37,0.752530186594561,0.503,0.157,1.69093643432423e-32
"AL157911.1",6.1658764295232e-37,0.66675481297652,0.254,0.049,2.66994781151213e-32
"RGS20",7.23126223288111e-37,0.691955265991983,0.616,0.204,3.13128117208218e-32
"TMEM202-AS1",9.00173779459431e-37,0.60268577460416,0.27,0.055,3.89793249981523e-32
"SYT14",1.01471606450298e-36,0.579034164154269,0.276,0.056,4.39392350251082e-32
"FAT3",1.21966950722268e-36,0.904833804677961,0.578,0.193,5.28141290017564e-32
"RPS6KA2",1.37057811266559e-36,0.835473196990002,0.968,0.479,5.93487734346454e-32
"CACHD1",1.58399693045887e-36,0.777273722676499,0.714,0.264,6.85902350827299e-32
"ARMC2",1.61954094534972e-36,0.736974987798775,0.541,0.174,7.01293620155335e-32
"C9orf3",1.63882338746134e-36,0.669232269545193,0.773,0.307,7.09643303238509e-32
"FNBP1",1.71456549613041e-36,0.758975220703117,0.957,0.471,7.4244115113439e-32
"TET1",1.89813477348066e-36,0.565462017976943,0.362,0.09,8.21930319612596e-32
"SCD5",2.22543448624323e-36,0.637346405375387,0.811,0.315,9.63657641233043e-32
"ZNF462",2.23203897275983e-36,0.695394956965979,0.551,0.181,9.66517515984464e-32
"NEO1",3.47172395904181e-36,0.659921870465704,0.735,0.276,1.50332590874429e-31
"PCDH9-AS2",3.7273279731029e-36,0.71443836753886,0.357,0.09,1.61400755891302e-31
"C1orf21",3.92406961607846e-36,0.685194912201736,0.627,0.218,1.69920062515429e-31
"THRB",4.10057214509646e-36,0.721011182885368,0.627,0.222,1.77562975026967e-31
"CDH11",4.97480394136574e-36,0.632404499894254,0.449,0.129,2.15418960269019e-31
"ATP6AP1L",5.20375035055335e-36,0.689179166192203,0.427,0.121,2.25332797679661e-31
"LHFPL6",5.96365442495496e-36,0.728538174206062,0.659,0.232,2.58238163909399e-31
"ITGB8",6.50048824996428e-36,0.643677372859915,0.714,0.265,2.81484142199953e-31
"PRKD1",6.73116765210156e-36,0.44628639478645,0.816,0.309,2.91473021671302e-31
"GABPB2",1.13073610246271e-35,0.450969735518217,0.357,0.087,4.89631347088401e-31
"NADK2",1.15090462303299e-35,0.677884054607323,0.541,0.179,4.98364719865747e-31
"CCDC171",1.17151478907549e-35,0.596056494720265,0.465,0.137,5.07289333965467e-31
"RANBP3L",1.20351965743891e-35,0.585394190246891,0.703,0.246,5.21148082064196e-31
"PPARGC1A",1.41744630269881e-35,0.625259711898595,0.4,0.107,6.13782597994637e-31
"QKI",1.44223889993567e-35,0.780816177977787,1,0.752,6.24518288450142e-31
"PHYHD1",1.5321612617137e-35,0.450654459019708,0.389,0.1,6.63456469547266e-31
"CACNA1C",1.75751665974717e-35,0.721435522140085,0.53,0.171,7.61039864003721e-31
"STX18-AS1",2.12191789261165e-35,0.629062144096424,0.405,0.111,9.18832885858696e-31
"EIF3E",2.53154521760698e-35,0.699852135633458,0.589,0.21,1.09620971012818e-30
"GPR161",2.64114115524951e-35,0.577260995431427,0.254,0.051,1.14366694304614e-30
"GALNT18",2.6683535697097e-35,0.817657087226073,0.573,0.197,1.15545046275569e-30
"PRUNE2",3.39423674447984e-35,0.526246695716876,0.368,0.093,1.46977239509466e-30
"FBXW4",3.8681741262115e-35,0.731137463745444,0.546,0.183,1.6749967601321e-30
"METTL15",4.56401187637523e-35,0.781288778858735,0.665,0.256,1.976308422708e-30
"RARB",4.72289517033677e-35,0.611098210795865,0.259,0.053,2.04510806665923e-30
"TRIM66",4.92940396688539e-35,0.522433829999131,0.389,0.104,2.13453050574071e-30
"ZNF608",5.2408091548259e-35,0.704328061805994,0.589,0.203,2.26937518022271e-30
"DNAJC6",7.56505463302269e-35,0.522086867313548,0.368,0.094,3.27581995719148e-30
"ZNF532",1.29025199034299e-34,0.848893327788977,0.611,0.226,5.58704916858323e-30
"LINC00511",1.4906584972641e-34,0.430381595092715,0.649,0.228,6.45484942485302e-30
"ZBTB20",1.5065713328088e-34,0.770944537256818,1,0.711,6.52375518532868e-30
"INPP4B",1.6191392728106e-34,0.735764405637856,0.557,0.19,7.01119687912447e-30
"CCDC3",1.76507123013131e-34,0.662951309013585,0.286,0.063,7.64311144071461e-30
"TMEM220-AS1",1.93506654680045e-34,0.655241861633123,0.314,0.075,8.3792251609553e-30
"GMDS-DT",2.18332649113217e-34,0.744635974518491,0.746,0.311,9.45424037190054e-30
"PAM",2.50634684585095e-34,0.621519291478727,0.562,0.188,1.08529831119038e-29
"AC090115.1",2.58270522949166e-34,0.69010980954334,0.27,0.058,1.11836301847448e-29
"AC124312.1",2.85235494655052e-34,0.829793307056653,0.562,0.202,1.23512673895531e-29
"AC116366.3",3.3812730004582e-34,0.788187118012255,0.519,0.177,1.46415883465841e-29
"SHROOM3",3.92563027085624e-34,0.758704522882054,0.638,0.233,1.69987641988617e-29
"SESTD1",4.43506836660813e-34,0.719277834225759,0.535,0.182,1.92047330410865e-29
"DOCK7",5.17184148396769e-34,0.740411594939117,0.886,0.421,2.23951079938769e-29
"MTHFD2L",5.36320332609613e-34,0.670506002443462,0.454,0.137,2.32237430426615e-29
"DRAIC",5.44055137557229e-34,0.736948864196902,0.308,0.073,2.35586755665031e-29
"MEIS2",5.59174367301715e-34,0.700747984376592,0.897,0.38,2.42133684528989e-29
"CECR2",5.99466113547865e-34,0.637166040963977,0.616,0.222,2.59580816488497e-29
"SUGCT",9.21262811609437e-34,0.71555707678617,0.395,0.109,3.98925222683118e-29
"AGBL4",9.7963283563557e-34,0.562992026655617,0.714,0.282,4.24200610486915e-29
"MRPS30-DT",1.09981977178246e-33,0.533236173823973,0.259,0.054,4.7624395757724e-29
"LPIN1",1.21907160236118e-33,0.559989414823943,0.724,0.28,5.27882385254436e-29
"AC245297.3",1.34675038093519e-33,0.823481238806416,0.827,0.399,5.83169849952558e-29
"ZBTB7C",1.72083600017354e-33,0.767848062565944,0.438,0.132,7.45156404795145e-29
"PCSK5",2.06103345860549e-33,0.613960466286133,0.773,0.309,8.92468708245347e-29
"MCPH1-AS1",2.20488181333308e-33,0.629304523222265,0.324,0.08,9.54757922809492e-29
"SOBP",2.20491942254996e-33,0.575361366553197,0.568,0.192,9.54774208352584e-29
"ZFPM2",2.33198018993246e-33,0.704000694582618,0.476,0.147,1.00979406184455e-28
"AC091948.1",2.53190545471786e-33,0.74221864570838,0.351,0.093,1.09636570000193e-28
"EGFR",3.37013306802311e-33,0.637911494825314,0.605,0.213,1.45933502111537e-28
"FAM66C",3.54818516032601e-33,0.6120506252588,0.341,0.089,1.53643513812437e-28
"IQCH",4.17535304423754e-33,0.553676576052208,0.357,0.092,1.80801137521574e-28
"KAT2B",5.40489162291785e-33,0.676435177650458,0.67,0.259,2.34042617055589e-28
"PLXNA2",5.44733464112788e-33,0.581486135374668,0.486,0.155,2.3588048463012e-28
"MATN2",5.60728628514335e-33,0.635101037957423,0.411,0.116,2.42806710719277e-28
"SERINC5",6.81009257578976e-33,0.633714095398832,0.573,0.201,2.94890628716848e-28
"LRIG1",8.05646064161383e-33,0.759046403526329,0.849,0.378,3.48860858703162e-28
"STIM1",8.66429981318648e-33,0.659990053155288,0.6,0.217,3.75181510510601e-28
"UFL1-AS1",1.18034984300319e-32,0.71156781391738,0.346,0.091,5.11115089017242e-28
"AL035530.2",1.34242081789298e-32,0.602341644530798,0.335,0.086,5.81295062564017e-28
"AC007364.1",1.36450471281805e-32,0.711877292406548,0.281,0.064,5.90857830744473e-28
"TENM4",1.40193905188041e-32,0.821265098250381,0.751,0.326,6.07067648245257e-28
"ZNF609",1.41717634247462e-32,0.670593177751873,0.773,0.33,6.13665699818359e-28
"LINC01266",1.62315213919193e-32,0.852837836457771,0.292,0.069,7.02857339312888e-28
"MAPT",2.15817116543646e-32,0.616177234275991,0.741,0.287,9.34531278057298e-28
"HHAT",2.3078948758156e-32,0.485455212346252,0.297,0.069,9.99364639125672e-28
"RNF220",2.52145700349845e-32,0.497962166867658,0.449,0.135,1.0918413116549e-27
"MUC20-OT1",2.77905284425885e-32,0.699162448835932,0.832,0.377,1.20338546262097e-27
"MAP3K5",2.81443527559481e-32,0.783472440518266,0.941,0.48,1.21870676303807e-27
"CEP126",3.32559394961002e-32,0.511803582292714,0.546,0.182,1.44004869206013e-27
"AC124319.2",4.45708678076283e-32,0.681419844604842,0.411,0.121,1.93000771780592e-27
"NRG2",4.99887664357928e-32,0.609813845056311,0.422,0.126,2.1646135642027e-27
"CAMTA1",5.76116764679462e-32,0.745647673386323,0.854,0.407,2.49470081441501e-27
"GSE1",6.15105574556007e-32,0.624192694630224,0.514,0.172,2.66353015894242e-27
"SMYD3",6.84931949923416e-32,0.870149359331768,0.876,0.428,2.96589232955838e-27
"DYNC2H1",9.95414772614398e-32,0.576335737266634,0.665,0.254,4.31034504837486e-27
"TPD52L1",1.07420993617811e-31,0.604432975235898,0.903,0.364,4.65154386563844e-27
"CC2D2A",1.25342245807172e-31,0.62215668004053,0.395,0.116,5.42756992794215e-27
"AL356599.1",1.33302746190466e-31,0.58197027813467,0.395,0.114,5.77227551553956e-27
"MEGF10",1.46957675292094e-31,0.62460656266379,0.524,0.18,6.36356125549827e-27
"GPM6B",1.51024164802165e-31,0.736285221460334,0.968,0.484,6.53964838426337e-27
"GLI3",1.57707002503116e-31,0.645784565159627,0.611,0.222,6.82902862238991e-27
"OTUD7A",1.85475301032705e-31,0.563067991870677,0.562,0.195,8.03145148531818e-27
"DST",1.92858763629803e-31,0.622736991519677,1,0.729,8.35117018269772e-27
"ZNF586",2.11782476755979e-31,0.600285720653536,0.362,0.1,9.17060480848742e-27
"AC138150.1",2.14000992713611e-31,0.458918443727792,0.292,0.069,9.26667098648477e-27
"DCHS2",2.31861910233652e-31,0.521611223074628,0.351,0.092,1.00400844369376e-26
"PHACTR3",2.3415528654911e-31,0.637297217709265,0.578,0.201,1.01393922181496e-26
"GNA14",3.6740403520776e-31,0.545038595383234,0.524,0.171,1.59093295325664e-26
"EPM2A",4.00914532617368e-31,0.653508842871269,0.378,0.108,1.73604010913973e-26
"KIAA0825",4.13258022114335e-31,0.548038323859004,0.476,0.154,1.78948988735949e-26
"YAP1",4.22491960155781e-31,0.583854948478714,0.659,0.244,1.82947468586656e-26
"ADD3",4.41420046787644e-31,0.665541528467998,0.876,0.406,1.91143708659986e-26
"FUT8",5.16018068362543e-31,0.679585395289541,0.773,0.333,2.23446143962348e-26
"AL359915.2",5.48272689670667e-31,0.627837760425187,0.422,0.127,2.37413040081192e-26
"PFKFB3",7.55401001169089e-31,0.526092406281017,0.8,0.342,3.27103741526239e-26
"JHY",7.66947447755822e-31,0.47866322943676,0.254,0.054,3.32103583827226e-26
"NCOA1",9.5533776632782e-31,0.733167410162412,0.946,0.507,4.13680359575273e-26
"EFNA5",2.16756855346004e-30,0.802176402526927,0.562,0.204,9.38600535019267e-26
"C1QTNF3-AMACR",2.25802025817768e-30,0.632923839368433,0.405,0.122,9.77767932196101e-26
"CAMK2G",2.28133679216694e-30,0.683507477440414,0.795,0.352,9.8786445774413e-26
"WASF3",2.39065131010123e-30,0.595988297452305,0.503,0.172,1.03519983030004e-25
"DAB1",2.39547770170796e-30,0.561218516581895,0.351,0.095,1.03728975439358e-25
"GEMIN8",2.73935061930462e-30,0.526397122316149,0.281,0.067,1.18619360517129e-25
"KIAA1755",2.90192823005197e-30,0.482973263575028,0.438,0.137,1.2565929621771e-25
"CSRP1",3.06556917373274e-30,0.521316961157656,0.551,0.195,1.32745276360975e-25
"ARHGAP44",3.09522366054523e-30,0.494895323086129,0.297,0.073,1.3402937494893e-25
"LRRC9",3.10789221720728e-30,0.371628406881819,0.357,0.092,1.3457794878951e-25
"WDR78",3.30259272934905e-30,0.516220345002028,0.389,0.111,1.43008870366273e-25
"MEF2C-AS1",3.85865242631663e-30,0.727360906084452,0.714,0.296,1.67087367364363e-25
"MAP2K5",4.33830973775672e-30,0.593447541840261,0.697,0.286,1.87857488264342e-25
"MKRN3",4.7704445837539e-30,0.552824543031758,0.292,0.072,2.06569791365711e-25
"MSI2",5.18333813669372e-30,0.703775328791639,0.989,0.619,2.24448907995111e-25
"SEPT11",5.3108786042044e-30,0.647716850242854,0.519,0.185,2.29971665319259e-25
"IFT88",5.39904694168294e-30,0.576123345411114,0.557,0.2,2.33789530668755e-25
"BAALC",5.9203030598011e-30,0.346582636252175,0.643,0.23,2.56360963095507e-25
"AL445472.1",7.81229689822264e-30,0.627995744275334,0.319,0.083,3.38288080286837e-25
"KAT6B",9.86141219655845e-30,0.613073498951672,0.616,0.241,4.27018870935374e-25
"RAVER2",9.86525654160051e-30,0.539953525515626,0.4,0.121,4.27185338764385e-25
"BBOX1",1.03430685152008e-29,0.525185609924572,0.432,0.134,4.47875552845227e-25
"CRISPLD1",1.03848768192734e-29,0.689944229737557,0.378,0.109,4.49685936028176e-25
"CNIH3",1.11181348995566e-29,0.612457777208336,0.368,0.106,4.81437477420598e-25
"CPQ",1.1865933060027e-29,0.654937950617313,0.741,0.325,5.13818633365291e-25
"FYN",1.27633596246894e-29,0.512478848341387,0.946,0.429,5.52678998468299e-25
"RAP2C-AS1",1.39132061664532e-29,0.611748286676016,0.292,0.072,6.02469653419759e-25
"DAAM1",1.46974630310649e-29,0.633701919995824,0.849,0.401,6.36429544171173e-25
"PDZRN3",1.72675794017117e-29,0.652849743113094,0.605,0.226,7.47720723252918e-25
"MAMDC2-AS1",2.03682688937845e-29,0.554023237240023,0.259,0.059,8.81986779638655e-25
"PPP2R3A",2.11811912621392e-29,0.660783357262742,0.378,0.113,9.17187944033151e-25
"RNF150",2.41521928240177e-29,0.603596881748615,0.508,0.175,1.04583825366561e-24
"TGFB2",3.57067188357043e-29,0.72154139403694,0.508,0.178,1.54617233902367e-24
"AP003354.2",4.30640052818902e-29,0.49972762101684,0.259,0.06,1.86475755671641e-24
"RFTN2",6.25251566963112e-29,0.584526318632955,0.616,0.233,2.70746433526367e-24
"KIAA1328",6.48869757215527e-29,0.598993203091278,0.557,0.205,2.80973582269467e-24
"EFCAB6",7.22942302260237e-29,0.462185690493476,0.357,0.1,3.13048475724728e-24
"SASH1",8.01728798861083e-29,0.597072709183356,0.832,0.356,3.47164604482826e-24
"SLX4IP",9.09851725350236e-29,0.532495666606673,0.508,0.175,3.93983994111159e-24
"KATNAL2",1.03092608552608e-28,0.676517690258933,0.503,0.176,4.46411613554502e-24
"EXOC6B",1.07225131853113e-28,0.624775635313458,0.822,0.378,4.64306265950349e-24
"HOMER2",1.07970585840488e-28,0.457375577620607,0.286,0.071,4.67534230806483e-24
"CARMIL1",1.17485335186657e-28,0.634266401944993,0.8,0.345,5.08734998425262e-24
"SPAG1",1.29693260068259e-28,0.631071294196484,0.443,0.144,5.61597754747575e-24
"HDAC2-AS2",1.32229462724514e-28,0.556127710629917,0.276,0.067,5.72580019489689e-24
"DPH6",1.39468247842978e-28,0.558339481853532,0.557,0.203,6.03925406809663e-24
"ISPD",1.58033071166335e-28,0.571758688857602,0.27,0.065,6.84314804764466e-24
"WDPCP",1.63022460373298e-28,0.604145273484576,0.665,0.268,7.05919857908454e-24
"PRICKLE2",1.9125743645586e-28,0.603688238889314,0.584,0.222,8.28182951341166e-24
"LINC01572",1.97224510730641e-28,0.541129678949707,0.286,0.072,8.5402157636582e-24
"PTPN20",2.03134145658507e-28,0.575633312956522,0.27,0.065,8.79611477530469e-24
"TRAK1",2.05355763487927e-28,0.642648697157331,0.795,0.367,8.89231527055423e-24
"RFX2",2.12639785802826e-28,0.596376286013113,0.659,0.269,9.20772800483397e-24
"RBPMS",2.49487852439602e-28,0.735054898031106,0.389,0.119,1.08033229863396e-23
"FAM227A",2.52767484108341e-28,0.42496156924304,0.335,0.09,1.09453375968594e-23
"KLF7",2.92188549305954e-28,0.536612598568242,0.584,0.218,1.26523485620464e-23
"CDC42EP4",3.06451982604336e-28,0.681359715904592,0.405,0.129,1.3269983750733e-23
"MOXD1",3.40363296525699e-28,0.536215608799046,0.308,0.08,1.47384114661558e-23
"BMPR1A",3.67126258070338e-28,0.629838072405965,0.757,0.345,1.58973012269618e-23
"RAB30-AS1",4.4562163229903e-28,0.585643078530613,0.422,0.136,1.92963079218126e-23
"HMBOX1",5.22824821888209e-28,0.629487945929758,0.757,0.345,2.26393604374032e-23
"ADHFE1",5.66292473553245e-28,0.491485989491835,0.378,0.113,2.45215966898026e-23
"ERI3",6.14330000262598e-28,0.559624633490674,0.546,0.204,2.6601717671371e-23
"AC239809.3",6.80652015763752e-28,0.60288037018591,0.341,0.099,2.9473593586602e-23
"LINC01135",8.69374197163317e-28,0.511477568569083,0.27,0.066,3.7645641485566e-23
"NFIA",1.00647240684364e-27,0.664890455798246,0.995,0.643,4.35822681611434e-23
"TTPA",1.09915910390002e-27,0.461469817999358,0.254,0.06,4.75957875170785e-23
"AC012593.1",1.27661606569095e-27,0.478032041651794,0.259,0.061,5.52800288765496e-23
"GMPR",1.50163796846167e-27,0.683297096165186,0.422,0.139,6.50239273103272e-23
"FAM135B",1.54365685511382e-27,0.584378174166199,0.465,0.159,6.68434291401384e-23
"CCDC102B",1.79975861157888e-27,0.506407309036399,0.286,0.073,7.79331473985887e-23
"NME5",1.87645958077025e-27,0.380193753797293,0.303,0.079,8.12544527665135e-23
"BCAR3",2.14501143767307e-27,0.661131960918025,0.622,0.251,9.28832852741193e-23
"PHF21B",2.31079867276346e-27,0.555669661378484,0.557,0.208,1.00062204128004e-22
"UBA6-AS1",2.51083389187795e-27,0.613172608410806,0.465,0.158,1.08724129186099e-22
"ASPH",2.65300174933921e-27,0.548393847295541,0.886,0.415,1.14880281749886e-22
"DZIP1",3.1494453155777e-27,0.499960196600677,0.373,0.115,1.36377281055146e-22
"GABBR1",3.38211923563472e-27,0.300247043353737,0.578,0.214,1.46452527141455e-22
"PTK2",3.55330739484886e-27,0.632066165114635,0.876,0.431,1.53865316811745e-22
"AC104123.1",3.78931998135694e-27,0.641969148245061,0.389,0.12,1.64085133832718e-22
"BMP7",4.85330960765255e-27,0.429502348587407,0.405,0.129,2.10158012630571e-22
"WWTR1",4.88368421317038e-27,0.591397139454579,0.508,0.183,2.11473293798704e-22
"EXPH5",5.5428062914827e-27,0.611832899862949,0.292,0.077,2.40014598033784e-22
"AMOTL1",5.77416429699895e-27,0.522831238397745,0.297,0.079,2.50032862388649e-22
"ZMAT1",5.78888301650852e-27,0.350178386112262,0.757,0.325,2.50670212380852e-22
"DIP2C",5.86989637646803e-27,0.488675008036006,0.773,0.348,2.54178252893819e-22
"AC021231.1",6.23834439389932e-27,0.605239371720038,0.265,0.066,2.70132788944628e-22
"PDLIM5",6.25468397652063e-27,0.613647021355557,0.676,0.29,2.70840325551296e-22
"CATSPERE",6.2807425854036e-27,0.571581347944347,0.254,0.061,2.71968715433147e-22
"PC",6.89470120476488e-27,0.55000587910153,0.314,0.088,2.98554351568729e-22
"ST8SIA1",7.00116042844478e-27,0.520717728229473,0.551,0.203,3.03164248872516e-22
"SGK3",7.36669476217239e-27,0.634748211733655,0.73,0.325,3.18992616591589e-22
"LIX1-AS1",7.69138723637309e-27,0.689963310603056,0.33,0.095,3.33052450109428e-22
"GRIA1",9.53349836832638e-27,0.659057708200099,0.319,0.088,4.12819546345269e-22
"FOCAD",1.0053870154528e-26,0.602747196938298,0.508,0.187,4.35352685431369e-22
"CDK14",1.13459171428886e-26,0.58913629382671,0.605,0.245,4.91300904121361e-22
"CNNM2",1.16812522641265e-26,0.590101503732224,0.454,0.155,5.05821585541208e-22
"ZNF273",1.18178745873036e-26,0.55210304023927,0.362,0.11,5.11737605379421e-22
"SIK3",1.24737152767286e-26,0.68499940401723,0.876,0.48,5.40136818912901e-22
"FBXL17",1.33135085192283e-26,0.591328096552153,0.784,0.355,5.76501545899623e-22
"AL035078.4",1.42819160926504e-26,0.792517918695645,0.276,0.073,6.18435530643949e-22
"RGL1",1.55433740861199e-26,0.48509337169114,0.697,0.286,6.73059184677163e-22
"XPR1",1.56251463609747e-26,0.600741878274289,0.654,0.28,6.76600087722928e-22
"KCNT2",1.70985680648344e-26,0.454620286286832,0.276,0.068,7.40402194343461e-22
"TEAD1",1.95292873574288e-26,0.597723254231276,0.73,0.319,8.45657201151383e-22
"ZBTB16",2.67094150022224e-26,0.541889374291872,0.746,0.337,1.15657108842624e-21
"FTCDNL1",2.86751560408782e-26,0.540198932217852,0.395,0.127,1.24169160688211e-21
"FEZ1",2.92653010693437e-26,0.456336313826234,0.389,0.124,1.26724606690472e-21
"KLHDC1",3.02696762318888e-26,0.397292903576165,0.378,0.117,1.31073752019325e-21
"MFAP3L",3.08105727801233e-26,0.525506971353682,0.514,0.19,1.3341594225249e-21
"PAWR",3.28351906410882e-26,0.394954632830811,0.319,0.087,1.4218294251404e-21
"TRIM9",3.30193602592803e-26,0.566545160247534,0.627,0.251,1.42980433794736e-21
"CFAP44",3.46179122763015e-26,0.278018531335376,0.47,0.156,1.49902483738841e-21
"MICAL3",3.82699008766162e-26,0.434306348360011,0.508,0.183,1.65716324775924e-21
"AP001831.1",3.9049846007304e-26,0.530165200083976,0.281,0.073,1.69093643180828e-21
"FOXO1",5.07600593224965e-26,0.487708709192,0.719,0.313,2.19801208878274e-21
"SLC35G2",5.50115931184724e-26,0.581603589267308,0.362,0.113,2.38211200521609e-21
"TGFBR3",5.50471050426525e-26,0.513721537921303,0.47,0.166,2.38364974255694e-21
"PTPRG",6.66956551195783e-26,0.483258934390936,0.746,0.331,2.88805525798798e-21
"AC113414.1",7.72207678226836e-26,0.766474660057634,0.33,0.097,3.34381368825784e-21
"VWA3A",8.2909323846417e-26,0.417203212219068,0.346,0.1,3.59013954119755e-21
"CYP7B1",8.38242876468021e-26,0.493160846857533,0.395,0.126,3.62975930368182e-21
"PCDH7",8.54459408503614e-26,0.642746734865412,0.465,0.166,3.69998013070235e-21
"SLC7A11",9.17919342879375e-26,0.271463132325062,0.811,0.336,3.97477433853627e-21
"SUMF1",9.5391201954863e-26,0.51580907091654,0.638,0.265,4.13062982704948e-21
"AC087564.1",9.82583539287385e-26,0.72882025025286,0.524,0.206,4.25478324182224e-21
"TEX9",9.85165927651459e-26,0.508322907805746,0.395,0.125,4.26596549991635e-21
"PTPN4",1.03415257314603e-25,0.54510521090126,0.514,0.193,4.47808747223693e-21
"CASTOR3",1.04968651334015e-25,0.534804372254197,0.443,0.154,4.54535254006551e-21
"IMMP2L",1.17218552903246e-25,0.749912850830643,0.838,0.435,5.07579777781634e-21
"HLCS",1.19966723037904e-25,0.598129244975945,0.449,0.158,5.19479904098731e-21
"FAM19A5",1.49392651094287e-25,0.557645290192848,0.497,0.183,6.46900057768481e-21
"CP",1.50621192922496e-25,0.470981196582288,0.427,0.138,6.52219889592992e-21
"SH3D19",1.51275720676737e-25,0.404636250160851,0.303,0.082,6.55054125674408e-21
"ANTXR2",1.60403908815116e-25,0.46564268029993,0.286,0.076,6.94581005951215e-21
"TNKS",1.68603882805087e-25,0.552401650840134,0.741,0.341,7.3008853332259e-21
"TOX",1.79633302478278e-25,0.498964214885457,0.562,0.209,7.7784812639144e-21
"SLC10A7",1.8431516760791e-25,0.587789087835293,0.427,0.145,7.98121538775771e-21
"IGFBP7",1.93081721623645e-25,0.626474859124382,0.584,0.235,8.36082470974709e-21
"BCR",2.11988102392574e-25,0.540884091647542,0.47,0.171,9.17950880980325e-21
"CDC42BPA",2.36848711411497e-25,0.445370154018019,0.773,0.33,1.02560229015407e-20
"IQCJ-SCHIP1",2.61744329872014e-25,0.730421236660935,0.351,0.108,1.13340529721179e-20
"ERBIN",3.30575994222287e-25,0.528228741047429,0.914,0.487,1.43146017018135e-20
"LRRFIP2",3.34159497241279e-25,0.524708183367111,0.622,0.264,1.44697745495419e-20
"NRF1",3.7519964375502e-25,0.548798802496121,0.638,0.272,1.62468949738799e-20
"FGFR2",4.7641129326997e-25,0.500766676687546,0.584,0.225,2.06295618211762e-20
"PPM1L",5.05028629644929e-25,0.525140903316508,0.557,0.216,2.18687497208847e-20
"MPP6",5.13633237273371e-25,0.578973318119089,0.416,0.143,2.22413464404115e-20
"EXT1",6.36122931795793e-25,0.608446459580041,0.568,0.23,2.75453951926214e-20
"PDE4B",6.40543486747194e-25,0.560082215168992,0.919,0.474,2.7736814063127e-20
"GCFC2",6.53189012386436e-25,0.455332467985363,0.378,0.12,2.82843906143574e-20
"TTLL7",7.02319377229409e-25,0.3233163518727,0.395,0.124,3.04118336727879e-20
"SRGAP3",7.12668179921022e-25,0.469667407677746,0.795,0.364,3.08599575269401e-20
"FAM85B",7.148239211211e-25,0.612148323473933,0.459,0.168,3.09533054323859e-20
"ZDHHC14",7.35609949820226e-25,0.605411124831196,0.627,0.268,3.18533820471154e-20
"MOK",7.40599273105876e-25,0.520474223074638,0.438,0.154,3.20694297240307e-20
"KNDC1",8.53582181298662e-25,0.412620815809705,0.416,0.14,3.69618156145947e-20
"MPPED2",1.23941030193708e-24,0.589338354247183,0.341,0.105,5.36689448944793e-20
"AKT3",1.32557756081013e-24,0.649447114001894,0.941,0.546,5.74001595382004e-20
"PALM",1.76599288646908e-24,0.364852565950053,0.492,0.18,7.64710239698841e-20
"KANTR",2.15187077156241e-24,0.371399743131068,0.578,0.228,9.31803081501954e-20
"ZSWIM6",2.23368325554168e-24,0.682303893086025,0.93,0.532,9.67229523314656e-20
"PIK3CB",2.46257728389084e-24,0.525968323555791,0.459,0.17,1.06634521547041e-19
"SNAP91",3.44983059513988e-24,0.425628460458781,0.362,0.115,1.49384564430747e-19
"ZC2HC1A",3.48616419220236e-24,0.480329362875063,0.432,0.153,1.50957881850747e-19
"TLE1",3.53175073942269e-24,0.520481650293741,0.427,0.149,1.52931870518481e-19
"PCCA",3.6984646630352e-24,0.613835874201035,0.719,0.341,1.6015091683875e-19
"KLF12",3.81944062127459e-24,0.435237294834198,0.638,0.268,1.65389417782432e-19
"FAM214A",4.00839433525019e-24,0.50129553342117,0.497,0.191,1.73571491505004e-19
"RNF180",4.34746204048701e-24,0.492290530389209,0.324,0.098,1.88253801277168e-19
"NCKAP1",4.68927810924485e-24,0.436438561663754,0.595,0.245,2.0305512068652e-19
"MAP1B",4.78543097958732e-24,0.392174242314172,0.654,0.276,2.0721873227809e-19
"NHS",4.93534004628194e-24,0.654688467339219,0.33,0.1,2.13710094684101e-19
"ANKS1B",5.78027218009317e-24,0.479617367943084,0.562,0.226,2.50297345942394e-19
"CAMK1D",6.14857904123751e-24,0.588072068030209,0.762,0.365,2.66245769643667e-19
"RAB30",6.5468905046931e-24,0.417489039074394,0.459,0.166,2.83493452634221e-19
"PRDM16",6.80054045682713e-24,0.38088805434983,0.6,0.239,2.94477002861528e-19
"SCAPER",6.82852841348908e-24,0.531396422336598,0.789,0.383,2.95688937360904e-19
"C21orf62-AS1",6.93107811132258e-24,0.563488243431806,0.362,0.117,3.0012954437649e-19
"B3GAT2",7.09925167726854e-24,0.406387683315575,0.443,0.152,3.07411796129082e-19
"LDLRAD3",7.18960034454844e-24,0.475912234567677,0.4,0.135,3.11324074119636e-19
"ENTPD1-AS1",7.26352018788227e-24,0.595911506109186,0.665,0.291,3.14524951175678e-19
"CSGALNACT1",7.46179832644083e-24,0.538071353942255,0.924,0.477,3.23110791131541e-19
"KIF27",8.17686912892659e-24,0.389224082634815,0.395,0.13,3.54074787020779e-19
"ERCC6L2",9.22379806846235e-24,0.369940802237384,0.535,0.208,3.99408903960557e-19
"MBD5",9.53228395739026e-24,0.619526939651804,0.881,0.467,4.12766959922913e-19
"GDAP1",9.53482739944811e-24,0.672058660650673,0.427,0.156,4.12877096050902e-19
"ARHGEF12",1.02875178697311e-23,0.53960593009785,0.708,0.322,4.45470098795098e-19
"AL117335.1",1.03917639093606e-23,0.398593791315534,0.254,0.066,4.49984160803134e-19
"BCL9",1.04176446492637e-23,0.502014989637275,0.276,0.077,4.51104848602416e-19
"RAD51B",1.21126175899382e-23,0.445020299345878,0.8,0.376,5.24500566879505e-19
"SPATA17",1.29423323301868e-23,0.302587711312252,0.292,0.08,5.60428874561748e-19
"SFPQ",1.31286513972777e-23,0.267457927131119,0.751,0.34,5.6849686280492e-19
"TMEM9B-AS1",1.3230573494507e-23,0.388474417333656,0.303,0.087,5.7291029345914e-19
"EFHD1",1.34737537787335e-23,0.41422252742078,0.341,0.107,5.83440486126719e-19
"DENND2A",1.41613931107978e-23,0.580183201835083,0.341,0.107,6.13216644483769e-19
"SLAIN1",1.45288454152377e-23,0.429025465089124,0.319,0.095,6.29128064170622e-19
"BABAM2",1.63353095795143e-23,0.521980194071965,0.719,0.332,7.0735157541213e-19
"ZNF438",1.9584686967919e-23,0.509747886758245,0.589,0.246,8.48056115084827e-19
"TDRD3",2.03245543149486e-23,0.534803971105767,0.605,0.264,8.80093850945905e-19
"ATL1",2.06632412510172e-23,0.461586924751009,0.324,0.1,8.94759672651548e-19
"ORC3",2.125516304755e-23,0.421081981592887,0.33,0.102,9.20391070285009e-19
"BDNF-AS",2.26632024845186e-23,0.586774489863183,0.378,0.128,9.81361993984625e-19
"AC007262.2",2.27022915778465e-23,0.568773424490323,0.427,0.151,9.83054629903908e-19
"COL4A2",2.30308751326153e-23,0.50214018562194,0.308,0.091,9.97282954992509e-19
"FAF1",2.35629602569809e-23,0.54421977103543,0.789,0.389,1.02032330504779e-18
"KCTD16",2.52377039983099e-23,0.454221172899871,0.27,0.073,1.09284305853482e-18
"MKLN1",3.4020238982321e-23,0.625298477073883,0.973,0.596,1.47314438841246e-18
"MIRLET7BHG",3.84809823761939e-23,0.482711130092917,0.508,0.2,1.66630349885395e-18
"AFG1L",4.08555653362167e-23,0.491035441899884,0.368,0.121,1.76912769018886e-18
"RCOR3",4.2019563800977e-23,0.40065356745347,0.47,0.174,1.8195311517099e-18
"NME7",4.22319772025583e-23,0.417102424309121,0.459,0.168,1.82872907682518e-18
"ASAP2",4.51871382376443e-23,0.388638419481259,0.481,0.178,1.95669345996647e-18
"PDE8A",4.58467996858748e-23,0.295188007891079,0.735,0.328,1.98525811999775e-18
"MDFIC",4.78563142671991e-23,0.459363651034246,0.297,0.087,2.07227412039825e-18
"PTPN13",5.09653034095947e-23,0.413837463306005,0.573,0.228,2.20689956824227e-18
"PTPRZ1",6.13509694977785e-23,0.350999965499969,0.903,0.403,2.6566196811928e-18
"DGLUCY",6.58265242245634e-23,0.505854741688035,0.557,0.229,2.85042015197204e-18
"RALGPS1",8.68805017951566e-23,0.460103909928099,0.481,0.184,3.76209948873387e-18
"C3orf70",8.92989595326898e-23,0.508777844004197,0.378,0.128,3.86682354568453e-18
"ZBTB20-AS5",9.90704059691776e-23,0.48433099581925,0.254,0.069,4.28994671927733e-18
"RBFOX2",1.07956530447031e-22,0.407610259917472,0.595,0.245,4.67473368141736e-18
"CHPT1",1.18638566173136e-22,0.393411351153056,0.768,0.349,5.13728719242916e-18
"SNTB1",1.39327569888347e-22,0.46892326456774,0.427,0.151,6.03316243130522e-18
"NBAS",1.4243783129929e-22,0.472549645506327,0.638,0.281,6.16784297092183e-18
"SPIN1",1.57592658229097e-22,0.487816509578518,0.643,0.293,6.82407728663637e-18
"CLIP4",1.63265757955258e-22,0.458448162104045,0.503,0.195,7.06973385097858e-18
"MSRA",1.86511282989542e-22,0.551108004151478,0.632,0.275,8.07631157601317e-18
"KIF13A",2.01369647843467e-22,0.476006395701963,0.589,0.25,8.71970849091782e-18
"PSD3",2.33471020041287e-22,0.583991044717716,0.843,0.418,1.01097621098278e-17
"MYBPC1",2.51130307045608e-22,0.320748113081678,0.33,0.103,1.08744445556889e-17
"EFCAB2",2.59111515077775e-22,0.598640964571245,0.486,0.193,1.12200468258978e-17
"EPB41L1",2.60589673480247e-22,0.473357412723215,0.341,0.11,1.12840540410417e-17
"USP9Y",2.83460478605618e-22,0.430560039351216,0.373,0.125,1.22744056445805e-17
"PLEKHG1",2.86592285039381e-22,0.452539489970083,0.476,0.182,1.24100191267753e-17
"SCGB2B2",3.42521234861922e-22,0.605918214081171,0.351,0.119,1.48318545119909e-17
"SLC30A9",3.53852242580004e-22,0.380386452077599,0.449,0.165,1.53225098081994e-17
"VWA8",3.63732056530469e-22,0.599440574954387,0.541,0.228,1.57503255118824e-17
"NBEA",4.01211889030947e-22,0.473578394180462,0.627,0.278,1.73732772188181e-17
"WBP2NL",5.96800288461189e-22,0.48097481387275,0.368,0.126,2.58426460909464e-17
"RERE",6.01034501386281e-22,0.485951720205745,0.908,0.512,2.60259959790287e-17
"EPS15L1",6.98594466562659e-22,0.501142723778308,0.551,0.235,3.02505375910962e-17
"NCKAP5",7.32908711338425e-22,0.561097522360581,0.762,0.368,3.17364130183765e-17
"GNG12",8.24284533614312e-22,0.378395709387081,0.449,0.166,3.56931688745669e-17
"PCLO",8.34051991590994e-22,0.478633143195007,0.373,0.128,3.61161193398732e-17
"SSFA2",8.77434320994721e-22,0.549376089346523,0.443,0.169,3.79946609677134e-17
"PPCDC",8.98298484770324e-22,0.460410004864002,0.297,0.09,3.88981209875246e-17
"EFHC1",9.03343864333886e-22,0.300522790757481,0.357,0.116,3.91165960133859e-17
"DOK5",9.04006123470105e-22,0.466238614558463,0.432,0.16,3.91452731585025e-17
"FAT1",9.26930806609084e-22,0.290532442387857,0.346,0.112,4.01379577877865e-17
"FTX",9.42448894328451e-22,0.670933108114464,0.951,0.632,4.08099220222106e-17
"UBE2E3",9.51640631280048e-22,0.490261537746769,0.486,0.193,4.12079426156886e-17
"JARID2",1.15471448186818e-21,0.424504362934069,0.724,0.341,5.00014464938558e-17
"CLYBL",1.24920790956046e-21,0.581241106270888,0.427,0.161,5.40932008997869e-17
"PLCL1",1.38113961830527e-21,0.312797509609115,0.427,0.15,5.9806107751855e-17
"ZNF248",1.45653646763112e-21,0.515411153283917,0.454,0.174,6.30709421213627e-17
"TMEM144",1.59522641668689e-21,0.327280518532495,0.427,0.156,6.90764942953758e-17
"ARHGAP31",1.61037328141312e-21,0.443845337745206,0.6,0.259,6.97323838317508e-17
"AC016831.7",1.74589066821566e-21,0.465713935925094,0.962,0.549,7.56005577150743e-17
"GSTCD",1.7754059619886e-21,0.50245937946113,0.27,0.079,7.68786289660303e-17
"AC090517.4",1.88889633694003e-21,0.543481277970921,0.297,0.091,8.1792989182177e-17
"COBL",1.95994470233444e-21,0.411917449855202,0.47,0.178,8.48695255004859e-17
"REV3L",2.3102390833316e-21,0.489132043099349,0.854,0.44,1.00037972786425e-16
"MTUS1",2.34086130613433e-21,0.435690037096912,0.622,0.278,1.01363976278229e-16
"AC009403.1",2.34408121110582e-21,0.55829331380214,0.286,0.087,1.01503404603304e-16
"C20orf194",2.36458196809997e-21,0.426753518806148,0.822,0.413,1.02391128382665e-16
"CLEC16A",2.68463868367369e-21,0.487532544636717,0.724,0.342,1.16250224280438e-16
"AC007566.1",2.91761301280943e-21,0.401520844385897,0.324,0.104,1.26338478680674e-16
"CDH2",3.05201338126778e-21,0.540981721106014,0.557,0.237,1.32158283435657e-16
"DNHD1",3.35798393217604e-21,0.419897447711393,0.351,0.119,1.45407420231087e-16
"PTBP2",3.36701984172448e-21,0.454035717363492,0.622,0.28,1.45798693186353e-16
"GPR135",3.73281838468505e-21,0.405550537065215,0.254,0.071,1.61638501693632e-16
"TPCN1",4.33818052378344e-21,0.366943906730106,0.589,0.253,1.87851893040871e-16
"MACF1",4.62663305754845e-21,0.502108158596972,0.995,0.73,2.00342464657963e-16
"AC087500.1",5.03213526822191e-21,0.374881183006204,0.254,0.071,2.17901521384545e-16
"DMD",5.29784803473563e-21,0.438462780242148,0.562,0.24,2.29407415600122e-16
"VPS35L",6.03032346864919e-21,0.514289749649146,0.497,0.205,2.61125066839447e-16
"VSIG10",6.87023561497416e-21,0.325391426565554,0.259,0.074,2.97494942599611e-16
"RHOT1",7.16797090715151e-21,0.425788916722478,0.6,0.264,3.10387476221475e-16
"DLC1",7.22010427254178e-21,0.273976041853657,0.459,0.169,3.12644955209604e-16
"MAPK8",7.88864513056506e-21,0.498620824564113,0.524,0.218,3.41594111443728e-16
"TBCK",9.08908621405141e-21,0.364711269729404,0.692,0.31,3.93575611240854e-16
"ZNF827",9.26411694485412e-21,0.35595517041376,0.432,0.161,4.01154791946073e-16
"PNPLA7",9.53419547509807e-21,0.36576744227745,0.351,0.119,4.12849732462697e-16
"XRRA1",1.01095328498483e-20,0.451329321085797,0.362,0.128,4.37762991464132e-16
"NIFK-AS1",1.14273607140565e-20,0.470813354379543,0.314,0.101,4.94827573640074e-16
"MIPOL1",1.16298006374342e-20,0.527275482595267,0.362,0.126,5.03593627202177e-16
"NR3C2",1.16317162100461e-20,0.536822755253698,0.6,0.269,5.03676575327418e-16
"ECHDC2",1.18090094922597e-20,0.30797181290115,0.686,0.309,5.1135372903383e-16
"MEGF9",1.19877624046043e-20,0.452083111128041,0.616,0.27,5.19094087644177e-16
"CHD6",1.31404002075587e-20,0.396594752593988,0.703,0.334,5.69005609787708e-16
"FGGY",1.34483869012575e-20,0.544443405020018,0.497,0.206,5.82342049598251e-16
"MPDZ",1.36009764350468e-20,0.263158666165482,0.568,0.23,5.88949481590395e-16
"EPC1",1.38853436968044e-20,0.362572669587368,0.686,0.314,6.01263152759023e-16
"OSBPL9",1.38890257706369e-20,0.365525658490259,0.6,0.259,6.01422593920119e-16
"MYO9A",1.39359007560774e-20,0.448339522246189,0.692,0.325,6.03452374539665e-16
"C8orf37-AS1",1.5094474959537e-20,0.55115062134507,0.378,0.135,6.53620954697871e-16
"PSD2",1.53986297967896e-20,0.28282149931081,0.497,0.197,6.66791467460585e-16
"LINC00476",1.58693323827878e-20,0.360409461932922,0.351,0.119,6.87173830839475e-16
"ACTN2",1.59836207657218e-20,0.279979427596373,0.259,0.072,6.92122746397286e-16
"POLA1",1.67739349179393e-20,0.481305612812265,0.384,0.139,7.26344929816606e-16
"TBC1D32",1.78250670993413e-20,0.495329243673106,0.465,0.184,7.71861055535678e-16
"PRKCE",1.92254118971126e-20,0.397764487096156,0.67,0.313,8.3249878596877e-16
"LIPE-AS1",2.09841670149347e-20,0.505883425518125,0.324,0.108,9.086564000807e-16
"BOC",2.31522362360769e-20,0.397617231645675,0.465,0.181,1.0025381334946e-15
"BCAS3",2.36070575100201e-20,0.496670298622395,0.768,0.384,1.02223280429889e-15
"TBL1X",2.36352456171026e-20,0.468443745940538,0.632,0.289,1.02345340571178e-15
"TIMM23B",2.52475154888057e-20,0.421003282333696,0.4,0.148,1.09326791569627e-15
"SUPT3H",2.82017027673196e-20,0.436732229022254,0.6,0.264,1.22119013323047e-15
"PACRG",2.85586919350134e-20,0.334512045016088,0.454,0.175,1.23664847816995e-15
"NMNAT3",3.01366214223947e-20,0.487791179394479,0.276,0.084,1.30497598083253e-15
"IGF1R",3.05294746996054e-20,0.43234668966513,0.735,0.356,1.32198731344231e-15
"FGD6",3.64304298300489e-20,0.4532264180313,0.4,0.15,1.57751047250078e-15
"ARHGAP5",4.21468980861566e-20,0.343123532330421,0.854,0.424,1.82504498092675e-15
"LGR4",4.27696463476245e-20,0.405787166681435,0.497,0.197,1.85201122614483e-15
"NRXN3",4.72191845225721e-20,0.255712616653781,0.346,0.115,2.04468512819642e-15
"LONP2",4.80429823985261e-20,0.373263653821887,0.692,0.336,2.08035722382098e-15
"MBOAT2",4.81617416840959e-20,0.41943909943391,0.53,0.223,2.08549973840472e-15
"ANKRD6",4.94573586655326e-20,0.416035270235434,0.378,0.135,2.14160254493489e-15
"BTBD9",5.00322198311079e-20,0.464235682341925,0.714,0.355,2.16649518312664e-15
"HIVEP1",5.01129070972661e-20,0.408022666440535,0.411,0.155,2.16998910312582e-15
"YLPM1",5.06872235975617e-20,0.370317667710557,0.47,0.188,2.19485815622162e-15
"CLIP1",5.07784499997911e-20,0.286268071300579,0.686,0.313,2.19880844189095e-15
"POU2F1",5.15441251638996e-20,0.437414432642262,0.708,0.335,2.23196370784718e-15
"OSMR-AS1",5.20883483858347e-20,0.621476056698895,0.351,0.125,2.25552966180342e-15
"DZIP3",5.27414162551876e-20,0.338980567525554,0.47,0.186,2.28380880668213e-15
"ZC4H2",6.24224994918671e-20,0.406419060146715,0.265,0.078,2.70301907299683e-15
"RNF38",7.64521047479529e-20,0.456859846438768,0.53,0.229,3.31052903979586e-15
"TRAPPC12",8.50659986406958e-20,0.458344818492311,0.481,0.2,3.68352787313941e-15
"ARHGEF3",8.61407484891517e-20,0.276287832578705,0.492,0.196,3.73006669107725e-15
"SEPT7",9.61203248040156e-20,0.399547803505374,0.697,0.324,4.16220230466348e-15
"CAMK2D",1.0652257085543e-19,0.345630638080546,0.789,0.397,4.61264036318183e-15
"SLC9A8",1.27397056318121e-19,0.401671189449645,0.303,0.099,5.51654733268726e-15
"ST5",1.4808897497629e-19,0.436580945559233,0.497,0.208,6.41254879442332e-15
"AL139260.1",1.64831044819034e-19,0.547162391436376,0.416,0.165,7.13751390275379e-15
"FANCL",1.86223486987812e-19,0.364406484130165,0.324,0.108,8.06384943354622e-15
"PXK",1.98127226984855e-19,0.295797170387748,0.351,0.122,8.5793051828982e-15
"SGCE",2.10537998578234e-19,0.290083953884844,0.351,0.124,9.11671641443471e-15
"ACO2",2.11467744924052e-19,0.522336296977695,0.405,0.16,9.15697629070128e-15
"ARHGAP32",2.55475840088197e-19,0.369998974376264,0.697,0.326,1.10626148274991e-14
"ARHGAP39",2.615832911892e-19,0.39432118319802,0.292,0.094,1.13270796750747e-14
"MTMR3",2.76009455017646e-19,0.43628808461553,0.611,0.279,1.19517614211741e-14
"ARHGEF6",2.81365126320196e-19,0.337520858410834,0.47,0.187,1.21836726999171e-14
"ACADSB",2.98382458229897e-19,0.370982459526747,0.254,0.076,1.2920557206271e-14
"GOLIM4",3.1084946301599e-19,0.364988747355926,0.643,0.297,1.34604034475184e-14
"VWA3B",3.17958640133955e-19,0.436833651426975,0.27,0.082,1.37682450350805e-14
"SKI",3.18383985682609e-19,0.329760742535237,0.519,0.215,1.37866633480284e-14
"FHIT",3.41991970652025e-19,0.508237663451214,0.941,0.544,1.4808936313174e-14
"BACH2",3.69946530918229e-19,0.356686022709715,0.476,0.194,1.60194246818211e-14
"RUFY3",3.84417970653867e-19,0.356823449525557,0.832,0.429,1.66460669652538e-14
"B3GLCT",4.1013558600732e-19,0.512811710594295,0.351,0.126,1.7759691145289e-14
"ZNRF3",4.29833311082911e-19,0.33627860194547,0.724,0.333,1.86126420365122e-14
"LARGE1",4.46643017277046e-19,0.402408828183649,0.551,0.234,1.93405359341307e-14
"SH3YL1",4.9610376110014e-19,0.332640148069403,0.341,0.12,2.14822850631583e-14
"SAP130",5.01654051131161e-19,0.382781905470609,0.27,0.084,2.17226237220815e-14
"ZNF131",5.13380323552026e-19,0.513004450013927,0.481,0.21,2.22303947704498e-14
"FBXL4",5.15594073969466e-19,0.389109189828089,0.378,0.14,2.23262545910258e-14
"ZRANB3",5.21837775282468e-19,0.476940380471068,0.319,0.111,2.25966193452814e-14
"DIS3L2",6.53395533614688e-19,0.391506853038542,0.519,0.222,2.82933333965832e-14
"PIK3C3",6.89721721266632e-19,0.343185514437079,0.497,0.21,2.98663299742877e-14
"NT5C2",7.82250670336006e-19,0.428419677747151,0.762,0.383,3.38730185268898e-14
"MTR",8.72234974113956e-19,0.390880872301819,0.459,0.189,3.77695188490825e-14
"DENND5B",8.75990382576853e-19,0.516175149185516,0.524,0.235,3.79321355463429e-14
"NIPSNAP2",9.1303494327691e-19,0.319511817505424,0.438,0.173,3.95362391137767e-14
"AK3",9.31479138905834e-19,0.301370794448766,0.53,0.226,4.03349096729004e-14
"UACA",9.59510715001036e-19,0.329940510905061,0.319,0.107,4.15487329809749e-14
"ELP4",9.70438937004571e-19,0.40230776094676,0.605,0.281,4.2021946850172e-14
"THBS4",1.12307540864915e-18,0.466521240933239,0.265,0.084,4.86314113453255e-14
"UGGT2",1.12830552838019e-18,0.333050518463987,0.573,0.254,4.88578859899191e-14
"AC098850.3",1.12837574968327e-18,0.490990631784162,0.368,0.139,4.88609267127851e-14
"C3orf58",1.27439218892735e-18,0.475150813576196,0.265,0.084,5.51837305649319e-14
"APC",1.33155508509023e-18,0.357382109143089,0.854,0.435,5.76589982945771e-14
"DPY19L1",1.45513072032478e-18,0.388476836708877,0.373,0.139,6.30100704515037e-14
"WDFY3",1.61027806319143e-18,0.461625530513274,0.838,0.463,6.97282606923151e-14
"TNRC6C",1.70620771469797e-18,0.292017743945602,0.53,0.227,7.38822064618513e-14
"TTLL9",1.76372566956553e-18,0.389258736039547,0.276,0.087,7.63728489435268e-14
"DSE",1.85369114908623e-18,0.450487312334795,0.438,0.176,8.02685341377318e-14
"FBXL13",1.86155662065034e-18,0.373054803121906,0.303,0.101,8.06091247874009e-14
"MTMR2",1.95901261088181e-18,0.361336859442615,0.303,0.102,8.48291640764042e-14
"MNAT1",2.01959892126182e-18,0.356788047060855,0.53,0.227,8.74526724884792e-14
"MAP4K5",2.09053815574146e-18,0.429967842089836,0.649,0.316,9.05244832199165e-14
"ELOVL6",2.17906894203995e-18,0.354495188946617,0.292,0.096,9.43580433282138e-14
"COLEC12",2.22726058238493e-18,0.580666855387098,0.535,0.235,9.64448377384324e-14
"FAM185A",2.31864229630211e-18,0.393930934645855,0.324,0.114,1.00401848714474e-13
"ZNF334",2.32324427611786e-18,0.336103715586305,0.265,0.084,1.00601123644456e-13
"KANSL1",2.36387758312131e-18,0.365435249879268,0.843,0.449,1.02360627104319e-13
"CAPS2",2.85801238603042e-18,0.483512274423374,0.411,0.164,1.23757652339889e-13
"FAM227B",2.85834610360709e-18,0.42628788280275,0.286,0.094,1.23772102978394e-13
"DOCK9",3.08009532874084e-18,0.328746539643762,0.314,0.107,1.33374287925136e-13
"RPRD2",3.25856592748643e-18,0.296749975345396,0.524,0.226,1.41102421792017e-13
"LMF1",3.55631018896109e-18,0.280829641605003,0.297,0.098,1.53995343802393e-13
"CA5B",3.62520918914936e-18,0.402940428902297,0.357,0.132,1.56978808308545e-13
"EPC2",3.74716328417999e-18,0.420299919492256,0.47,0.2,1.62259664531562e-13
"PHKG1",3.75018852950243e-18,0.334640283680041,0.281,0.092,1.62390663704514e-13
"AGAP1",3.98664978986885e-18,0.384000029686845,0.616,0.292,1.72629909200901e-13
"RHOBTB3",4.55710979640998e-18,0.27631182240239,0.757,0.359,1.97331968404145e-13
"TASP1",4.78260124043828e-18,0.420646407439617,0.346,0.125,2.07096198913458e-13
"PPFIA1",4.85921652145856e-18,0.405344024269331,0.681,0.331,2.10413793812198e-13
"OSBPL6",4.87730019195292e-18,0.336894454038987,0.524,0.228,2.11196852911946e-13
"FLRT2",5.34119236061585e-18,0.279867875847216,0.551,0.231,2.31284311599388e-13
"PPP2CB",5.35916474263858e-18,0.398195589282013,0.508,0.224,2.32062551685736e-13
"TFDP2",5.73645387513592e-18,0.420190965620992,0.438,0.179,2.48399925701136e-13
"ZNF736",6.33854680819474e-18,0.308914846380317,0.308,0.105,2.74471753888449e-13
"AC099669.1",6.68646643961313e-18,0.419694002391324,0.314,0.11,2.89537369768128e-13
"SMC5",6.99269499953161e-18,0.311599706863438,0.616,0.285,3.02797678869718e-13
"SSPN",7.25367365409651e-18,0.294081282097267,0.373,0.139,3.14098576569687e-13
"EXOC4",7.26119604086912e-18,0.462965716150548,0.859,0.464,3.14424310961715e-13
"PSPC1",7.43429720162744e-18,0.321121767043479,0.497,0.212,3.21919937424871e-13
"THADA",7.78148443626418e-18,0.400035060106509,0.557,0.254,3.36953839059112e-13
"SRBD1",7.86350086474672e-18,0.36513970027629,0.351,0.127,3.40505314445262e-13
"FRS2",8.60710998165472e-18,0.461944666254063,0.486,0.214,3.72705076425613e-13
"KLHL23",9.18438946559866e-18,0.347772462136088,0.319,0.112,3.97702432639353e-13
"NR6A1",9.77015532181885e-18,0.402967905898311,0.422,0.167,4.230672657454e-13
"EFCAB11",1.17277031484398e-17,0.430730401974399,0.27,0.087,5.07833001733741e-13
"NSUN6",1.19308525260284e-17,0.27925588232342,0.438,0.178,5.16629776082083e-13
"ARHGAP10",1.24024845617409e-17,0.469583284283445,0.265,0.084,5.37052386492506e-13
"FGF2",1.36856967412664e-17,0.362653920179212,0.508,0.22,5.92618040290316e-13
"ITFG1",1.42475787137979e-17,0.349470548953357,0.735,0.36,6.16948653464877e-13
"PITPNM2",1.4501412399262e-17,0.338211724794418,0.324,0.116,6.27940159712842e-13
"HCG17",1.55760666792742e-17,0.408563359654689,0.427,0.173,6.7447483934593e-13
"BORCS5",1.60548605813241e-17,0.421619481484568,0.292,0.1,6.95207572892495e-13
"PKP4",1.63387110013224e-17,0.321833351617778,0.324,0.112,7.07498863779262e-13
"ELMO2",1.86103666813647e-17,0.394757668067071,0.314,0.112,8.05866098036453e-13
"TLN2",1.90962853720043e-17,0.343840348830811,0.73,0.36,8.26907349178529e-13
"LRRC49",1.99878400035353e-17,0.399330291319238,0.286,0.097,8.65513447833088e-13
"PIGU",2.03898050835111e-17,0.368318393251161,0.254,0.08,8.82919339726199e-13
"ATG10",2.14991427397237e-17,0.458993539495792,0.454,0.192,9.30955878915516e-13
"TCF7L2",2.49417806747065e-17,0.37080042030701,0.735,0.374,1.08002898677614e-12
"POT1-AS1",2.52264547976522e-17,0.383830607235182,0.265,0.085,1.09235594564794e-12
"GALNT7",2.68247943105144e-17,0.398692156953725,0.357,0.134,1.16156724323389e-12
"AUH",2.83938603118599e-17,0.304954923884246,0.568,0.255,1.22951093922416e-12
"AAMDC",2.88798495561139e-17,0.441952436835826,0.259,0.084,1.25055524547884e-12
"FP700111.1",3.00329283346547e-17,0.481504269295481,0.265,0.087,1.30048586274722e-12
"UGDH-AS1",3.02119929702916e-17,0.439466142793695,0.27,0.089,1.30823971959957e-12
"ABCC9",3.13023638738604e-17,0.385237470287455,0.384,0.151,1.3554549604659e-12
"ATE1",3.23017725520457e-17,0.454463194542019,0.476,0.209,1.39873135504868e-12
"BBS9",3.26274165793452e-17,0.436245271836664,0.546,0.247,1.4128323927188e-12
"KIZ",3.27234542682349e-17,0.317005303035467,0.378,0.145,1.41699101672311e-12
"FAM172A",3.29690553930229e-17,0.476834118221424,0.714,0.385,1.42762603662868e-12
"TSPAN5",3.69169944806976e-17,0.437051119759961,0.497,0.22,1.59857969500317e-12
"MACROD2",3.70157274640983e-17,0.616132439593008,0.514,0.23,1.60285503065038e-12
"AGPAT4",3.71834678553549e-17,0.351787577665244,0.292,0.098,1.61011852507258e-12
"BBS2",3.85436681862983e-17,0.305238321444824,0.486,0.212,1.66901791980309e-12
"STXBP5",4.62360668083556e-17,0.262656447153632,0.676,0.316,2.00211416493541e-12
"AC118549.1",4.74162104636478e-17,0.424853732819623,0.443,0.187,2.05321674549688e-12
"RABGAP1",4.87355155759118e-17,0.291321700467622,0.595,0.273,2.11034529546813e-12
"HERC2",5.0285931351876e-17,0.261901713556957,0.605,0.284,2.17748139939893e-12
"LRRC6",5.46356387114343e-17,0.368434882058184,0.286,0.097,2.36583242748253e-12
"SLC38A6",5.53959097601808e-17,0.309211096123022,0.303,0.106,2.39875368443535e-12
"HPSE2",6.38389471057046e-17,0.866547345596424,0.416,0.175,2.76435408757122e-12
"CDC14B",6.77478517839995e-17,0.33527105191525,0.546,0.248,2.93361747795075e-12
"TTC12",6.80220659032228e-17,0.34597568716534,0.27,0.089,2.94549149774135e-12
"DPYSL2",7.19098022734778e-17,0.375375506750384,0.87,0.492,3.11383825804614e-12
"PKNOX1",7.53695242633177e-17,0.380138016008756,0.314,0.112,3.26365113965018e-12
"PARN",7.70832566847393e-17,0.423594063562363,0.395,0.162,3.33785918096258e-12
"GAB1",8.27733637310212e-17,0.271052881347394,0.665,0.313,3.58425219628068e-12
"AC074032.1",9.45070488838997e-17,0.394358335471733,0.319,0.117,4.09234423077062e-12
"CFAP221",1.01932680120744e-16,0.292802648931786,0.259,0.083,4.41388891458844e-12
"SSBP2",1.10860502354408e-16,0.388577948374439,0.854,0.469,4.80048147295059e-12
"EPHA6",1.1881945676331e-16,0.560041556534804,0.324,0.121,5.14512011676485e-12
"RNF170",1.20067768768751e-16,0.309310294408652,0.292,0.102,5.19917452322445e-12
"PLEKHA6",1.31984569660839e-16,0.399189821941589,0.324,0.119,5.71519583545365e-12
"METTL25",1.40360005380077e-16,0.360827706917599,0.319,0.115,6.07786895296808e-12
"CPEB2",1.64253042433501e-16,0.360954339741171,0.411,0.171,7.11248524345545e-12
"FOXO3",1.77341566108794e-16,0.267430214790446,0.714,0.355,7.67924449564301e-12
"BTRC",1.83291110370996e-16,0.420354900090137,0.53,0.251,7.93687166128485e-12
"RPTOR",1.95076531158053e-16,0.414012700958896,0.508,0.234,8.447203952206e-12
"SCMH1",1.95409212285953e-16,0.397021419348986,0.541,0.25,8.46160971040633e-12
"KLHL22",2.27558211283969e-16,0.290679898691864,0.314,0.114,9.85372566501843e-12
"GPATCH8",2.32180048770656e-16,0.303867375019002,0.676,0.335,1.00538604718669e-11
"HIP1",2.33213922668623e-16,0.361736886796223,0.324,0.119,1.00986292793967e-11
"SORCS2",2.33321857923709e-16,0.358337774821034,0.427,0.18,1.01033030918124e-11
"NUBPL",2.40887719440084e-16,0.424854263804902,0.443,0.191,1.04309200271945e-11
"FADS2",2.45849591407756e-16,0.258799231700712,0.395,0.159,1.06457790071387e-11
"ZDHHC17",2.58938060978006e-16,0.271900940456836,0.514,0.23,1.12125359164696e-11
"HSPA12A",2.88049070063261e-16,0.405966763847436,0.314,0.117,1.24731008318793e-11
"PAX6",3.1994541332296e-16,0.267411642369983,0.389,0.157,1.38542762877108e-11
"ESRRG",3.22547927066703e-16,0.379853290544719,0.465,0.2,1.39669703378424e-11
"BICRAL",3.35755812354145e-16,0.405846921686334,0.443,0.191,1.45388981865592e-11
"KIFAP3",3.36787802740934e-16,0.345435671673202,0.357,0.141,1.45835854342879e-11
"STX8",3.37805083886338e-16,0.357596408310061,0.519,0.237,1.46276357424462e-11
"KIF9-AS1",3.56987801563932e-16,0.387253152642297,0.378,0.154,1.54582857833214e-11
"TPM1",4.27044044576254e-16,0.257802940554153,0.362,0.139,1.8491861218241e-11
"NOL4",4.52357707764457e-16,0.3711152086348,0.346,0.133,1.95879934616165e-11
"APBA2",4.82696333357205e-16,0.313699033708436,0.357,0.139,2.09017166270337e-11
"TECPR2",4.83925032037763e-16,0.33443331728917,0.324,0.122,2.09549217372992e-11
"KDM3A",6.56157074525641e-16,0.394654417642539,0.432,0.186,2.84129136411093e-11
"AP003108.2",6.95157308474683e-16,0.362351469927491,0.254,0.085,3.01017017715707e-11
"JAM2",7.23171629433504e-16,0.389514482164995,0.314,0.116,3.13147778977296e-11
"ARMCX4",7.28727924161146e-16,0.316124474637052,0.373,0.148,3.15553765720259e-11
"RFX7",7.51112493685787e-16,0.349140773214722,0.524,0.242,3.25246732015819e-11
"MAGI1",7.58199576067658e-16,0.284408102688065,0.573,0.263,3.28315580428817e-11
"RNF144A",7.7211845509142e-16,0.374316171127315,0.281,0.099,3.34342733423687e-11
"GLI2",8.45318360882044e-16,0.363997624616262,0.346,0.135,3.66039756629143e-11
"ME3",8.73452421434216e-16,0.533896631778472,0.276,0.1,3.78222367529444e-11
"TMEM131",8.75549792511461e-16,0.327919543113026,0.595,0.29,3.79130571153313e-11
"IWS1",8.82750859184412e-16,0.451034275458606,0.449,0.204,3.82248777044034e-11
"ZNF644",8.84547686035072e-16,0.350056014451099,0.584,0.292,3.83026839006907e-11
"STXBP4",9.02913504750638e-16,0.354782591965299,0.303,0.11,3.90979605827121e-11
"TMEM164",9.13063144185565e-16,0.72367500106054,0.422,0.183,3.95374602695233e-11
"WDFY2",9.83428128801818e-16,0.335450215702277,0.686,0.356,4.25844048333763e-11
"EPHB1",1.02084936861321e-15,0.416124717941181,0.411,0.172,4.42048193596892e-11
"ADAM23",1.03514347209355e-15,0.314425578606677,0.265,0.09,4.48237826285951e-11
"RHBDD1",1.0854441059047e-15,0.411308581497411,0.465,0.212,4.70019006738853e-11
"DENND1A",1.19543923435033e-15,0.403961018965577,0.816,0.453,5.17649097258381e-11
"SEC22A",1.32151815513714e-15,0.386037689158055,0.314,0.118,5.72243791537485e-11
"HIPK2",1.50484033621561e-15,0.27867503452771,0.632,0.314,6.51625962388083e-11
"SPART",1.51827656335133e-15,0.385086928778947,0.427,0.188,6.57444117462395e-11
"ZCCHC7",1.81424359958452e-15,0.307573506341381,0.638,0.313,7.8560376349209e-11
"ATXN1",1.95359191853713e-15,0.351399837111611,0.87,0.498,8.45944372564948e-11
"RORA-AS1",2.14529728945702e-15,0.401914659267446,0.27,0.096,9.28956632280678e-11
"HEG1",2.22251070103427e-15,0.36140982849138,0.265,0.091,9.62391583761861e-11
"CRYBG3",2.2763773255154e-15,0.382716860427758,0.351,0.142,9.85716909494677e-11
"HDDC2",2.28816821413529e-15,0.3351026313931,0.259,0.09,9.90822600084862e-11
"AMOT",2.33484576767146e-15,0.38534379997378,0.281,0.102,1.0110349143171e-10
"ZNF721",2.35031740542363e-15,0.440554953993787,0.422,0.185,1.01773444289654e-10
"PARP6",2.94003643777919e-15,0.300578024535014,0.351,0.141,1.27309457828715e-10
"RNF217",3.01687473833559e-15,0.260422708891831,0.432,0.185,1.30636709919408e-10
"TRIM37",3.03956292128327e-15,0.25156312742728,0.303,0.112,1.31619153617408e-10
"ARHGAP21",3.09944095131783e-15,0.422118663248935,0.811,0.47,1.34211992073965e-10
"ARID1A",3.20201245536045e-15,0.345715355072348,0.627,0.323,1.38653543342018e-10
"TTC8",3.27666656258178e-15,0.442182006102306,0.286,0.106,1.41886215492916e-10
"DMXL1",3.32961595631843e-15,0.315997150130358,0.541,0.256,1.44179030140501e-10
"CEP85L",3.41413038000075e-15,0.375041188562325,0.573,0.279,1.47838673714792e-10
"ZNF91",3.49420578809724e-15,0.305803290460077,0.47,0.214,1.51306099036187e-10
"RAB4A",3.5238621778061e-15,0.262827079845727,0.319,0.121,1.5259028002336e-10
"CUL3",3.56074638150173e-15,0.346269341634316,0.562,0.274,1.54187439811788e-10
"LINC01004",3.73047142098765e-15,0.316760766330395,0.395,0.166,1.61536873471607e-10
"DHRSX",4.07413574296055e-15,0.441749592691515,0.492,0.235,1.76418225941678e-10
"PSMG4",4.39005225583818e-15,0.398494218484751,0.286,0.107,1.90098042782305e-10
"SH3PXD2B",4.99365695713902e-15,0.374957714806887,0.492,0.23,2.16235333558034e-10
"UBR5",5.38067897416389e-15,0.318545072426304,0.789,0.426,2.32994160939245e-10
"CDK5RAP2",5.53375323946473e-15,0.417310511189865,0.438,0.198,2.39622582775302e-10
"PRCP",5.54495693464288e-15,0.321391079271573,0.373,0.155,2.40107725183906e-10
"PWWP2A",5.88082728402319e-15,0.336544105199657,0.346,0.14,2.54651583052772e-10
"CRIM1",6.0708960082987e-15,0.275700460487508,0.427,0.185,2.6288193895135e-10
"USP40",6.20550063301854e-15,0.298753585872523,0.432,0.191,2.68710588410969e-10
"PIR",6.46174836921081e-15,0.343295198965134,0.297,0.11,2.79806627883567e-10
"CDK17",6.9235269477684e-15,0.297627487107847,0.438,0.191,2.99802563892267e-10
"MLLT3",7.08216202708041e-15,0.415393360156084,0.4,0.172,3.06671780096636e-10
"KCTD3",7.42680030643762e-15,0.300148635816313,0.319,0.122,3.21595306869362e-10
"STX18",8.31171451139767e-15,0.344260858828467,0.395,0.167,3.59913861772542e-10
"TARBP1",9.40339254810974e-15,0.275568476683352,0.286,0.105,4.07185704118248e-10
"C2CD2",1.00549682673508e-14,0.359261156714307,0.373,0.156,4.35400235912825e-10
"PSMD1",1.0180555863991e-14,0.328977566139386,0.476,0.22,4.40838430022539e-10
"MKL2",1.05519289991639e-14,0.349416116192843,0.497,0.228,4.56919629521797e-10
"RAB11FIP3",1.08399692512667e-14,0.293821032897296,0.357,0.144,4.6939234851835e-10
"PTPRA",1.12523185937041e-14,0.282548859147887,0.611,0.299,4.87247899744574e-10
"LDAH",1.13286656960124e-14,0.359757353560543,0.276,0.1,4.90553881968728e-10
"UBAP2",1.13437471446457e-14,0.330081353196541,0.4,0.174,4.91206938857448e-10
"SPATA6L",1.40698550541043e-14,0.378238707041239,0.319,0.123,6.09252863552825e-10
"STK3",1.43714113275814e-14,0.324363306845539,0.719,0.376,6.22310853306928e-10
"DOPEY1",1.44787357936891e-14,0.402307581338309,0.384,0.166,6.26958217338328e-10
"LRRC4C",1.45220221834101e-14,0.261993715395214,0.459,0.204,6.28832604586025e-10
"C9orf85",1.46763762709082e-14,0.311049743295204,0.265,0.094,6.35516445282865e-10
"FAM169A",1.51522463316499e-14,0.413724635074726,0.254,0.091,6.56122570653103e-10
"FARS2",1.5358024159949e-14,0.282160007879484,0.557,0.263,6.65033162174113e-10
"SIK2",1.64802635074865e-14,0.353020858994344,0.551,0.262,7.1362837040118e-10
"UBR3",1.67552551293175e-14,0.286930910147984,0.616,0.309,7.25536057609708e-10
"RIMKLB",1.70976284976414e-14,0.307789098344772,0.422,0.189,7.4036150920487e-10
"CDC14A",1.75958207673362e-14,0.388753878335094,0.541,0.267,7.61934230867194e-10
"ZBTB8OS",1.77057615938014e-14,0.354745383132806,0.33,0.131,7.66694888534786e-10
"ST7L",1.78253359905592e-14,0.370272535003182,0.314,0.124,7.71872699063196e-10
"HSDL2",1.92187376442358e-14,0.38379049673563,0.335,0.136,8.32209777470697e-10
"VPS53",1.92314657513009e-14,0.287479258864658,0.546,0.266,8.32760929962833e-10
"SLC25A13",2.01576379796577e-14,0.323381716725164,0.486,0.226,8.72866039795139e-10
"VCL",2.07509815368971e-14,0.250462081426084,0.405,0.175,8.98559002510716e-10
"CRTC3",2.15428411301057e-14,0.311648505452105,0.378,0.158,9.32848106615836e-10
"MED13L",2.1992568380792e-14,0.360325670955284,0.968,0.592,9.52322196025055e-10
"TP53BP1",2.21337837778689e-14,0.275044191255611,0.373,0.158,9.5843710514928e-10
"ASAP3",2.37196783747074e-14,0.292026614063582,0.297,0.113,1.02710951298158e-09
"TCF4",2.40965779038106e-14,0.322187896412921,0.924,0.571,1.04343001639081e-09
"PPP3CA",2.43230091242601e-14,0.380345640165236,0.832,0.465,1.05323494109871e-09
"AGPAT5",2.57456703548866e-14,0.285710200753259,0.405,0.176,1.1148390177073e-09
"AHI1",2.59469092101575e-14,0.300422257833574,0.686,0.352,1.12355306261824e-09
"FER",2.86567940754093e-14,0.289941881040061,0.746,0.404,1.24089649705338e-09
"SMAD1",2.90956085749494e-14,0.259923266258857,0.438,0.191,1.25989804251246e-09
"TTN-AS1",3.01039886564876e-14,0.474342565443333,0.389,0.17,1.30356291680322e-09
"ZNF407",3.03132283279035e-14,0.273198681149274,0.497,0.229,1.31262341305488e-09
"IFT43",3.09160750199039e-14,0.366205193698874,0.346,0.146,1.33872788051188e-09
"ACBD6",3.25751052633142e-14,0.313669442062943,0.514,0.244,1.41056720811203e-09
"UNC13B",3.54555317556385e-14,0.275880870012736,0.276,0.101,1.53529543608266e-09
"SUCLG2",3.88630768579615e-14,0.29259470846326,0.497,0.23,1.68284895410345e-09
"BRINP3",4.18271236529453e-14,0.319525071895294,0.314,0.121,1.81119810841984e-09
"GMPS",4.34811390615401e-14,0.278887043155011,0.265,0.095,1.88282028364281e-09
"WASHC3",4.5160691517984e-14,0.374371654593259,0.281,0.106,1.95554826411174e-09
"NINL",4.64925259579397e-14,0.27989087761353,0.276,0.103,2.0132193590307e-09
"RAB28",4.78085664481179e-14,0.420506911685512,0.422,0.193,2.0702065443364e-09
"EPB41L5",4.79530388021437e-14,0.337354457717414,0.324,0.131,2.07646248621043e-09
"ZEB1",5.02399732913651e-14,0.320278717644326,0.595,0.302,2.17549132346269e-09
"DENND1B",5.34372767480664e-14,0.327846661607978,0.341,0.139,2.31394095774477e-09
"HECTD4",5.78144527254313e-14,0.250992276952049,0.503,0.239,2.50348143191662e-09
"FBXL2",5.92298271949789e-14,0.354773782021157,0.259,0.093,2.56476997719698e-09
"GIGYF2",6.2971678182625e-14,0.259401443776891,0.573,0.28,2.72679960866403e-09
"PTPRM",6.35691970216275e-14,0.255120966482126,0.654,0.338,2.75267336943051e-09
"BMPR2",8.02713779887457e-14,0.276616550882825,0.578,0.292,3.47591120966867e-09
"PIBF1",8.35666523662155e-14,0.363127020699033,0.535,0.267,3.61860318076186e-09
"GLUD1",8.53653055719137e-14,0.27481073500031,0.611,0.307,3.69648846187501e-09
"PER3",9.65311775718932e-14,0.289225853664831,0.47,0.22,4.17999305121812e-09
"CADPS2",9.9792319785699e-14,0.347745778321808,0.378,0.162,4.32120703136034e-09
"TAF15",1.16383012619566e-13,0.252654912796342,0.589,0.299,5.03961721245244e-09
"MSH3",1.41235537652539e-13,0.29639651079075,0.389,0.169,6.11578125143022e-09
"SGMS1",1.41721429223476e-13,0.34954393875439,0.643,0.346,6.13682132823497e-09
"MAPK6",1.41863854297724e-13,0.311036297794476,0.292,0.114,6.14298861880005e-09
"CLIC4",1.44111575054815e-13,0.31749316725702,0.395,0.172,6.24031942302359e-09
"CDKAL1",1.44582908751387e-13,0.303014921701762,0.665,0.355,6.26072911475257e-09
"BICC1",1.70681993468212e-13,0.440145871579596,0.324,0.132,7.3908716811605e-09
"HACD2",1.9354803111132e-13,0.273251031673903,0.286,0.109,8.38101684318239e-09
"GPD2",2.16600224444649e-13,0.311140031423317,0.53,0.257,9.37922291890217e-09
"SACS",2.24397086071761e-13,0.27349569417745,0.308,0.125,9.71684262107940e-09
"SPOP",2.34551179264335e-13,0.267145806743463,0.416,0.19,1.01565351645042e-08
"VPS54",2.58358717577178e-13,0.275435846087186,0.438,0.204,1.1187449188527e-08
"PPP3CC",2.75275681137017e-13,0.300006736256413,0.438,0.204,1.19199875445951e-08
"CWC27",3.07339469894716e-13,0.302575124992293,0.4,0.18,1.3308413725381e-08
"PSMG2",3.14782674484693e-13,0.291673316079875,0.308,0.125,1.36307193705362e-08
"HDAC8",3.29451805002174e-13,0.301213640360503,0.589,0.302,1.42659220602041e-08
"ITGA6",3.49903018799115e-13,0.255099250346968,0.411,0.186,1.51515005200393e-08
"UNC79",3.69800578875568e-13,0.40905295093345,0.276,0.106,1.60131046664698e-08
"UBAC2",4.04733886026426e-13,0.267479869372105,0.541,0.265,1.75257867327163e-08
"LRBA",4.05271060019023e-13,0.30282427532517,0.632,0.333,1.75490474409437e-08
"TMCC1",4.1616750144075e-13,0.337915951623352,0.578,0.3,1.80208851473874e-08
"CASC4",4.32740464486389e-13,0.346948593436423,0.541,0.281,1.87385275931896e-08
"ATXN10",4.46092159130682e-13,0.286791538445689,0.584,0.298,1.93166826746768e-08
"APIP",4.82994964652756e-13,0.391788872460707,0.265,0.102,2.09146479593936e-08
"NUDT5",4.87310938759472e-13,0.318568909383071,0.259,0.097,2.11015382701627e-08
"NT5DC1",4.91750656065183e-13,0.29129438156813,0.308,0.123,2.12937869089346e-08
"SDCCAG8",5.57398033262087e-13,0.298917662165334,0.795,0.453,2.41364496363149e-08
"RARS2",6.33465516862018e-13,0.335905858392143,0.297,0.12,2.74303238111591e-08
"TRIM24",7.37128645028645e-13,0.250602462675997,0.259,0.097,3.19191445870304e-08
"MLLT10",8.30221206415157e-13,0.314544336637346,0.665,0.37,3.59502386801891e-08
"ALMS1",8.52016175884308e-13,0.271918364925445,0.357,0.155,3.68940044481423e-08
"PELI2",8.63464090416128e-13,0.283784740868307,0.503,0.247,3.73897220431992e-08
"MID1",8.68853819563995e-13,0.392535393868987,0.368,0.165,3.76231080947601e-08
"CCDC92",9.00993426093387e-13,0.265138939585892,0.362,0.16,3.90148173366959e-08
"PARG",9.26299847935901e-13,0.293327951703451,0.378,0.169,4.01106360153204e-08
"ZMYND11",9.66374301011642e-13,0.253525482999456,0.465,0.224,4.18459399824061e-08
"SIMC1",1.0827001292219e-12,0.330777422490553,0.346,0.15,4.68830809955668e-08
"RAD9A",1.09219888018676e-12,0.2872806960174,0.33,0.14,4.72943959098469e-08
"SUFU",1.26350579785098e-12,0.272527472325949,0.324,0.135,5.4712328058543e-08
"LRP2BP",1.429418307193e-12,0.332477596926213,0.319,0.135,6.18966715380715e-08
"PDK4",1.51361424762464e-12,0.375016586923653,0.297,0.122,6.5542524150642e-08
"SLC25A12",1.8677589091176e-12,0.31403995262607,0.346,0.153,8.08776962826101e-08
"TTC7B",1.90254200631192e-12,0.315596000524031,0.454,0.219,8.23838739573189e-08
"AL592183.1",1.95242996449949e-12,0.325199380144008,0.281,0.113,8.45441223227571e-08
"LMBR1",1.98465474083229e-12,0.290925590815367,0.357,0.157,8.59395195875197e-08
"CDKL3",2.15188005161615e-12,0.276197280933394,0.324,0.137,9.31807099950825e-08
"MTM1",2.20131948539115e-12,0.295924910450839,0.373,0.168,9.53215363564075e-08
"SPATA7",2.23458764011723e-12,0.283115259323878,0.281,0.112,9.67621139923563e-08
"MTREX",2.87242038666533e-12,0.250998156846494,0.362,0.161,1.24381547583382e-07
"GCLC",3.42921107958753e-12,0.261533786356506,0.297,0.122,1.48491698168299e-07
"AL683813.1",3.80542667003349e-12,0.254170700731213,0.281,0.113,1.6478258566579e-07
"UMAD1",4.43919646599441e-12,0.258005952510749,0.497,0.25,1.9222608537049e-07
"AC139887.2",4.50494326721704e-12,0.255918548843965,0.395,0.18,1.95073053357032e-07
"WDSUB1",4.53784167895448e-12,0.30233817414114,0.281,0.113,1.96497620382087e-07
"ATG4C",4.58095678562476e-12,0.344415856523183,0.378,0.173,1.98364590731123e-07
"KATNAL1",4.82809710078414e-12,0.350939821309081,0.259,0.103,2.09066260658155e-07
"TCTN1",6.33820210746778e-12,0.305864994707369,0.27,0.109,2.7445682765757e-07
"MSRB3",6.79436392701886e-12,0.455588677557653,0.265,0.108,2.9420954676777e-07
"PRELID2",7.54794643074072e-12,0.41086273182699,0.286,0.118,3.26841176343935e-07
"ZNF235",7.57326283620318e-12,0.332910833422055,0.259,0.103,3.2793742733327e-07
"EVA1C",8.04317486707019e-12,0.288553842019072,0.281,0.113,3.48285558093873e-07
"MARCH8",8.42965210875273e-12,0.265620541403616,0.254,0.099,3.65020795613211e-07
"R3HDM2",1.42770190259877e-11,0.279877882690805,0.476,0.243,6.18223477863318e-07
"WDR27",1.53618518746757e-11,0.363863671791264,0.303,0.13,6.65198909877206e-07
"ZNF680",1.6441697630809e-11,0.320104198467971,0.351,0.164,7.11958390809292e-07
"LYPLAL1",1.76962700009793e-11,0.272015649730891,0.4,0.192,7.66283883582404e-07
"PSMD14",1.93871981467383e-11,0.259872827659372,0.297,0.127,8.39504454150063e-07
"ZFYVE9",2.26192590399011e-11,0.260729335722677,0.335,0.15,9.79459154945797e-07
"LRRTM4",2.28818642295836e-11,0.522478034701712,0.341,0.155,9.90830484869428e-07
"WDR17",2.37974720344664e-11,0.259988265798733,0.33,0.146,1.03047813403646e-06
"CAMSAP2",2.87119184437554e-11,0.275493722167359,0.508,0.268,1.2432834924515e-06
"MYOM1",3.19648076332282e-11,0.348513043031849,0.324,0.145,1.38414010013405e-06
"MTA3",3.85224130316982e-11,0.358870036339036,0.341,0.159,1.6680975290986e-06
"PRKX",3.91694768009768e-11,0.283576708524528,0.362,0.167,1.6961166844359e-06
"HIBADH",3.95384869699021e-11,0.348850942826228,0.33,0.148,1.7120955627707e-06
"GTF2IRD1",4.18001071329741e-11,0.292308441628113,0.324,0.147,1.81002823907204e-06
"BCL2L13",4.34797484042314e-11,0.293519159734747,0.27,0.113,1.88276006540003e-06
"MAP2K4",4.49273021117575e-11,0.279414321712813,0.422,0.211,1.94544203604332e-06
"ZNF236",5.83684766169653e-11,0.269718559318027,0.308,0.136,2.52747177446783e-06
"NAA35",7.08285126436587e-11,0.282152966651199,0.324,0.148,3.06701625449571e-06
"CLASP1",7.45497247007395e-11,0.281193576733757,0.73,0.43,3.22815217899142e-06
"MAML2",7.63742429435904e-11,0.272584650727921,0.978,0.624,3.30715746794335e-06
"TSEN2",7.85912493375718e-11,0.272707166413828,0.259,0.107,3.40315827881553e-06
"VPS13B",9.42661037838265e-11,0.266181937137972,0.681,0.389,4.08191082604726e-06
"FSD1L",9.4307077093176e-11,0.276788930812396,0.281,0.121,4.08368505228871e-06
"AC009690.1",9.46105704747201e-11,0.330649564134436,0.362,0.171,4.09682692269633e-06
"LRRC37A3",9.49462304126561e-11,0.265289287781547,0.432,0.214,4.11136166932884e-06
"ANXA4",9.7366234662273e-11,0.250920080110167,0.351,0.165,4.21615269334574e-06
"TMEM108",1.04241498641824e-10,0.267541226530286,0.33,0.148,4.51386537418825e-06
"SLC20A2",1.46996094433661e-10,0.270505091235452,0.449,0.229,6.3652248811664e-06
"INVS",1.53472083593522e-10,0.260224926603485,0.486,0.25,6.64564816376667e-06
"MAGI3",2.16898365976351e-10,0.256017694214467,0.465,0.243,9.39213304350796e-06
"PTPRS",2.24742051213223e-10,0.285802144936855,0.27,0.116,9.73178030163498e-06
"ITGB5",2.98190155682178e-10,0.25046378759384,0.378,0.185,1.29122301213497e-05
"ATP2B2",5.63064921393413e-10,0.254993238510275,0.335,0.158,2.43818372261776e-05
"SWT1",8.53904424373034e-10,0.277411331732268,0.27,0.12,3.69757693842011e-05
"CORO2B",9.21737598109745e-10,0.274649344979749,0.281,0.125,3.99130814733482e-05
"CCDC6",1.36184204869863e-09,0.273818033527296,0.373,0.189,5.89704843927482e-05
"STRN3",2.6107686631241e-09,0.263208879568848,0.449,0.246,0.0001130515046506
"FAM213A",5.36118401953501e-09,0.289979022714017,0.276,0.13,0.000232149990413905
"B4GALT5",6.19376382537816e-09,0.259181955411934,0.357,0.183,0.000268202361166525
"AC097376.2",9.05141897842853e-09,0.27653706323776,0.346,0.176,0.000391944544603912
"NCOA6",1.31190665251144e-08,0.253447878763623,0.346,0.178,0.000568081818670502
"TBC1D19",1.40835293404872e-08,0.283862233473107,0.351,0.183,0.000609844987501775
"FAM208A",2.08475476835476e-08,0.275530290772227,0.297,0.146,0.000902740509792977
"IRF2",3.82131614158086e-08,0.250170867760862,0.368,0.194,0.00165470631562734
"MTERF1",5.46555323253984e-08,0.381209925476388,0.254,0.122,0.0023666938607544
"ZIC1",8.57810649741409e-08,0.304494999107227,0.254,0.122,0.00371449167551025
"NDUFAF6",1.19578204751455e-06,0.287506459039011,0.265,0.14,0.0517797542214751
