"","p_val","avg_log2FC","pct.1","pct.2","p_val_adj"
"PTGDS",0,-3.75805322641966,0.037,0.666,0
"CLDN11",1.15740329685449e-304,-3.0582567671932,0.02,0.531,5.01178775603932e-300
"ERBB2IP",3.6826043711671e-222,-2.85664007904704,0.019,0.419,1.59464134480278e-217
"PAQR8",1.02428263817976e-207,-2.34058184684643,0.011,0.351,4.435348679846e-203
"CAPN3",1.8377253191638e-177,-1.8615473087152,0.007,0.278,7.95771817704309e-173
"CHN2",6.16167696517384e-168,-1.9528059664798,0.011,0.298,2.66812935945958e-163
"SEPP1",2.0785714752714e-159,-2.21273186171453,0.018,0.334,9.0006302022202e-155
"MIR219A2",8.00216273603122e-152,-2.10423588258552,0.008,0.256,3.46509650795624e-147
"HHATL",7.30330248929396e-139,-1.76605763096579,0.005,0.213,3.16247604391407e-134
"RPL3",5.0063640663977e-135,-2.05191571778588,0.021,0.303,2.16785576803153e-130
"SOX2-OT",2.46899390424035e-134,-2.46678927646034,0,0.163,1.06912374041416e-129
"RPS27",3.1797749580513e-131,-2.30099139212959,0.03,0.34,1.37690615233537e-126
"ALDOA",1.52196287516249e-130,-1.56448538579846,0.005,0.208,6.59040364202863e-126
"SEPW1",2.05383623860228e-126,-1.70584789882763,0.017,0.278,8.89352168039561e-122
"ATP5E",5.63282584579474e-120,-1.44813866546997,0.007,0.211,2.43912624774604e-115
"AC026316.5",1.01684807913125e-117,1.85516437694379,0.864,0.087,4.40315555225412e-113
"ERBIN",4.83690787849903e-117,2.040548547876,0.928,0.202,2.09447784954765e-112
"FAM134B",2.83430013323153e-115,-1.54154730347987,0.01,0.219,1.22730864369192e-110
"CALM2",3.22640610639532e-115,-1.89380431206454,0.001,0.149,1.3970983721913e-110
"RPS17",4.48388037820737e-115,-1.83176964329072,0.015,0.25,1.94160988137136e-110
"MIR100HG",1.07286486405652e-108,-1.32078136014079,0.002,0.157,4.64571943433754e-104
"SEPTIN7",1.23112148668893e-106,-2.35066390238143,0,0.129,5.33100226166039e-102
"RP11-298D21.1",5.68878552620021e-106,-1.12401454970169,0.001,0.138,2.46335790855521e-101
"RP11-452H21.1",8.00153179315053e-106,-1.06930886852207,0.001,0.143,3.46482329707004e-101
"RP3-399L15.3",3.86886748527688e-103,-1.35340134100521,0.005,0.169,1.6752969984746e-98
"RPS18",6.59483163088491e-101,-1.97692969768728,0.026,0.275,2.85569399280578e-96
"NGFRAP1",7.79404382352779e-98,-1.3636110032977,0.008,0.183,3.37497685646401e-93
"AC016831.7",9.49148041546428e-98,1.47604479428209,0.822,0.107,4.11000084950434e-93
"SNHG14",1.94711340962461e-97,-1.87666140041201,0,0.118,8.4313904863565e-93
"ATP5G2",5.35888246883019e-96,-1.09056870859208,0.005,0.166,2.32050328665285e-91
"RETREG1",2.18705254607611e-94,1.49281826633637,0.794,0.09,9.47037493501879e-90
"FAM73A",9.68210522547517e-94,-1.03706205719784,0.004,0.154,4.19254520473526e-89
"LINC-PINT",5.02307352782347e-93,-1.33916758211483,0.009,0.185,2.17509129901812e-88
"SPG20",3.25362829016115e-92,-1.09791274399659,0.005,0.154,1.40888612220558e-87
"RP11-286E11.1",2.41336061267859e-91,-1.32650633211341,0.007,0.169,1.04503341250208e-86
"RP11-160H12.2",7.66304456935185e-90,-1.03643244577208,0.001,0.121,3.31825155942074e-85
"PDE4DIP",2.14295673934637e-89,1.50100099973508,0.685,0.042,9.27943127271767e-85
"WHSC1L1",4.85779146205925e-89,-1.2238012926816,0.006,0.16,2.1035208589009e-84
"PRRG1",9.29235975584272e-89,-1.46128950060665,0.014,0.202,4.02377762147501e-84
"TCEB2",2.08641132946129e-88,-1.22999073166776,0.009,0.177,9.03457833883326e-84
"SKIV2L2",7.52110151194262e-88,-1.07735854957707,0.002,0.124,3.25678737670139e-83
"CCNH",1.78598755375344e-87,1.44581233870461,0.752,0.09,7.73368330526316e-83
"FAM63B",2.81031698989067e-87,-1.16522157645181,0.003,0.135,1.21692346296246e-82
"ZCCHC11",7.8466708196613e-85,-1.05020525581667,0.003,0.132,3.39776539832974e-80
"MLLT4",4.07111214148062e-84,-1.05273442443143,0.004,0.138,1.76287297950394e-79
"RP5-921G16.1",4.74328025909599e-84,-1.07171872661596,0.002,0.126,2.05393521779375e-79
"L3MBTL4",2.92402792619824e-83,1.7549276292595,0.735,0.121,1.26616257260236e-78
"ATP5I",4.84158446380339e-82,-1.24495347413441,0.012,0.188,2.09650290451614e-77
"SELENOW",8.59058911940247e-82,1.18019144189485,0.696,0.062,3.71989690048366e-77
"AC006059.1",1.67979149883373e-81,1.58001489853768,0.657,0.042,7.2738331482498e-77
"HDAC2-AS2",1.52478489921236e-80,1.50318235272553,0.678,0.056,6.60262357056937e-76
"PTPN13",7.4573285364806e-79,1.28401026763555,0.811,0.177,3.22917240286683e-74
"AC118549.1",1.12000546053138e-76,1.26417403549814,0.616,0.031,4.849847645193e-72
"KDM4C",4.12889158854601e-76,1.18533122115284,0.728,0.107,1.78789263567219e-71
"GNB2L1",3.42795951951354e-75,-1.0447014108384,0.006,0.143,1.48437503113975e-70
"NAIP",5.27326868577346e-74,1.08743064575452,0.653,0.056,2.28343080631362e-69
"MAP6D1",9.56497868281627e-74,-1.0840533437843,0.005,0.132,4.1418270692331e-69
"PAPD4",2.28408621523659e-73,-0.855154982505886,0.003,0.115,9.89055012921748e-69
"DOCK1",2.28767451892093e-73,1.17421221066645,0.869,0.275,9.9060882018314e-69
"HSPE1",2.99877398977632e-73,-1.24334047428257,0.01,0.163,1.29852911305294e-68
"FAM179B",4.87007475247709e-73,-0.881770544129863,0.002,0.112,2.10883976931763e-68
"PARK2",5.04134177320712e-73,-1.23024290230817,0.008,0.152,2.18300181463415e-68
"AC096564.1",2.64007076587733e-72,1.44158080643351,0.589,0.028,1.1432034430402e-67
"TENT2",3.18169553432708e-72,1.28911013302509,0.578,0.022,1.37773780027431e-67
"TPT1-AS1",4.6412291014384e-72,-0.952632551945497,0.002,0.104,2.00974502550485e-67
"RP4-613B23.1",5.91999003409611e-71,-0.928723241571637,0.005,0.126,2.5634740845643e-66
"PALM2",1.18309157926715e-70,1.41936056936359,0.753,0.163,5.12302315654262e-66
"ANO4",1.51553203584337e-70,1.35536261102625,0.821,0.242,6.56255682160895e-66
"TSC22D4",2.81089055240398e-70,0.826531934329996,0.717,0.104,1.21717182700197e-65
"NSD3",9.78037001502311e-70,0.868632749078732,0.613,0.045,4.23509582390531e-65
"RP11-267C16.1",1.3999850813482e-69,-0.987374150888271,0.003,0.112,6.06221539925396e-65
"AC245297.3",1.45279048830472e-69,0.84798078183746,0.643,0.062,6.29087337245709e-65
"C2orf82",4.22735100213996e-69,-0.964245086697243,0.004,0.118,1.83052753094664e-64
"USMG5",6.40860456328409e-69,-0.802137977013767,0.004,0.118,2.77505394799328e-64
"KCNMB4",9.42305702350552e-69,1.2135861166511,0.86,0.272,4.08037215231836e-64
"ROBO1",1.12009555526861e-68,1.27348138826381,0.804,0.216,4.85023777342413e-64
"AC116366.3",3.55863850734872e-67,1.72530879292669,0.516,0.003,1.54096164645214e-62
"SHFM1",6.07443542347467e-67,-0.932521525014121,0.003,0.107,2.630352027073e-62
"ECPAS",3.1112529943465e-66,1.11346745722224,0.594,0.045,1.34723477161192e-61
"BCL6",4.24260129257732e-66,1.09163581701005,0.675,0.11,1.83713121171183e-61
"QDPR",4.69598731491231e-66,1.00926558017067,0.872,0.284,2.03345642710333e-61
"PRKN",2.61766341016398e-65,1.18668040505119,0.603,0.053,1.13350060986921e-60
"RPL34",4.69989646499451e-65,-1.94063969471673,0.059,0.303,2.03514916727192e-60
"SEP15",8.78954374730364e-65,-0.857117403507752,0.003,0.104,3.80604823345742e-60
"SELM",8.89234906172913e-65,-0.999289694898966,0.005,0.118,3.85056499070995e-60
"GTF2H2C",9.38964819473552e-65,1.43314423859425,0.529,0.02,4.06590546128438e-60
"SELK",1.10796164835059e-64,-0.80416761016657,0.003,0.104,4.7976955296877e-60
"RPLP1",3.22041364613829e-64,-2.27119180095713,0.124,0.419,1.3945035170508e-59
"AC013394.1",2.13114200130078e-63,1.30750347088432,0.518,0.014,9.22827109403263e-59
"C14orf2",5.85520202714234e-63,-0.977717817751034,0.005,0.121,2.53541958179318e-58
"C19orf43",1.14649933906343e-62,-0.739812540047473,0.004,0.11,4.96457143801247e-58
"ANKRD28",8.54867517354153e-62,0.971338310624836,0.769,0.199,3.70174732364695e-57
"RPLP2",1.51580543464149e-61,-2.19280163246783,0.106,0.385,6.56374069308458e-57
"CD55",3.243731105087e-61,1.17211491708572,0.603,0.079,1.40460044312477e-56
"PTPRJ",4.7777707139745e-61,1.03871355098576,0.739,0.177,2.06887027456524e-56
"NDUFA11",8.22039315638137e-61,-1.05987345855954,0.004,0.107,3.55959464457626e-56
"SELT",8.50657548330368e-61,-0.695468798372938,0.003,0.101,3.68351731578016e-56
"STK3",7.31965757190968e-60,1.04973609751017,0.727,0.169,3.16955812178833e-55
"NDUFC2",2.26952593161061e-59,-0.882129051686697,0.005,0.112,9.82750118906028e-55
"ATP5J",3.54891560312989e-59,-0.728974993533345,0.004,0.107,1.53675143446731e-54
"CD47",7.43774072515424e-59,1.04794781214066,0.772,0.225,3.22069048880629e-54
"C1QTNF3-AMACR",5.61080072469548e-58,0.985304112505659,0.767,0.213,2.42958892980764e-53
"B2M",6.89981997043027e-58,1.18919523103631,0.729,0.188,2.98776004359572e-53
"NDUFB8",6.94788433294143e-58,-0.685051475242113,0.004,0.101,3.0085728738503e-53
"KIAA1033",7.72629230726389e-58,-0.793638488474474,0.004,0.107,3.34563909489141e-53
"ZZZ3",9.43852807917528e-58,-0.704772897249835,0.004,0.107,4.08707142884448e-53
"GPR155",7.08238955715855e-57,1.34533412554478,0.533,0.051,3.06681632604079e-52
"HDAC4",9.13364980694418e-57,0.775861489684785,0.685,0.146,3.95505303940297e-52
"NUTM2A-AS1",1.42331195712436e-56,0.794291825836783,0.757,0.191,6.1632254367399e-52
"ELMO1",4.98493117408362e-56,0.929378949782,0.961,0.579,2.15857489700169e-51
"RPS6KA2",2.05614516857998e-55,1.09386163126679,0.699,0.174,8.90351980898504e-51
"SLC9A9",2.33922818195071e-55,1.07093471172958,0.78,0.242,1.0129325873483e-50
"POLR2I",3.58175748087762e-55,-1.3291155460605,0.021,0.177,1.55097262436963e-50
"WDFY3",4.45216320869681e-55,0.939996691626268,0.827,0.267,1.92787571262989e-50
"DUBR",5.19775230005292e-55,0.86480475823164,0.701,0.16,2.25073070096892e-50
"SH3PXD2B",9.03671683976967e-55,1.00981463842072,0.644,0.129,3.91307912595706e-50
"RPL18A",1.01686248027145e-54,-0.872590902660275,0.006,0.112,4.40321791207144e-50
"ALDH3A2",1.85583308182105e-54,0.720803735515918,0.579,0.076,8.03612841090151e-50
"CDH19",2.98544745311234e-54,1.01814039626942,0.758,0.222,1.29275845614671e-49
"MARK3",3.7158926106929e-54,0.764356403677142,0.71,0.169,1.60905581828224e-49
"CSMD2",4.0558067080119e-54,1.07763955446301,0.544,0.062,1.75624542070331e-49
"SGK3",6.53049511069864e-54,0.600342158144972,0.714,0.149,2.82783499283472e-49
"RAD50",9.60094147236142e-54,-1.19726476936072,0.01,0.129,4.15739967636194e-49
"TNRC6A",2.00357359210324e-53,0.714569085173366,0.702,0.16,8.67587436852546e-49
"FAM127A",3.11698526801817e-53,-0.678750993707626,0.005,0.104,1.34971696075723e-48
"ENOX1",4.5038070486626e-53,0.909187697206617,0.839,0.315,1.95023852821188e-48
"PTK2",8.61382426287178e-53,0.919579263920111,0.931,0.483,3.72995818230874e-48
"COP1",1.23980160755372e-52,1.07442355917571,0.458,0.014,5.36858892102911e-48
"UQCR11",1.67058653854592e-52,-0.745928115527081,0.005,0.101,7.23397382921153e-48
"TXNRD1",1.93673376583484e-52,1.04681148645649,0.506,0.045,8.38644455281802e-48
"LINC02256",3.60389419018071e-52,1.07161176698451,0.456,0.014,1.56055826223205e-47
"AC084032.1",7.15295409385231e-52,1.17984281684412,0.454,0.014,3.09737218171993e-47
"DIP2C",8.16626883999077e-52,0.880180260202203,0.925,0.419,3.5361577330928e-47
"DOCK3",9.09301354007331e-52,0.821671810136001,0.844,0.32,3.93745672312254e-47
"APBB2",9.71351610122041e-52,0.915383045989874,0.895,0.41,4.20614674215046e-47
"AFDN",2.24413753857592e-51,0.67864859577554,0.551,0.065,9.71756436954146e-47
"MOG",2.76043273934276e-51,0.887140356311749,0.86,0.329,1.1953225847902e-46
"GRID1",3.68596125339493e-51,0.84176282447389,0.812,0.289,1.59609494194507e-46
"PLA2G4C",4.63602830115977e-51,1.0602649465938,0.694,0.191,2.0074929749682e-46
"ASAP1",5.33643907851654e-51,1.09966306249812,0.623,0.132,2.31078484977923e-46
"TPST1",7.14218504024533e-51,1.23402230049881,0.532,0.067,3.09270896612703e-46
"GALNT15",1.13739478778445e-50,0.913064991467444,0.552,0.076,4.92514691006424e-46
"ATP2B4",1.3620398549768e-50,0.934193884421386,0.562,0.087,5.89790498002056e-46
"SIK3",2.39654352472137e-50,0.886648109165484,0.964,0.604,1.03775127707485e-45
"JMJD1C",3.51146285381329e-50,0.727912499428032,0.829,0.289,1.52053364495823e-45
"AC010894.3",3.82878092074876e-50,1.17143361612445,0.427,0.006,1.65793871430263e-45
"RP11-436D23.1",6.98715089617048e-50,-0.85684999584277,0.006,0.104,3.02557608105974e-45
"CAMK2D",7.30434552070718e-50,0.950898198487202,0.589,0.11,3.16292769737662e-45
"RPS12",1.15607781896335e-49,-1.80524085606979,0.053,0.253,5.0060481716751e-45
"TIAM1",2.74094244541437e-49,0.98520589673275,0.553,0.09,1.18688289771333e-44
"AKAP6",3.09641307791402e-49,0.930736417966849,0.927,0.483,1.34080879099833e-44
"DNM3",3.20050205416915e-49,0.760483622799747,0.969,0.649,1.38588139949632e-44
"GTF2I",3.50557618407039e-49,0.332509799250468,0.778,0.208,1.51798459922616e-44
"LINC00657",3.56438863954389e-49,-0.771689449112541,0.008,0.115,1.5434515686953e-44
"LURAP1L-AS1",4.37344412061543e-49,0.903984661165475,0.604,0.112,1.89378877310889e-44
"ZNF708",5.56743071250235e-49,0.761704481625839,0.786,0.264,2.41080884712777e-44
"CDC42BPA",8.06000154858962e-49,0.83419921386344,0.91,0.404,3.49014187057028e-44
"RHOQ",1.08196402362417e-48,0.952463293856552,0.5,0.053,4.6851206150974e-44
"SYNDIG1",1.19775046868656e-48,0.879130852949709,0.643,0.149,5.18649907950653e-44
"OGA",1.76143405476999e-48,0.625834540541149,0.495,0.045,7.627361743965e-44
"CTNND2",2.19300649456983e-48,0.811047808129234,0.741,0.211,9.49615672278629e-44
"PCNX1",3.11845462222272e-48,0.747353548564922,0.489,0.042,1.35035322051488e-43
"MAP4",4.20386519652249e-48,0.646238034396641,0.653,0.157,1.82035770739817e-43
"PCGF5",4.31015360945502e-48,0.733218391917461,0.754,0.228,1.86638271596621e-43
"CLIP4",4.7517339515771e-48,0.719877523699304,0.683,0.177,2.05759583571191e-43
"DENND4A",7.4616475954207e-48,0.823605692352003,0.684,0.177,3.23104264176907e-43
"AL359091.1",7.49754384087647e-48,0.725583182660354,0.551,0.079,3.24658643397633e-43
"CLASP1",9.74099235234657e-48,0.793614170211102,0.67,0.166,4.21804450841311e-43
"ELL2",1.0263430709118e-47,0.832306521229023,0.807,0.306,4.44427076566226e-43
"CFL1",2.04352632292435e-47,0.586625100659568,0.494,0.048,8.848877683527e-43
"RPL9",2.40456344072232e-47,-1.41166720617093,0.037,0.211,1.04122406110158e-42
"N4BP2L2",4.31059411927717e-47,0.614649386883318,0.877,0.32,1.8665734655294e-42
"DYM",4.5545336040552e-47,0.826427219833728,0.662,0.166,1.97220414122798e-42
"AC124312.1",5.44572379026383e-47,0.88223591968148,0.447,0.025,2.35810731566004e-42
"NFE2L2",6.64492279746243e-47,0.63759360133375,0.678,0.169,2.87738446975718e-42
"TMPRSS5",6.84210152316567e-47,1.18927384942103,0.43,0.02,2.9627668015612e-42
"GTF2IRD1",1.64391151040951e-46,1.14802290516055,0.499,0.065,7.11846562237527e-42
"MUC20-OT1",1.89499189301931e-46,0.776057885458751,0.455,0.031,8.20569389515221e-42
"USP32",2.626898461634e-46,0.812801180123944,0.746,0.228,1.13749957185676e-41
"PCA3",2.73767766954551e-46,1.05342002208125,0.414,0.011,1.1854691844666e-41
"ZBED5",4.99818048941617e-46,0.76767051024235,0.557,0.101,2.16431211552699e-41
"NCOA1",5.90831421669325e-46,0.806220470461821,0.796,0.275,2.55841822211251e-41
"TUT4",6.44860194778653e-46,0.545198535017454,0.495,0.053,2.79237361543052e-41
"WHRN",1.32888581816067e-45,0.749442198458409,0.433,0.022,5.75434136979934e-41
"SLC22A23",1.34071547155449e-45,0.81854955060248,0.81,0.284,5.80556613492527e-41
"FKBP5",2.0646185517171e-45,0.777438653827154,0.69,0.197,8.94021125264539e-41
"SAMD4B",2.15321839432754e-45,0.412828767392539,0.685,0.177,9.3238662911171e-41
"NKX6-2",2.25594216140732e-45,0.71901891639989,0.798,0.275,9.76868074732597e-41
"TBC1D19",2.45337847106616e-45,0.902900677056441,0.451,0.037,1.06236194554107e-40
"STARD13",2.77864796392756e-45,0.757062343554074,0.657,0.166,1.20321014133991e-40
"VPS35L",3.01772091149827e-45,0.685182378671951,0.476,0.045,1.30673350909698e-40
"AMBRA1",3.72865703278863e-45,0.648146237056944,0.559,0.098,1.61458306833813e-40
"ELF2",4.22761021869145e-45,0.765320174566886,0.836,0.303,1.83063977689777e-40
"CLIC4",5.43758286110523e-45,0.707164067263025,0.762,0.244,2.35458213051579e-40
"ATP11A",1.02638030770373e-44,0.645756560452645,0.693,0.199,4.4444320084187e-40
"SNX9",1.16617561044504e-44,0.692285020577909,0.712,0.205,5.04977362834912e-40
"HIVEP2",1.62064439822128e-44,0.946280075228187,0.515,0.084,7.01771437317777e-40
"PCCA",2.98556689632511e-44,0.780720557213164,0.583,0.124,1.2928101774467e-39
"MIGA1",3.77715106161826e-44,0.548635092072818,0.468,0.045,1.63558195270194e-39
"PARP9",4.35834929503659e-44,1.14762198797501,0.394,0.008,1.88725241173674e-39
"GTF2H2",5.7297836756441e-44,0.752981614729856,0.446,0.037,2.48111092722741e-39
"ANKRD44",6.11159515627279e-44,0.782414802185953,0.65,0.174,2.64644293456924e-39
"BABAM2",6.51267511914079e-44,1.25136629276307,0.399,0.011,2.82011858009034e-39
"MATN2",6.95595434084854e-44,0.955308548006205,0.445,0.037,3.01206734867424e-39
"NLGN1",9.75218034686593e-44,0.848751251494327,0.775,0.278,4.22288913379988e-39
"AC106869.1",1.39788867815359e-43,0.899764874747135,0.42,0.022,6.05313755414068e-39
"SPART",1.40109257148092e-43,0.66718926079561,0.469,0.048,6.06701105302668e-39
"DPYD",1.72363511284849e-43,0.854361561634451,0.923,0.553,7.46368476565655e-39
"OTUD7A",2.67923888157012e-43,0.704821518830112,0.85,0.346,1.16016402049749e-38
"IQGAP1",2.99537756270305e-43,0.653324692760274,0.808,0.292,1.29705839220168e-38
"SPTBN1",3.09150332557625e-43,0.573120590614282,0.784,0.258,1.33868277004103e-38
"MON2",4.52839650182594e-43,0.5845892971558,0.719,0.202,1.96088625322067e-38
"APOO",5.85864711831986e-43,0.822469355778447,0.48,0.059,2.53691137517487e-38
"AC025159.1",6.79075183201021e-43,1.31369297244726,0.382,0.006,2.94053135829706e-38
"PICALM",1.00591443247311e-42,0.736152903540063,0.882,0.39,4.35581067549506e-38
"NRXN3",1.14367239406305e-42,0.904720068894384,0.867,0.444,4.9523302007718e-38
"ADGRB3",1.70666851050414e-42,0.838136152785467,0.864,0.413,7.39021598418502e-38
"ITCH",1.87246720477699e-42,0.678424538151708,0.707,0.208,8.10815749012533e-38
"KDM6A",1.87560361307981e-42,0.576004679386397,0.716,0.216,8.12173876535819e-38
"EEPD1",2.38241509722239e-42,0.770025023967826,0.601,0.146,1.03163338539924e-37
"STMN1",2.40524952634878e-42,0.398435843288356,0.587,0.118,1.04152114989955e-37
"PDXDC1",3.67409327294225e-42,0.690520211635956,0.511,0.084,1.59095586904945e-37
"KAT2B",4.08610118990452e-42,0.558560152369862,0.735,0.219,1.76936353725246e-37
"JPX",4.52200306364412e-42,0.575634582767895,0.617,0.149,1.95811776661918e-37
"MEF2A",6.37157480913536e-42,0.596285875019666,0.692,0.197,2.75901932385179e-37
"SGIP1",7.06477468176574e-42,0.67454313267445,0.693,0.213,3.0591887326982e-37
"MTREX",7.9716896782951e-42,0.654829362042076,0.403,0.02,3.45190106449534e-37
"CDC14B",8.09787151242225e-42,0.529792796000907,0.78,0.264,3.50654032230908e-37
"MLLT10",9.00770761655579e-42,0.70135765813897,0.573,0.121,3.90051755212099e-37
"STAT3",9.1925143677397e-42,0.629614430050853,0.55,0.104,3.98054257151864e-37
"PRRC2B",9.39238317080372e-42,0.585047142570405,0.557,0.112,4.06708976062143e-37
"TANC1",1.06646810339372e-41,0.749557271841686,0.69,0.213,4.61802018131547e-37
"EXOC6B",1.37260745724658e-41,0.660903757449153,0.897,0.402,5.94366481136912e-37
"SLC6A6",1.39441243912841e-41,1.00060782972713,0.423,0.034,6.03808474391386e-37
"ENAH",2.07317177739903e-41,0.602555531743449,0.648,0.166,8.97724843049326e-37
"RPL15",2.24170896384549e-41,0.673253408197682,0.499,0.076,9.70704815524376e-37
"PHF21A",2.32631711622355e-41,0.793595036503259,0.598,0.143,1.00734183766712e-36
"SH3D19",2.71709930862526e-41,0.571494673420648,0.761,0.247,1.17655834262091e-36
"DOCK4",3.63626781816377e-41,0.640846318224681,0.898,0.382,1.57457669062127e-36
"SH3RF1",3.71897779844776e-41,0.966471412567248,0.519,0.101,1.61039176628385e-36
"MICAL3",3.82899599889535e-41,0.566980561027062,0.728,0.222,1.65803184744166e-36
"ADAMTS18",4.32181702190511e-41,1.01834473859946,0.485,0.073,1.87143320682535e-36
"BNIP3L",6.26026833686209e-41,0.588152276159721,0.589,0.132,2.71082139522802e-36
"RPL13A",6.36009456454459e-41,-2.21559767798789,0.154,0.385,2.7540481483391e-36
"RPL38",7.38769818379232e-41,-1.57798733547769,0.043,0.211,3.19902106754575e-36
"EPS15",9.94059557524943e-41,0.479221429595378,0.74,0.233,4.30447669599451e-36
"COBL",1.07633964617804e-40,0.489800543267874,0.843,0.323,4.66076593588015e-36
"PPM1B",1.07887537590378e-40,0.622532214561925,0.703,0.205,4.67174615273853e-36
"SDHA",2.07348923328314e-40,0.838950862144044,0.459,0.062,8.97862307796263e-36
"TESK2",2.13406002693342e-40,0.744248943423161,0.569,0.135,9.24090672862711e-36
"ANK2",3.14964567192568e-40,0.738306712619206,0.961,0.584,1.36385956885726e-35
"FAM193A",4.01911703518863e-40,0.756045808851565,0.46,0.062,1.74035805857738e-35
"PHC3",4.91662759690917e-40,0.486141014915798,0.595,0.143,2.12899808201361e-35
"C9orf3",5.03951176900896e-40,0.62810082329342,0.819,0.309,2.18220938621626e-35
"RPL18",5.07905305118597e-40,-1.7627188747767,0.093,0.301,2.19933155222455e-35
"CARS",5.47246630171103e-40,0.774949760832291,0.476,0.07,2.36968735796691e-35
"ANKRD11",6.64723557924635e-40,0.411088971839995,0.611,0.146,2.87838595052525e-35
"PDS5A",8.76862147375023e-40,0.487877868001146,0.599,0.146,3.79698847056332e-35
"DMD",9.5997670234826e-40,0.644088358151319,0.753,0.275,4.15689111650844e-35
"PPP6R3",1.11476882186498e-39,0.468493728817052,0.649,0.174,4.82717195243975e-35
"TMTC2",1.20300604563331e-39,0.658349352430593,0.961,0.576,5.20925677880136e-35
"LRRFIP2",1.21082780248211e-39,0.560868266974349,0.672,0.194,5.24312655030802e-35
"ARHGAP21",1.33813881692455e-39,0.770960343972931,0.938,0.556,5.79440870504668e-35
"NCOA6",1.50663147853858e-39,0.585656013109145,0.511,0.096,6.52401562836778e-35
"LRRC8B",1.8028387289867e-39,0.544477858111338,0.659,0.191,7.80665226425821e-35
"SPATA6",2.01485235454667e-39,0.516749727997311,0.599,0.146,8.72471366565798e-35
"SIPA1L1",2.38627228952094e-39,0.80584792458076,0.58,0.152,1.03330362680836e-34
"SLAIN1",3.29159309481868e-39,0.631745282753652,0.916,0.433,1.42532564191838e-34
"TMTC4",4.12858413958623e-39,0.587869685078486,0.7,0.216,1.78775950412363e-34
"JAKMIP2",4.27464059122106e-39,0.747151650312765,0.616,0.163,1.85100486881054e-34
"SLC11A2",4.43262650628021e-39,0.489954034923714,0.484,0.076,1.91941592974946e-34
"RPL21",4.94205606684042e-39,-2.05182820276741,0.092,0.295,2.14000911806324e-34
"SLCO3A1",4.97038166249004e-39,0.725885179563848,0.882,0.407,2.15227466749144e-34
"JUND",6.67302721842627e-39,0.446446776177612,0.734,0.236,2.88955424612294e-34
"ZNF608",6.74385363600641e-39,0.575378670494069,0.62,0.166,2.9202235014635e-34
"CTNNA1",6.92308661816129e-39,0.590876960754757,0.727,0.236,2.9978349673962e-34
"PAFAH1B1",9.46312529427394e-39,0.522049301887033,0.703,0.222,4.0977225149265e-34
"SVEP1",9.6447836908955e-39,1.19525514374965,0.46,0.076,4.17638423383157e-34
"PDE1A",1.0423879265662e-38,0.604944405548014,0.671,0.219,4.51374819961695e-34
"LARGE1",1.08788454821879e-38,0.891897795520435,0.382,0.02,4.71075767069699e-34
"MPRIP",1.18737270264494e-38,0.335449153662969,0.538,0.104,5.14156127699314e-34
"ETV6",1.97524927502196e-38,1.03079636114882,0.413,0.042,8.5532244107001e-34
"OPALIN",2.0375866052955e-38,0.838578342687773,0.568,0.138,8.82315751825059e-34
"BEX3",2.19957509623755e-38,0.609178086217529,0.385,0.022,9.52460008172786e-34
"TRAF3IP2-AS1",2.31636787150189e-38,0.734383631478349,0.458,0.07,1.00303361571775e-33
"AC006148.1",2.44027236081638e-38,1.3800664412397,0.378,0.02,1.05668673768071e-33
"TTL",3.55512913232501e-38,0.669936047648998,0.494,0.09,1.53944201687938e-33
"IFI16",3.92587762314882e-38,0.710021115994827,0.468,0.076,1.6999835283759e-33
"CASTOR3",4.75133863860582e-38,0.432643132252359,0.449,0.056,2.05742465728909e-33
"PLD1",4.9620510264374e-38,0.623107174195545,0.78,0.284,2.14866733546792e-33
"GRID2",7.05642313343437e-38,0.966442337208507,0.597,0.171,3.05557234523975e-33
"PPP3CC",8.61781703120238e-38,0.898673175065732,0.486,0.09,3.73168713085125e-33
"ZNF644",8.63647838281704e-38,0.58691175075445,0.633,0.174,3.73976786932743e-33
"SLC23A2",9.94316312767376e-38,0.688515860534807,0.547,0.129,4.30558849754529e-33
"PTN",9.97596863711217e-38,0.618586396978912,0.575,0.14,4.31979393924231e-33
"NPAS3",1.01558715381162e-37,0.683831499526788,0.941,0.525,4.39769549343508e-33
"BAALC",1.07328528981484e-37,1.2252461737925,0.402,0.042,4.64753996195621e-33
"CCDC91",1.13662451876443e-37,0.840808804384649,0.539,0.129,4.92181149115372e-33
"TRPC4AP",1.28762101154007e-37,0.504720150964387,0.662,0.197,5.57565650417083e-33
"CNOT2",1.75422806765665e-37,0.558542894029882,0.677,0.205,7.59615837856682e-33
"MINDY2",1.88145087023227e-37,0.408628767553112,0.402,0.034,8.14705855827978e-33
"PHACTR1",2.12388238496731e-37,0.876712400810409,0.57,0.152,9.19683550338544e-33
"CNDP1",2.24858721995778e-37,0.878169336027607,0.836,0.407,9.73683237986116e-33
"ATE1",2.33834556255098e-37,0.551182376058028,0.633,0.177,1.01255039549583e-32
"MARCH1",3.36709016878593e-37,0.678424975759574,0.932,0.52,1.45801738488768e-32
"ITPK1",3.69801009519229e-37,0.635087147997644,0.436,0.056,1.60131233142017e-32
"TRPC1",3.79695466595998e-37,0.531369826823016,0.536,0.115,1.64415730945399e-32
"PLLP",4.4680089420904e-37,0.323128496388799,0.68,0.199,1.93473723210399e-32
"NPC1",4.83199711645163e-37,0.346054682319928,0.655,0.191,2.09235139136588e-32
"PTPRK",5.09301530214498e-37,0.666491152860167,0.938,0.531,2.20537748613482e-32
"PSPC1",5.35696605663839e-37,0.608717961757026,0.512,0.107,2.31967344184555e-32
"KIAA0232",5.80035248020706e-37,0.544517880821984,0.593,0.157,2.51166863097926e-32
"PSD3",6.76965129070314e-37,0.716588572005928,0.823,0.354,2.93139440190028e-32
"TBC1D5",7.58962457570351e-37,0.649736619353048,0.805,0.315,3.28645923377113e-32
"STAT1",8.2639680195365e-37,1.12657555468438,0.355,0.017,3.5784634318197e-32
"VPS13B",8.54583118821796e-37,0.558628191093196,0.598,0.154,3.70051582112214e-32
"CTTNBP2",9.29153958735687e-37,0.600183054454096,0.678,0.211,4.02342247211727e-32
"AC090502.1",9.32617817580209e-37,1.11319398994387,0.363,0.017,4.03842167368582e-32
"ITSN2",9.96667330003112e-37,0.451318783908394,0.604,0.16,4.31576887237947e-32
"SBF2",1.21453107801134e-36,0.505064437675896,0.611,0.166,5.2591624740047e-32
"PPM1H",1.24571025473976e-36,0.500025911774656,0.678,0.216,5.39417454507413e-32
"CDK5RAP2",1.26147973501029e-36,0.469492056736695,0.545,0.121,5.46245954854154e-32
"TBC1D2",1.7686342269307e-36,0.678469279105469,0.392,0.037,7.65853992945531e-32
"SREBF1",1.79531518545817e-36,0.274588401947605,0.452,0.065,7.77407381607097e-32
"PPP2R2A",2.49164673884144e-36,0.529347304754782,0.761,0.278,1.07893287085312e-31
"NEO1",2.52528472003012e-36,0.419415918659867,0.789,0.295,1.09349878946744e-31
"AC090517.4",2.69618998522312e-36,0.977589305169477,0.342,0.008,1.16750418740132e-31
"BACH2",2.83317298200687e-36,0.687807571480552,0.644,0.205,1.22682056466861e-31
"CNTNAP4",3.1715157838312e-36,0.687872093595016,0.724,0.275,1.37332976471458e-31
"CACNA2D1",3.74607410422193e-36,0.56445646181868,0.767,0.281,1.62212500861018e-31
"TERF2IP",4.33547276692277e-36,0.561072712932822,0.522,0.112,1.8773464175329e-31
"CDK13",4.54189754516447e-36,0.43587493045307,0.628,0.174,1.96673247500712e-31
"EEA1",4.82300950444134e-36,0.63815326638543,0.501,0.107,2.08845957561319e-31
"ADK",4.84587450802183e-36,0.7705824939009,0.554,0.146,2.09836057946361e-31
"DYRK1A",5.08591103096164e-36,0.576092756082373,0.564,0.138,2.20230119462701e-31
"SYT14",6.25725107936098e-36,0.945163407721349,0.429,0.062,2.70951486238489e-31
"WWP1",7.56014438923603e-36,0.568264059169485,0.488,0.096,3.27369372342699e-31
"CTIF",9.63972627071377e-36,0.710272003509672,0.466,0.079,4.17419426974448e-31
"ZNF146",1.06148858360192e-35,0.489217489843798,0.533,0.124,4.59645786471303e-31
"BBS9",1.18099515701052e-35,0.728421094640611,0.557,0.154,5.11394522888693e-31
"CLMN",1.19843320525193e-35,0.561048367178651,0.912,0.461,5.18945546538189e-31
"FAM193B",1.20831500342932e-35,0.56933476273567,0.41,0.048,5.23224562784964e-31
"UBR1",1.33248669994089e-35,0.486814245528241,0.507,0.11,5.76993390808403e-31
"ATP5MC2",1.42845194790377e-35,0.414212912481201,0.389,0.034,6.18548262481291e-31
"CRTC3",1.54761518752998e-35,0.487587294709455,0.576,0.149,6.70148328504233e-31
"CSNK2A1",1.70132309359005e-35,0.603574698185262,0.457,0.076,7.36706925986362e-31
"N4BP2L1",2.05150016437819e-35,0.762653925723019,0.443,0.073,8.88340601179043e-31
"ELOVL5",2.3198387943778e-35,0.706936695870838,0.617,0.185,1.00453659474147e-30
"MYO9A",2.57066487077713e-35,0.598481972320143,0.559,0.143,1.11314930234391e-30
"SETD5",2.61266091228134e-35,0.422373233624375,0.634,0.185,1.13133442823607e-30
"SENP6",3.84369362123715e-35,0.334928811122814,0.671,0.208,1.66439621186811e-30
"SNRPN",5.25468657918693e-35,-0.784898462701904,0.011,0.104,2.27538438251952e-30
"PPP2R3A",5.78969765211489e-35,0.520377572231306,0.606,0.169,2.50705487731879e-30
"SORCS2",5.9396589504794e-35,0.367691565300605,0.555,0.138,2.57199111873659e-30
"WASHC4",6.6831664192764e-35,0.540606120699736,0.378,0.031,2.89394472287506e-30
"ANKRD36",7.46228475462498e-35,0.417200594627951,0.665,0.202,3.23131854444771e-30
"SNX29",8.93247009384866e-35,0.599482697105674,0.708,0.247,3.86793820003835e-30
"BICRAL",1.09938767876374e-34,0.798531299696002,0.359,0.022,4.76056852658276e-30
"PTEN",1.26781906230792e-34,0.669492456708248,0.426,0.065,5.48991010360574e-30
"MBOAT2",1.33124000796614e-34,0.410245007018128,0.681,0.222,5.76453548249498e-30
"FANCL",1.43714265214755e-34,0.563771669651824,0.555,0.143,6.22311511232931e-30
"GARNL3",1.62092149167938e-34,0.321654056474092,0.59,0.154,7.01891424327005e-30
"UBR5",1.67296678498876e-34,0.469801772782806,0.593,0.166,7.24428077235832e-30
"ARID2",1.91988934432576e-34,0.444787716803207,0.539,0.132,8.31350483879938e-30
"NCKAP5",2.09535410994617e-34,0.68052807270698,0.895,0.455,9.07330236688892e-30
"CPNE2",2.21804865063762e-34,0.395825647115283,0.543,0.132,9.60459426699102e-30
"NFIB",3.01691333635402e-34,0.566491682530313,0.551,0.149,1.30638381290802e-29
"UHRF2",3.18387065149742e-34,0.572771522936521,0.441,0.076,1.37867966951141e-29
"CPOX",3.36059774561597e-34,0.653147424271922,0.515,0.121,1.45520603580663e-29
"ANK3",3.75242449710474e-34,0.534533646053008,0.949,0.545,1.62487485573629e-29
"CAST",3.96290018646648e-34,0.573418379918245,0.444,0.073,1.71601503874372e-29
"FBXL5",4.62033826275772e-34,0.66272531375045,0.473,0.093,2.00069887453935e-29
"PSME4",4.82824601125001e-34,0.475478681545108,0.632,0.194,2.09072708779148e-29
"AC087564.1",5.10637526782225e-34,0.770959177673268,0.359,0.025,2.21116261847239e-29
"ZFYVE28",5.7113613000988e-34,0.990749445700194,0.341,0.02,2.47313367016878e-29
"RAB1A",6.74529985164002e-34,0.56834090375965,0.501,0.11,2.92084974175716e-29
"KAZN",6.94324059056058e-34,0.642761350321528,0.652,0.225,3.00656204052454e-29
"RNF216",7.99736970346951e-34,0.676946147008705,0.467,0.09,3.46302102899637e-29
"TRIM9",8.40827916983661e-34,0.406057830676818,0.56,0.149,3.64095304612265e-29
"AC053527.1",9.00571727955794e-34,0.806329560212052,0.33,0.011,3.89965569639418e-29
"LINC01630",9.59977863095344e-34,0.583140376067895,0.411,0.053,4.15689614277546e-29
"JAM3",1.11746020615869e-33,0.503992571515941,0.838,0.343,4.83882618470836e-29
"ATF7IP",1.47608443809097e-33,0.346591703057912,0.483,0.098,6.39174083382152e-29
"SNX1",1.64655189614298e-33,0.551482974252638,0.47,0.09,7.12989902067834e-29
"MAP2K5",1.68759855115635e-33,0.553438492902577,0.496,0.115,7.30763924621724e-29
"FGF1",1.73010503726796e-33,0.500529316006906,0.558,0.149,7.49170083237774e-29
"AKT3",1.76076474353856e-33,0.368897624537192,0.753,0.275,7.62446349247068e-29
"GRIK4",2.19968826785025e-33,0.603334401160961,0.426,0.07,9.52509013744515e-29
"AP003086.2",2.40639026372134e-33,0.863630794933342,0.321,0.008,1.04201511199661e-28
"ANKRD10",2.45170718872105e-33,0.410568560502318,0.56,0.143,1.06163824685999e-28
"AC104596.1",2.67936259690425e-33,0.817418427885144,0.349,0.022,1.16021759171148e-28
"CORO1C",2.70347657882044e-33,0.524973590742585,0.473,0.098,1.17065942816083e-28
"WAC",2.7050992548927e-33,0.318410457978328,0.675,0.219,1.17136207935364e-28
"FOLH1",3.56412109148535e-33,0.337216653505981,0.647,0.208,1.54333571503499e-28
"PGAP1",4.26106405710396e-33,0.755088340670571,0.423,0.073,1.84512595800716e-28
"FAM182B",5.02397089512083e-33,0.666339681494806,0.345,0.022,2.17547987700522e-28
"HS3ST5",5.03245157310006e-33,0.693759784173199,0.601,0.188,2.17915218018379e-28
"RBM26",5.19602727714022e-33,0.277174298465816,0.602,0.171,2.24998373154726e-28
"ZNF248",5.20150875940373e-33,0.894795121713696,0.363,0.037,2.252357322997e-28
"UBE2E3",5.87989920712212e-33,0.815041129902341,0.398,0.056,2.54611395466802e-28
"USP34",6.72995610198773e-33,0.311426765031892,0.782,0.298,2.91420559128273e-28
"VXN",7.64798974562798e-33,0.557496946938799,0.335,0.017,3.31173251965183e-28
"RPL28",7.89811273005943e-33,-1.95467869136073,0.185,0.39,3.42004077437033e-28
"C4orf48",8.91634637105857e-33,-1.72287086351444,0.108,0.303,3.86095630559578e-28
"BICD1",1.13664203997728e-32,0.594154024231617,0.502,0.118,4.92188736150962e-28
"GAS7",1.18269222088217e-32,0.267465482323278,0.688,0.225,5.12129385486398e-28
"APBA1",1.23575096218672e-32,0.61444287527616,0.444,0.084,5.35104881646091e-28
"PHC2",1.28518483839532e-32,0.318723193653048,0.569,0.157,5.5651073872194e-28
"IL6R",1.50211585535787e-32,0.933717470219957,0.317,0.011,6.50446207687066e-28
"FAF1",1.52748544489773e-32,0.28496764304492,0.751,0.272,6.61431747349616e-28
"VRK2",1.65649780168707e-32,0.416182315160585,0.707,0.25,7.17296678086533e-28
"SCAPER",1.81007358211752e-32,0.400602001763272,0.643,0.199,7.83798062528528e-28
"UTY",1.88532227531325e-32,0.733522608670908,0.554,0.152,8.16382251656144e-28
"DLC1",2.11353382644849e-32,0.726147316290507,0.863,0.449,9.15202417528726e-28
"ZHX2",2.58525451808451e-32,0.546051082546416,0.629,0.202,1.11946691142095e-27
"TTC17",2.75630145548186e-32,0.348857793020459,0.551,0.149,1.19353365625275e-27
"IWS1",2.84553800022397e-32,0.506200884895214,0.528,0.135,1.23217486485698e-27
"RASA1",2.91909232240175e-32,0.464555652620088,0.603,0.183,1.26402535744641e-27
"SPATS2L",3.09467939767882e-32,0.512054608412381,0.554,0.152,1.34005807278288e-27
"OSBP2",3.66837037389606e-32,0.511401644119393,0.616,0.191,1.58847773930447e-27
"KCNH8",3.84581396238068e-32,0.343563578605945,0.879,0.393,1.66531436199008e-27
"MED13L",4.2959993409609e-32,0.361172154897288,0.65,0.208,1.86025363462289e-27
"RGL1",4.45163827426673e-32,0.481391896589774,0.61,0.194,1.92764840552298e-27
"PPA2",4.54847873488442e-32,0.510111254089347,0.514,0.129,1.96958226177965e-27
"RPS5",5.02440854471868e-32,-1.49019096836196,0.057,0.216,2.17566938803408e-27
"TRPM6",5.49329424923491e-32,0.609621209158056,0.388,0.051,2.3787062758037e-27
"ARRB1",5.97501765495404e-32,0.878697363515987,0.348,0.034,2.5873021449482e-27
"FAM135A",7.62362139400807e-32,0.660614198257824,0.424,0.079,3.30118053603338e-27
"RIN2",9.02690027899863e-32,0.506240942520288,0.496,0.115,3.90882835881199e-27
"DMXL1",1.05092540111506e-31,0.553856062659862,0.545,0.149,4.55071717190843e-27
"RICTOR",1.11762428660172e-31,0.314803165826886,0.68,0.228,4.83953668584278e-27
"RPL24",1.12764498594998e-31,-1.33741697481837,0.059,0.219,4.88292831816059e-27
"CERS2",1.70102032329788e-31,0.43687988906143,0.353,0.031,7.36575820394448e-27
"FAM69A",1.70286394532053e-31,0.860494162636609,0.467,0.107,7.37374145602694e-27
"TOGARAM1",1.72924713129647e-31,0.268102902156005,0.402,0.056,7.48798592793998e-27
"RNF157",1.76244518961974e-31,0.714593491698002,0.351,0.034,7.63174016009141e-27
"AF165147.1",1.94231475990045e-31,0.790627521231965,0.334,0.022,8.41061137332092e-27
"AC098850.3",2.00009683616694e-31,0.702095431437631,0.329,0.02,8.66081931997007e-27
"WDR7",2.04167423982942e-31,0.470714547647339,0.604,0.185,8.84085779330935e-27
"FUT9",2.13668628687747e-31,0.661039133677674,0.505,0.135,9.25227895943684e-27
"POU2F1",2.30248364499067e-31,0.571281357751152,0.504,0.129,9.97021467953859e-27
"STMN4",2.52372434152765e-31,0.311585407189845,0.702,0.242,1.0928231143683e-26
"MEIS2",2.57557755263675e-31,0.626981741167496,0.6,0.197,1.11527659184277e-26
"AC007566.1",2.70516901767906e-31,0.323830604753535,0.383,0.048,1.17139228803539e-26
"AL139294.1",2.80091982987181e-31,0.791354995045109,0.311,0.011,1.21285430473109e-26
"UBE2E1",3.17664774874589e-31,0.633269245394523,0.462,0.098,1.37555200816194e-26
"AGTPBP1",3.29267239218876e-31,0.452702931223576,0.798,0.32,1.42579299926558e-26
"FAM168A",3.42307934414598e-31,0.373967871480362,0.579,0.163,1.48226181760209e-26
"DUSP16",3.85029538981149e-31,0.411862671059269,0.533,0.14,1.66725490969617e-26
"PIK3C2A",4.26656972211261e-31,0.542028143998334,0.401,0.067,1.8475100210692e-26
"TMEM131",4.31170555317552e-31,0.322367224694999,0.49,0.115,1.86705473863607e-26
"YWHAZ",4.34131082670325e-31,0.444570741843074,0.501,0.126,1.87987441417904e-26
"FCHSD2",4.46076874267569e-31,0.761394524363723,0.487,0.126,1.93160208095343e-26
"NUTM2B-AS1",4.50403626267214e-31,0.36791436723036,0.484,0.112,1.95033778246229e-26
"PKP4",4.91110929465972e-31,0.569575025231839,0.809,0.346,2.12660854677355e-26
"REV3L",5.27885700270196e-31,0.348171878268765,0.584,0.174,2.28585065931e-26
"FOXJ3",5.57653449140786e-31,0.466763299531107,0.521,0.135,2.41475096546943e-26
"ARHGEF2",5.846483266839e-31,0.273989751771452,0.5,0.118,2.53164418420663e-26
"ZNF518A",5.98857620943144e-31,0.382104763978746,0.52,0.135,2.593173270208e-26
"ARNT2",6.07461849127746e-31,0.402412312238352,0.443,0.09,2.63043129909297e-26
"FYN",6.83793666668295e-31,0.3361516109706,0.627,0.197,2.96096333540705e-26
"NEDD4",7.66336634173761e-31,1.00643462241685,0.316,0.017,3.31839089329922e-26
"ARMH3",9.09783950921664e-31,0.64822995901691,0.325,0.02,3.93954646428099e-26
"FAM49B",9.40178861644755e-31,0.386474678959989,0.614,0.188,4.07116250669412e-26
"AC006030.1",9.80564897887764e-31,0.774842691914048,0.296,0.006,4.2460421208336e-26
"MVP",1.07446544108616e-30,0.590094186250262,0.36,0.042,4.6526502529913e-26
"ZNF254",1.09811146516937e-30,0.627456045415946,0.364,0.042,4.75504226647641e-26
"USP33",1.12289276250754e-30,0.307431191918983,0.538,0.143,4.86235024021017e-26
"PFKFB3",1.14133865682311e-30,0.560572006444023,0.437,0.087,4.94222465177544e-26
"NLRC5",1.22219939675369e-30,0.799796887136647,0.295,0.006,5.29236782782281e-26
"CCDC146",1.25490302003131e-30,0.790280654005642,0.371,0.051,5.4339810573396e-26
"RPS28",1.29215806818464e-30,-1.44940202995543,0.071,0.239,5.59530286685314e-26
"PTPRE",1.32410914837221e-30,0.537955619516105,0.466,0.104,5.73365743428136e-26
"ZCCHC7",1.32465671348874e-30,0.626728048584549,0.621,0.219,5.73602850074894e-26
"CLTA",1.39387984196919e-30,0.467935391599928,0.392,0.065,6.03577849169499e-26
"INVS",1.46005705788972e-30,0.583417817264205,0.524,0.146,6.32233907207407e-26
"RNF130",1.49685385937966e-30,0.502317765777238,0.868,0.413,6.4816765818858e-26
"AP002370.2",1.5052908799849e-30,0.781952887107899,0.316,0.017,6.51821056851062e-26
"RALGAPA1",1.50585876105614e-30,0.268858666410863,0.746,0.281,6.52066960712528e-26
"IARS",1.61338325617223e-30,0.596575295495655,0.377,0.051,6.98627217587701e-26
"ITFG1",1.66320849220596e-30,0.458022758465254,0.602,0.197,7.20202541295024e-26
"FSCN1",1.71996645057385e-30,0.366708806119701,0.514,0.132,7.4477987242749e-26
"PRUNE2",1.94483255742711e-30,0.56389429866631,0.939,0.579,8.42151394017086e-26
"ABHD17B",2.26998486266392e-30,0.430739616558573,0.521,0.135,9.82948845230729e-26
"P2RX7",2.61467021228769e-30,0.255992545847234,0.686,0.239,1.13220449532482e-25
"CUL4A",2.68900012218142e-30,0.565711060248702,0.455,0.101,1.164390832907e-25
"CCDC122",2.80165037901776e-30,0.61539626283617,0.445,0.096,1.21317064712227e-25
"SYTL2",3.10831028332903e-30,0.54163706421256,0.424,0.081,1.34596051888714e-25
"FAM126A",3.327918193142e-30,0.505771195254348,0.416,0.081,1.44105513599435e-25
"FN3K",3.37004951483498e-30,0.47694205871977,0.348,0.037,1.45929884091384e-25
"GREB1L",3.79308088096225e-30,0.675344768304639,0.415,0.081,1.64247988307427e-25
"KAT6A",3.89385112710876e-30,0.261918317789868,0.614,0.188,1.68611541506064e-25
"GOLGA4",4.37130441704263e-30,0.335963546299318,0.667,0.228,1.8928622386678e-25
"MAMDC2",4.4283822006157e-30,0.798709938366294,0.285,0.003,1.91757806051061e-25
"TPTEP2-CSNK1E",4.50148340121681e-30,0.485880018697789,0.33,0.025,1.9492323423949e-25
"OGT",5.17364555569719e-30,0.566405626444563,0.381,0.059,2.240291998528e-25
"COPA",5.56949425104134e-30,0.399371417077161,0.641,0.208,2.41170240058592e-25
"ADGRL3",5.75826129964939e-30,0.925595032327874,0.527,0.169,2.49344230797418e-25
"CDYL",5.84530251389682e-30,0.5361519277403,0.385,0.059,2.5311328945676e-25
"DNAJC6",5.91322891436795e-30,0.635643584552446,0.897,0.492,2.56054638449961e-25
"ARIH1",7.03560352179195e-30,0.55316216641899,0.492,0.126,3.04655703700635e-25
"GLS",7.20234315932481e-30,0.391085481277839,0.449,0.096,3.11875863485083e-25
"AC239809.3",7.26206319776707e-30,0.512550262305484,0.317,0.02,3.1446186058971e-25
"BRWD1",7.36383733005891e-30,0.278709221249379,0.584,0.177,3.18868884066211e-25
"NAV2",7.36637922537581e-30,0.589496677575119,0.624,0.225,3.18978953217223e-25
"BCAS1",7.6563332850619e-30,0.344144798841996,0.769,0.306,3.3153454390975e-25
"FIGN",8.73256836789933e-30,0.823774963110804,0.402,0.076,3.78137675466777e-25
"CLIP2",9.72944957261491e-30,0.313741926422733,0.587,0.174,4.21304625393371e-25
"GNAS",9.85087302254508e-30,0.314191295859656,0.586,0.18,4.26562503622247e-25
"MAP4K3",1.00456767837794e-29,0.444437657630554,0.552,0.16,4.34997896091214e-25
"SSBP2",1.03083414730694e-29,0.491505934874253,0.683,0.25,4.46371802466851e-25
"ZNF532",1.04926884648903e-29,0.454726929222936,0.523,0.143,4.54354395906682e-25
"FAM172A",1.41675390283027e-29,0.41166696432703,0.653,0.222,6.13482775003562e-25
"FBN1",1.45204433072764e-29,0.630915800393083,0.44,0.096,6.28764236091681e-25
"EVA1C",1.55634751586226e-29,0.35688327903181,0.557,0.166,6.73929601318677e-25
"VPS13D",1.84391192891347e-29,0.467655761920253,0.491,0.124,7.98450743458112e-25
"LMNA",1.9084607563497e-29,0.345854223272834,0.451,0.096,8.26401676714548e-25
"TAF1",1.94946717126419e-29,0.294121827669674,0.396,0.067,8.44158274500818e-25
"ROR1",2.39530339376238e-29,1.21779393973102,0.297,0.014,1.03721427556698e-24
"SENP7",2.49497758198262e-29,0.633371952979606,0.407,0.073,1.08037519255012e-24
"SLC35F5",2.50758052175725e-29,0.542061507367775,0.409,0.076,1.08583251753132e-24
"TCP11L2",2.79215623063778e-29,0.714819236493412,0.384,0.065,1.20905949099077e-24
"NDFIP1",2.80642975133279e-29,0.321413578837577,0.562,0.171,1.21524021092212e-24
"THUMPD3-AS1",2.90188700805535e-29,0.338197005619964,0.394,0.062,1.25657511222813e-24
"DLG1",3.21819771691319e-29,0.528378012567481,0.931,0.542,1.39354397537775e-24
"WIPF1",3.26451999543685e-29,0.389209780358164,0.564,0.174,1.41360244842406e-24
"RAP1A",3.53028925812504e-29,0.439697225917783,0.616,0.202,1.5286858545533e-24
"ZFR",3.54660817720239e-29,0.301990189113379,0.595,0.185,1.53575227289218e-24
"AC063944.1",3.72804322880676e-29,0.791935329979988,0.306,0.017,1.6143172789379e-24
"AUTS2",4.00859287715341e-29,0.383735615180207,0.87,0.416,1.73580088766497e-24
"ATXN10",4.01607507039811e-29,0.43308449050651,0.524,0.149,1.73904082698379e-24
"PTPRM",4.43522624383073e-29,0.906117695714841,0.427,0.09,1.92054166810358e-24
"TMOD2",4.59109204185367e-29,0.277099516964873,0.478,0.115,1.98803467596348e-24
"NEK3",4.64730694568249e-29,0.489922078715903,0.378,0.056,2.01237685361943e-24
"EXOC4",4.93833634129397e-29,0.501657688031504,0.594,0.194,2.13839840250711e-24
"LITAF",5.0234209238945e-29,0.83529799299905,0.456,0.107,2.1752417284648e-24
"LMCD1-AS1",5.07527087483332e-29,0.695147879500071,0.666,0.27,2.19769379422033e-24
"STRN3",5.38385489204863e-29,0.372571924179242,0.487,0.121,2.3313168453549e-24
"DENND5B",5.45317388441025e-29,0.537543118741232,0.457,0.107,2.36133335542732e-24
"SAMD4A",5.58554537203617e-29,0.796825997877486,0.458,0.115,2.4186528569991e-24
"ZNF721",5.69373349322046e-29,0.422970269339381,0.394,0.067,2.46550047723432e-24
"FP236383.1",6.37277242893857e-29,0.808584345629996,0.293,0.011,2.75953791717898e-24
"SP110",6.88633591936158e-29,0.708125623121516,0.317,0.025,2.98192117980195e-24
"CHD1L",7.03394838247139e-29,0.609822665577527,0.414,0.087,3.04584032857776e-24
"SDCCAG8",7.03912487844695e-29,0.330637571203171,0.646,0.225,3.0480818548651e-24
"CCNY",7.34023875601395e-29,0.379692945143278,0.715,0.272,3.17847018612916e-24
"RALY",8.58860989931789e-29,0.375187485106807,0.439,0.096,3.71903985860263e-24
"STAT5B",8.60906862955168e-29,0.533650034325525,0.394,0.07,3.72789889796847e-24
"NDUFA10",8.71066558693895e-29,0.374309740479212,0.402,0.073,3.7718924124563e-24
"PTPRS",9.10846931882137e-29,0.395533896555284,0.488,0.129,3.94414938443603e-24
"GDI2",1.07432753150572e-28,0.607455016277497,0.394,0.07,4.65205307692606e-24
"COG5",1.10149415701698e-28,0.514301371062003,0.515,0.149,4.76968999871492e-24
"THSD4-AS1",1.12233084514133e-28,0.798568020347992,0.285,0.008,4.859917025631e-24
"CCDC92",1.18390599578283e-28,0.402446535396163,0.357,0.048,5.12654974293879e-24
"MSI2",1.24453270087721e-28,0.256943128337227,0.568,0.174,5.38907550133848e-24
"FBXO11",1.30341699005047e-28,0.341727023601417,0.53,0.149,5.64405625031656e-24
"CUL3",1.4246010665036e-28,0.433476045701166,0.424,0.087,6.16880753817391e-24
"PPP4R3B",1.72104775036346e-28,0.474771463187008,0.437,0.096,7.45248096862384e-24
"CUL1",1.83661566684982e-28,0.584560227887252,0.409,0.079,7.9529131605931e-24
"TNKS",1.84510447940308e-28,0.408890928699054,0.688,0.253,7.98967141671121e-24
"RPS6KC1",2.3498988365816e-28,0.472755685759931,0.46,0.115,1.01755319421656e-23
"NBAS",2.61994534025237e-28,0.491479357433781,0.507,0.14,1.13448873123608e-23
"MCUB",2.8071685265743e-28,0.9110754611636,0.266,0,1.2155601153772e-23
"CPPED1",2.94745888180871e-28,0.539062106826686,0.388,0.067,1.27630864500081e-23
"CPLANE1",3.05248343226022e-28,0.297651292732198,0.338,0.037,1.32178637583732e-23
"PRIMA1",3.25126390729036e-28,0.495649068413344,0.407,0.079,1.40786229713487e-23
"RPTOR",3.29533430914687e-28,0.348166049142569,0.424,0.09,1.42694566254678e-23
"B4GALT5",3.76507423327614e-28,0.644776978797083,0.365,0.056,1.63035244449323e-23
"PKD2",4.03571032884685e-28,0.365904050845405,0.576,0.18,1.74754328659726e-23
"SMOC1",4.25640366041017e-28,0.662094517455124,0.378,0.067,1.84310791303081e-23
"TTC37",4.42306192618158e-28,0.410497067940043,0.521,0.149,1.91527427527515e-23
"KLHL32",4.59740042881064e-28,0.490494159275378,0.847,0.41,1.99076633368359e-23
"DGKD",4.62903401129498e-28,0.397305404075432,0.427,0.09,2.00446430757095e-23
"RFX3-AS1",4.93787315225545e-28,0.671888131083223,0.448,0.118,2.13819783238966e-23
"NTRK2",5.0270375492856e-28,0.422191089197689,0.49,0.132,2.17680779959165e-23
"LDLRAD4",5.30081716899184e-28,0.466326748901008,0.508,0.149,2.29535985051685e-23
"CDK19",5.31787433984457e-28,0.50332031069906,0.852,0.388,2.3027459466395e-23
"GALNT2",5.39449975747822e-28,0.391896282375651,0.404,0.081,2.33592628498322e-23
"WDFY2",5.65103584017053e-28,0.332174359595921,0.654,0.23,2.44701153951064e-23
"FSD1L",5.96506404255618e-28,0.674552221990478,0.339,0.042,2.58299203170768e-23
"RCOR3",6.10594905976685e-28,0.459257548773058,0.421,0.093,2.64399806186024e-23
"RHOBTB1",6.69742827243459e-28,0.400844878397263,0.422,0.09,2.90012039052963e-23
"ESYT2",6.77199942160152e-28,0.571845417534181,0.405,0.079,2.93241118954189e-23
"ITGB4",7.38360566459966e-28,0.814160814972149,0.298,0.02,3.19724892488494e-23
"DNAJB6",7.79945722408928e-28,0.589622692710974,0.357,0.051,3.37732096717514e-23
"NUP214",8.39146886463211e-28,0.318686322690227,0.407,0.079,3.633673847763e-23
"ABHD6",8.92468315091885e-28,0.327176267527513,0.467,0.11,3.86456629801088e-23
"MAP2K4",8.99344733736373e-28,0.258246190870638,0.559,0.171,3.89434256602524e-23
"ZMYM2",9.08067696840086e-28,0.357358615563381,0.696,0.256,3.93211474085694e-23
"GNG7",9.33778496735176e-28,0.31878260435314,0.618,0.213,4.04344764656266e-23
"CASC4",9.85607763082467e-28,0.286312126187416,0.5,0.135,4.2678787356997e-23
"KIF13A",1.08031387161182e-27,0.332068208940196,0.746,0.295,4.67797512685351e-23
"FAM208A",1.18311676360223e-27,0.550416441959927,0.382,0.067,5.12313220975037e-23
"AC110285.1",1.22524590163061e-27,0.375933960455679,0.344,0.042,5.30555980324085e-23
"MET",1.33764087375683e-27,0.834806996142408,0.289,0.017,5.79225251154182e-23
"LIMS1",1.44723752327574e-27,0.62061034955771,0.354,0.053,6.26682792328862e-23
"MALAT1",1.49533301261276e-27,0.253393887864258,0.973,0.435,6.47509101121575e-23
"AC027644.4",1.51167161354453e-27,0.422801375402136,0.316,0.028,6.54584042097054e-23
"ATXN1",1.51743135307064e-27,0.44516695856253,0.864,0.402,6.57078124506647e-23
"TMEM260",1.52966802067144e-27,0.613316774529844,0.325,0.034,6.62376846311148e-23
"FAM20C",1.58589521252033e-27,0.444727097867384,0.351,0.051,6.86724344925555e-23
"NPTX2",1.58616285027475e-27,0.48866795892152,0.412,0.087,6.86840237425971e-23
"SEC31A",1.66107837184837e-27,0.423777221782863,0.441,0.104,7.19280156577781e-23
"DDX6",1.75009754701158e-27,0.299832093549093,0.477,0.124,7.57827239806955e-23
"TAGLN2",1.91057092292827e-27,0.731977430706725,0.288,0.017,8.27315421046399e-23
"FAM208B",1.96840839603057e-27,0.619158129085182,0.425,0.098,8.52360203649158e-23
"ZBTB20",2.05434221070183e-27,0.454779145915607,0.962,0.663,8.89571264078107e-23
"RHOU",2.13736744713455e-27,0.275586499056821,0.601,0.194,9.25522851958203e-23
"TCF12",2.34047630683223e-27,0.469432582970868,0.923,0.494,1.01347305038449e-22
"CDH13",2.5837591597868e-27,1.22427740156609,0.303,0.028,1.11881939137088e-22
"APOL2",2.69832173696422e-27,0.887415288093176,0.289,0.017,1.16842727854025e-22
"HMBOX1",2.7761046606473e-27,0.332772143251536,0.435,0.098,1.20210884015349e-22
"SRGAP2",2.83426863479889e-27,0.503328047035552,0.38,0.07,1.22729500424061e-22
"NEDD4L",2.98779208107178e-27,1.01056809799385,0.339,0.051,1.2937737269457e-22
"SIPA1L3",3.32771824945898e-27,0.418238258950706,0.378,0.07,1.44096855638073e-22
"INTS10",3.55621843524734e-27,0.44246200765671,0.462,0.121,1.5399137068308e-22
"MBNL1",3.74131142636999e-27,0.40724673513533,0.711,0.275,1.62006267384673e-22
"S100PBP",3.99429541916436e-27,0.569148912408668,0.358,0.056,1.72960980240655e-22
"TBL1X",4.11428338393717e-27,0.608433144732006,0.436,0.104,1.78156699091247e-22
"NBDY",4.46784345718535e-27,0.723915544538955,0.262,0.003,1.9346655738304e-22
"TRIM56",4.55978548749835e-27,0.47580843171422,0.341,0.045,1.97447831179653e-22
"MBP",4.79391007717416e-27,-0.757448672458152,0.973,0.874,2.07585894161796e-22
"SPIN1",5.08405211677599e-27,0.385126124963801,0.523,0.154,2.20149624760634e-22
"ADAM9",5.35688645707627e-27,0.626315381628718,0.367,0.065,2.31963897364317e-22
"HDGFL3",5.71381680994995e-27,0.708761905037238,0.284,0.014,2.47419695504453e-22
"DPH6-DT",5.90510675336258e-27,1.02647770061642,0.261,0.003,2.55702932634107e-22
"YEATS2",6.21486425787243e-27,0.419685144941916,0.382,0.07,2.69116052094392e-22
"NSL1",7.11401753779424e-27,0.528512520496739,0.351,0.053,3.08051187421566e-22
"ZNF438",7.36386967767965e-27,0.610644510204368,0.39,0.079,3.18870284782884e-22
"AC074032.1",7.58543486374368e-27,0.654953587230676,0.266,0.006,3.28464500469829e-22
"ILKAP",7.75985006426578e-27,0.31337238471218,0.477,0.126,3.36017027482837e-22
"CNOT4",8.71629217968829e-27,0.476264681946309,0.427,0.098,3.77432883964863e-22
"SETD2",9.56054269569913e-27,0.293146936437958,0.5,0.138,4.13990619809164e-22
"CEP192",9.59598895785583e-27,0.503710187000951,0.369,0.065,4.15525513853073e-22
"ADNP",1.03347200378868e-26,0.31448360633384,0.473,0.126,4.47514047080575e-22
"TOP1",1.03421237278282e-26,0.371461039951801,0.477,0.126,4.47834641662418e-22
"PAN3",1.06680597720549e-26,0.35549731378382,0.507,0.149,4.61948324249522e-22
"RAP1B",1.2318511769965e-26,0.619517706030543,0.354,0.056,5.33416196663026e-22
"ADCY5",1.25239072735445e-26,0.311595965977327,0.506,0.146,5.42310232759025e-22
"HGSNAT",1.25926640968034e-26,0.572462272438846,0.334,0.045,5.45287540719781e-22
"SPOCK1",1.30062187833885e-26,0.517591421895272,0.937,0.64,5.63195285758288e-22
"SPPL3",1.30987512468315e-26,0.312932051780297,0.618,0.216,5.67202126490297e-22
"ARHGAP22",1.38224459801741e-26,0.410527699158774,0.508,0.143,5.98539555833499e-22
"KIF13B",1.39109447879888e-26,0.426128232130584,0.698,0.275,6.02371731209493e-22
"REEP3",1.4801711004385e-26,0.360846108905155,0.577,0.191,6.4094368991188e-22
"MKL1",1.6662625719562e-26,0.508356847450282,0.389,0.076,7.21525018908472e-22
"UVRAG",1.86334199225868e-26,0.342814921302588,0.627,0.225,8.06864349487852e-22
"TMC7",1.88573905474165e-26,0.3234454159019,0.446,0.107,8.16562725484228e-22
"AFF1",1.89522922771894e-26,0.417537591918875,0.382,0.07,8.20672160186855e-22
"ZNF483",1.89959920179422e-26,0.283417366758177,0.432,0.101,8.22564446360933e-22
"HIVEP1",1.98779334459212e-26,0.608750306943836,0.307,0.031,8.6075427407528e-22
"AC091948.1",2.01075643787919e-26,0.813230413475602,0.273,0.011,8.70697752730445e-22
"ABCD4",2.14793018725354e-26,0.4182448953821,0.391,0.079,9.30096729684529e-22
"NCAM2",2.25965255121605e-26,0.479880317886842,0.947,0.528,9.78474747727573e-22
"STEAP1B",2.29988245820764e-26,0.520922569878613,0.328,0.045,9.95895102053071e-22
"PDZD2",2.33913776046401e-26,0.646622593032779,0.374,0.076,1.01289343303612e-21
"DENND5A",2.38636968926161e-26,0.309386867083338,0.621,0.216,1.03334580284406e-21
"PARD3",2.50178721991274e-26,0.808126902346497,0.317,0.037,1.08332390196661e-21
"RAB30-AS1",2.52751735470099e-26,0.427962648578255,0.432,0.107,1.09446556493262e-21
"SAMD12",2.54963599368819e-26,0.414095827630015,0.777,0.357,1.10404337798686e-21
"CECR2",2.70563808932908e-26,0.435769766448856,0.469,0.126,1.17159540544128e-21
"WASHC3",2.71266295543541e-26,0.497782502276367,0.289,0.02,1.17463731296264e-21
"PPP1R16B",2.7475548542807e-26,0.346195921253242,0.654,0.242,1.18974620300063e-21
"AC005609.5",3.01041756171601e-26,1.43836970501312,0.249,0,1.30357101257427e-21
"RCAN2",3.02605115135067e-26,0.563685913295589,0.515,0.166,1.31034066955787e-21
"TTC19",3.04426867558504e-26,0.397009731522103,0.371,0.065,1.31822922190184e-21
"RECK",3.35595891665766e-26,0.295337090479282,0.471,0.132,1.4531973300911e-21
"OGFR",3.36760773564739e-26,0.464952890440005,0.288,0.02,1.45824150169003e-21
"SHMT1",3.37209360954599e-26,0.635096542091712,0.28,0.017,1.4601839748056e-21
"CCDC7",3.40654292298653e-26,0.557888328888243,0.346,0.056,1.47510121651163e-21
"KCTD3",3.52954666279466e-26,0.490690353912325,0.414,0.093,1.52836429592334e-21
"PDCD6IP",3.89241427490322e-26,0.285214756705643,0.468,0.126,1.68549322931859e-21
"TBCK",3.90439254412109e-26,0.393368275417135,0.457,0.118,1.69068005945531e-21
"SLC6A15",4.07701748448759e-26,0.49209301324876,0.337,0.051,1.76543011113282e-21
"HUWE1",4.41678653955862e-26,0.358841956764366,0.408,0.093,1.91255690735967e-21
"PTPRA",4.71380141304952e-26,0.258142675438602,0.568,0.185,2.0411702878787e-21
"GLDN",5.10640992539012e-26,0.414835317800001,0.742,0.309,2.21117762589243e-21
"ZC3H6",5.35359416131764e-26,0.329773003633125,0.502,0.146,2.31821334373377e-21
"RABGAP1L",5.39550015650856e-26,0.433254629511329,0.629,0.236,2.33635947777134e-21
"NIPSNAP2",5.83508532155023e-26,0.604299761959198,0.292,0.022,2.52670864593768e-21
"KIAA1468",5.87306131582721e-26,0.266006941496643,0.486,0.135,2.5431530109795e-21
"USP54",6.16605261408543e-26,0.358696606461423,0.832,0.368,2.67002410295127e-21
"CEP170",6.23651347751454e-26,0.277976412832001,0.609,0.208,2.70053506603334e-21
"CD82",6.53129506145518e-26,0.329388528017742,0.329,0.042,2.82818138751132e-21
"MYO18A",6.57628183726112e-26,0.328075473571626,0.314,0.034,2.84766156117081e-21
"ATAD2B",6.72646602990267e-26,0.49911271499197,0.378,0.076,2.91269432026845e-21
"ATG7",6.95513592815803e-26,0.461300506780328,0.469,0.132,3.01171295961099e-21
"ZNF654",7.10721199907965e-26,0.437185744218586,0.316,0.037,3.07756493984147e-21
"HPN-AS1",7.11447466324689e-26,0.308721780710144,0.464,0.126,3.08070981867917e-21
"AC009063.2",7.13565340463223e-26,0.565862950005919,0.302,0.028,3.08988063727385e-21
"ATP2C1",7.66192262452869e-26,0.307489286061305,0.419,0.096,3.31776573487341e-21
"MBD2",7.9754579185406e-26,0.716673796020576,0.293,0.025,3.45353278788645e-21
"NLK",8.59176645425428e-26,0.300152080821575,0.643,0.242,3.72040671002119e-21
"ERMP1",8.738580808609e-26,0.324589118375362,0.38,0.076,3.78398026174387e-21
"VPS53",8.8976335190947e-26,0.261822001558595,0.405,0.09,3.85285326643839e-21
"WDR41",9.22810244770065e-26,0.448458983637212,0.359,0.065,3.99595292190333e-21
"SYT9",9.80406976576427e-26,0.584296621871222,0.406,0.09,4.24535828997124e-21
"DMTF1",1.08275846397012e-25,0.26459911998265,0.496,0.138,4.68856070068341e-21
"KANK1",1.12602781301253e-25,0.283759302014085,0.526,0.166,4.87592563590684e-21
"MCCC1",1.13061521036287e-25,0.379751617074861,0.396,0.084,4.89578998391329e-21
"REPS2",1.15346872613168e-25,0.464311213273587,0.472,0.132,4.99475027789538e-21
"SEM1",1.16116215347041e-25,0.48682809534818,0.306,0.031,5.02806435695756e-21
"MED13",1.16393283038262e-25,0.467713933058741,0.552,0.177,5.0400619421228e-21
"PIP4K2A",1.37783706879943e-25,0.502448946304134,0.975,0.685,5.96631007531527e-21
"PIR",1.39853341555068e-25,0.701655360149973,0.374,0.076,6.05592939601755e-21
"AL139260.1",1.42946472545886e-25,0.707551716230698,0.261,0.008,6.18986815418196e-21
"TTC7B",1.48707221367037e-25,0.606881706107349,0.335,0.051,6.43932009963542e-21
"RAP1GDS1",1.6118221293637e-25,0.339522357968696,0.576,0.197,6.97951218457067e-21
"MTERF1",1.64083200600559e-25,0.641006756702801,0.376,0.079,7.10513075240541e-21
"SGMS1",1.6477903536065e-25,0.341333411244093,0.761,0.323,7.13526178918686e-21
"SH3BP5",1.66198614578452e-25,0.507223538213004,0.47,0.135,7.19673240847613e-21
"FOXN3",1.76706621882093e-25,0.593405189322878,0.38,0.081,7.65175014073841e-21
"PAK2",2.00653817103733e-25,0.416009160594849,0.446,0.115,8.68871158822585e-21
"ARHGAP32",2.10383741126752e-25,0.256604584190924,0.432,0.104,9.1100367582706e-21
"TRPS1",2.13895998774392e-25,0.514713552950574,0.532,0.177,9.2621245389287e-21
"SEMA3C",2.39429797950597e-25,0.495521159055725,0.416,0.104,1.03677891108567e-20
"MORC3",2.46678552799251e-25,0.332719890051159,0.399,0.087,1.06816746933132e-20
"SMCHD1",2.61343416525949e-25,0.281219038832091,0.468,0.129,1.13166926224066e-20
"FOXK2",2.75852273553482e-25,0.331031170499754,0.389,0.079,1.19449551494129e-20
"SLC4A8",3.04885325009328e-25,0.416839848317144,0.51,0.16,1.32021443435539e-20
"VPS54",3.43551263788898e-25,0.402684300463469,0.401,0.09,1.48764568245869e-20
"COMMD10",3.68752835422196e-25,0.489331022868789,0.426,0.112,1.59677352794519e-20
"DHCR7",3.69455672331371e-25,0.64765527061693,0.272,0.017,1.5998169523293e-20
"AC097376.2",3.77930474550839e-25,0.595801099731932,0.285,0.022,1.63651454090004e-20
"MIR99AHG",3.96104218576725e-25,0.502672369606406,0.726,0.312,1.71521048728093e-20
"UBE2E2",3.97081683988682e-25,0.407895679071896,0.769,0.34,1.71944310800779e-20
"NUP205",4.08941688600217e-25,0.498334013888845,0.3,0.034,1.77079929997666e-20
"FP671120.1",4.15433323834353e-25,0.917784764179856,0.262,0.011,1.79890937886752e-20
"AGFG1",4.4315662245622e-25,0.336371476293877,0.439,0.112,1.91895680655992e-20
"SND1",4.46639721563598e-25,0.404830187159871,0.429,0.11,1.93403932231469e-20
"RNF149",4.63426731267667e-25,0.261476324053304,0.426,0.104,2.00673043173525e-20
"AUH",4.76243099661928e-25,0.38234321037806,0.462,0.132,2.06222787015608e-20
"LTBP1",5.03988290136764e-25,0.783777295711828,0.28,0.022,2.18237009395022e-20
"CAMSAP2",5.07445214742273e-25,0.30175045458846,0.484,0.138,2.19733926887699e-20
"TLK2",5.34937738930083e-25,0.250793664649732,0.391,0.084,2.31638739711504e-20
"APPL2",5.67027971894102e-25,0.394467530576126,0.353,0.062,2.45534452389584e-20
"TMEM140",5.87674800494128e-25,0.5928992044564,0.327,0.051,2.54474942109967e-20
"PTPN12",6.08054509579268e-25,0.473183905562503,0.37,0.076,2.63299763738014e-20
"HSP90AA1",7.03321322823396e-25,-1.08455194186914,0.88,0.758,3.04552199208987e-20
"KCNK10",7.45436940779734e-25,0.819930973221876,0.275,0.022,3.2278910409644e-20
"MIR181A1HG",8.10069664238353e-25,0.428601639329592,0.542,0.18,3.50776366008492e-20
"ADAM19",8.16007535588546e-25,0.648281518184069,0.284,0.025,3.53347583060552e-20
"KIAA0586",8.40351446845524e-25,0.375971142032714,0.401,0.09,3.63888983513049e-20
"PSMD1",8.4976251492588e-25,0.530491821224217,0.392,0.087,3.67964164213205e-20
"HYDIN",8.66307675398531e-25,0.268575830245906,0.337,0.051,3.75128549601072e-20
"AVL9",1.05830831603684e-24,0.305630186200197,0.401,0.093,4.58268667010272e-20
"PRKAR1A",1.21527658601787e-24,0.319720125725903,0.357,0.065,5.26239067277459e-20
"IRF2",1.24684755231254e-24,0.36799333921801,0.423,0.104,5.39909927102375e-20
"AC066613.2",1.28090425581507e-24,0.702727393828328,0.247,0.006,5.54657160853043e-20
"DGKI",1.35800103390128e-24,0.578089710748333,0.403,0.098,5.88041607699932e-20
"LRBA",1.44947312909651e-24,0.404658162108824,0.483,0.143,6.27650854361369e-20
"AL121761.1",1.45180478828683e-24,0.716461586852228,0.241,0.003,6.28660509423962e-20
"RFX7",1.50007898857016e-24,0.459411878013934,0.397,0.093,6.49564203630649e-20
"KIAA1324L",1.52284331664273e-24,0.363835577954939,0.539,0.18,6.59421612972635e-20
"TMEM230",1.62813352139794e-24,0.256840903082836,0.352,0.065,7.05014377435736e-20
"ELF1",1.7711763352723e-24,0.570156811396836,0.46,0.132,7.66954776699611e-20
"CCDC6",1.81711316342933e-24,0.764653231440984,0.299,0.037,7.86846342028169e-20
"SRGAP3",1.831523137147e-24,0.446104389206024,0.401,0.098,7.93086148847394e-20
"NCOA2",1.94226101528981e-24,0.364001439377874,0.564,0.202,8.41037864840794e-20
"RPS13",1.95129314688328e-24,-1.38387804091199,0.049,0.177,8.449489584634e-20
"KLHL4",2.03771055140982e-24,0.256835617280295,0.475,0.14,8.82369422971482e-20
"MUM1",2.08295760598074e-24,0.367445031775026,0.345,0.062,9.01962302541779e-20
"KATNAL1",2.16575784441483e-24,0.474380558258162,0.318,0.045,9.37816461788511e-20
"PPP2CB",2.52801321332285e-24,0.343368286042484,0.349,0.062,1.09468028163306e-19
"UBR2",2.62383320385487e-24,0.435116474545058,0.513,0.163,1.13617225393324e-19
"RAF1",2.77200879218535e-24,0.465071376074828,0.354,0.067,1.2003352471921e-19
"SCMH1",2.87860058823276e-24,0.511458101779746,0.318,0.048,1.24649162671655e-19
"MGAT5",3.43197289009826e-24,0.372058574901509,0.649,0.261,1.48611290087035e-19
"RPS15A",3.76495602185144e-24,-1.12487840434211,0.029,0.135,1.63030125658211e-19
"UBR3",3.77963101665367e-24,0.256165143976652,0.669,0.256,1.63665582283137e-19
"NEK7",3.79073118398432e-24,0.411745346367191,0.457,0.132,1.64146241728889e-19
"CHM",3.95301125739528e-24,0.4629971567371,0.323,0.051,1.7117329346773e-19
"LRP6",4.00088349517564e-24,0.501086507143709,0.329,0.056,1.73246257108096e-19
"SUPT3H",4.50063648238004e-24,0.288846869169168,0.493,0.154,1.94886560960021e-19
"RPL23",4.62560823887931e-24,-1.16557914086894,0.037,0.152,2.00298087959952e-19
"ATP11B",4.78163251314264e-24,0.38679220471759,0.394,0.093,2.07054251084103e-19
"MACO1",5.27404758093134e-24,0.489478417079842,0.281,0.025,2.28376808349489e-19
"LINC01184",5.33290489187177e-24,0.393098163229025,0.427,0.112,2.30925447627832e-19
"APOL6",5.69478450153302e-24,0.590977495595479,0.242,0.006,2.46595558485383e-19
"AC006978.2",6.09818244468902e-24,0.647816331847032,0.236,0.003,2.64063496219924e-19
"UBE2K",6.50628176765403e-24,0.297795999646504,0.475,0.143,2.81735013102955e-19
"SPATA7",6.55915478414978e-24,0.569390290150204,0.276,0.025,2.84024520463254e-19
"CMIP",6.56103169706441e-24,0.407574717283803,0.358,0.07,2.84105794546283e-19
"AL138752.2",6.63628616053135e-24,0.716988562824064,0.241,0.006,2.87364463323329e-19
"HDAC8",7.05366214088361e-24,0.314643902231182,0.378,0.081,3.05437678024542e-19
"TMEM117",7.12266579472846e-24,0.714747850002978,0.403,0.104,3.08425674243332e-19
"KLHL2",7.16773172118912e-24,0.308626943576176,0.477,0.138,3.10377118990931e-19
"PDE7A",7.35856431996331e-24,0.265023198165807,0.423,0.11,3.18640552183051e-19
"AC105383.1",7.3630027777897e-24,0.763007881390844,0.241,0.006,3.1883274628385e-19
"KANSL1L",8.07455487855299e-24,0.346428441090521,0.471,0.14,3.49644375351102e-19
"HIPK3",8.17883293526094e-24,0.416943558622429,0.367,0.076,3.54159823762669e-19
"KDM2A",8.20298850907099e-24,0.268942498511398,0.437,0.121,3.55205808419792e-19
"ZFP36L2",8.53868906323636e-24,0.403430436928624,0.303,0.039,3.69742313816261e-19
"DCAF6",8.8194051364553e-24,0.515450021093289,0.32,0.053,3.81897881218787e-19
"RSRC1",8.95091770082749e-24,0.408383306331988,0.407,0.101,3.87592638281232e-19
"FOXO1",9.18640363230609e-24,0.327415567822634,0.501,0.16,3.97789650086118e-19
"ZNF536",9.52911908107981e-24,0.458619351583818,0.901,0.48,4.12629914448918e-19
"BTBD8",1.02138486806407e-23,0.403465991642976,0.33,0.053,4.42280075569103e-19
"KIAA0319L",1.12636744882125e-23,0.295825276180499,0.389,0.09,4.87739632688576e-19
"NEK1",1.19608743769973e-23,0.388203180614249,0.47,0.14,5.17929782272735e-19
"CBFB",1.20781472430173e-23,0.277202546159428,0.467,0.135,5.23007931917134e-19
"MT-ND2",1.34401185312156e-23,-1.83580152967377,0.438,0.534,5.81984012638696e-19
"ODR4",1.362421391661e-23,0.400044499220673,0.267,0.02,5.89955711017046e-19
"CHD7",1.43345157447987e-23,0.27294812462663,0.484,0.146,6.20713200781273e-19
"UGGT2",1.46648986637942e-23,0.262455159446984,0.44,0.121,6.35019441939615e-19
"NUP98",1.56873414155451e-23,0.366890315022652,0.329,0.056,6.79293257975934e-19
"EXT1",1.615480332301e-23,0.790616259337693,0.356,0.079,6.99535293492978e-19
"SPTLC1",1.69604657643586e-23,0.637583814746495,0.277,0.028,7.34422088528255e-19
"CCM2",1.76417713559559e-23,0.592729714462531,0.298,0.039,7.63923983255603e-19
"ATP5F1B",1.82539919919503e-23,0.629527823325985,0.254,0.014,7.90434361235431e-19
"PAG1",1.85172772577855e-23,0.549287906356862,0.306,0.045,8.0183513981663e-19
"HACD2",1.89378270200488e-23,0.294829226086564,0.31,0.045,8.20045785622154e-19
"PCSK6",2.18717035131656e-23,0.342249588265501,0.84,0.43,9.47088505527097e-19
"ANAPC1",2.28360619234357e-23,0.564415226770439,0.284,0.034,9.88847153408613e-19
"AP2M1",2.29124283090028e-23,0.412844768221617,0.254,0.014,9.92153970636439e-19
"RPS24",2.32991228438214e-23,-1.52924046740891,0.106,0.264,1.00889861738315e-18
"KIF19",2.43732611022075e-23,0.35069228577185,0.333,0.059,1.05541095224779e-18
"AP3B1",2.455082409292e-23,0.337531091453865,0.564,0.202,1.06309978487162e-18
"LYST",2.75198123971607e-23,0.456740706577674,0.367,0.081,1.19166291642185e-18
"TRIO",2.75451408175559e-23,0.340360362249066,0.428,0.112,1.1927596876818e-18
"EHBP1",2.84932131021725e-23,0.58400024881103,0.329,0.062,1.23381311375027e-18
"AC010618.3",2.87982160112692e-23,0.577816749287499,0.253,0.014,1.24702034971998e-18
"PCNX4",2.89729258311474e-23,0.469347138325845,0.259,0.017,1.25458563434035e-18
"PCID2",2.97534323101302e-23,0.320984132923331,0.34,0.062,1.28838312589326e-18
"NFATC3",3.06595899912961e-23,0.275781240509887,0.381,0.087,1.3276215658031e-18
"PDS5B",3.1028200972185e-23,0.366959519799397,0.527,0.177,1.34358315849756e-18
"FRY",3.36318889352547e-23,0.842987180087881,0.328,0.067,1.4563280546744e-18
"HAPLN2",3.53509521448045e-23,0.329133495643749,0.62,0.242,1.53076692977433e-18
"TJP1",3.61003775382032e-23,0.441386721437904,0.898,0.463,1.56321854815927e-18
"SMIM29",3.67460012076587e-23,0.60510755222281,0.235,0.006,1.59117534429404e-18
"VWA8",3.81338126445671e-23,0.417709283208923,0.395,0.098,1.65127035513505e-18
"RPL23A",4.04976008833119e-23,-1.79969199946541,0.133,0.295,1.75362711344917e-18
"AC092691.1",4.36880880113636e-23,1.30811864695478,0.228,0.003,1.89178158706807e-18
"FUT8",4.78956592342539e-23,0.363657845912802,0.83,0.393,2.07397783616166e-18
"PER3",5.02341304333655e-23,0.355747394445057,0.448,0.129,2.17523831602559e-18
"KLHL3",5.44518605321115e-23,0.286456433126769,0.391,0.098,2.35787446476149e-18
"PLD3",5.9278865256174e-23,0.251057404055092,0.419,0.107,2.56689342332285e-18
"ANKRD13C",6.06151610432318e-23,0.32567315294483,0.408,0.107,2.62475770349403e-18
"MAPK10",6.50776741521238e-23,0.254857185935731,0.565,0.202,2.81799344613527e-18
"YME1L1",6.55933651345153e-23,0.387145713693238,0.361,0.079,2.84032389705478e-18
"SELENOF",6.56437920087911e-23,0.567097147521003,0.255,0.017,2.84250748156467e-18
"SLC38A9",6.74219986514625e-23,0.263588576392095,0.427,0.115,2.91950738560563e-18
"ZNF680",6.92360926713348e-23,0.409790029070258,0.307,0.048,2.99806128485414e-18
"LRP1B",7.00141069148681e-23,0.661814816206231,0.54,0.216,3.03175085762762e-18
"TDRD3",7.02347578661916e-23,0.309711371728503,0.436,0.124,3.04130548512183e-18
"HSPA12A",7.7261546395689e-23,0.456115966659519,0.375,0.09,3.34557948202612e-18
"NPLOC4",7.82840241886575e-23,0.42724006150458,0.317,0.051,3.38985481541725e-18
"MEST",7.88743888928401e-23,0.863221499648395,0.238,0.011,3.41541878783776e-18
"LINC02062",7.95714756690525e-23,0.619707501753139,0.238,0.008,3.44560403942131e-18
"PARG",8.64532173209608e-23,0.578390234466307,0.321,0.056,3.74359721643225e-18
"AC012593.1",8.72294626388384e-23,0.717048496329526,0.455,0.163,3.77721019118698e-18
"PHF11",8.74858585035079e-23,0.599143760283476,0.237,0.008,3.7883126449189e-18
"CPEB3",8.82226465716543e-23,0.526638698104995,0.419,0.118,3.82021704184578e-18
"NFKB1",9.33727281965344e-23,0.377868442107976,0.384,0.093,4.04322587636633e-18
"PLPPR1",9.75894466290816e-23,0.491299606964445,0.404,0.11,4.22581821793249e-18
"CAPS2",1.03069619941861e-22,0.576786733187981,0.36,0.081,4.46312068272246e-18
"AC109927.1",1.04777895976909e-22,0.752258061437592,0.243,0.011,4.53709245159211e-18
"TMEM259",1.06650605455129e-22,0.363022861739491,0.337,0.065,4.61818451741798e-18
"AGAP1",1.09034946272628e-22,0.401011615153354,0.94,0.565,4.72143124349736e-18
"PTCD3",1.11973678567901e-22,0.465890485079675,0.309,0.053,4.84868422934725e-18
"BTRC",1.12135343749414e-22,0.32971589720756,0.414,0.107,4.85568465503714e-18
"KIAA1328",1.12394701234212e-22,0.353320896556702,0.476,0.154,4.86691535284386e-18
"DDHD1",1.14820518450138e-22,0.287814533035281,0.403,0.104,4.97195808992787e-18
"RHBDD1",1.28688833187487e-22,0.579910137051451,0.354,0.079,5.57248385468454e-18
"ZNF718",1.42864967953411e-22,0.478191348920422,0.31,0.051,6.18633884231859e-18
"EPB41L1",1.62664094891456e-22,0.303251531273494,0.418,0.115,7.04368063698983e-18
"ZZEF1",1.62754031753278e-22,0.399362164489552,0.337,0.065,7.04757508298046e-18
"WDR70",1.65498653580736e-22,0.28851140743528,0.492,0.157,7.16642269735301e-18
"AL358216.1",1.66461161618364e-22,0.666935545328057,0.224,0.003,7.20810122039838e-18
"SEMA4B",1.66708272199857e-22,0.502089555987018,0.334,0.065,7.21880160279819e-18
"SEC14L1",1.80060254078253e-22,0.341393395080584,0.345,0.07,7.79696912209653e-18
"SSH2",1.89630164229102e-22,0.331860174869219,0.79,0.365,8.21136537144858e-18
"SPOCK3",1.93097099491969e-22,0.468010431440206,0.926,0.565,8.36149060220125e-18
"AC004158.1",1.9681052254073e-22,0.465189491474624,0.283,0.034,8.52228924705867e-18
"GRB10",1.97795238047879e-22,0.347739056009947,0.466,0.143,8.56492939794928e-18
"PTS",2.04913716406708e-22,0.489650782975473,0.308,0.053,8.87317374784325e-18
"CDC73",2.19978510831792e-22,0.443118665664985,0.364,0.084,9.52550947603825e-18
"CHFR",2.2956334777855e-22,0.521222346886965,0.286,0.037,9.94055208550679e-18
"FAM114A1",2.33757762794178e-22,0.336991250812239,0.303,0.048,1.01221786445135e-17
"JAKMIP3",2.39970923246797e-22,0.25232085544117,0.42,0.121,1.03912209184328e-17
"ENTPD1-AS1",2.46117798643017e-22,0.422604053547294,0.454,0.143,1.06573929168399e-17
"SACM1L",2.46541668695115e-22,0.525116223092418,0.292,0.045,1.06757473378359e-17
"TSEN15",2.70950112777446e-22,0.312247168306841,0.389,0.098,1.1732681783489e-17
"TUBGCP3",2.72945245924194e-22,0.324832767570668,0.307,0.048,1.18190750390094e-17
"PUM3",2.78615819360831e-22,0.397445802121439,0.398,0.104,1.20646222099627e-17
"ARMH4",2.81375153303174e-22,0.380408828245545,0.25,0.017,1.2184106888334e-17
"CBR4",2.8446822595166e-22,0.464917706106212,0.427,0.121,1.23180431201588e-17
"EFR3A",3.07758019099593e-22,0.353076045960419,0.312,0.053,1.33265377430506e-17
"HLA-A",3.09218451935205e-22,0.254304494299332,0.323,0.059,1.33897774056982e-17
"MAST4",3.20519956462882e-22,0.716018334259952,0.305,0.053,1.38791551547557e-17
"RAB3GAP1",3.57649317346965e-22,0.291893840089724,0.435,0.126,1.54869307397583e-17
"AL160269.1",3.86033000197101e-22,0.609900588150895,0.232,0.008,1.67160009745349e-17
"ATP13A3",4.08830712883672e-22,0.471050301652134,0.3,0.048,1.77031875292888e-17
"BRMS1L",4.2132587964338e-22,0.349958800047332,0.351,0.076,1.82442532403176e-17
"RAB11FIP2",4.29009662217526e-22,0.260781528834473,0.383,0.096,1.85769763933433e-17
"TBCD",5.09614192037218e-22,0.264074374034176,0.397,0.104,2.20673137435956e-17
"DNAJC1",5.33873810122976e-22,0.439752640719568,0.497,0.169,2.31178037259451e-17
"RPL11",5.69549931791247e-22,-1.76635835557459,0.126,0.281,2.46626511464246e-17
"WASF2",5.7101425014793e-22,0.259006368992432,0.443,0.126,2.47260590599057e-17
"KANTR",5.80902477467859e-22,0.300377548044026,0.347,0.073,2.51542390793132e-17
"ZNF33A",5.91911181787249e-22,0.306135452502234,0.316,0.053,2.56309379937515e-17
"PAPOLG",5.99074254720164e-22,0.595016614659451,0.274,0.034,2.59411133778926e-17
"DANT2",6.94425417884249e-22,0.284309277864518,0.387,0.101,3.00700094452237e-17
"ZNF638",7.10605990396872e-22,0.351874900835329,0.916,0.494,3.07706605961653e-17
"ANKS1B",7.36066635279484e-22,0.417607668598716,0.902,0.506,3.18731574408722e-17
"PLCL1",7.60679314378763e-22,0.444156296731721,0.928,0.556,3.29389356712292e-17
"MIB1",7.95552704986107e-22,0.273748222993007,0.383,0.096,3.44490232313084e-17
"KHDRBS3",8.11677411108079e-22,0.425032766609206,0.338,0.073,3.5147255255802e-17
"LAMA2",8.76476279038517e-22,0.450031718386844,0.384,0.104,3.79531758349259e-17
"PIGU",8.83908384850073e-22,0.507135864622655,0.34,0.07,3.82750008807779e-17
"ARHGAP17",9.18044392441411e-22,0.26031479075055,0.433,0.124,3.9753158281498e-17
"BAIAP2L1",1.02302706921007e-21,0.57151787720721,0.223,0.006,4.42991181509344e-17
"NCOR2",1.04288725526981e-21,0.305473613554512,0.413,0.112,4.51591039276935e-17
"ME1",1.06911069543218e-21,0.571891177726191,0.31,0.059,4.62946313336043e-17
"ZMIZ1",1.09393928436037e-21,0.421207465137702,0.339,0.07,4.73697588913729e-17
"MCAM",1.11404540511571e-21,0.387996014366448,0.302,0.048,4.82403941323203e-17
"ARHGEF12",1.16548422406371e-21,0.371443194997292,0.379,0.098,5.04677978704066e-17
"HABP4",1.16648738706354e-21,0.303940335674639,0.352,0.076,5.05112368346254e-17
"ASPHD1",1.17015937796931e-21,0.257923170346379,0.35,0.076,5.06702413848271e-17
"OTUD4",1.19531294826903e-21,0.464336075769546,0.277,0.037,5.17594412859455e-17
"ETFDH",1.24305370468459e-21,0.380502927458373,0.33,0.067,5.38267115202522e-17
"KDM5A",1.24777287847057e-21,0.305425323073451,0.392,0.101,5.40310611835324e-17
"CADM1",1.31088706027927e-21,0.326454588854927,0.831,0.402,5.67640314842131e-17
"PSMB5",1.31558041815941e-21,0.317069372446246,0.255,0.022,5.69672632671387e-17
"PIK3C3",1.31787882856276e-21,0.286258265928048,0.368,0.09,5.70667890344245e-17
"CRADD",1.43981007765059e-21,0.515288046303067,0.46,0.154,6.2346655982426e-17
"AC092958.1",1.44349203867002e-21,0.670761357095644,0.216,0.003,6.25060922584891e-17
"ADNP2",1.46205415968371e-21,0.507710368143978,0.282,0.039,6.33098692226241e-17
"INO80",1.46498047719184e-21,0.300974689517529,0.301,0.048,6.34365846233609e-17
"RPS26",1.4807452874665e-21,-1.09069680463568,0.036,0.143,6.41192324378745e-17
"PAK1",1.53191867625978e-21,0.571619497891478,0.319,0.065,6.63351425194009e-17
"NSMAF",1.66454537388131e-21,0.380655367058018,0.264,0.028,7.20781437798084e-17
"STX7",1.81281315250569e-21,0.28148678505819,0.37,0.087,7.84984351298015e-17
"PIKFYVE",1.84349914812588e-21,0.281860754228891,0.369,0.087,7.98272001121467e-17
"AL139383.1",1.94245390096994e-21,0.422576161738776,0.265,0.028,8.41121388198003e-17
"MLLT3",2.03553565088742e-21,0.704068685242188,0.368,0.098,8.81427647547269e-17
"PDE5A",2.05339526474628e-21,0.653543838964231,0.219,0.006,8.89161217540433e-17
"ELOVL7",2.17510368204504e-21,0.297190821415327,0.383,0.098,9.41863396399144e-17
"FBXL7",2.18339293308722e-21,0.315096296733437,0.732,0.343,9.45452807885429e-17
"DENND2A",2.21016364939354e-21,0.406380852827767,0.305,0.056,9.57045063460391e-17
"ELMO1-AS1",2.29776781158118e-21,0.637997809660371,0.256,0.028,9.94979417770884e-17
"FAM228B",2.3470210352464e-21,0.524525171095513,0.286,0.045,1.0163070486824e-16
"RERE",2.57953038751694e-21,0.320889871359624,0.831,0.388,1.11698824840258e-16
"GMDS-DT",2.78810555344214e-21,0.598653273609625,0.278,0.037,1.20730546675151e-16
"ZNF780B",2.84099257692937e-21,0.433831722630251,0.308,0.053,1.23020660566196e-16
"TUT7",2.91172615823808e-21,0.466025171761867,0.236,0.014,1.26083566104025e-16
"PIK3CB",2.92428128827774e-21,0.330355725605951,0.397,0.112,1.26627228345003e-16
"LRIG1",2.97981063534494e-21,0.388033043354112,0.355,0.084,1.29031760131707e-16
"RAPGEF2",2.99514665142787e-21,0.259051087790981,0.491,0.169,1.2969584030013e-16
"PLS3",3.00709483138234e-21,0.391044694867698,0.369,0.09,1.30213220388518e-16
"DPP6",3.10095815426088e-21,0.285461244015593,0.52,0.199,1.34277689995805e-16
"PHKB",3.26275486990024e-21,0.303476071535253,0.408,0.115,1.4128381137642e-16
"EPB41L4A",3.48445285651778e-21,0.660102932890091,0.245,0.022,1.50883777592933e-16
"RPL36",3.65339676875751e-21,-1.51153600924012,0.105,0.253,1.58199386880738e-16
"SEC23A",4.17590727939853e-21,0.306323065178898,0.305,0.053,1.80825137012515e-16
"LRRC37A3",4.49047292133873e-21,0.462164327706708,0.263,0.031,1.9444645843981e-16
"ZNF365",4.6968314527726e-21,0.539667809920466,0.442,0.146,2.03382195567959e-16
"DOPEY1",4.7408598824648e-21,0.316511750257643,0.383,0.101,2.05288714630491e-16
"WDR37",4.74241263543038e-21,0.466915195971176,0.349,0.081,2.05355951939406e-16
"ELP2",4.87631002159631e-21,0.375619551603505,0.375,0.096,2.11153976555164e-16
"TATDN3",5.01423837176756e-21,0.292163806735328,0.316,0.059,2.17126549974279e-16
"MAML2",5.07109460936045e-21,0.780691556983108,0.345,0.087,2.19588538774526e-16
"HIST1H2AC",5.83407349816299e-21,0.340573693412511,0.358,0.084,2.52627050617454e-16
"LINC00486",5.93792339663929e-21,0.564691078042651,0.251,0.028,2.57123958921275e-16
"ATP2A2",6.05658572985465e-21,0.288005682831666,0.363,0.09,2.62262275274166e-16
"RALGAPB",6.18202667458589e-21,0.263915404801782,0.343,0.079,2.67694119062918e-16
"SHLD2",6.41023296849742e-21,0.758250538733699,0.215,0.006,2.77575908001875e-16
"CCNT2",6.54230988157045e-21,0.257750443666598,0.337,0.07,2.83295102491763e-16
"FERMT2",6.87284229773882e-21,0.274499464231116,0.44,0.132,2.97607817176686e-16
"MIER1",7.00241408377714e-21,0.284370593581497,0.35,0.081,3.03218534655718e-16
"CHIC1",7.1136094228238e-21,0.460695514858727,0.277,0.039,3.08033515227116e-16
"RPL27",7.2179456552477e-21,-1.00031878643139,0.039,0.146,3.12551482763536e-16
"C10orf90",7.94562634224787e-21,0.334426083871008,0.875,0.441,3.44061511872017e-16
"SENP5",8.19848265478277e-21,0.344790023561639,0.356,0.084,3.55010695917403e-16
"DIP2B",8.37364123196731e-21,0.306668881745339,0.903,0.5,3.62595412626649e-16
"RPL12",8.45953183715283e-21,-1.22474589349817,0.062,0.188,3.66314647612392e-16
"DISC1",8.88435720986442e-21,0.56623916335873,0.284,0.045,3.84710435901549e-16
"TMEM165",9.21602013194291e-21,0.435277472663437,0.927,0.581,3.99072103753392e-16
"PRICKLE2",9.25335591336896e-21,0.650868456669741,0.24,0.022,4.00688817760703e-16
"DGLUCY",9.50516115948267e-21,0.256135985489985,0.253,0.025,4.11592488527919e-16
"MAST2",1.02998971785136e-20,0.262892647280543,0.278,0.039,4.46006147623997e-16
"CEP95",1.11344847989286e-20,0.284876746685354,0.285,0.042,4.82145460763208e-16
"CREB1",1.13947931891225e-20,0.341723773448454,0.315,0.065,4.93417334675382e-16
"SPIDR",1.26842848900297e-20,0.326830049405018,0.387,0.107,5.49254904308066e-16
"AL078590.3",1.40580627301123e-20,0.504132465489385,0.235,0.017,6.08742232339322e-16
"SPRED1",1.60040148318511e-20,0.274127875369647,0.427,0.129,6.93005850248816e-16
"SLMAP",1.6404211971506e-20,0.263392812296852,0.385,0.107,7.10335186790155e-16
"PPP2R2D",1.67329785886373e-20,0.530168000112317,0.313,0.062,7.24571438845174e-16
"KIAA1147",1.694083110892e-20,0.493145349668191,0.293,0.053,7.33571868678452e-16
"WRB",1.74882063827184e-20,0.54283691785407,0.228,0.014,7.5727431278447e-16
"LINC00862",1.78641926418524e-20,0.441418375498565,0.27,0.037,7.73555269777491e-16
"AL117339.5",1.81940409515709e-20,0.525354953321133,0.228,0.014,7.87838361284923e-16
"ASNS",1.88501064479977e-20,0.621809616533087,0.258,0.031,8.16247309411195e-16
"AKAP8L",1.90699723642938e-20,0.252152318737461,0.307,0.056,8.25767943318648e-16
"NSD2",2.00250220438577e-20,0.427717114463509,0.239,0.02,8.67123504543124e-16
"SFMBT2",2.03057779463045e-20,0.316809811346352,0.432,0.135,8.79280796630876e-16
"MIDN",2.03484195227599e-20,0.282009458460422,0.266,0.037,8.8112726217455e-16
"MFAP3L",2.05552615584758e-20,0.273027603940986,0.395,0.112,8.9008393600512e-16
"AMPD3",2.10633104231558e-20,0.461567482698535,0.304,0.056,9.12083467943491e-16
"TUBE1",2.29569133807294e-20,0.367238752912691,0.293,0.051,9.94080263212347e-16
"LHFPL6",2.31375600953676e-20,0.653970399410807,0.222,0.011,1.00190262724961e-15
"PCCB",2.35575875696933e-20,0.349850862988178,0.338,0.079,1.02009065694286e-15
"KPNA4",2.43297006660091e-20,0.269683213336238,0.312,0.065,1.05352469823952e-15
"RNGTT",2.45958037343046e-20,0.287290077589817,0.329,0.073,1.06504749330286e-15
"EMSY",2.54706279453608e-20,0.259711970582313,0.335,0.073,1.10292913129001e-15
"RMDN1",2.56229918449396e-20,0.443229659872114,0.266,0.037,1.10952679286957e-15
"AC010615.4",2.57466397029899e-20,0.529674761655146,0.222,0.011,1.11488099241887e-15
"TANK",2.88733724975192e-20,0.416761267272858,0.324,0.07,1.25027477588758e-15
"LINC02241",3.23414990406019e-20,0.411108730695024,0.221,0.011,1.40045159145614e-15
"AC084337.2",3.26915013971796e-20,0.450415895949754,0.209,0.006,1.41560739350067e-15
"LAP3",3.58107258180633e-20,0.693798775612914,0.223,0.014,1.55067604937378e-15
"SMAD5",3.76200478831508e-20,0.431979772883914,0.251,0.028,1.6290233134362e-15
"PSMC5",4.03533733539687e-20,-0.797342003889352,0.021,0.104,1.74738177297355e-15
"ANKRD23",4.28186544812471e-20,0.478894655157272,0.249,0.028,1.85413337634696e-15
"CDKAL1",4.36698458170603e-20,0.261056033111624,0.521,0.191,1.89099166357035e-15
"PIGC",4.59080685899136e-20,0.466319233798937,0.263,0.037,1.98791118608044e-15
"LRRC8C-DT",4.60296461177538e-20,0.442435278714501,0.225,0.014,1.99317573619098e-15
"FAM66D",4.88427105611191e-20,0.57316591037432,0.254,0.031,2.11498705271758e-15
"POLA1",4.93810874287642e-20,0.386551161278825,0.346,0.084,2.13829984784035e-15
"AC097103.2",4.98114028089377e-20,0.484485999826901,0.236,0.02,2.15693336443262e-15
"AC233296.1",5.11310312012449e-20,0.856582869788926,0.219,0.011,2.21407591307631e-15
"EVL",5.69794674435909e-20,0.334755250656013,0.411,0.126,2.46732489924237e-15
"AC139887.2",5.8543975665368e-20,0.4507975788152,0.251,0.028,2.53507123426177e-15
"UMAD1",6.10649022003816e-20,0.386927693687867,0.342,0.084,2.64423239508092e-15
"RPS21",6.12875223850472e-20,-1.14897905114958,0.048,0.16,2.65387229431731e-15
"AC018682.1",6.15665475923852e-20,0.543713569340458,0.201,0.003,2.66595464384546e-15
"IFRD1",6.3485654072427e-20,0.282764865935125,0.251,0.028,2.74905579264423e-15
"SNAPC3",6.43185220433038e-20,0.275379559869265,0.27,0.039,2.78512064151914e-15
"ACSS2",6.66318258940935e-20,0.366497894194495,0.342,0.081,2.88529132486604e-15
"C16orf72",6.67080304153601e-20,0.337270196121923,0.229,0.017,2.88859113304592e-15
"ARMCX4",7.47015643287e-20,0.377862034707145,0.299,0.056,3.23472713856137e-15
"ARHGEF3",7.50378144874388e-20,0.426202333415809,0.372,0.104,3.24928744293508e-15
"ABHD2",7.54247903653113e-20,0.649140602634593,0.24,0.025,3.26604427239871e-15
"ZNF83",8.70828958415785e-20,0.348684547529089,0.311,0.065,3.77086355573203e-15
"PGM3",9.50300451999661e-20,0.400217758875369,0.222,0.014,4.11499101724893e-15
"ZCCHC2",9.70204673947764e-20,0.29537350282636,0.312,0.067,4.20118027912861e-15
"BRF1",1.00176349863137e-19,0.263265464374271,0.32,0.07,4.33783630177357e-15
"SMARCC1",1.05194133777499e-19,0.363515957912657,0.39,0.112,4.55511638083328e-15
"RPS11",1.05430215708725e-19,-1.62081694441728,0.147,0.295,4.56533920061922e-15
"LARP4B",1.054775807349e-19,0.251413870737154,0.326,0.073,4.56739020098264e-15
"ZNF529",1.07047295542422e-19,0.437893710929068,0.305,0.062,4.63536199157798e-15
"VTI1A",1.14781712773747e-19,0.325405877576941,0.48,0.171,4.97027772652881e-15
"KPNA3",1.15051128748467e-19,0.271656951251213,0.374,0.104,4.9819439770661e-15
"OPA1",1.18983763411733e-19,0.381422421366773,0.371,0.101,5.15223492325487e-15
"AKAP10",1.19038383171903e-19,0.281769254746338,0.313,0.067,5.15460006810973e-15
"LINC00240",1.19638161547901e-19,0.599613492748417,0.218,0.014,5.18057167134719e-15
"PARP4",1.30091123690946e-19,0.325597722921782,0.307,0.062,5.63320583806535e-15
"ADAM12",1.37298994794557e-19,0.293419168816373,0.36,0.096,5.94532107259389e-15
"PPP2R2B",1.39783039682086e-19,0.382978264546691,0.95,0.567,6.05288518431368e-15
"KIZ",1.47860200691887e-19,0.275821276860312,0.45,0.152,6.40264241036007e-15
"LSAMP",1.49302535500323e-19,0.339423657597829,0.689,0.329,6.46509839223497e-15
"DPY19L1",1.50007070567326e-19,0.462806269494292,0.274,0.045,6.49560616970636e-15
"STN1",1.51919451419799e-19,0.537898299304938,0.198,0.003,6.57841608538015e-15
"PTAR1",1.52642956387337e-19,0.283928280823433,0.309,0.065,6.60974529748449e-15
"SCGB2B2",1.58662668611017e-19,0.477190394883665,0.278,0.048,6.87041087619425e-15
"LNPK",1.64252889404676e-19,0.476971723500002,0.209,0.008,7.1124786170013e-15
"YY1AP1",1.73129061844603e-19,0.285380412558989,0.343,0.084,7.49683463599499e-15
"TEAD1",1.8632799434224e-19,0.330246414468231,0.375,0.104,8.06837481100769e-15
"PPFIBP2",2.06264315656829e-19,0.452698583669273,0.285,0.053,8.93165739657202e-15
"CAMKMT",2.08036769919458e-19,0.257954078653532,0.465,0.169,9.00840821105239e-15
"SMARCAL1",2.09451451127629e-19,0.392977567507235,0.267,0.042,9.0696667367286e-15
"HACE1",2.11752483944584e-19,0.287290190561666,0.285,0.051,9.16930605976836e-15
"HIVEP3",2.44120056139011e-19,0.572898738695748,0.349,0.096,1.05708866709314e-14
"SMG6",2.45773750841089e-19,0.285127607667541,0.331,0.079,1.06424949589208e-14
"NRF1",2.47607417595984e-19,0.291841413916875,0.395,0.115,1.07218963967413e-14
"AC092835.1",2.50651568425769e-19,0.423343698827435,0.207,0.008,1.08537142159726e-14
"TAP1",2.54842141156186e-19,0.442132902507727,0.218,0.014,1.10351743963452e-14
"AC009690.1",2.59493630770853e-19,0.420500909352059,0.224,0.017,1.12365931996395e-14
"ERC2",2.64764256880486e-19,0.524357957456088,0.317,0.076,1.14648218514388e-14
"TXNL4A",2.68746899703391e-19,0.296739783384602,0.301,0.062,1.16372782509562e-14
"UNC5C",2.7495094086858e-19,0.324472414080502,0.879,0.449,1.19059256414913e-14
"LAMTOR1",2.76140730039176e-19,0.469780021973671,0.227,0.02,1.19574458921564e-14
"TMEM131L",2.83550252657741e-19,0.667512974959896,0.195,0.003,1.22782930405855e-14
"PRMT3",2.92200271195372e-19,0.433823796755922,0.285,0.051,1.2652856143302e-14
"SCFD1",3.06204053472155e-19,0.343237814115841,0.355,0.096,1.32592479234512e-14
"DENND6A",3.11045210835033e-19,0.296093821960269,0.289,0.053,1.34688797195786e-14
"FP700111.1",3.11231003748884e-19,0.500690426246402,0.2,0.006,1.34769249243342e-14
"ATR",3.14788242335712e-19,0.286544548511702,0.331,0.079,1.3630960469621e-14
"FAM85B",3.27746042505463e-19,0.308021788752593,0.232,0.022,1.41920591325715e-14
"LINC00513",3.40415309346835e-19,0.589603510443943,0.211,0.011,1.47406637253367e-14
"SMG7",3.71074049145269e-19,0.343512228711997,0.306,0.067,1.60682484760884e-14
"PLP1",3.82737231211943e-19,-0.523034570539812,0.97,0.938,1.65732875859396e-14
"AC005154.6",3.83079705223687e-19,0.41953083533355,0.222,0.017,1.65881173955961e-14
"FTH1",3.83842070146769e-19,0.429075723346949,0.926,0.657,1.66211293214954e-14
"ZNF782",4.09062159411083e-19,0.479294178907443,0.255,0.037,1.77132096268187e-14
"BCAT1",4.20608668340895e-19,0.576221854412109,0.257,0.037,1.82131965564975e-14
"TAF7",4.27005718860539e-19,0.386131799416358,0.221,0.017,1.8490201638099e-14
"ZNF84",4.32694542940141e-19,0.445050306407179,0.248,0.034,1.8736539098394e-14
"IFIT2",4.3458820835948e-19,0.370777808835674,0.261,0.039,1.88185385983822e-14
"HLA-E",4.59488079225493e-19,0.568825875284747,0.199,0.006,1.98967528066223e-14
"MTX2",4.62607281808327e-19,0.39433201705236,0.352,0.093,2.00318205168642e-14
"NAALADL2",4.86372186297706e-19,0.479711731865013,0.512,0.211,2.10608884110633e-14
"RUFY1",5.13270286454064e-19,0.272278015016638,0.274,0.045,2.22256299440339e-14
"R3HDM2",5.94821009987065e-19,0.404990676633627,0.322,0.076,2.57569393744599e-14
"AFG1L",6.0893929401606e-19,0.74030314707785,0.198,0.006,2.63682893094834e-14
"VDAC3",6.1135954905088e-19,0.436417591591689,0.288,0.059,2.64730911930012e-14
"AEBP2",6.57028243534224e-19,0.363719815094873,0.327,0.079,2.8450637001519e-14
"RHBDL3",6.88484361171391e-19,0.39913248858651,0.247,0.034,2.98127498074436e-14
"PRKCQ",7.31536216691586e-19,0.372919312718334,0.286,0.056,3.1676981255179e-14
"PPP2R1B",7.64359988302774e-19,0.290871461236744,0.249,0.034,3.30983162134867e-14
"ANKUB1",8.1587409020941e-19,0.292010055986742,0.29,0.056,3.53289798542479e-14
"SCLT1",8.21473362673466e-19,0.555363038724537,0.271,0.048,3.55714395504864e-14
"ARFIP1",8.87431456817952e-19,0.326752324716497,0.295,0.059,3.8427556943131e-14
"CBLB",8.90976254991531e-19,0.259818981904109,0.336,0.087,3.85810537936433e-14
"ELP1",9.35329399128692e-19,0.403233329352286,0.213,0.014,4.05016336410706e-14
"RPL7A",9.39263764485993e-19,-1.5863333087366,0.139,0.281,4.06719995297725e-14
"PTPN4",9.78833668646118e-19,0.250520359558756,0.343,0.09,4.23854555197142e-14
"EXOC2",1.01904491419969e-18,0.267760562525276,0.354,0.093,4.41266828746752e-14
"ATP5IF1",1.03239945444362e-18,0.432137633659441,0.207,0.011,4.47049611763175e-14
"PCNX2",1.06830695767988e-18,0.494421551222955,0.213,0.014,4.62598278814541e-14
"ZNF717",1.06922243043175e-18,0.326544977218893,0.272,0.045,4.62994696825556e-14
"DYNC1I1",1.07830471253716e-18,0.254818157580038,0.467,0.166,4.66927506622842e-14
"AC093879.1",1.12017670130239e-18,0.540697347460396,0.19,0.003,4.85058915197961e-14
"DDX58",1.24454599821383e-18,0.609807385882871,0.211,0.014,5.38913308146553e-14
"CEBPZOS",1.42144866564071e-18,0.366719984083028,0.225,0.022,6.15515701195742e-14
"AC104123.1",1.64888424585358e-18,0.862317140185286,0.183,0,7.13999856139519e-14
"ATP5MG",1.80093554131255e-18,0.27534151380151,0.222,0.02,7.79841108099158e-14
"ZNRF2",1.8410278802393e-18,0.504460363001046,0.261,0.045,7.9720189270122e-14
"FAM221A",1.94911104852813e-18,0.410134730639194,0.215,0.017,8.44004066233651e-14
"ST3GAL4",1.97872074926998e-18,0.464242714319055,0.277,0.051,8.56825658848886e-14
"PCDH10",2.03313982909203e-18,0.280363696450854,0.244,0.034,8.80390208793432e-14
"CEP70",2.17326650539492e-18,0.371658667698305,0.269,0.048,9.4106786216611e-14
"RASAL1",2.30046241203252e-18,0.318823253103156,0.264,0.048,9.96146233658321e-14
"SCFD2",2.45880266282932e-18,0.283149104414354,0.392,0.126,1.06471072905835e-13
"BARD1",2.48355042964975e-18,0.358941851678783,0.293,0.062,1.07542700704694e-13
"TMEM132C",2.55484676758606e-18,0.644095838033543,0.244,0.037,1.10629974730011e-13
"RPS14",2.62742546779297e-18,-1.50508120702696,0.144,0.287,1.13772777606371e-13
"METTL15",2.72212964863429e-18,0.369225643112073,0.354,0.098,1.17873658045162e-13
"PIGN",2.86806757900102e-18,1.08518676202441,0.329,0.084,1.24193062305902e-13
"GSTK1",3.08350642043524e-18,0.298780830296973,0.288,0.062,1.33521995017687e-13
"CDH11",3.439976252484e-18,0.402944085640766,0.3,0.07,1.48957851685062e-13
"LRRC63",3.84112681672529e-18,0.495863066390333,0.43,0.154,1.66328473417839e-13
"CD22",3.96429611298596e-18,-0.31785320289578,0.612,0.239,1.71661950284518e-13
"OSBPL8",4.23570567856248e-18,0.326709499350677,0.337,0.09,1.83414527293112e-13
"RNF170",4.6292773316605e-18,0.36244111868681,0.261,0.045,2.00456967015563e-13
"RASA2",4.63988720298096e-18,0.338426313670418,0.314,0.076,2.00916395663482e-13
"POT1",4.70363008372643e-18,0.341943566810455,0.26,0.045,2.03676589885522e-13
"FGGY",5.21438872328657e-18,0.85536838052423,0.204,0.014,2.25793460495755e-13
"TLL2",6.01567261230059e-18,0.551426363152927,0.227,0.028,2.6049065545784e-13
"PLEKHA7",6.18840563518417e-18,0.320620126743576,0.258,0.042,2.67970340814745e-13
"XIST",6.21330476850243e-18,0.547549688769851,0.277,0.053,2.69048523085692e-13
"GCFC2",6.24503688361048e-18,0.25631390283653,0.269,0.048,2.70422587134101e-13
"PSMF1",6.45318109884098e-18,0.293024604557011,0.216,0.02,2.79435647942012e-13
"NAPG",6.49447487510584e-18,0.317147583150329,0.298,0.067,2.81223751041833e-13
"HDAC9",6.8357994018829e-18,0.299357268788222,0.373,0.112,2.96003785700333e-13
"KYAT3",7.07380756748664e-18,0.312340434344467,0.2,0.011,3.06310015287307e-13
"VPS26C",7.23818846194781e-18,0.524729211930179,0.182,0.003,3.13428036779264e-13
"SELENOM",7.50063743128558e-18,0.304011759516207,0.21,0.017,3.24792602049528e-13
"ZNF138",7.54554989327335e-18,0.322796671888034,0.265,0.048,3.26737401478523e-13
"FAM69C",7.72887076164218e-18,0.41877132248383,0.257,0.045,3.3467556172063e-13
"USP25",8.38782053159778e-18,0.437789669425249,0.3,0.073,3.63209404659247e-13
"HMGN1",8.4164014886847e-18,0.272160425630037,0.25,0.042,3.64447017263025e-13
"WSCD1",8.71954214336211e-18,0.403373762161098,0.219,0.022,3.77573613891866e-13
"NAA35",9.34704409624551e-18,0.307813529423865,0.263,0.048,4.04745703455623e-13
"AC068888.1",9.36992836630126e-18,0.391607607517509,0.187,0.006,4.05736638117577e-13
"ENTPD3-AS1",1.03264300888137e-17,0.275071112618859,0.303,0.07,4.4715507570581e-13
"AP000688.2",1.05805327450229e-17,0.47178171809252,0.181,0.003,4.58158228924982e-13
"SELENOI",1.09926971453146e-17,0.407550064691792,0.203,0.014,4.76005771786411e-13
"APTX",1.16034656775629e-17,0.367771227812696,0.278,0.056,5.02453270769827e-13
"KLF3",1.16393819031163e-17,0.309804417995477,0.291,0.065,5.04008515168741e-13
"DPF3",1.22471397134355e-17,0.266722690057797,0.306,0.073,5.30325643871183e-13
"FRMD5",1.27938204187156e-17,0.390779438753645,0.951,0.64,5.53998011771224e-13
"PLEKHM3",1.45832687811071e-17,0.282001222308302,0.265,0.048,6.31484704759499e-13
"FBXW7",1.48928017886194e-17,0.33821304558552,0.319,0.084,6.44888103050797e-13
"CBWD5",1.57503235020487e-17,0.380367470988871,0.213,0.02,6.82020508285714e-13
"BACE2",1.61053363123403e-17,0.520086986351631,0.31,0.079,6.97393272996961e-13
"TSC22D2",1.63262932347305e-17,0.262354467814341,0.386,0.126,7.06961149650301e-13
"CIT",2.09935513388624e-17,0.532640568334564,0.214,0.022,9.09062760075421e-13
"SPAST",2.15033613104455e-17,0.267678386122561,0.26,0.048,9.3113855146491e-13
"TRIQK",2.21368049885657e-17,0.362050078184436,0.308,0.076,9.58567929614872e-13
"AL392023.2",2.32386930881346e-17,0.652192798620939,0.189,0.008,1.0062818881024e-12
"MANBA",2.38940047657861e-17,0.372554953624856,0.278,0.059,1.03465819436807e-12
"FGFR2",2.45460249507954e-17,0.277980227918711,0.82,0.399,1.06289197241934e-12
"CYFIP1",2.48206262618761e-17,0.446049316764522,0.215,0.022,1.07478275839176e-12
"INPP5F",2.60020046294058e-17,0.321364713668367,0.436,0.157,1.12593880446253e-12
"TYW1",2.72213228290881e-17,0.363959471950751,0.31,0.079,1.17873772114517e-12
"AC078881.1",2.93855123532194e-17,0.715626597220867,0.188,0.008,1.27245145591911e-12
"ZNF678",3.31047950444151e-17,0.311771698230267,0.234,0.034,1.43350383501326e-12
"HP1BP3",3.34932791987811e-17,-0.299721075974966,0.658,0.275,1.45032597586562e-12
"MCRIP1",3.35495957256539e-17,0.359299892516289,0.182,0.006,1.45276459411226e-12
"MIR29B2CHG",3.48117473179131e-17,0.327990271667198,0.204,0.017,1.50741828236027e-12
"COQ8B",3.52549586531365e-17,0.487787747703153,0.176,0.003,1.52661021959812e-12
"FBXL4",3.58313449970128e-17,0.299819554225758,0.334,0.093,1.55156890106065e-12
"AC116903.2",3.76301904043249e-17,0.493134912822703,0.181,0.006,1.62946250488808e-12
"KIAA1551",3.98640230513382e-17,0.505087712757136,0.221,0.028,1.72619192616905e-12
"RARRES3",4.11462076212126e-17,0.546017278582139,0.232,0.037,1.78171308241375e-12
"RAB12",4.23100613715401e-17,0.305895846765177,0.275,0.059,1.83211027751043e-12
"TARS",4.27390303013087e-17,0.411642964460887,0.236,0.037,1.85068549010727e-12
"GCLM",4.40164264936527e-17,0.494231266853068,0.199,0.017,1.90599930002815e-12
"AZIN1-AS1",4.46411115356386e-17,0.522027733349374,0.221,0.031,1.93304941171622e-12
"MED14",4.6648602691648e-17,0.325356822310884,0.236,0.037,2.01997779375374e-12
"LINC02328",4.87158288171982e-17,0.786119994981844,0.174,0.003,2.10949281944232e-12
"SOX10",4.99434786903081e-17,-0.306954681237565,0.4,0.124,2.16265251424772e-12
"SGK2",5.1969545792463e-17,0.42268219821599,0.227,0.031,2.25038527190523e-12
"PARD3B",5.27132148152167e-17,0.349571581553503,0.349,0.104,2.28258762792851e-12
"PSMD5",5.45216548535173e-17,0.471065533462926,0.185,0.008,2.360896698467e-12
"CRYAB",5.53777102942698e-17,-0.962249026456943,0.888,0.742,2.39796561116247e-12
"C11orf96",6.20826070710017e-17,0.411813377417434,0.21,0.022,2.68830105138851e-12
"AF117829.1",6.57318382918914e-17,0.323726965326568,0.202,0.017,2.84632006171548e-12
"ATP5MC3",7.18705688537752e-17,0.421740440002336,0.179,0.006,3.11213937250617e-12
"RPL31",7.23582356670123e-17,-1.34098776884488,0.089,0.213,3.13325632085297e-12
"ANAPC10",7.2998157685335e-17,0.296414021414337,0.246,0.042,3.16096622409038e-12
"GTPBP10",7.73096621641563e-17,0.469074280357103,0.2,0.017,3.3476629910323e-12
"AL449266.1",7.8636406134596e-17,0.466766570789618,0.173,0.003,3.40511365844028e-12
"AL589740.1",8.36913988453328e-17,0.54719965133832,0.206,0.02,3.6240049528006e-12
"CCPG1",8.58218831218656e-17,0.33837806024393,0.28,0.065,3.71625918294303e-12
"RAB28",8.67248226585898e-17,0.360184816703465,0.263,0.056,3.75535827076226e-12
"NBN",8.87010245913669e-17,0.276215375548359,0.235,0.037,3.84093176685537e-12
"IRAK2",9.01484780970466e-17,0.267040110053612,0.283,0.065,3.90360939855831e-12
"TTC14",9.36900337355492e-17,-0.387529330030139,0.354,0.101,4.05696584081675e-12
"AL512506.3",9.61539828843457e-17,0.434658996493724,0.172,0.003,4.16365976685794e-12
"RTCB",9.79406255786474e-17,0.287138197076016,0.284,0.067,4.24102496880659e-12
"ZNF439",1.0424535077867e-16,0.2507778775125,0.259,0.051,4.51403217941795e-12
"HBP1",1.04320626999576e-16,0.252791610686288,0.29,0.07,4.51729179033564e-12
"DOCK7",1.09105996907725e-16,0.392370204399768,0.212,0.025,4.72450787809832e-12
"ROM1",1.18897276182454e-16,0.406898362363433,0.197,0.017,5.14848985325262e-12
"STK38",1.32384519479806e-16,0.295617099707878,0.263,0.053,5.73251446251457e-12
"TIMM23B",1.36972483237534e-16,0.344532407919208,0.274,0.062,5.93118246915169e-12
"COA1",1.48650725667481e-16,0.327354258426936,0.262,0.053,6.43687372285326e-12
"PLD5",1.51984927089314e-16,0.317617347495982,0.375,0.124,6.58125131282146e-12
"EIF4E3",1.54405384875267e-16,0.305589961502561,0.223,0.031,6.68606197586881e-12
"UIMC1",1.59029825181168e-16,0.317361555887462,0.271,0.059,6.88630948999495e-12
"QRSL1",1.64965192716601e-16,0.281852773284177,0.202,0.02,7.14332277501426e-12
"AC113414.1",1.6640015883777e-16,0.681128699249422,0.186,0.011,7.20545967799314e-12
"ALOX12-AS1",1.67092971665116e-16,0.282571099117743,0.292,0.07,7.23545985904287e-12
"GARS",1.93149593956816e-16,0.499125712900898,0.233,0.039,8.36376371751803e-12
"PARP12",2.06987769647548e-16,0.491346970943527,0.163,0,8.96298440127811e-12
"HPF1",2.1255885925782e-16,0.368501722554152,0.18,0.008,9.20422372358212e-12
"AC073342.1",2.12724915229025e-16,0.442795862312807,0.169,0.003,9.21141427924724e-12
"RNASEH2B",2.17697907352951e-16,0.380888304652115,0.276,0.062,9.4267547841975e-12
"STAM2",2.24202615623846e-16,0.337992628701088,0.247,0.045,9.70842166174378e-12
"IL1RAPL1",2.29066770974185e-16,0.352763097923479,0.989,0.711,9.91904931672416e-12
"ECE1",2.33521375533642e-16,0.324884102445302,0.221,0.031,1.01119426033578e-11
"ZFP90",2.39061526355462e-16,0.288613154607044,0.237,0.039,1.03518422142442e-11
"SORBS1",2.46979087615353e-16,0.38541851288521,0.282,0.07,1.069468845192e-11
"RNF115",2.93331760567909e-16,0.317980760379743,0.337,0.101,1.27018518961116e-11
"TYW1B",2.99316072018803e-16,0.528479900469057,0.254,0.051,1.29609845505582e-11
"FBH1",3.07124640890833e-16,0.395528975728501,0.173,0.006,1.32991111998549e-11
"SLC37A3",3.0982558622066e-16,0.407449623839478,0.193,0.017,1.3416067534527e-11
"ZSWIM5",3.13518142007405e-16,0.469875094581053,0.254,0.053,1.35759625852047e-11
"CRYL1",3.18595342551937e-16,0.310394357068805,0.341,0.101,1.3795815523184e-11
"CRB2",3.3074238540475e-16,0.402188329538276,0.233,0.039,1.43218067727965e-11
"CTPS2",3.47416383600517e-16,0.356251390072357,0.21,0.025,1.50438242426696e-11
"ELOVL6",3.57635390936247e-16,0.314924240446234,0.32,0.093,1.54863276983214e-11
"FKBP2",3.72601214097337e-16,-1.14095153626309,0.055,0.16,1.61343777728429e-11
"TIAL1",3.83703610881156e-16,-0.326839243231303,0.367,0.115,1.66151337583758e-11
"FTX",3.90505116563616e-16,0.264472817791966,0.861,0.461,1.69096525574377e-11
"RBM12B",3.93967746347569e-16,0.290700546007267,0.198,0.02,1.70595913523424e-11
"PDSS2",3.99965921446345e-16,0.44220464559509,0.237,0.042,1.73193243304696e-11
"ZNF235",4.2291793274689e-16,0.398356211928094,0.209,0.025,1.83131923238058e-11
"STX18",4.29783453152557e-16,0.26181970546391,0.229,0.037,1.8610483088412e-11
"MGAT4A",4.40187490207257e-16,0.433561924685353,0.22,0.034,1.90609987009546e-11
"DENND4C",4.44501962968222e-16,0.31303424499928,0.277,0.065,1.924782400045e-11
"VPS50",4.54051333782155e-16,0.35896427505437,0.275,0.065,1.96613308554349e-11
"TRIR",4.6250680745746e-16,0.424466894060322,0.177,0.008,2.00274697765229e-11
"LURAP1L",4.68471792752912e-16,0.430295518015995,0.275,0.065,2.02857655697866e-11
"LIMD1",5.47656908965821e-16,0.317892163275943,0.193,0.017,2.3714639472038e-11
"MINDY3",5.51209689131738e-16,0.366138334474301,0.193,0.017,2.38684819587825e-11
"MT-CO2",5.57740743533155e-16,-1.54911119558361,0.712,0.61,2.41512896764727e-11
"CALU",5.88196786953407e-16,0.279881600621986,0.218,0.031,2.54700972686564e-11
"NCOA3",6.03117483424879e-16,0.462044537948331,0.238,0.045,2.61161932672641e-11
"LINC00854",6.07191668428431e-16,0.316411227823076,0.203,0.022,2.62926136262879e-11
"LMBR1",6.49808672198653e-16,0.316598275985943,0.297,0.079,2.81380151235461e-11
"AP003108.2",6.75518714634402e-16,0.517777945981505,0.158,0,2.92513113810989e-11
"UBR4",6.79046764861356e-16,0.281946121304897,0.273,0.065,2.94040830120265e-11
"SLC30A7",6.8191093328287e-16,0.326094479596289,0.239,0.045,2.95281072330148e-11
"ADAM22",7.37791575184939e-16,0.2600088896058,0.293,0.076,3.19478507886582e-11
"TRIM24",8.49492249408911e-16,0.345685518397993,0.287,0.073,3.67847133839047e-11
"CHRM5",8.56631068591138e-16,0.358032946393423,0.333,0.107,3.70938385321334e-11
"TCP11L1",8.71168908349021e-16,0.344411084688064,0.219,0.034,3.77233560693293e-11
"CEP83",9.10430265720964e-16,0.380358106087828,0.203,0.025,3.94234513662492e-11
"LAMTOR4",9.56469565124404e-16,0.325290816650645,0.224,0.037,4.1417045109017e-11
"RTRAF",9.61754104094402e-16,0.419584644683134,0.168,0.006,4.16458762154958e-11
"EFCAB2",9.86376654473785e-16,0.314129396491831,0.275,0.067,4.27120818920239e-11
"GABPB1",1.01396240120628e-15,0.415956296214461,0.21,0.028,4.39065998970343e-11
"ATP5PB",1.02426470527488e-15,0.324725480609574,0.185,0.014,4.4352710267813e-11
"SEMA5A",1.04657741675594e-15,0.402547909310095,0.306,0.09,4.53188953003658e-11
"LINC01505",1.05147340143263e-15,0.845065574123898,0.205,0.025,4.55309012288359e-11
"DPY19L3",1.11375501759619e-15,0.306911927649332,0.199,0.022,4.82278197719501e-11
"AL137145.2",1.21581944501001e-15,0.537581186695949,0.156,0,5.26474136078236e-11
"HLA-B",1.23422370615821e-15,0.551238552338882,0.2,0.025,5.3444354924063e-11
"SNRNP40",1.24691560756735e-15,0.330561733315968,0.24,0.048,5.39939396388813e-11
"ABI2",1.25055898456192e-15,-0.260582246669367,0.351,0.107,5.41517051495001e-11
"AC008537.1",1.28703240582582e-15,0.420645607241692,0.184,0.014,5.57310772370697e-11
"SRSF4",1.3052964232606e-15,0.259076248911373,0.31,0.09,5.65219457200307e-11
"FAM185A",1.33292008613081e-15,0.301657548186499,0.213,0.031,5.77181055696364e-11
"TIAM2",1.34966746790621e-15,0.422217258004649,0.267,0.065,5.84433006952746e-11
"CAPN2",1.4583470899892e-15,0.375472884071268,0.233,0.045,6.31493456907123e-11
"VLDLR-AS1",1.53762786213569e-15,0.384931041349043,0.263,0.062,6.65823616861996e-11
"CREM",1.5951683920902e-15,0.384703610442174,0.231,0.042,6.90739817142899e-11
"ANGEL2",1.60682700079786e-15,0.279219480530448,0.276,0.067,6.95788227885488e-11
"RPL27A",1.69968165896113e-15,-1.41755903611699,0.129,0.256,7.35996151963347e-11
"SEPT10",1.70150794271386e-15,0.261544604045276,0.307,0.087,7.36786969353957e-11
"PARP14",1.83884461467067e-15,0.621843847925776,0.171,0.008,7.96256495044694e-11
"MAP7",1.83915560386008e-15,0.320382748176451,0.954,0.646,7.96391159583491e-11
"DPYD-AS1",1.91610126386215e-15,0.414380401794639,0.243,0.051,8.29710169277586e-11
"MTOR",1.94265194988908e-15,0.337158805885442,0.233,0.042,8.41207147340970e-11
"FLNB",1.97776810525273e-15,0.372527420156805,0.263,0.062,8.56413144936539e-11
"HCG17",1.98285282521968e-15,0.408403117830382,0.231,0.042,8.58614930376625e-11
"KCTD20",2.04484273069801e-15,0.266797904878969,0.203,0.025,8.85457799246853e-11
"RBAK-RBAKDN",2.06579160332218e-15,0.391298144078955,0.253,0.056,8.9452908007057e-11
"KIAA1109",2.14213520384123e-15,-0.299363811936635,0.565,0.228,9.27587385967328e-11
"HEPH",2.17445522271305e-15,0.463142305799939,0.194,0.022,9.41582600539205e-11
"TTC27",2.21220061678398e-15,0.38229580431571,0.26,0.059,9.57927111079799e-11
"RNF114",2.24296943936427e-15,0.286828828589305,0.238,0.048,9.71250626633514e-11
"ATG10",2.48974546744095e-15,0.334242419086502,0.264,0.065,1.07810958231128e-10
"NUP50-DT",2.57380434322345e-15,0.356636233509087,0.164,0.006,1.11450875670262e-10
"ERBB4",2.6682656426356e-15,0.293536389455196,0.728,0.382,1.15541238857407e-10
"AC098829.1",2.70910493116856e-15,0.581912775488066,0.158,0.003,1.17309661729461e-10
"TRNAU1AP",3.10520626696046e-15,0.27444651287095,0.234,0.045,1.34461641771922e-10
"TAB1",3.15525096736498e-15,0.320327787975273,0.191,0.02,1.36628677388838e-10
"ST7",3.29672808244212e-15,0.296475423351078,0.253,0.056,1.42754919425909e-10
"AC108047.1",3.30923619340677e-15,0.291037463324699,0.18,0.014,1.432965456469e-10
"MARF1",3.48595465271063e-15,0.31867001028496,0.168,0.008,1.50948808371676e-10
"PDE4B",3.56489567045018e-15,0.370435908657335,0.971,0.657,1.54367112321834e-10
"FBXO42",3.73635049065613e-15,0.252557293773095,0.264,0.062,1.61791448946392e-10
"AC012358.3",3.74650367238946e-15,0.444664744092476,0.157,0.003,1.62231102021808e-10
"WDSUB1",3.74709391081878e-15,0.392547211531008,0.259,0.062,1.62256660526275e-10
"FBXO7",3.92059491757977e-15,-0.270408101558096,0.52,0.208,1.69769601121039e-10
"POM121C",4.18571251938551e-15,0.310858533590228,0.264,0.065,1.81249723514431e-10
"CLIP1",4.23573406403376e-15,0.331498410815994,0.232,0.045,1.8341575644079e-10
"CARF",4.33762679114294e-15,0.349940180047872,0.217,0.037,1.87827915310071e-10
"SH3TC2-DT",4.72278320454115e-15,0.32952106888371,0.21,0.031,2.04505958323041e-10
"WDFY1",4.86847865856442e-15,0.27073323586763,0.218,0.037,2.10814862873156e-10
"YTHDF1",4.91447571696278e-15,0.301437632362118,0.191,0.022,2.12806627495922e-10
"AC004690.2",5.15402587963421e-15,0.371388755142012,0.167,0.008,2.2317962863992e-10
"GFPT2",5.31900008270217e-15,0.366584690473011,0.197,0.025,2.30323341581169e-10
"AL359915.2",5.84664452398898e-15,0.32190030899829,0.177,0.014,2.53171401177771e-10
"LINC01792",6.17061819228419e-15,0.26092584720803,0.198,0.025,2.6720010896229e-10
"TRAPPC13",6.29783444402343e-15,0.365969075530026,0.218,0.039,2.72708827095103e-10
"COPG2",6.35123316350729e-15,0.410728005126442,0.238,0.051,2.75021098446193e-10
"ARSB",6.84854791686829e-15,0.370996473047096,0.227,0.045,2.96555821896231e-10
"NECTIN3",7.13913990054045e-15,0.299991664689502,0.177,0.014,3.09139035973202e-10
"KLF6",7.3860808568884e-15,-0.426729059839193,0.299,0.081,3.19832073264982e-10
"CD200",7.39122773069958e-15,0.321326825731015,0.206,0.031,3.20054943194753e-10
"DTNBP1",7.47445696138337e-15,0.395164173803693,0.244,0.053,3.23658935341823e-10
"SCYL2",7.6365575758626e-15,0.265339646977249,0.222,0.039,3.30678216150002e-10
"SLC7A1",7.65778453115566e-15,0.251284864321622,0.227,0.042,3.31597385768102e-10
"TTN-AS1",7.84897046309633e-15,0.496224902096214,0.238,0.053,3.39876118992997e-10
"DTX3L",7.94421645789368e-15,0.419127861577299,0.148,0,3.44000461059712e-10
"NCAM1",9.31020359195606e-15,0.364051690357017,0.945,0.621,4.03150435938881e-10
"SIPA1L2",9.40028457778952e-15,0.280560543866432,0.225,0.042,4.07051122787442e-10
"VPS36",9.9062958235858e-15,0.286460749874917,0.239,0.051,4.28962421752912e-10
"CADM2",1.12900927917937e-14,0.575533488948263,0.861,0.556,4.8888359807025e-10
"C15orf41",1.19084457274543e-14,0.362644970933382,0.266,0.07,5.15659516890225e-10
"GRK3",1.21068591611769e-14,0.40913737542001,0.158,0.006,5.24251215397284e-10
"OLA1",1.29867347838002e-14,0.264003611294216,0.302,0.09,5.62351589608118e-10
"PPARA",1.35083591427327e-14,0.303780561936084,0.199,0.028,5.8493896759861e-10
"ZNF407",1.43632444536634e-14,0.272643478999451,0.301,0.09,6.21957211332534e-10
"PIK3CA",1.5823773593444e-14,0.324209509701085,0.247,0.056,6.85201044143311e-10
"BMPR1A",1.73657574581035e-14,0.337195908392661,0.276,0.076,7.51972029450799e-10
"TENT4A",1.86406945240026e-14,0.322023027221719,0.172,0.014,8.0717935427836e-10
"AC096677.1",1.91352257948561e-14,0.336829212402344,0.172,0.014,8.2859354736886e-10
"CCDC32",1.92475168006969e-14,0.427872921540995,0.161,0.008,8.33455972503777e-10
"UROS",1.95036709433677e-14,0.304435285449878,0.183,0.02,8.44547959189708e-10
"ATP5S",2.13403872170285e-14,0.372983014239902,0.176,0.017,9.2408144727177e-10
"TPPP",2.14438777090262e-14,-0.336467889148466,0.597,0.256,9.28562792556252e-10
"RSPRY1",2.22118066630835e-14,0.326363560883393,0.238,0.053,9.61815652124843e-10
"TENT4B",2.22942375481695e-14,0.263720137376015,0.166,0.011,9.65385074310836e-10
"NMRAL1",2.36771363861322e-14,0.287317342810042,0.219,0.042,1.0252673597923e-09
"GRK4",2.5859059337986e-14,0.392413027764805,0.19,0.025,1.11974898745347e-09
"GIT2",2.79067319915625e-14,0.25491102392185,0.201,0.031,1.20841730869864e-09
"AC099669.1",2.90207720182916e-14,0.301802076940387,0.159,0.008,1.25665746993606e-09
"NR3C2",3.06182712097695e-14,0.306453370677447,0.225,0.048,1.32583237992544e-09
"TPGS2",3.17210019234737e-14,0.263568729870632,0.185,0.022,1.37358282529026e-09
"AC125613.1",3.24491781082154e-14,0.520179057417306,0.142,0,1.40511431044194e-09
"AP000462.1",3.3363926298616e-14,0.397353030365269,0.153,0.006,1.44472473658267e-09
"NIPA1",3.47474338742487e-14,-0.327225030472647,0.366,0.124,1.50463338162272e-09
"SIAH1",3.5931862660902e-14,0.268901938496299,0.195,0.028,1.55592151694238e-09
"PBX3",3.69515690889259e-14,0.386146373485001,0.288,0.084,1.60007684468867e-09
"BLZF1",3.93723149328463e-14,0.319583757924358,0.204,0.034,1.70489998122211e-09
"AC242426.2",4.00785204484671e-14,0.426447904960891,0.147,0.003,1.73548009245952e-09
"KCMF1",4.01958648984619e-14,0.279579653923201,0.215,0.039,1.7405613418332e-09
"AC104986.2",4.0202609021576e-14,0.413312398704404,0.147,0.003,1.74085337585228e-09
"PDXK",4.06760402963364e-14,0.458255731913222,0.186,0.025,1.76135389691196e-09
"ORC4",4.25184590783299e-14,0.324108810060167,0.269,0.073,1.84113431500984e-09
"PDLIM5",4.59976740419209e-14,0.367592250637655,0.202,0.034,1.99179128136326e-09
"SERGEF",4.96718796429113e-14,0.389928168701305,0.227,0.048,2.15089173229734e-09
"AL512625.3",5.15050169693295e-14,0.42559983548324,0.146,0.003,2.23027024480591e-09
"PACRGL",5.16873573419953e-14,0.278503939199587,0.234,0.051,2.23816594762308e-09
"ST6GALNAC3",5.94726193038697e-14,0.254878506192476,0.54,0.256,2.57528336109616e-09
"LIN52",6.20257173933769e-14,0.315761643036029,0.24,0.056,2.68583761456801e-09
"RSU1",6.41988472938006e-14,0.431408292900228,0.24,0.059,2.77993848551615e-09
"XXYLT1",6.4434278763268e-14,0.449303075063533,0.174,0.02,2.79013313900703e-09
"AOAH",6.71043916119555e-14,0.464758821187296,0.207,0.039,2.9057543655809e-09
"ZNF592",6.89603760022229e-14,0.26485269064867,0.187,0.025,2.98612220164826e-09
"LINC00598",6.93444102583945e-14,0.590179681097743,0.171,0.017,3.002751653009e-09
"CYP20A1",7.00810810971315e-14,0.27090301364045,0.216,0.042,3.03465097366799e-09
"PATJ",7.02996653456464e-14,0.293631257918055,0.166,0.014,3.04411610879718e-09
"UNC13B",7.06541806892378e-14,0.311495667547983,0.21,0.039,3.05946733220537e-09
"ZNF451-AS1",7.13563466319509e-14,0.361413394763105,0.144,0.003,3.08987252185674e-09
"RRAGB",7.77294209417603e-14,0.253102713706661,0.197,0.031,3.3658393856201e-09
"LINC02197",8.61222367051942e-14,0.523653581190509,0.154,0.008,3.72926509380832e-09
"CXXC5",8.66243526649107e-14,-0.310431210230669,0.436,0.169,3.75100771909596e-09
"KSR1",8.78952944407693e-14,0.28759353190539,0.201,0.034,3.80604203987419e-09
"GLCCI1",8.87136865736261e-14,0.445583192356218,0.21,0.039,3.84148005601116e-09
"MCF2L2",9.40450332219779e-14,0.424545639934349,0.246,0.065,4.07233802857809e-09
"CCP110",9.64194920613532e-14,-0.380411139077279,0.543,0.228,4.17515684524072e-09
"AC023590.1",9.867823943681e-14,0.333304739001218,0.209,0.039,4.27296512409275e-09
"FAM196A",1.00992259390371e-13,0.397905079189589,0.21,0.042,4.37316681612183e-09
"XPR1",1.06680157477563e-13,0.291566712972649,0.225,0.051,4.61946417909343e-09
"AC007038.1",1.08480705526522e-13,0.378528342767854,0.154,0.008,4.69743151070944e-09
"TAF11",1.08574663576433e-13,0.257811242767775,0.227,0.051,4.70150008218671e-09
"ZNF197",1.10110110780186e-13,0.31562063858425,0.182,0.025,4.76798801700359e-09
"CLVS1",1.10540405412234e-13,0.537141661559683,0.195,0.034,4.78662063516057e-09
"ZNF540",1.10568075939675e-13,0.294008866840118,0.163,0.014,4.78781882433981e-09
"SFPQ",1.18014819353796e-13,-0.428182634079898,0.458,0.183,5.11027770765807e-09
"HPCAL1",1.18045065410113e-13,0.384630361229595,0.197,0.034,5.11158742238873e-09
"GABPB1-AS1",1.19141741701444e-13,-0.357084567795442,0.468,0.188,5.15907569915593e-09
"RTCA",1.19831331473754e-13,0.267196377260738,0.197,0.034,5.18893631547649e-09
"ADORA1",1.24220631586205e-13,0.259301474788363,0.237,0.056,5.37900178894583e-09
"CHSY1",1.34394261859734e-13,0.317518608960091,0.193,0.031,5.81954032705019e-09
"TMEM150C",1.35567495875524e-13,0.312526910877118,0.174,0.02,5.87034370640194e-09
"ZUP1",1.51315177034288e-13,0.390942642702328,0.141,0.003,6.55224979593874e-09
"ERCC8",1.51471732118048e-13,0.323942952046518,0.208,0.039,6.55902894417573e-09
"LINC02177",1.6193527596692e-13,0.435930236293091,0.141,0.003,7.01212131991957e-09
"FBXO3",1.66917058277233e-13,0.280280462320094,0.193,0.031,7.22784245752072e-09
"ELP3",1.67760006633899e-13,0.267908210976111,0.213,0.042,7.26434380726109e-09
"SSR1",1.69685459560838e-13,-0.345494319829079,0.262,0.067,7.34771976990343e-09
"AC138627.1",1.72517202491406e-13,0.484172077953288,0.146,0.006,7.47033990228286e-09
"PTPA",1.87240333735289e-13,0.272668397545572,0.157,0.011,8.10788093140547e-09
"TBC1D8",1.91063227428202e-13,0.412226189405218,0.172,0.02,8.27341987409599e-09
"ZNF595",2.09033685693269e-13,0.29439580840835,0.177,0.022,9.05157665788994e-09
"GALNT18",2.09458250393936e-13,0.494674890084943,0.165,0.017,9.06996115855822e-09
"EIF2AK2",2.32952926222914e-13,0.359471458128617,0.201,0.037,1.00873276113046e-08
"CCNQ",2.3434940949813e-13,0.292666835259289,0.15,0.008,1.0147798130088e-08
"APOD",2.36247443851714e-13,-1.67785380460563,0.621,0.548,1.02299868136669e-08
"RAPGEF1",2.37704618245969e-13,0.334732012443998,0.181,0.025,1.0293085379287e-08
"ZNHIT6",2.52622966554286e-13,0.262124207051577,0.205,0.039,1.09390796977337e-08
"UNC79",2.56939693778172e-13,0.404959815374359,0.266,0.079,1.11260026199824e-08
"IFNGR2",2.71594932081594e-13,0.36646585118877,0.169,0.02,1.17606037489972e-08
"HLA-C",2.74142387522404e-13,0.338747974862879,0.241,0.062,1.18709136644951e-08
"AC079447.1",2.76457980935862e-13,0.548127891169781,0.138,0.003,1.19711834904847e-08
"MSRA",2.84307573988877e-13,0.614731725134516,0.238,0.065,1.23110865688663e-08
"AC007364.1",2.86994280711776e-13,0.513248003298914,0.165,0.017,1.24274263433813e-08
"DPH6",2.97062216152107e-13,0.38522752704934,0.307,0.107,1.28633880838185e-08
"EFNB2",3.05549768724985e-13,0.414757851630334,0.178,0.025,1.32309160853293e-08
"DNAJC16",3.08902478696243e-13,0.336229645701839,0.171,0.02,1.33760951325047e-08
"STK40",3.15455193241818e-13,0.343505520127837,0.175,0.022,1.36598407777572e-08
"ZNF704",3.18892222935735e-13,-0.256928823483803,0.608,0.284,1.38086710375632e-08
"AC007221.2",3.56770622429385e-13,0.518693919319447,0.131,0,1.54488814924372e-08
"LPCAT3",3.61750435040928e-13,0.251781881286021,0.203,0.039,1.56645173381423e-08
"ALS2",3.72617581148788e-13,0.268107195792847,0.184,0.028,1.61350864989048e-08
"ZNF337",4.13346780167725e-13,0.339854371997152,0.158,0.014,1.78987422748228e-08
"COX19",4.20392753887675e-13,0.25954744110044,0.183,0.028,1.82038470288441e-08
"ZNF43",4.7092013383324e-13,0.324290756741429,0.166,0.02,2.0391783635247e-08
"FN3KRP",4.79369669154473e-13,0.310133348973072,0.153,0.011,2.0757665413727e-08
"NKAIN1",5.28728415940038e-13,0.30755469389724,0.172,0.022,2.28949978670355e-08
"RARS2",5.37098000725574e-13,0.25479278150365,0.254,0.07,2.32574176274188e-08
"WWC2",5.49968864888361e-13,0.266552296522556,0.229,0.056,2.38147517873958e-08
"ZBTB20-AS5",5.59238239708664e-13,0.415939485834937,0.135,0.003,2.42161342558646e-08
"PHF8",5.85714349669675e-13,0.303665253958375,0.196,0.037,2.53626027693963e-08
"IREB2",5.97624530989099e-13,0.267374073948068,0.217,0.048,2.587833744089e-08
"SLC38A1",6.30732809253436e-13,0.551003927086858,0.156,0.014,2.73119921062923e-08
"MYDGF",6.84673328808197e-13,0.327778495144057,0.14,0.006,2.96477244840525e-08
"AES",7.09315800777907e-13,0.27712087765568,0.268,0.081,3.07147928052849e-08
"PLEKHA5",7.36202229565461e-13,0.438564705915788,0.206,0.045,3.18790289446436e-08
"NAV3",7.67725693206429e-13,0.369791304023466,0.249,0.073,3.32440579672248e-08
"COQ8A",7.75759946592912e-13,0.263665494429878,0.151,0.011,3.35919572073663e-08
"MTA3",7.79421002915785e-13,0.325171733165697,0.216,0.051,3.37504882682593e-08
"AATF",8.63852294360683e-13,0.270385489470574,0.225,0.053,3.74065320504063e-08
"IER5L",8.88969561028834e-13,0.444203869369658,0.132,0.003,3.84941599316706e-08
"TBK1",9.01371466601526e-13,0.264542319431185,0.259,0.076,3.90311872467793e-08
"AL662796.1",9.08747264181835e-13,0.580262582621969,0.127,0,3.93505740336018e-08
"ZBTB37",9.21341923706158e-13,-0.33048533334254,0.29,0.09,3.98959479803241e-08
"PAXX",9.27296783888208e-13,0.346958598814069,0.139,0.006,4.01538053359272e-08
"PMM2",9.7238669447169e-13,0.292547389882205,0.185,0.031,4.21062886440131e-08
"NIM1K",9.79876443999986e-13,0.300654831318161,0.188,0.034,4.24306097780874e-08
"CYREN",9.91476908417416e-13,0.369559603590103,0.133,0.003,4.2932933088291e-08
"METTL25",1.00736604763861e-12,0.251092510771224,0.214,0.048,4.3620964594847e-08
"SEC61A2",1.01333990806692e-12,0.27089697990675,0.175,0.025,4.38796446991138e-08
"ACO1",1.12247506058204e-12,0.305996043563486,0.191,0.034,4.86054150733237e-08
"EPM2A",1.12676283654139e-12,0.361242136300114,0.173,0.025,4.87910843479155e-08
"ZNF397",1.13070487627704e-12,-0.490421113795434,0.348,0.121,4.89617825525486e-08
"RPL35A",1.13300337529431e-12,-1.31495504678856,0.098,0.205,4.90613121569944e-08
"METTL21A",1.31927326717387e-12,0.393495952374218,0.137,0.006,5.7127171015163e-08
"RPS6KA3",1.36213248139386e-12,0.316171734131786,0.168,0.022,5.89830607093168e-08
"BIN3",1.37745956837419e-12,0.387387034805203,0.151,0.014,5.96467542297394e-08
"TLN2",1.383177193092e-12,0.259993684336912,0.316,0.112,5.98943388152697e-08
"LINC01572",1.39448656242296e-12,0.36272111228421,0.191,0.037,6.0384057126039e-08
"SLC10A7",1.49211447486786e-12,0.275214975397368,0.203,0.042,6.4611540990728e-08
"FCHO1",1.49994479116725e-12,-0.254818421162015,0.309,0.104,6.49506093471241e-08
"RTN4IP1",1.53931291456448e-12,0.462430709496777,0.14,0.008,6.66553278264711e-08
"MT-ND4",1.56833312408176e-12,-1.47349151678275,0.604,0.545,6.79119609389884e-08
"AKAP7",1.57279662342113e-12,0.360733155428596,0.188,0.034,6.81052393873816e-08
"CR1",1.63380831356278e-12,0.427762413355018,0.14,0.008,7.07471675938956e-08
"ACVR1",1.63599057463504e-12,0.442631531919232,0.15,0.014,7.08416638628467e-08
"ATP11C",1.68344292590041e-12,0.293110977658601,0.179,0.031,7.28964455773394e-08
"DERA",1.72709151921204e-12,0.416243364055,0.146,0.011,7.478651696492e-08
"HIBADH",1.81364519609205e-12,0.439993613393158,0.242,0.07,7.85344642811779e-08
"HNRNPA2B1",1.86830582397452e-12,-0.378343416930652,0.683,0.315,8.09013787897446e-08
"IDE",1.88382637312297e-12,0.359120556755052,0.171,0.025,8.1573449608971e-08
"SNHG7",1.9225307670263e-12,0.269297451064268,0.178,0.028,8.32494272737727e-08
"VWA5A",1.93519873542225e-12,0.314268158222208,0.141,0.008,8.37979756412541e-08
"DHRSX",1.95326606811852e-12,0.336794231826209,0.18,0.031,8.45803272816682e-08
"ATP5MC1",1.95795672172323e-12,0.330109526074232,0.13,0.003,8.47834419640594e-08
"CRY1",2.08529475247657e-12,0.286527256281302,0.195,0.039,9.02974333717405e-08
"GEMIN8",2.10071542774909e-12,0.311708841239628,0.186,0.034,9.09651794523912e-08
"NR1D2",2.13399320602307e-12,0.269273811844877,0.274,0.087,9.24061738072111e-08
"MT-ND3",2.14909560127366e-12,-1.41613921450333,0.464,0.492,9.30601377263521e-08
"CENPP",2.15289940372792e-12,0.652195205200295,0.198,0.045,9.32248499802265e-08
"TMCO3",2.18152262312956e-12,0.252092110700519,0.202,0.042,9.4464292626756e-08
"GPRC5B",2.20872064864301e-12,-0.321344699296102,0.804,0.388,9.56420215275397e-08
"MCMBP",2.2138479259122e-12,0.298067424356341,0.194,0.039,9.58640428878502e-08
"CIRBP",2.24672687467871e-12,-0.275526045519531,0.545,0.239,9.72877671273375e-08
"SELENOS",2.27107777516764e-12,0.29807205827759,0.14,0.008,9.83422098203091e-08
"ERAP1",2.29297558393207e-12,0.305796633446723,0.156,0.017,9.92904287354264e-08
"APH1B",2.2942554492107e-12,0.258666830775793,0.156,0.017,9.93458494617219e-08
"DDX60",2.30012598487373e-12,0.422864367968369,0.123,0,9.96000553970021e-08
"ELOC",2.35231084603396e-12,0.30073953870614,0.135,0.006,1.01859764254962e-07
"NOS1",2.41854183738004e-12,0.489336632311079,0.129,0.003,1.04727698642231e-07
"YIPF1",2.42286159219073e-12,0.377649866540673,0.14,0.008,1.04914752665043e-07
"AC005670.2",2.60207932995532e-12,0.368831128974173,0.123,0,1.12675239145725e-07
"RMC1",2.65894229630373e-12,0.343215939758519,0.128,0.003,1.15137519314544e-07
"RIPK1",2.75836420448473e-12,0.294461724497907,0.166,0.022,1.19442686782598e-07
"SMIM12",2.80968486557459e-12,0.302341109110019,0.145,0.011,1.21664974049111e-07
"GPR89B",2.94285590842409e-12,0.359899589881574,0.153,0.017,1.2743154654658e-07
"AL356599.1",2.99111486198701e-12,0.408151325907868,0.134,0.006,1.29521255753761e-07
"AL445472.1",3.01666825374115e-12,0.457437089252807,0.128,0.003,1.30627768723499e-07
"MDM2",3.06222643514787e-12,-0.287537270074155,0.296,0.098,1.32600529094773e-07
"STRADB",3.08070387410427e-12,0.308195836927534,0.163,0.022,1.33400639156463e-07
"AC034195.1",3.13028372356138e-12,0.579205059722102,0.122,0,1.35547545797655e-07
"SUCLG2",3.18565827089276e-12,0.318226219631254,0.196,0.042,1.37945374446198e-07
"EXOG",3.20695240943722e-12,0.343676719547362,0.165,0.022,1.3886745323345e-07
"PRCC",3.23329032529106e-12,0.300295906851177,0.191,0.039,1.40007937665754e-07
"PNPT1",3.30786953740486e-12,-0.352844862683844,0.338,0.121,1.43237366708705e-07
"AC007785.1",3.33130572378895e-12,0.341183645929689,0.139,0.008,1.44252200451509e-07
"INF2",3.35065171361304e-12,-0.319143701803124,0.402,0.157,1.45089920502872e-07
"ERGIC1",3.60468050607952e-12,0.298862014854404,0.192,0.039,1.56089875274255e-07
"CEP44",3.71415218968468e-12,0.255970373392331,0.194,0.039,1.60830218117726e-07
"CATSPERE",3.87474693501247e-12,0.328326253207819,0.133,0.006,1.6778429177991e-07
"YWHAH",3.89280204732342e-12,0.332536328376353,0.211,0.051,1.68566114253199e-07
"CDH26",3.98011317847237e-12,0.394872583443833,0.143,0.011,1.7234686085421e-07
"SRSF5",3.9874266324871e-12,-0.51368247336178,0.533,0.233,1.72663548039956e-07
"ZNF814",4.19734584216451e-12,0.340393337530882,0.138,0.008,1.81753469657408e-07
"HKR1",4.30977879376942e-12,0.313603957063679,0.184,0.034,1.86622041327804e-07
"SH3GLB2",4.4209788265973e-12,-0.302460383806402,0.314,0.107,1.91437225149316e-07
"AL117336.3",4.51985569242806e-12,0.27257146961108,0.137,0.008,1.9571879119352e-07
"RBM5",4.65954904191532e-12,-0.44154425551158,0.417,0.169,2.01767792613017e-07
"LGI3",4.73489691463202e-12,-0.399360459354608,0.486,0.211,2.05030506197396e-07
"ZFAND5",4.91439169167486e-12,-0.258112526061201,0.354,0.132,2.12802989032905e-07
"FBXL13",5.21917318994856e-12,0.421732517854259,0.169,0.028,2.26000637471153e-07
"USPL1",5.29783754810256e-12,0.280815284948504,0.163,0.022,2.29406961507937e-07
"LINC00623",5.40772848393031e-12,0.379128004173834,0.131,0.006,2.3416545881115e-07
"PRRC2C",5.52974428496793e-12,-0.274330093796328,0.525,0.236,2.39448987027681e-07
"PSMB8",5.55887943134703e-12,0.363377413215806,0.125,0.003,2.40710597136189e-07
"OOEP",5.79759064341482e-12,0.325800490003674,0.147,0.014,2.51047270041149e-07
"BVES-AS1",6.57082883942786e-12,0.2830352297616,0.136,0.008,2.84530030404905e-07
"WDR5",6.63345442052593e-12,0.271162359843467,0.188,0.039,2.87241843317614e-07
"AL078590.2",6.82902678785035e-12,0.385133770067289,0.141,0.011,2.95710517967496e-07
"CCNC",7.14521176001738e-12,0.336733629856756,0.179,0.034,3.09401959632273e-07
"ELP4",7.18024505348245e-12,0.316329910067224,0.237,0.07,3.10918971305897e-07
"PAQR3",7.32728655163486e-12,0.271435036734227,0.156,0.02,3.17286162258893e-07
"NT5C3A",7.93217653176404e-12,0.265108988738466,0.187,0.039,3.43479108178446e-07
"IMMP1L",8.34659302379652e-12,0.329394829806044,0.21,0.053,3.61424171116437e-07
"AC010260.1",8.35291208908821e-12,0.364645763467393,0.118,0,3.61697799281698e-07
"ZNF569",8.53053538950966e-12,0.256191186839837,0.146,0.014,3.69389243436547e-07
"PCSK7",8.9598843853562e-12,-0.2896958533629,0.304,0.107,3.87980913654694e-07
"FNDC3B",8.98476956238373e-12,0.382878522584348,0.192,0.042,3.8905849159034e-07
"ZNRF1",9.01004856469392e-12,0.308389960184478,0.173,0.031,3.90153122948376e-07
"GTPBP1",9.18700800610871e-12,0.353713463661786,0.146,0.017,3.9781582068052e-07
"EFHC1",9.35315129371565e-12,0.255323619704597,0.161,0.022,4.05010157320475e-07
"ZNF253",9.39937761798917e-12,0.278470706091447,0.192,0.042,4.07011849614167e-07
"MARK1",9.674086601724e-12,0.297493272677722,0.163,0.025,4.18907298027853e-07
"REEP1",9.69210804327756e-12,0.346678717336059,0.134,0.008,4.19687662490005e-07
"IAH1",1.00898121652331e-11,0.259431057092488,0.201,0.048,4.36909046378923e-07
"TIPARP",1.01966336090206e-11,0.251508858061587,0.193,0.042,4.41534628537808e-07
"AC025682.1",1.01969287448672e-11,0.366774104759381,0.122,0.003,4.41547408510239e-07
"AC105052.3",1.02711044310512e-11,0.308405975217855,0.122,0.003,4.44759364073377e-07
"METTL4",1.08331957109748e-11,0.359514148463795,0.128,0.006,4.69099040676631e-07
"SPDYE3",1.13314109426196e-11,0.333350930396358,0.128,0.006,4.90672756637314e-07
"NIFK-AS1",1.16899131980287e-11,0.259975627181474,0.169,0.028,5.06196621301038e-07
"ACP7",1.19150463380669e-11,0.300944251646423,0.132,0.008,5.15945336530974e-07
"SLC30A6",1.20132669470494e-11,0.282767140032738,0.186,0.039,5.20198485341132e-07
"IRF1",1.2126036483705e-11,0.25154889860524,0.139,0.011,5.25081631817394e-07
"MAIP1",1.2302978621504e-11,0.381536130472095,0.122,0.003,5.32743580268364e-07
"KCNAB1",1.26099030749526e-11,0.417241948370695,0.209,0.056,5.46034022951596e-07
"SELENOK",1.27980714490207e-11,0.30260420977355,0.127,0.006,5.54182089885494e-07
"AC027808.1",1.28047148321679e-11,0.379324146133216,0.116,0,5.54469761662535e-07
"GRIN2A",1.28141951334256e-11,0.389467553121537,0.179,0.037,5.54880277667594e-07
"UEVLD",1.30766876951071e-11,0.336064272705745,0.162,0.025,5.66246730573528e-07
"LUC7L3",1.36903941874011e-11,-1.43379593733717,0.681,0.573,5.92821449102845e-07
"ERAP2",1.3721612152485e-11,0.353642179193581,0.127,0.006,5.94173249426905e-07
"ETFRF1",1.47809314131683e-11,0.313684704464952,0.127,0.006,6.40043892053013e-07
"AC007216.4",1.4804494807176e-11,0.379201372822577,0.121,0.003,6.41064234140336e-07
"GADD45B",1.60527229255447e-11,-0.28982288782919,0.271,0.087,6.95115008121938e-07
"NIN",1.61897597766076e-11,-0.316970045434803,0.272,0.09,7.01048977846663e-07
"HCFC2",1.64076532528117e-11,0.253323474853191,0.2,0.048,7.10484201153251e-07
"AK3",1.6533486327418e-11,-0.275230425289293,0.326,0.118,7.15933024949853e-07
"COX7C",1.71493469764839e-11,-1.22673082347511,0.104,0.205,7.42601022775706e-07
"ZFYVE1",1.74575198463445e-11,0.356352948221691,0.141,0.014,7.55945524386412e-07
"AC021752.1",1.89329948260381e-11,0.271568568613979,0.125,0.006,8.19836541957104e-07
"AFAP1",1.94290079345572e-11,0.373176799243944,0.134,0.011,8.41314901582198e-07
"AP002884.1",1.95208342798903e-11,0.350323762851023,0.125,0.006,8.45291165987811e-07
"GGACT",1.99299175777355e-11,0.364318305835741,0.12,0.003,8.63005290951101e-07
"NKTR",2.00226756369812e-11,-0.25807396096788,0.71,0.348,8.67021900432558e-07
"ADAM23",2.02225365767608e-11,0.414390826194371,0.177,0.037,8.75676278846897e-07
"ADAMTS17",2.09505907392641e-11,0.559483229061973,0.118,0.003,9.07202480191615e-07
"NFXL1",2.21607602009157e-11,0.400624765934362,0.139,0.014,9.59605238220053e-07
"IFT122",2.33032028786343e-11,0.282035722219446,0.159,0.025,1.00907529105062e-06
"BVES",2.34682565412269e-11,0.279681911080745,0.149,0.02,1.01622244474821e-06
"SUGT1",2.53663038859626e-11,-0.251626035780825,0.322,0.121,1.09841169086995e-06
"AC021231.1",2.71692657875025e-11,0.388609686302357,0.118,0.003,1.17648354713043e-06
"RPS25",2.76232676649413e-11,-1.51374987640655,0.152,0.256,1.19614273642729e-06
"APOA1-AS",3.04651038878146e-11,0.260286206495119,0.133,0.011,1.31919992855015e-06
"AC001226.2",3.06487703317653e-11,0.374575205071466,0.118,0.003,1.3271530529061e-06
"RRAGD",3.09951165746086e-11,0.292659098170036,0.14,0.014,1.3421505379137e-06
"CLTCL1",3.19968578213867e-11,0.29726158766368,0.144,0.017,1.38552793738169e-06
"AL139353.1",3.24045276242061e-11,0.353521681711908,0.117,0.003,1.40318085518337e-06
"GLUD1",3.3337106290217e-11,-0.414404058225721,0.333,0.126,1.44356337657898e-06
"CBL",3.52166961939292e-11,0.289509992782957,0.149,0.02,1.52495337858952e-06
"HSPA1A",3.59790450593498e-11,-1.32671362210678,0.594,0.562,1.55796460915997e-06
"AP001021.2",3.66806908212693e-11,0.34679624168629,0.117,0.003,1.5883472739426e-06
"RNF213",3.87313653272445e-11,-0.334540951351275,0.329,0.124,1.67714558140034e-06
"TMOD3",3.92747964697336e-11,1.72412447472393,0.167,0.031,1.70067723673241e-06
"ZNF512",3.99870164614441e-11,0.336217790100489,0.155,0.025,1.73151778681345e-06
"TMEM178B",4.07327837204461e-11,0.485549394144643,0.155,0.025,1.76381100066276e-06
"AC022146.2",4.30828391811701e-11,0.356555153684674,0.11,0,1.86557310222303e-06
"DMAC1",4.41269869946756e-11,0.280830761593709,0.116,0.003,1.91078679084344e-06
"CCK",4.53763887991118e-11,0.336187432705857,0.187,0.045,1.96488838777914e-06
"B3GALNT2",4.5604721610261e-11,0.30466718369596,0.168,0.031,1.97477565516752e-06
"IL15RA",4.57645751087796e-11,0.378190200310326,0.11,0,1.98169763136037e-06
"AC009554.1",4.57645764689001e-11,0.326226683689171,0.11,0,1.98169769025631e-06
"MAML3",4.63435184220632e-11,0.344596232217395,0.237,0.076,2.00676703471218e-06
"PACS1",4.71771371162594e-11,0.464520472524072,0.154,0.025,2.04286439140827e-06
"PPCDC",4.78343304115285e-11,0.330483058818404,0.175,0.037,2.07132217548001e-06
"HOOK3",4.89450852245556e-11,-0.254056401893704,0.42,0.177,2.11942008039371e-06
"GATAD2A",4.95004255691495e-11,0.283609051013781,0.162,0.028,2.14346742799531e-06
"CST3",5.02762768279485e-11,0.327472316711409,0.247,0.081,2.17706333920383e-06
"RBFOX1",5.08298372057828e-11,-1.54618276399968,0.127,0.233,2.2010336106848e-06
"AHCYL2",5.19888032178088e-11,0.468925090537954,0.211,0.059,2.25121915693756e-06
"ZC3H13",5.34936872760418e-11,-0.298792289728732,0.465,0.211,2.31638364642716e-06
"SLC13A3",5.59641687379788e-11,-0.252340724619037,0.4,0.169,2.42336043469196e-06
"AC115622.1",5.82525450444595e-11,0.487110403358611,0.109,0,2.52245170551519e-06
"MRE11",6.26785995103342e-11,0.284138854374018,0.12,0.006,2.71410871599649e-06
"CGGBP1",6.48146920865266e-11,-0.330322746904096,0.361,0.143,2.80660579673077e-06
"ELOA-AS1",6.6765752600314e-11,0.329060991336524,0.114,0.003,2.8910906190988e-06
"AL133346.1",6.6873775752227e-11,0.411790110849351,0.12,0.006,2.89576823762293e-06
"RSRP1",6.7268061254393e-11,-0.36868721347068,0.461,0.197,2.91284158843773e-06
"AC015712.4",6.72877507335963e-11,0.293127034155684,0.114,0.003,2.91369418226619e-06
"NVL",6.82558012927424e-11,0.264155341908539,0.178,0.039,2.95561270757833e-06
"FAM149B1",7.03578383554534e-11,0.276890706325851,0.158,0.028,3.04663511646784e-06
"C2CD3",7.09914061114083e-11,0.331478745571373,0.16,0.028,3.0740698674362e-06
"HEXDC",7.39421706671241e-11,0.309495078451419,0.141,0.017,3.20184387422781e-06
"TSPO",7.44763634096426e-11,0.257438177656956,0.2,0.053,3.22497548836435e-06
"ZNF302",7.61657464008166e-11,-0.276503442976808,0.363,0.146,3.29812915064816e-06
"PTBP3",7.72951177546335e-11,0.259583466192273,0.165,0.031,3.34703318901114e-06
"CTTNBP2NL",7.89525462661029e-11,0.310207087697062,0.139,0.017,3.41880315841479e-06
"AL591895.1",8.44849796433659e-11,-0.326922719434053,0.208,0.053,3.65836858851703e-06
"SLC4A7",8.47308565107491e-11,0.287995297574652,0.129,0.011,3.66901554862846e-06
"SRGAP2B",8.701309615041e-11,0.284030174735138,0.128,0.011,3.76784108950505e-06
"LINC02340",9.08079689797872e-11,0.277807831918579,0.118,0.006,3.93216667276275e-06
"SLC6A8",9.23879895938272e-11,-0.376445774845468,0.45,0.197,4.00058472539191e-06
"RPS19",9.29476429602566e-11,-1.50014333479473,0.275,0.357,4.02481883546503e-06
"AL122035.1",9.90153543302765e-11,0.322345820495578,0.118,0.006,4.28756287320963e-06
"INTS6L",1.02369841271566e-10,0.252660418430277,0.118,0.006,4.43281886674136e-06
"KCTD1",1.04640189157315e-10,0.374675592920114,0.191,0.051,4.53112947089006e-06
"ST3GAL6",1.1489896896547e-10,0.462799729768092,0.141,0.02,4.97535515414279e-06
"AC007221.1",1.19832662337889e-10,0.39789848789036,0.106,0,5.18899394455526e-06
"BRCA1",1.20483866075565e-10,0.324673500426434,0.147,0.022,5.21719236880412e-06
"STX3",1.20924000392797e-10,0.264946098316299,0.146,0.022,5.23625106500891e-06
"PROS1",1.21189210051349e-10,0.410408663828401,0.132,0.014,5.24773517364349e-06
"GPR137B",1.24482673521579e-10,0.363972152693383,0.147,0.022,5.39034872883142e-06
"CEBPD",1.36319839551433e-10,0.331802862761879,0.143,0.02,5.90292169225615e-06
"MAP7D1",1.36349706145723e-10,-0.324118253140316,0.372,0.152,5.90421497552211e-06
"HNRNPR",1.463098211882e-10,-0.323548879015896,0.353,0.146,6.33550787709143e-06
"IRAK1BP1",1.4870737817023e-10,0.252473624507152,0.161,0.031,6.43932688952729e-06
"LRIG3",1.51763569674856e-10,0.328150524279328,0.121,0.008,6.5716660940606e-06
"KMT2A",1.60268934994409e-10,-0.354081647179439,0.468,0.213,6.93996542312788e-06
"AC079594.2",1.60369205971684e-10,0.292643273541973,0.121,0.008,6.94430735698584e-06
"PRIM2",1.61699028086545e-10,0.416439204644005,0.145,0.022,7.00189131420359e-06
"FGFR1OP2",1.66498501697658e-10,-0.375258021593552,0.331,0.129,7.20971812051198e-06
"Z93930.2",1.73768477515909e-10,0.381528355062082,0.121,0.008,7.5245226133939e-06
"MBD4",1.73974510205666e-10,0.259802677059715,0.174,0.039,7.53344424092574e-06
"NACAD",1.8299320646541e-10,-1.02841681575515,0.077,0.166,7.92397182636518e-06
"RSRC2",1.8411573955606e-10,-0.285567556964347,0.291,0.104,7.97257975425651e-06
"AL359710.1",1.86348705540618e-10,0.345159358800057,0.109,0.003,8.06927164731983e-06
"MARCH8",1.89714304397128e-10,0.260193521266975,0.216,0.065,8.21500880900444e-06
"YLPM1",1.96209003030174e-10,-0.293140515256804,0.351,0.143,8.49624224921258e-06
"SLC25A48",1.96936836182169e-10,0.34149423230749,0.171,0.039,8.52775888036027e-06
"SLTM",2.11789379075013e-10,-0.296756391157287,0.502,0.23,9.17090369270619e-06
"SUN1",2.36595716215415e-10,-0.402178819074879,0.241,0.079,1.02450677035599e-05
"FAM135B",2.39682865632959e-10,0.31117377528965,0.133,0.017,1.03787474476384e-05
"IPO8",2.48193524562439e-10,0.263659202021921,0.181,0.045,1.07472760006027e-05
"ANO10",2.5492445041547e-10,0.275287136454688,0.187,0.048,1.10387385518907e-05
"SPDYE2",2.66228732200134e-10,0.279027480440323,0.108,0.003,1.15282365617302e-05
"ARIH2",3.05149706588835e-10,-0.293724919906155,0.413,0.18,1.32135925947097e-05
"PIGG",3.20044303670376e-10,0.28794775624942,0.141,0.022,1.38585584375346e-05
"AP002954.1",3.3081122973533e-10,0.311319538819637,0.101,0,1.43247878699993e-05
"INO80D",3.34061278483851e-10,-0.296603822468337,0.287,0.107,1.44655214809077e-05
"AL035530.2",3.36194667946233e-10,0.275013654605373,0.112,0.006,1.45579015114078e-05
"EDA",3.36693095410271e-10,0.309423559935281,0.163,0.034,1.45794844174555e-05
"CDH4",3.50919037307743e-10,0.356531918797232,0.175,0.042,1.51954961534999e-05
"BAZ1B",3.62247299640206e-10,-0.302193020785442,0.31,0.124,1.56860325690202e-05
"C1orf56",3.7729577300257e-10,0.321302532853809,0.106,0.003,1.63376615625573e-05
"RETREG3",3.98205088167051e-10,0.303980696751197,0.112,0.006,1.72430767278096e-05
"AAGAB",4.15129076393987e-10,0.270329956321283,0.135,0.02,1.79759192660124e-05
"FAM196B",4.16349387853854e-10,0.272092835615071,0.165,0.037,1.80287611928476e-05
"GRHPR",4.62847762369866e-10,-0.26581571626018,0.305,0.121,2.00422338061399e-05
"HNRNPH3",4.6767956266505e-10,-0.422642581624444,0.322,0.129,2.0251460422522e-05
"OCLN",4.8243030888556e-10,0.28866688578602,0.105,0.003,2.08901972353625e-05
"AL136531.2",5.06164457902837e-10,0.358064508122657,0.105,0.003,2.19179333561086e-05
"VEZF1",5.14029837078599e-10,-0.258092764959547,0.314,0.124,2.22585200051775e-05
"RAI14",5.23475592470576e-10,0.255288218619036,0.167,0.037,2.26675401051609e-05
"APBB1",5.54054507830522e-10,-0.259016549306908,0.421,0.188,2.39916682980773e-05
"ZFYVE9",5.73010631558311e-10,0.251012390733013,0.159,0.034,2.4812506367738e-05
"BAIAP2",5.76231431515078e-10,0.375150979273553,0.109,0.006,2.49519734474659e-05
"NUMA1",6.11266433867262e-10,-0.422743257405965,0.329,0.132,2.64690591193202e-05
"PITRM1",6.40519153469519e-10,0.266462733584475,0.13,0.017,2.77357603835371e-05
"CUTC",6.49748976900402e-10,0.275066218799353,0.158,0.034,2.81354301977412e-05
"AL157938.2",6.49949383728248e-10,0.260812296390128,0.104,0.003,2.81441082142006e-05
"BCHE",6.50384069729527e-10,0.336040371531348,0.108,0.006,2.8162930987428e-05
"TBC1D22B",6.68511048216138e-10,0.609535984967278,0.12,0.011,2.89478654098552e-05
"AC009126.1",7.15720851415144e-10,0.37382843764051,0.103,0.003,3.09921443079786e-05
"LINC01122",7.19920500321089e-10,0.321860431741972,0.175,0.045,3.11739975049038e-05
"AC108866.1",7.25118471723968e-10,0.47213802133365,0.103,0.003,3.13990800625912e-05
"SH3BGR",7.33211492181855e-10,0.284132459840441,0.134,0.02,3.17495240344587e-05
"FDX1",7.47901523231198e-10,0.304722507054662,0.113,0.008,3.23856317589574e-05
"PTPN21",7.70190464430347e-10,0.313139709380834,0.112,0.008,3.33507874907629e-05
"AC104461.1",7.74319529440247e-10,0.317210108601604,0.103,0.003,3.35295842638216e-05
"CYP2R1",7.76796749087131e-10,0.273174271598947,0.124,0.014,3.3636852828971e-05
"TAZ",7.80690918023685e-10,-0.263622970976164,0.189,0.051,3.38054781322616e-05
"ENO1",8.0360140199376e-10,-0.359991771446904,0.352,0.146,3.47975479091338e-05
"EFL1",8.19519485918121e-10,0.331116782168458,0.103,0.003,3.54868327792265e-05
"TRAM2",8.22437808449085e-10,0.277696462222448,0.103,0.003,3.56132019814623e-05
"MARCH2",8.25943264827547e-10,0.273671891521252,0.161,0.037,3.57649952535625e-05
"PPM1L",8.8690137106227e-10,0.312095041339873,0.154,0.034,3.84046031697384e-05
"RPL35",8.98647083428542e-10,-1.42720832471477,0.209,0.298,3.89132160066227e-05
"AVEN",9.65664953534089e-10,0.316498606851945,0.183,0.051,4.18152238179331e-05
"NBPF11",9.69106677695772e-10,0.301297887751072,0.146,0.028,4.19642573575823e-05
"C11orf58",9.7923466011528e-10,-0.311278029095542,0.339,0.14,4.24028192523118e-05
"RFC1",9.80459326513192e-10,-0.27503667695614,0.393,0.171,4.24558497566743e-05
"MCM9",9.89182573060502e-10,0.287523329107178,0.162,0.037,4.28335837786659e-05
"AP002812.2",1.00720915176767e-09,0.325857265958029,0.107,0.006,4.36141706898437e-05
"EBLN3P",1.05513939376333e-09,0.254585710408255,0.113,0.008,4.56896460287397e-05
"TKT",1.1119336039638e-09,-0.2755944669714,0.337,0.14,4.81489489188403e-05
"CADM4",1.13710147544991e-09,-0.366727813229142,0.349,0.146,4.9238768089932e-05
"LINC00511",1.19555075334473e-09,0.407013719957959,0.13,0.02,5.17697387213337e-05
"SERINC1",1.19876829416026e-09,-0.318228089978237,0.497,0.233,5.19090646737274e-05
"AL139352.1",1.2318195258858e-09,0.270627968434616,0.106,0.006,5.33402491099068e-05
"BRCC3",1.26379710597928e-09,0.321176666644026,0.112,0.008,5.47249422831148e-05
"UBE3A",1.2766308564789e-09,-0.289286440157484,0.359,0.154,5.52806693472494e-05
"TPK1",1.30457080248904e-09,0.293928841779367,0.127,0.017,5.64905248893804e-05
"OCIAD1",1.33915911569888e-09,-0.352043416117828,0.535,0.253,5.79882680279931e-05
"FILIP1L",1.36130548668759e-09,0.283197675278804,0.14,0.025,5.8947250184546e-05
"UBE2J1",1.42522877214074e-09,0.263758123005549,0.141,0.025,6.17152562912384e-05
"SLC35F1",1.46012735371808e-09,0.29398595948294,0.148,0.031,6.32264346707005e-05
"VRK1",1.62041273275393e-09,0.276801772656836,0.121,0.014,7.01671121537107e-05
"PAFAH1B3",1.70632658184358e-09,0.290576031569139,0.104,0.006,7.38873536469908e-05
"ISG15",1.74486032560208e-09,1.07361931745517,0.118,0.014,7.55559418192213e-05
"KTN1",1.84990657713926e-09,-0.555200479050275,0.547,0.258,8.01046546032842e-05
"SLC9B1",1.93935670373475e-09,0.353519239759125,0.129,0.02,8.39780239851222e-05
"ZNF326",2.09866192072427e-09,-0.40173195430727,0.28,0.11,9.08762584912024e-05
"COX4I1",2.11692529443931e-09,-0.273326482721302,0.431,0.194,9.1667099099811e-05
"EMC8",2.17364478947948e-09,0.271776269506677,0.123,0.017,9.41231666740404e-05
"GBP2",2.34516252799332e-09,0.316808090902461,0.109,0.008,0.000101550227787167
"MDM4",2.39190602569727e-09,-0.373624050954479,0.502,0.239,0.000103574314724743
"THOC2",2.41745168075778e-09,-0.340677671901928,0.416,0.188,0.000104680492680173
"YPEL2",2.4755767073533e-09,-0.409029073906111,0.486,0.236,0.000107197422581813
"ZNF155",2.59864519449325e-09,0.250914604125189,0.123,0.017,0.000112526534211947
"SRRM2",2.78116834054847e-09,-0.568027612006396,0.441,0.202,0.00012043015148243
"NRP2",2.86290075643099e-09,0.267381611691109,0.113,0.011,0.000123969328554975
"MFF",2.9039555221741e-09,-0.415547154774654,0.364,0.16,0.000125747082021183
"LINC00667",2.96130282638935e-09,-0.349373736749462,0.223,0.073,0.000128230334988312
"PSMD11",2.97085417390143e-09,-0.279083759702444,0.284,0.11,0.00012864392743828
"ADARB2",3.14401948013865e-09,-0.256244432319412,0.493,0.247,0.000136142331528964
"KCND3",3.24944928549137e-09,0.285321765750838,0.159,0.039,0.000140707652960347
"TMEM41B",3.44599830200462e-09,-0.363144400972617,0.291,0.118,0.000149218618473404
"LANCL1-AS1",3.62593414652149e-09,0.259374190464873,0.101,0.006,0.000157010200412674
"XRCC4",3.69002281677092e-09,0.286557766429759,0.192,0.062,0.000159785368011814
"FAM222A-AS1",3.72341322871939e-09,0.272797575378819,0.101,0.006,0.000161231239630007
"ZNF100",3.77973379312989e-09,0.327140436908309,0.131,0.022,0.00016367003271011
"CSDE1",3.81348592481186e-09,-0.315580987742359,0.388,0.174,0.000165131567516203
"ERBB3",3.91164526473699e-09,-0.594359286931895,0.303,0.121,0.000169382063253641
"RPS27A",3.91794628361585e-09,-1.51556536017957,0.258,0.329,0.000169654909973134
"ST18",4.10519871576782e-09,0.263397303424084,0.96,0.702,0.000177763314790178
"LINC01182",4.16227182047855e-09,0.332027321293133,0.101,0.006,0.000180234694370362
"GPCPD1",4.29015611265182e-09,0.254083589617986,0.126,0.02,0.000185772339990049
"EIF4A2",4.42862515231359e-09,-0.395675462415718,0.341,0.146,0.000191768326345483
"PTGES3",4.46628211113614e-09,-0.325151452068719,0.481,0.233,0.000193398947976417
"TJAP1",4.61609780398222e-09,-0.330989728487712,0.282,0.11,0.000199886267108038
"SERPINI1",4.87965389285431e-09,-0.321895162545216,0.418,0.191,0.000211298772868378
"NACA",4.88579901574736e-09,-1.02188467284244,0.109,0.197,0.000211564868979892
"ZW10",4.97718521950487e-09,0.257901548654284,0.105,0.008,0.000215522074375
"USP31",5.75125059988269e-09,-0.421668726053948,0.412,0.188,0.00024904065347612
"NAPEPLD",5.86442460669681e-09,-0.34093689673807,0.39,0.177,0.000253941314319185
"TCF25",6.35083560414574e-09,-0.336029968675157,0.387,0.177,0.000275003883330719
"SLC38A2",6.5881251612877e-09,-0.518755300960397,0.531,0.261,0.00028527899573408
"SIRT2",6.79423764162672e-09,-0.325939790871367,0.582,0.284,0.00029420407835772
"EVI5L",6.89595120188045e-09,-0.251863307014697,0.279,0.112,0.000298608478943827
"IFI6",7.4945676900932e-09,0.637258166377764,0.116,0.017,0.000324529770116416
"IFIT1",7.71612304104037e-09,0.430249412739819,0.112,0.014,0.00033412355992313
"EPC1",7.85674635443005e-09,-0.39276294822154,0.427,0.202,0.00034021283063953
"IST1",7.86160924100067e-09,-0.33238235082138,0.278,0.112,0.000340423403353811
"MIR181A2HG",8.09660507713676e-09,0.294578264412089,0.141,0.031,0.000350599193050176
"NEU3",8.17995474386838e-09,0.257039140765497,0.103,0.008,0.000354208400318989
"LSG1",9.13930268395795e-09,0.25934618027544,0.102,0.008,0.000395750084820747
"CORO2B",9.40043540692252e-09,-0.313157220229052,0.386,0.18,0.000407057653990559
"CEP290",9.84576780626227e-09,-0.434693615552134,0.381,0.174,0.000426341437546769
"BEND6",1.11470471395027e-08,0.30408301988891,0.13,0.025,0.000482689435234744
"ACIN1",1.21407618456909e-08,-0.261570085786482,0.282,0.115,0.000525719269442106
"PRR13",1.30038891405259e-08,0.283611305424182,0.12,0.02,0.000563094407563053
"EFCAB11",1.31904192344637e-08,0.341901408428584,0.125,0.022,0.000571171533690748
"SEMA4D",1.35341739725325e-08,-0.378384688842016,0.668,0.337,0.000586056801358603
"KIF3A",1.37956444567821e-08,-0.29380864081557,0.35,0.154,0.000597378996267578
"AC011997.1",1.41668483807205e-08,0.270245087980696,0.14,0.031,0.000613452868581958
"STPG2",1.41911957869854e-08,0.339382036690563,0.198,0.07,0.000614507159968041
"CPM",1.43639955234904e-08,-0.295814310113731,0.338,0.152,0.000621989734158182
"UBL5",1.44512907389798e-08,-0.787014516443669,0.072,0.149,0.000625769791579305
"PAAF1",1.48546877044115e-08,-0.271517303990482,0.239,0.09,0.000643237686976428
"NOL4L",1.55373870507083e-08,-0.340123656764132,0.193,0.062,0.000672799934069769
"RSAD1",1.56784493118434e-08,0.261802162284938,0.128,0.025,0.000678908212101444
"PANK3",1.67257316461031e-08,-0.265496115025187,0.203,0.067,0.000724257631739556
"UBC",1.70534992309183e-08,-0.347269188763626,0.697,0.354,0.000738450623697224
"CCNI",1.82823215408164e-08,-0.489973736662247,0.429,0.202,0.000791661087360433
"TENM3",1.98384428504243e-08,0.467825739679207,0.126,0.025,0.000859044252309074
"CRBN",1.98627535476822e-08,-0.388761823423355,0.318,0.138,0.000860096954121735
"DOCK9",2.0305304521993e-08,-0.33730532112432,0.707,0.368,0.00087926029641134
"HERC6",2.23027194482469e-08,0.264835646117235,0.102,0.011,0.000965752357547986
"RNASE1",2.3654177938949e-08,-0.367601331283218,0.582,0.278,0.00102427321311237
"PLEKHG3",2.43760467604817e-08,-0.528398695624587,0.352,0.157,0.00105553157682238
"KNOP1",2.53220673375655e-08,-0.281613425076929,0.505,0.25,0.00109649615985126
"TIMP2",2.58587156634376e-08,-0.418578709873234,0.412,0.197,0.00111973410565817
"AMZ1",2.70760161175148e-08,0.28020066917576,0.112,0.017,0.00117244564992063
"HSPA1B",2.76170002038663e-08,-1.74372188433864,0.26,0.326,0.00119587134282782
"SPNS2",2.76954229675798e-08,-0.334299756185189,0.267,0.11,0.00119926720534214
"YARS2",3.00670823077588e-08,0.415373411533304,0.137,0.031,0.00130196479809057
"ABCA5",3.14606256147559e-08,-0.323902269030328,0.336,0.152,0.00136230801037016
"CDC42EP1",3.18017918545967e-08,-0.311941915020705,0.366,0.169,0.00137708119088774
"ZNF675",3.26722831248104e-08,0.33714681754348,0.111,0.017,0.00141477520387054
"ESRRG",3.34594211204792e-08,0.51450986299529,0.155,0.045,0.00144885985335899
"BSDC1",3.35659684354273e-08,-0.301067678368533,0.246,0.096,0.00145347356519087
"HNRNPDL",3.39147543751838e-08,-0.414625080787505,0.617,0.303,0.00146857669395421
"ENDOD1",3.47463682059928e-08,-0.33916346596176,0.447,0.216,0.0015045872360559
"HID1",3.48396272259373e-08,-0.299269210590781,0.223,0.084,0.00150862553813754
"ZC4H2",3.5343915891788e-08,0.27278619764332,0.139,0.034,0.00153046224594621
"CCNL2",3.62586061099674e-08,-0.26112515561613,0.284,0.121,0.00157007016177381
"BBIP1",3.74459632404202e-08,-0.25064089237808,0.31,0.138,0.00162148510023667
"APLP1",3.97995926534984e-08,-0.71668726391913,0.866,0.652,0.00172340196108179
"ST3GAL1",4.03919791417984e-08,0.258275210003492,0.101,0.011,0.00174905348079816
"EEF2",4.21878303099726e-08,-0.517543420760968,0.41,0.194,0.00182681742808244
"GOLGB1",4.32151372804018e-08,-0.366100063732534,0.313,0.138,0.00187130187451596
"LDB3",4.43967802875449e-08,-0.377834398606759,0.505,0.25,0.00192246938001127
"RORB",4.49922335889895e-08,0.466002608557468,0.153,0.045,0.00194825369887042
"PPM1A",4.95568933652139e-08,-0.257738593260162,0.218,0.081,0.00214591259650049
"MRPL42",5.12675500363246e-08,-0.318038610067209,0.165,0.048,0.00221998745167293
"FBXL20",5.22838919475419e-08,-0.295000973847585,0.257,0.107,0.00226399708911246
"HS2ST1",5.35284725337243e-08,0.259630388752017,0.109,0.017,0.00231788991765533
"MTDH",5.58222223828993e-08,-0.531061143239411,0.533,0.264,0.00241721387362431
"GOLGA7",5.79204940535793e-08,-0.319137769098114,0.356,0.163,0.00250807323350809
"SERF2",6.13330243315777e-08,-0.351305697540011,0.437,0.211,0.00265584261960598
"SLIT2",6.30120256144398e-08,0.514989203200403,0.151,0.045,0.00272854673315647
"LRRC58",6.45387726877303e-08,-0.31390797855883,0.246,0.098,0.0027946579349241
"CLSTN2",6.78317420263492e-08,0.350425139441259,0.118,0.022,0.00293725009322497
"XPA",6.89525202978655e-08,-0.397183017331151,0.247,0.098,0.00298578203393817
"NDUFA1",6.89682262869644e-08,-0.743878408436249,0.062,0.132,0.00298646213467813
"AGAP3",6.95250826262283e-08,-0.372369154902371,0.248,0.101,0.00301057512788094
"MAGED1",7.39346545726575e-08,0.252932462859933,0.182,0.065,0.00320151841230521
"CSPP1",7.45249257723378e-08,-0.359285833659261,0.324,0.149,0.00322707833579377
"GON4L",7.49223794218854e-08,-0.329727788317311,0.223,0.084,0.00324428887372648
"RAPGEF3",7.59905191877263e-08,-0.35216535992498,0.189,0.065,0.00329054146186693
"NDUFS2",8.69593345886193e-08,-0.285751818320915,0.308,0.14,0.00376551310635639
"PSMC6",8.89816087976619e-08,-0.380242943441566,0.246,0.098,0.00385308162415635
"BACE1",8.98685647711128e-08,-0.368394927723549,0.436,0.213,0.00389148859171873
"SLC6A1",9.13287612404414e-08,-0.436358521754563,0.337,0.157,0.0039547180192336
"PLXNB1",9.37931653768103e-08,-0.417045727394597,0.317,0.143,0.00406143164714664
"XIAP",9.44620822305508e-08,-0.429697050682759,0.258,0.107,0.00409039708474731
"RPS15",1.04063793767051e-07,-1.3944699415029,0.305,0.357,0.00450617039770083
"BRSK1",1.05913314121614e-07,-0.268247887214457,0.211,0.081,0.00458625832809412
"PNISR",1.0732147817137e-07,-0.493759979621771,0.658,0.34,0.00464723464777667
"IPO9",1.08997192007343e-07,-0.373601776424813,0.237,0.096,0.00471979640830196
"TMC6",1.15837357661516e-07,-0.503367301629675,0.363,0.171,0.00501598926145894
"TMEM59",1.17662253021873e-07,-0.338674156465528,0.543,0.267,0.00509501088035313
"PRDX1",1.17712142092997e-07,-0.263421408662081,0.566,0.281,0.00509717117691094
"PNN",1.27826398330718e-07,-0.431383939513438,0.278,0.121,0.00553513870051675
"CCAR1",1.2812019408755e-07,-0.354354715575703,0.3,0.135,0.00554786064437909
"ZNF790",1.41055652791368e-07,0.252432130363707,0.126,0.031,0.00610799187717182
"YWHAE",1.42075024912877e-07,-0.319120833881511,0.532,0.267,0.00615213272877741
"SRRM1",1.43520090903154e-07,-0.561158215620082,0.441,0.219,0.00621470697628837
"ZBTB7A",1.54828175538623e-07,-0.314754198075135,0.242,0.101,0.00670436965717344
"SPARCL1",1.5510536041741e-07,-0.250519006674259,0.275,0.121,0.00671637231679469
"TMEM63A",1.67990517147789e-07,-0.618813987080832,0.493,0.247,0.00727432537353358
"LMAN1",1.68377147119508e-07,-0.437633532578738,0.166,0.053,0.00729106722456895
"TMEM106B",1.69250526824081e-07,-0.353451300426683,0.31,0.143,0.00732888631253637
"REEP5",1.70762628180843e-07,-0.286104853442268,0.316,0.146,0.00739436332548687
"LENG8",1.71628006510727e-07,-0.395670659459699,0.246,0.104,0.0074318359379275
"TTTY14",1.71946941382209e-07,0.251708835161408,0.222,0.093,0.0074456464557324
"NDUFB2",1.72724121719465e-07,-1.03497090068038,0.092,0.166,0.00747929991869628
"LIFR",1.7537305737074e-07,-0.431770504172389,0.466,0.236,0.00759400413026777
"MORF4L1",1.8217144593825e-07,-0.407616485266668,0.386,0.185,0.0078883879520181
"APLF",2.0416445308e-07,0.343287414172137,0.115,0.025,0.00884072914727014
"MAPK8IP1",2.11386845474063e-07,-0.415440570863301,0.367,0.174,0.00915347318271786
"HNRNPA3",2.12971820955371e-07,-0.687746563862194,0.395,0.188,0.00922210579100947
"PPM1K",2.1971111905722e-07,-0.505026517342418,0.345,0.166,0.00951393087741573
"PELI2",2.19776226139116e-07,0.259791708659501,0.142,0.042,0.00951675014427599
"ARPP19",2.30039370514594e-07,-0.268941261358142,0.339,0.163,0.00996116482202296
"ERO1B",2.390958879138e-07,-0.254218778264085,0.174,0.062,0.0103533301384434
"SPTLC2",2.4153055379142e-07,-0.523498643138207,0.496,0.253,0.0104587560402761
"TMSB4X",2.67395656989628e-07,-1.43484229177876,0.574,0.492,0.0115787667389649
"RPL32",2.69732323562846e-07,-1.45497333279479,0.256,0.315,0.0116799490749184
"TJP2",2.84058576908537e-07,-1.14754239884482,0.061,0.126,0.0123003044972935
"EIF3A",2.86759182393047e-07,-0.298763890828609,0.221,0.09,0.0124172461159837
"SLC25A4",2.87628097688821e-07,-0.338418215814463,0.199,0.076,0.0124548718861213
"FOXO3",2.95496611155944e-07,-0.34322245041119,0.356,0.177,0.0127955942562747
"MIA3",3.06778060404319e-07,-0.256364627744944,0.19,0.07,0.0132841035716278
"HEPACAM",3.39171740154881e-07,-0.328262976733573,0.48,0.244,0.0146868146921867
"ENPP4",3.61674113087377e-07,-0.335942274335304,0.315,0.149,0.0156612124449096
"EFHD1",3.8313100324509e-07,-0.28463078407411,0.731,0.393,0.0165903387025189
"ARID4A",3.83852347405186e-07,-0.463713302176823,0.328,0.157,0.0166215743473394
"TMCC2",3.86896285370351e-07,-0.535009590089817,0.372,0.18,0.0167533829491069
"PPP2R1A",4.02863950393392e-07,-0.254474594265515,0.224,0.093,0.0174448147799346
"LSM8",4.33143839333282e-07,-0.316301163271297,0.147,0.045,0.0187559945308098
"SREK1",4.56075653319576e-07,-0.325362563661546,0.276,0.126,0.0197489879400443
"SERBP1",4.56444309764168e-07,-0.326808579212508,0.209,0.081,0.019764951501408
"VCP",4.77971950597175e-07,-0.293775196596127,0.249,0.11,0.0206971414047589
"KDSR",4.85472443701572e-07,-0.33289400826442,0.274,0.124,0.0210219277571655
"HNRNPL",4.98328134925445e-07,-0.528343459413059,0.258,0.112,0.0215786048985416
"ZNF862",5.03120157586554e-07,-0.315220997203176,0.234,0.101,0.0217861090638129
"DGCR2",5.37190549253673e-07,-0.306633798818286,0.196,0.076,0.0232614251637826
"KLHL42",5.37782069945885e-07,-0.317331636361355,0.301,0.14,0.0232870391927967
"AK5",5.5270341767313e-07,-0.261084735847459,0.648,0.362,0.0239331633920819
"PKNOX1",5.56207952944003e-07,-0.256038574701878,0.197,0.076,0.0240849167783812
"FBXO9",5.6177516182566e-07,-0.262198492085387,0.248,0.11,0.0243259880573747
"PHB",5.68200626428987e-07,-0.266899254298948,0.187,0.07,0.024604223525628
"AFMID",5.85648140578685e-07,-0.414277796859514,0.237,0.101,0.0253597357833382
"JUNB",5.86138592763614e-07,-0.280414790419886,0.176,0.062,0.02538097334385
"MINK1",5.88794907463974e-07,-0.321271912605654,0.231,0.096,0.025495997083005
"PMP22",6.00855762757698e-07,-0.363034213669363,0.668,0.346,0.0260182562389338
"OPHN1",6.12895019704412e-07,0.265858107451239,0.128,0.037,0.0265395801432404
"SNRNP70",6.67271502240861e-07,-0.455078710768762,0.506,0.256,0.0288941905900338
"RBM25",6.74096049668492e-07,-0.694796056187963,0.449,0.228,0.029189707142745
"RBMX",7.01409693490386e-07,-0.674098682707136,0.387,0.191,0.0303724425475207
"IDI1",7.19432453377874e-07,-0.327199180068036,0.26,0.118,0.0311528640961687
"NRBP2",7.21568688593193e-07,-0.418667556795926,0.262,0.118,0.0312453673534624
"PPP1R21",7.2799486157304e-07,-0.384069681006107,0.477,0.247,0.0315236334958358
"ZRANB2",7.87692865834555e-07,-0.417424758611096,0.386,0.194,0.0341086764763679
"RPS6KB1",7.97645326655634e-07,-0.329130547256117,0.221,0.093,0.0345396379348422
"TPRN",8.17065153551614e-07,-0.256145419301918,0.237,0.104,0.035380555279092
"ARRDC2",8.42656306178579e-07,-0.383365891181349,0.212,0.087,0.0364887033701448
"CNOT7",8.44519453815171e-07,-0.274224601157019,0.134,0.039,0.0365693813891045
"EZH1",8.91037224087917e-07,-0.44828366349533,0.29,0.138,0.038583693877455
"DDB1",9.07043594322847e-07,-0.308789800403168,0.21,0.087,0.0392768017213679
"IVNS1ABP",9.19001518714944e-07,-0.519496624338782,0.235,0.104,0.0397946037633945
"PIAS2",9.37001001468898e-07,-0.419110347144968,0.325,0.157,0.0405740173656062
"INSIG1",9.88329745394093e-07,-0.367644972024169,0.344,0.171,0.042796654635055
"HINT1",1.02810979512579e-06,-0.302556910459525,0.38,0.188,0.0445192103485371
"SGTA",1.03126362773217e-06,-0.332854161579681,0.274,0.126,0.0446557776080584
"ZCCHC24",1.04721848500614e-06,-0.532823762918587,0.498,0.258,0.045346654837736
"TTYH1",1.08186855499926e-06,-0.357354919288948,0.403,0.202,0.0468470721685779
"IRF2BP2",1.11628245854794e-06,-0.475333505802688,0.341,0.169,0.0483372630200428
"CDH20",1.1476333476121e-06,-0.252903777738461,0.76,0.427,0.0496948192182991
"ATP2B1",1.14799023286858e-06,-0.252800989135363,0.255,0.118,0.0497102730636751
"EIF1B",1.14937738227119e-06,-0.392265760136488,0.276,0.129,0.049770339407107
"MT-ATP6",1.15807350227016e-06,-1.30817432442224,0.515,0.469,0.0501468987953024
"SHC4",1.19450745397525e-06,-0.472892033760712,0.265,0.121,0.0517245617720361
"UFL1",1.23448344285833e-06,-0.465859674559945,0.346,0.169,0.0534556020426516
"MRPL48",1.26613914111726e-06,-0.265331518998553,0.223,0.096,0.0548263570886595
"CSAD",1.33906538757325e-06,-0.373403818858367,0.275,0.126,0.0579842094126969
"ABCA8",1.37273448629012e-06,-0.371506836326122,0.674,0.365,0.0594421487253349
"SEC14L5",1.37341470811472e-06,-0.309642102593096,0.276,0.132,0.0594716036907837
"SLC20A1",1.41742101696849e-06,-0.333750537163274,0.15,0.051,0.0613771648767695
"RPL30",1.43400284967624e-06,-1.19974793675733,0.134,0.205,0.0620951913966806
"DYNC1H1",1.546757691229e-06,-0.59301441680069,0.52,0.272,0.066977701545598
"VSTM2B",1.56521091405859e-06,-0.296290917432319,0.18,0.07,0.0677767630005649
"MTCH1",1.68682291683757e-06,-0.483697826036888,0.424,0.219,0.0730428059449005
"RHOA",1.69584213941119e-06,-0.376935797762573,0.333,0.166,0.0734333563207833
"OXSR1",1.81045571460763e-06,-0.26323673835968,0.163,0.059,0.0783963533539396
"ZDHHC9",1.94111069034068e-06,-0.542232898217527,0.376,0.188,0.0840539751131321
"SNX6",2.03080948858163e-06,-0.363471013011139,0.296,0.143,0.0879381124745618
"SRP9",2.10705980838897e-06,-0.371278549062158,0.243,0.11,0.0912399038228591
"CINP",2.13325192401345e-06,-0.318550677257952,0.171,0.065,0.0923740748136303
"PTPRF",2.17663500632273e-06,-0.634443875428481,0.361,0.18,0.094252649043787
"SLC6A9",2.33678815161148e-06,-0.370113948949945,0.126,0.037,0.10118760054108
"GALNT7",2.37643464641544e-06,-0.344871878696008,0.238,0.107,0.102904373059081
"CREBRF",2.39077174435743e-06,-0.515548359166437,0.313,0.154,0.103525198074165
"SPP1",2.51322262911576e-06,-0.774714162409427,0.85,0.638,0.108827566285971
"SGCB",2.52676371288986e-06,-0.376086874943644,0.197,0.081,0.109413922295557
"RPS2",2.55444543864401e-06,-0.346419789636512,0.48,0.253,0.110612596384163
"EXOC7",2.56245812205922e-06,-0.348051674476739,0.163,0.062,0.110959561601408
"ZNF292",2.62088436728252e-06,-0.36732099208443,0.603,0.326,0.113489534872068
"FASN",2.65634919022795e-06,-0.275890412242143,0.168,0.065,0.115025232635251
"MRPS5",2.67795484259308e-06,-0.387655544805815,0.299,0.146,0.115960800593965
"POLR2F",2.76462633132791e-06,-0.402889800538431,0.65,0.362,0.119713849399161
"MAPRE2",2.84640019681686e-06,-0.296085375333429,0.541,0.292,0.123254821322564
"SNX19",2.96792848312019e-06,-0.286853760837914,0.218,0.098,0.12851723917607
"DNAJB2",3.03176035755163e-06,-0.462243789641209,0.555,0.295,0.131281287002701
"RPL37A",3.03595465600489e-06,-1.43844698043668,0.314,0.348,0.131462908514324
"HCFC1R1",3.10172062721511e-06,-0.285695126734464,0.177,0.07,0.134310706599669
"YPEL3",3.13815300514112e-06,-0.445131559120785,0.268,0.129,0.135888301428621
"ZNF652",3.15721342255765e-06,-0.372411006834097,0.62,0.343,0.136713655623592
"LINC00632",3.27950012629774e-06,-0.636939118351553,0.29,0.14,0.142008914468945
"CLSTN1",3.30527040269341e-06,-0.397406288126611,0.297,0.149,0.14312481897743
"PBX1",3.35891296473341e-06,-0.318753462038661,0.375,0.202,0.145447649198886
"RPS3A",3.38968481463591e-06,-1.10729250785924,0.102,0.169,0.146780131843364
"CYP7B1",3.75109104259865e-06,-0.286195937449159,0.278,0.138,0.162429744326607
"ERRFI1",3.77135819481126e-06,-0.253141763592689,0.122,0.037,0.163307352551717
"RPS6KA5",3.90273062635352e-06,-0.421472509407318,0.584,0.323,0.16899604158236
"AL021368.2",3.94765271691518e-06,-0.362977211071276,0.109,0.028,0.170941257947861
"SCARB2",4.21830389986744e-06,-0.454012229985488,0.607,0.323,0.18266099547206
"AK2",4.29630203553178e-06,-0.363810025207084,0.159,0.059,0.186038470742597
"MEIS1",4.29982747708273e-06,-0.435413739206104,0.342,0.177,0.186191129412637
"DDRGK1",4.31745152103544e-06,-0.332940657507728,0.251,0.118,0.186954285763877
"BAZ2A",4.40788984939116e-06,-0.361968268458207,0.204,0.09,0.190870446258336
"LIPA",4.61053366443514e-06,-0.350172734653035,0.573,0.312,0.19964532873737
"ELAVL3",4.68082961775659e-06,-0.500926286471032,0.529,0.284,0.202689284108096
"PIGT",4.78393526307045e-06,-0.438147359206242,0.208,0.09,0.207153964761477
"PSIP1",4.81737070154002e-06,-0.491604397170848,0.303,0.152,0.208601786118086
"ATP6V1C1",5.00568986271972e-06,-0.293354841199363,0.169,0.067,0.21675638243549
"MPC1",5.39025262242241e-06,-0.306472217811766,0.411,0.216,0.233408719056135
"NLRP1",5.39154212616393e-06,0.403823547743738,0.112,0.034,0.23346455714715
"NACC2",5.39546305171365e-06,-0.438885599529885,0.258,0.121,0.233634341065304
"HNRNPA1",5.49894864347838e-06,-0.273196620481635,0.178,0.073,0.238115474159901
"BOK",5.77945400542312e-06,-0.582128023840295,0.381,0.205,0.250261917342832
"SBDS",5.81045085927514e-06,-0.393319331330185,0.285,0.14,0.251604143108332
"EPB41L3",5.84476608606262e-06,-0.283924725897219,0.288,0.146,0.253090061058684
"VAMP3",5.97775936906144e-06,-0.253734104229496,0.202,0.09,0.258848936199099
"KIAA1755",6.05247359449583e-06,-0.43185743803231,0.272,0.135,0.262084211588859
"KLF7",6.08293424720578e-06,-0.370342175597477,0.349,0.183,0.263403218772505
"CBX5",6.10916638885527e-06,-0.262252345819473,0.198,0.087,0.264539122970211
"OLIG2",6.12999042759577e-06,-0.370581869982507,0.219,0.101,0.265440845495752
"FAAH",6.39476450157558e-06,-0.271292769057597,0.215,0.098,0.276906092447226
"SCD",6.77027083686913e-06,-0.884423440984105,0.769,0.607,0.293166267778107
"TTYH2",6.92472037511665e-06,-0.490439956919741,0.661,0.354,0.299854241683301
"ATP6AP1",7.225457950848e-06,-0.528297964412528,0.29,0.143,0.31287678018762
"PCBP4",7.33119026698257e-06,-0.315422844601001,0.302,0.152,0.317455200940879
"SHROOM1",7.35691350112207e-06,-0.291967178980951,0.15,0.056,0.318569068425588
"KIAA0930",7.81493865352026e-06,-0.721634029415535,0.581,0.301,0.338402473574734
"PRNP",8.61339371649208e-06,-0.440302652911355,0.641,0.348,0.37297717471154
"TNK2",8.62983655131849e-06,-0.328328536845848,0.163,0.065,0.373689182345193
"WDR43",8.78063050253479e-06,-0.254504320817629,0.159,0.062,0.380218862020761
"DDX18",8.84816768148146e-06,-0.426455134910746,0.281,0.14,0.38314335694351
"LAMP1",8.92629587672369e-06,-0.663816557702258,0.512,0.27,0.386526464053889
"ELAVL1",8.95940036548192e-06,-0.298753530870056,0.19,0.081,0.387959954626098
"FKBP8",1.00910546719923e-05,-0.375262011256658,0.33,0.171,0.436962849406612
"PRPF40B",1.0295278749323e-05,-0.30040651117957,0.148,0.056,0.445806160403184
"HNRNPUL1",1.04468912084537e-05,-0.366093339509438,0.191,0.084,0.452371283108463
"PRKCSH",1.15067113122417e-05,-0.46991214675373,0.309,0.157,0.498263613242692
"NAP1L4",1.17163409824962e-05,-0.496278771482767,0.491,0.261,0.50734099722405
"RPL14",1.17999787878517e-05,-0.323172740564027,0.351,0.185,0.510962681471556
"C21orf91",1.18101069822892e-05,-0.630891353126286,0.21,0.096,0.511401252547085
"SLC1A3",1.21832836403457e-05,-0.436718359188542,0.37,0.197,0.52756054819425
"CANX",1.25005629396673e-05,-0.52544362305899,0.359,0.188,0.541299376413472
"PTMA",1.3244513933639e-05,-1.08477550430184,0.754,0.567,0.573513942354437
"CTSF",1.41609687018468e-05,-0.412823732332256,0.244,0.118,0.613198266727368
"CSMD1",1.43485679952011e-05,-0.672519246300811,0.207,0.096,0.621321691328197
"RANGAP1",1.44717988527166e-05,-0.415650289193602,0.224,0.107,0.626657833920335
"SORL1",1.51296944031976e-05,-0.254809478604206,0.307,0.163,0.655146027047264
"SNX3",1.59139351574409e-05,-0.388606767701813,0.282,0.146,0.689105220187506
"SOX2",1.59679082355519e-05,-0.423591093447281,0.29,0.152,0.691442362415868
"TUFM",1.59894553826165e-05,-0.310464207196727,0.234,0.115,0.692375396978062
"CAMK2N1",1.64172441545714e-05,-0.354695043704427,0.597,0.334,0.710899506381252
"FOS",1.67981979216713e-05,-0.661288625933234,0.205,0.093,0.72739556640421
"NDRG2",1.72545920542226e-05,-0.808220832803004,0.498,0.267,0.747158345131948
"EPB41L2",1.73436165881232e-05,-0.516544162544826,0.522,0.292,0.751013285498912
"CA2",1.95545083267007e-05,-0.335949924265339,0.327,0.174,0.846749319562794
"ATP6V0B",1.97026214687251e-05,-0.491032005371002,0.34,0.177,0.853162914838735
"SMAD4",1.99543176432746e-05,-0.285524103870266,0.155,0.065,0.864061862589077
"RASSF4",2.00561118960457e-05,-0.503473467681853,0.26,0.129,0.868469757322569
"RFFL",2.06351122102726e-05,-0.37506448964845,0.207,0.096,0.893541628929225
"TMEM206",2.18977131776033e-05,-0.387757504622055,0.219,0.107,0.948214776016577
"CERCAM",2.7198409943086e-05,-0.505961112484962,0.661,0.368,1
"IDS",2.76303866920724e-05,-0.518016724163588,0.292,0.152,1
"PPIG",2.78253857213122e-05,-0.424599770593028,0.311,0.166,1
"RPS7",2.80068570972228e-05,-0.864995463777087,0.111,0.171,1
"PLEKHH1",2.88282392634237e-05,-0.322403214894263,0.789,0.447,1
"CBX3",2.89434575885836e-05,-0.288816549821407,0.169,0.073,1
"S100A6",2.92099420668054e-05,-0.502997246863776,0.183,0.084,1
"CTSL",3.02188388474436e-05,-0.309136457674995,0.209,0.101,1
"GATM",3.0380607499351e-05,-0.441795028988982,0.379,0.208,1
"KLHL28",3.21077226019542e-05,-0.328195638959507,0.201,0.096,1
"LIPE",3.340764529245e-05,-0.35726160293589,0.235,0.118,1
"MYRF",3.3764952233796e-05,-0.437878311225377,0.748,0.413,1
"HNRNPK",3.45387794093068e-05,-0.526716107898557,0.393,0.211,1
"U2SURP",3.4589155289237e-05,-0.532363504970915,0.388,0.211,1
"LANCL1",3.49885865409378e-05,-0.326041048427484,0.67,0.385,1
"ZDHHC20",3.50264187046419e-05,-0.475439425078873,0.618,0.351,1
"NUP54",3.50942006049902e-05,-0.323419555859493,0.166,0.073,1
"ATP6AP2",3.54926050034981e-05,-0.37467958178047,0.223,0.11,1
"INSR",3.58451943844947e-05,-0.531212270101937,0.531,0.298,1
"COX6C",3.61333225834109e-05,-0.818429289198253,0.084,0.14,1
"WDR48",3.62570491127318e-05,-0.254113764320302,0.156,0.067,1
"SIRPA",3.68218906574301e-05,-0.441450513197915,0.193,0.09,1
"ODF2L",3.70316462769316e-05,-0.365083556177273,0.15,0.062,1
"C5orf24",3.85832923984149e-05,-0.316079175390142,0.174,0.079,1
"NDUFA4",3.86148964356293e-05,-0.572485880517944,0.348,0.183,1
"MID1IP1",3.93722078473526e-05,-0.446170700215061,0.341,0.185,1
"ADIPOR2",3.96509350803599e-05,-0.458394756649732,0.675,0.376,1
"PRKX",3.98884622004344e-05,-0.42933207416295,0.237,0.121,1
"UHMK1",4.07644555510473e-05,-0.25695837799816,0.15,0.062,1
"RPL37",4.10592114804451e-05,-1.11504871407729,0.156,0.213,1
"NUP88",4.3796838469603e-05,-0.305428254562981,0.158,0.067,1
"PSAP",4.42203955369142e-05,-0.364043703224405,0.776,0.43,1
"PSMB7",4.48628689368135e-05,-0.457252248502328,0.285,0.152,1
"PPIL4",4.51494532015132e-05,-0.272700507915056,0.172,0.079,1
"HSPA5",4.54434890279776e-05,-0.317297661597853,0.238,0.124,1
"LGALS1",4.63912565109499e-05,-0.874889825024873,0.087,0.143,1
"MYLK",4.75152087357376e-05,-0.444761924832401,0.373,0.205,1
"SH3KBP1",5.10455593535207e-05,-0.281533647638262,0.338,0.188,1
"FAM174B",5.53345237054004e-05,-0.328233633243672,0.151,0.065,1
"CLPTM1",5.54781682279875e-05,-0.302937597366936,0.197,0.096,1
"TMEM30A",5.62921432327802e-05,-0.429640491375266,0.268,0.14,1
"GLTP",5.68797555254736e-05,-0.596436395280023,0.351,0.191,1
"TMEM151A",5.78298410120512e-05,-0.503880650209675,0.305,0.163,1
"SPCS1",5.81261450538829e-05,-0.360784730817712,0.276,0.146,1
"PABPC1",5.94021640346798e-05,-0.577270386955949,0.283,0.152,1
"CHD4",5.97859695963261e-05,-1.00541483247621,0.1,0.157,1
"HNRNPA0",6.04593555790973e-05,-0.351295860201344,0.15,0.065,1
"HSPH1",6.09443862822523e-05,-0.313025377539736,0.245,0.129,1
"SHTN1",6.33977651090694e-05,-0.626600655942839,0.874,0.663,1
"CNP",6.34323194454241e-05,-0.715410515830688,0.856,0.632,1
"RBM10",6.37925753579444e-05,-0.28288058285792,0.155,0.067,1
"DLL1",6.4179101020644e-05,-0.286881944861945,0.123,0.048,1
"PPP1R10",6.43286083940436e-05,-0.270233276702976,0.16,0.073,1
"ZNF281",6.54868450894948e-05,-0.298112366590813,0.204,0.101,1
"SFRP1",6.55689986870682e-05,-0.424735526299798,0.167,0.076,1
"NONO",6.7394934241434e-05,-0.259770260147556,0.137,0.056,1
"UBXN7",6.79084554825604e-05,-0.270191228625322,0.2,0.098,1
"RPS6",7.00490500553097e-05,-1.43010924411946,0.241,0.278,1
"MAP9",7.07755293975384e-05,-0.254885058445299,0.104,0.037,1
"PLPP2",7.35531532346705e-05,-0.474640047039939,0.36,0.199,1
"RBM8A",7.40463546985502e-05,-0.340140079434706,0.111,0.039,1
"PTP4A2",7.43211584643412e-05,-0.81842653445768,0.36,0.197,1
"ZNF160",7.62130693338516e-05,-0.444894192411829,0.2,0.098,1
"SRCIN1",7.69321672423073e-05,-0.655556918851895,0.508,0.284,1
"TMEM33",7.80540484021423e-05,-0.400768150513449,0.198,0.096,1
"GFAP",7.93095719269172e-05,-0.377841043219969,0.105,0.037,1
"SEPT4",8.06531480430269e-05,-0.53362830313654,0.521,0.284,1
"SEC16A",8.23782811539977e-05,-0.38075253264584,0.121,0.048,1
"SCAI",8.25024728838803e-05,-0.321059876247597,0.144,0.062,1
"BRD7",8.4245876425636e-05,-0.264001607233775,0.156,0.07,1
"MAP3K11",8.63705539466197e-05,-0.494490138723126,0.177,0.081,1
"PIAS4",8.71561780683383e-05,-0.397958752758905,0.165,0.076,1
"LZTS2",9.14708755928274e-05,-0.545283299590033,0.244,0.126,1
"CLASRP",9.18706618557483e-05,-0.367612161890198,0.254,0.138,1
"ADCY3",9.25547545784592e-05,-0.260090304359931,0.142,0.062,1
"RPLP0",9.40522121612568e-05,-0.391478861034599,0.253,0.135,1
"GPIHBP1",9.55122117394391e-05,-0.45415295786989,0.194,0.096,1
"DAD1",9.81745163841718e-05,-0.412955600989511,0.245,0.129,1
"SET",0.000100260813992404,-0.404570755964865,0.224,0.115,1
"ADAM15",0.000102612311991517,-0.273239134351219,0.143,0.062,1
"PABPN1",0.000103275923856138,-0.480554698536575,0.16,0.073,1
"GNB2",0.000108474775561236,-0.378589465055944,0.171,0.081,1
"FNTA",0.000110288361787449,-0.32881444462194,0.199,0.098,1
"RPS8",0.000111474406218492,-1.33975115289603,0.204,0.247,1
"GAB1",0.000117408105329773,-0.339425198911051,0.816,0.475,1
"FIS1",0.000124139688874218,-0.537410506782127,0.474,0.258,1
"HAGH",0.000124293242451028,-0.404793757110329,0.224,0.115,1
"ABCA2",0.000124864134615648,-0.723569720692423,0.876,0.626,1
"GUK1",0.000125920676379798,-0.540119179451794,0.374,0.205,1
"DNAH17",0.000132451686797803,-0.322567608939941,0.181,0.087,1
"MAVS",0.000134546763653383,-0.508714602715588,0.172,0.081,1
"SLC39A6",0.000135455407791667,-0.270726922585649,0.181,0.09,1
"EI24",0.000135819415181658,-0.374600451660995,0.162,0.076,1
"PAIP2",0.00014680499830842,-0.572948923002643,0.289,0.16,1
"MRPS26",0.000148766487625589,-0.25231914771517,0.136,0.059,1
"TMEM167A",0.000150502867752938,-0.339926060231078,0.158,0.073,1
"GDE1",0.000151570192059794,-0.298698000660253,0.172,0.084,1
"IP6K2",0.00015190419309587,-0.434801099677563,0.165,0.079,1
"BUB3",0.000154066151903027,-0.423776175800335,0.179,0.087,1
"EXOSC6",0.000157284112546267,-0.279234995647009,0.105,0.039,1
"TFAP2E",0.000160083938650141,-0.295697858077093,0.106,0.039,1
"RPL19",0.000163648398308457,-1.30688038400549,0.361,0.351,1
"ARMC1",0.000163922427755026,-0.265847420942059,0.185,0.093,1
"RPN1",0.000164493825040979,-0.408273729841687,0.18,0.09,1
"COL9A2",0.000164792077145948,-0.393855881220464,0.254,0.14,1
"PPM1E",0.000166691368631771,0.459250956518136,0.124,0.053,1
"RTN3",0.000167379476142162,-0.434576561763301,0.694,0.385,1
"DDX21",0.000168157926094478,-0.363280972642424,0.147,0.067,1
"FBXO32",0.000187850785413165,-0.449070268237395,0.285,0.16,1
"KCNIP4",0.000193720908114777,-0.567364544845848,0.222,0.118,1
"SBF1",0.000195537034788698,-0.288280391976683,0.196,0.101,1
"CLK1",0.000196596613677214,-0.655061254988271,0.422,0.239,1
"BSG",0.000200598627649628,-0.378247432365156,0.243,0.129,1
"GNAI3",0.000212010227584375,-0.359400161197035,0.158,0.076,1
"GJC2",0.000212797696509544,-0.291781118801539,0.162,0.079,1
"MPHOSPH10",0.000213084003245295,-0.274217009436746,0.129,0.056,1
"SCAMP3",0.000223416018527478,-0.25923916423198,0.136,0.062,1
"EIF4G2",0.00023325023170633,-0.414164114257474,0.247,0.135,1
"LPGAT1",0.000240344711636092,-0.305870803376734,0.7,0.404,1
"PAN2",0.000241923950440207,-0.266875457614157,0.116,0.048,1
"LRP2BP",0.000243955810543552,-0.262756009343035,0.12,0.051,1
"ANKRD40",0.000249365347961085,-0.409087947618061,0.164,0.079,1
"B4GALNT4",0.000254326186864806,-0.302112832389973,0.145,0.067,1
"ERICH1",0.000254360623660758,-0.32801472397815,0.162,0.079,1
"SYPL1",0.000256132316457296,-0.46178494861009,0.283,0.157,1
"SSBP3",0.000262854320942509,-0.626747788834337,0.295,0.166,1
"HTRA1",0.000268657667739273,-0.510105207436959,0.644,0.357,1
"NOL3",0.00026924851330335,-0.277998651039943,0.111,0.045,1
"TMEM50A",0.000271086660485077,-0.411682474594109,0.247,0.138,1
"SLC25A29",0.000278583698064512,-0.461541268556034,0.228,0.124,1
"NUDC",0.000281446279727857,-0.384152657332453,0.215,0.115,1
"LZTR1",0.000282461895275334,-0.346206255540306,0.119,0.051,1
"ATP6V0D1",0.000289418908808503,-0.271841689602172,0.173,0.087,1
"AP3D1",0.000303591971003635,-0.341012079555633,0.18,0.093,1
"S1PR5",0.000304147373712939,-0.387720514824245,0.191,0.098,1
"DNAJC24",0.000304780405360271,-0.288333732476897,0.105,0.042,1
"ENOPH1",0.000320562621665187,-0.254433351135968,0.197,0.104,1
"COX17",0.000324267793021866,-0.816203144618452,0.058,0.101,1
"WSB1",0.000331467180766158,-0.829701335879234,0.832,0.598,1
"ZC3H12B",0.000340239534485568,-0.264575897478832,0.114,0.048,1
"FDFT1",0.000346369182588128,-0.437429443666703,0.45,0.264,1
"SQLE",0.000347555011470056,-0.478229993262755,0.24,0.132,1
"LYRM7",0.000364362693764677,-0.376289075222892,0.13,0.059,1
"CKB",0.000368430529470542,-0.306612430644463,0.733,0.404,1
"USP16",0.000368517639806742,-0.459598233841478,0.197,0.104,1
"S100B",0.000370478891637499,-1.57470122748195,0.532,0.435,1
"PGRMC1",0.000371204666216242,-0.385379552603992,0.354,0.202,1
"KLK6",0.000374980199455452,-0.544919337935494,0.395,0.23,1
"CSF1",0.00037547638847292,-0.250650875765138,0.144,0.067,1
"CBX6",0.000375974330497091,-0.387469361579299,0.193,0.101,1
"PARP1",0.000377743246848006,-0.452914417874319,0.252,0.14,1
"TMED2",0.000382323108453714,-0.274660556756915,0.157,0.079,1
"ZNF276",0.000395368913276292,-0.257056154687391,0.124,0.056,1
"SLC25A6",0.000402330258128277,-0.320865079189676,0.207,0.112,1
"ANKRD27",0.000433771208692908,-0.314694923837691,0.112,0.048,1
"ARHGDIA",0.000454440887395726,-0.322326603282391,0.209,0.112,1
"NPTXR",0.000468886243884918,-0.31843489949342,0.119,0.053,1
"TRIP11",0.000476376145765995,-0.57632896362723,0.351,0.202,1
"MCF2L",0.000488873250727571,-0.485321716988989,0.173,0.087,1
"SCCPDH",0.000511406638600694,-0.341001832861961,0.262,0.146,1
"EIF3J",0.000539593690731181,-0.420348011699622,0.195,0.104,1
"SOX8",0.000559413891429566,-0.645664966482296,0.279,0.16,1
"MT2A",0.000581344857406521,-0.98751667659802,0.506,0.292,1
"RBM17",0.00060141635029569,-0.406666256880037,0.194,0.104,1
"RNPC3",0.000610203984770959,-0.670646152584337,0.325,0.188,1
"FA2H",0.000617351900904252,-0.570282119404085,0.647,0.371,1
"CDKN1B",0.000618023590445061,-0.364842537718834,0.187,0.101,1
"ROGDI",0.000625838822352257,-0.56245502360142,0.225,0.124,1
"NDUFS7",0.000642855975974525,-0.58947912964311,0.306,0.174,1
"TWSG1",0.000660361155388781,-0.256911157999106,0.113,0.051,1
"COPE",0.000699758677128957,-0.25023121440943,0.226,0.126,1
"TMF1",0.000753368345632883,-0.504167522129918,0.225,0.126,1
"HSP90AB1",0.000754160370108137,-0.647785377987255,0.624,0.357,1
"MRFAP1",0.000767909373519779,-0.444838643374691,0.316,0.183,1
"CSRP1",0.000768030136114723,-0.62731573667604,0.568,0.323,1
"PRPF31",0.000771880985660042,-0.291281590642214,0.116,0.053,1
"TSC22D3",0.000831952867578764,-0.363735183129172,0.182,0.098,1
"MDN1",0.00084021036381195,-0.433632990121854,0.268,0.154,1
"ABHD5",0.000863127575734471,-0.261662061487267,0.155,0.079,1
"GNA11",0.000877354534053472,-0.422346125278397,0.113,0.051,1
"NDRG1",0.000900321285671402,-0.398852782630263,0.763,0.441,1
"DDIT3",0.000949923525921802,-0.460369203677223,0.199,0.11,1
"RPSA",0.000958911320738533,-1.0423554308239,0.19,0.228,1
"PPA1",0.000968708376661541,-0.634032924735513,0.298,0.174,1
"SLIRP",0.000978950204382062,-0.295578056432605,0.185,0.104,1
"EHMT2",0.000985855022354639,-0.254093669381518,0.111,0.051,1
"CRIM1",0.00099403283917244,-0.30107580231501,0.128,0.062,1
"LINC00685",0.00099935269927267,-0.512344675970866,0.166,0.087,1
"CCT6A",0.00101335628317209,-0.342934857142843,0.128,0.062,1
"MOB3B",0.00103165689246809,-0.343092018776821,0.527,0.317,1
"DDX17",0.00103273208367692,-0.325690522036189,0.861,0.511,1
"HSF1",0.00104016898528485,-0.380332131692565,0.131,0.065,1
"TRMT112",0.00104361074029389,-0.377457053558483,0.181,0.098,1
"NEGR1",0.00110684805294292,-0.299506313968755,0.329,0.205,1
"NFATC2IP",0.00111106545129765,-0.294679606549538,0.135,0.067,1
"UFM1",0.00112378903303448,-0.307802203766887,0.208,0.118,1
"SMAD9",0.00119672733568785,-0.361056845832929,0.135,0.067,1
"KIAA2013",0.00121021422086377,-0.316658327288761,0.138,0.07,1
"FEZ1",0.00122264776262196,-0.506286739718676,0.695,0.396,1
"SPARC",0.00122721476595466,-0.543118108499253,0.265,0.154,1
"SOCS4",0.00123868128203518,-0.400929054867277,0.11,0.051,1
"NDE1",0.00124719127872493,-0.521332048310173,0.351,0.211,1
"DAB1",0.00128009300682381,-0.37213426771104,0.13,0.067,1
"PI16",0.00129780211077539,-0.254733269207594,0.139,0.07,1
"AZGP1",0.00129937056293159,-0.484307365642376,0.216,0.124,1
"GAMT",0.00131160052256742,-0.34878410262463,0.204,0.115,1
"HES6",0.00131846690101574,-0.259714741295517,0.154,0.081,1
"MVB12B",0.00133942036819175,-0.593899687961828,0.668,0.379,1
"SYNJ2",0.00136372785187802,-0.501536862700113,0.762,0.427,1
"SMARCC2",0.0013904674302649,-0.272710673068626,0.112,0.053,1
"FTL",0.00141536574640308,-0.529231153862841,0.877,0.635,1
"MAST3",0.0014488601781875,-0.367001363119998,0.204,0.115,1
"LSM2",0.00151500692873774,-0.278969281689224,0.164,0.09,1
"FAM133B",0.00152114081586096,-0.632901573300628,0.289,0.171,1
"IQCK",0.00161435915282108,-0.365330163684674,0.241,0.143,1
"MAP2K6",0.00162468170218209,-0.289634300086445,0.136,0.07,1
"OSBPL2",0.00164597771381776,-0.281648016949365,0.103,0.048,1
"CCDC85B",0.00166094837145537,-0.296896582562688,0.164,0.09,1
"PFKL",0.00170017481700773,-0.435082518208753,0.208,0.118,1
"PI4KB",0.00171502571235498,-0.361425621965991,0.164,0.09,1
"SORT1",0.0017289598289484,-0.279913508828841,0.81,0.489,1
"OTUD5",0.00177413176272438,-0.394896648092128,0.125,0.062,1
"SOD1",0.00178342304519998,-0.624629858145787,0.449,0.261,1
"PURA",0.00178659802113831,-0.840880698154883,0.338,0.199,1
"BICD2",0.00179009297812686,-0.277790163735387,0.127,0.065,1
"SF3B1",0.00180898380442462,-0.776802268646136,0.365,0.216,1
"PUF60",0.00181500859459551,-0.314371474545728,0.167,0.093,1
"BHLHE41",0.00181537030865656,-0.457365501623672,0.189,0.107,1
"POU3F3",0.00195258673390872,-0.673170154124932,0.207,0.118,1
"SLC38A10",0.00196743281478965,-0.562219017215028,0.133,0.067,1
"MYL6",0.00198918339689931,-0.370847738124526,0.234,0.138,1
"DST",0.00200486647691367,-0.373681649133535,0.957,0.761,1
"AP1M1",0.00230450342244645,-0.334773565849918,0.106,0.051,1
"PRCD",0.00234432846878078,-0.328006697680127,0.15,0.081,1
"TMBIM6",0.00235720923723253,-0.714853126859303,0.573,0.329,1
"TOLLIP",0.00240092972850639,-0.330593146526177,0.114,0.056,1
"AKAP9",0.00245645979346347,-0.599652487246094,0.578,0.343,1
"GAPDH",0.00245833391123377,-0.386418842646077,0.779,0.441,1
"GPAA1",0.00245848848997635,-0.301796597023948,0.131,0.067,1
"ZNF493",0.00250349673553465,-0.567130428797564,0.119,0.059,1
"SEC61A1",0.00259746133102762,-0.309257908176177,0.133,0.07,1
"PRPF38B",0.00260580358991426,-0.604664768459066,0.247,0.146,1
"ARHGEF37",0.00261086664484745,-0.513597574742561,0.236,0.14,1
"LGR5",0.00265257356955378,-0.367654601996074,0.261,0.16,1
"TCEAL4",0.00266648452887504,-0.2788482111295,0.186,0.107,1
"DDX52",0.00273576085170156,-0.332807421466251,0.11,0.053,1
"CHADL",0.00276774561801932,-0.34756780813351,0.169,0.096,1
"DDX46",0.00284942634259703,-0.689529983716998,0.291,0.174,1
"PLA2G16",0.00288275544177042,-0.398155087276773,0.784,0.433,1
"PGK1",0.00301130489949022,-0.278392631671911,0.158,0.087,1
"WDR13",0.00303158122260501,-0.465046265012989,0.137,0.073,1
"BRD3",0.00314817450773608,-0.315045650954556,0.112,0.056,1
"PCBP1",0.00318041273536892,-0.47230168562265,0.263,0.16,1
"RPS27L",0.0032478879945052,-0.397597082995303,0.159,0.09,1
"GPX4",0.00325931126994053,-0.654373606796057,0.238,0.143,1
"PRMT1",0.00334243937304136,-0.335668884960858,0.132,0.07,1
"CELSR2",0.0034306121241897,-0.446414907672737,0.15,0.084,1
"FAU",0.00344643967958241,-1.16057985882185,0.289,0.292,1
"TMEM9B",0.00345102595328138,-0.319804429163178,0.142,0.079,1
"SCAND1",0.00345468137574186,-0.368495381691179,0.166,0.096,1
"NOP56",0.00347924382577921,-0.442377733445688,0.135,0.073,1
"DACT3",0.00356803248964188,-0.53263298423605,0.161,0.09,1
"LDLRAP1",0.00357995652454992,-0.494581026885891,0.143,0.079,1
"C19orf70",0.00365548677274413,-0.287116348547232,0.181,0.107,1
"AFF3",0.00381292594409113,-0.861687427670551,0.079,0.118,1
"FAM184B",0.0038237676855882,-0.29489934411141,0.138,0.076,1
"RAB2B",0.00394341310433466,-0.282118035841946,0.102,0.051,1
"STRN4",0.00399698395484448,-0.417439762128892,0.102,0.051,1
"DUT",0.00404469713952147,-0.396888815662296,0.17,0.098,1
"RBPJ",0.00416299538204585,-0.51888080729969,0.684,0.404,1
"UGT8",0.00427587818009994,-0.43423534444059,0.705,0.421,1
"ALDH6A1",0.00434445194526787,-0.559653312598815,0.198,0.118,1
"GABARAPL2",0.00438303362613318,-0.47872206694981,0.341,0.211,1
"DDX3Y",0.00440485814761704,-0.487689379793606,0.127,0.067,1
"PPIB",0.00442521138015322,-0.430393469825615,0.256,0.157,1
"AUP1",0.00445568837126879,-0.669127390560305,0.076,0.112,1
"TPT1",0.00447922364718874,-0.564824164278236,0.368,0.225,1
"VPS35",0.00451064902670315,-0.356747928818561,0.145,0.081,1
"ITGA2",0.00451483253265816,-0.544788562286711,0.44,0.275,1
"RPL36AL",0.00462830440725893,-0.437139004351048,0.202,0.121,1
"SC5D",0.00470313922464158,-0.300403518068427,0.109,0.056,1
"RPS16",0.00474215361903443,-1.24366374454329,0.306,0.301,1
"AATK",0.00479093520602204,-0.673749246388998,0.688,0.407,1
"RAN",0.00483405347653988,-0.261631933080031,0.158,0.093,1
"NOL7",0.004935539399949,-0.292245573183356,0.127,0.07,1
"UPF3B",0.00493842904707641,-0.408914473701682,0.18,0.107,1
"ITM2C",0.0051193345343049,-0.327678900950381,0.127,0.07,1
"BIN1",0.00512954671952279,-0.319300894216455,0.857,0.517,1
"TMBIM1",0.00531736193599911,-0.40327280508569,0.166,0.098,1
"MAP2K7",0.00555113899239988,-0.319693690478037,0.131,0.073,1
"FAM13C",0.00558418603580209,-0.582601871598486,0.482,0.298,1
"EEF1D",0.00562662302394677,-0.642049818757411,0.242,0.149,1
"RPS3",0.00569869183608228,-0.655850427609701,0.345,0.213,1
"MPHOSPH8",0.00576366271389088,-0.628049884951255,0.494,0.298,1
"RPS29",0.00587070120418352,-0.918886137690122,0.118,0.154,1
"PADI2",0.00598575351408151,-0.775036978169465,0.322,0.199,1
"EFNA1",0.00606015892568916,-0.88341352039058,0.257,0.154,1
"JOSD2",0.00608362217476212,-0.341684165413704,0.197,0.121,1
"RNF167",0.00611319479610548,-0.324805930637554,0.158,0.093,1
"SKP1",0.00615043370074473,-0.618774370939069,0.378,0.233,1
"SAMHD1",0.00620755397025583,-0.317516535288615,0.127,0.073,1
"WASF3",0.00626947831370566,-0.286732893004326,0.102,0.053,1
"SEC62",0.00640581217211342,-1.2569226436551,0.382,0.343,1
"MSMO1",0.00646222826238977,-0.65842018005251,0.26,0.163,1
"FAM217B",0.00658932374180655,-0.394198307808156,0.175,0.104,1
"GRM7",0.0069699135784084,-0.355710258438986,0.136,0.079,1
"TTC3",0.00702089186450171,-0.528113793377204,0.546,0.334,1
"IPO13",0.00702891709319202,-0.510682988030515,0.239,0.149,1
"C8orf59",0.00725393768530156,-0.344512479447225,0.132,0.076,1
"PRDX5",0.00729374043965672,-0.345793911637482,0.146,0.084,1
"COL9A3",0.00764317670678369,-0.453952958243265,0.184,0.112,1
"SAT2",0.00774717784844892,-0.449762608644574,0.186,0.112,1
"ATN1",0.00786308352595305,-0.252388131811569,0.113,0.062,1
"SRSF6",0.00805270320727305,-0.443714012092337,0.174,0.107,1
"CDC40",0.00807918827656659,-0.540459487131518,0.165,0.098,1
"MT-CO1",0.00814207089950991,-1.06652022967944,0.665,0.489,1
"AGPAT1",0.00836831294739456,-0.273141678539972,0.101,0.053,1
"CALM1",0.00837456910690837,-0.559168691883456,0.68,0.388,1
"SRP72",0.00850962172706572,-0.256551999176188,0.157,0.096,1
"PUS7L",0.00865353138576348,-0.471641752394376,0.201,0.124,1
"RPL29",0.00924590659525458,-0.575162003928615,0.353,0.222,1
"MOBP",0.0094920932784799,-0.97973120906761,0.624,0.497,1
"TF",0.00962215269515814,-0.465506079675861,0.898,0.719,1
"DPYSL5",0.00971255974610039,-0.483077912793766,0.376,0.244,1
"PPP1R3E",0.00984688337078814,-0.678291065013411,0.155,0.093,1
"RHOG",0.00985795231136032,-0.568841445763762,0.311,0.194,1
"MRPL51",0.009861058416956,-0.328676158978733,0.152,0.09,1
"NAA20",0.0101150314303546,-0.266653673170575,0.116,0.065,1
"FAIM2",0.0101947119133875,-0.75308648048928,0.365,0.23,1
"GIT1",0.0102502272428678,-0.601143348887154,0.174,0.11,1
"AMOTL2",0.010400454076657,-0.750383323713941,0.177,0.107,1
"CHMP4B",0.0105053172212231,-0.311272518022762,0.102,0.056,1
"NDUFV2",0.0106394228948483,-0.331482798651966,0.207,0.129,1
"RING1",0.0107208745551841,-0.251517396298204,0.11,0.062,1
"SMC3",0.0107559677913287,-0.577395914364422,0.191,0.118,1
"MZF1",0.0111857455763368,-0.350026317758191,0.102,0.056,1
"PPP1R14A",0.011268346205964,-0.664216557252917,0.578,0.34,1
"BRK1",0.0122375564110675,-0.357307237215157,0.142,0.084,1
"FAM50A",0.0122713578116561,-0.361293680763404,0.161,0.098,1
"NFE2L1",0.0124379995741918,-0.304281429384222,0.105,0.059,1
"NKX2-2",0.0125002139307264,-0.313136199546206,0.119,0.07,1
"UBB",0.0126586686073693,-1.20539030127065,0.545,0.421,1
"GTF2H5",0.0128496246066621,-0.250186274170626,0.125,0.073,1
"MRPL39",0.0131468585389528,-0.291027354037282,0.108,0.062,1
"PNRC1",0.0132428170150839,-0.339112852286621,0.169,0.107,1
"HDAC11",0.013254063385004,-0.661316734578847,0.21,0.132,1
"SLC44A1",0.0132706289231799,-0.269277653817838,0.966,0.829,1
"RPL4",0.0132729537338096,-0.704256866583281,0.267,0.171,1
"GNAZ",0.0134610295210085,-0.386244652685757,0.114,0.065,1
"BNIP3",0.0136130960556032,-0.556093366085369,0.197,0.124,1
"SLCO1A2",0.0141481375432058,-0.752168426141583,0.598,0.371,1
"TMEM144",0.0144494624186495,-0.383643276980498,0.929,0.713,1
"PNPLA6",0.0148168988200857,-0.312062731908857,0.132,0.079,1
"TNRC6B",0.0149529537641777,-0.587422264108881,0.71,0.43,1
"NDUFB11",0.0149606457016508,-0.306683048080954,0.177,0.112,1
"NEAT1",0.0150013847794372,-0.68144202802547,0.944,0.834,1
"OST4",0.015374008031695,-0.832112364026365,0.107,0.138,1
"SBNO1",0.015752443916618,-0.631602992952622,0.188,0.118,1
"RPS20",0.0159711265403069,-1.06563000245046,0.182,0.202,1
"MAP3K7",0.0161062974487159,-0.655874260239235,0.329,0.211,1
"AIMP1",0.0161647901948596,-0.258975588745484,0.151,0.093,1
"KCNJ2",0.0162794279844729,-0.710763336728528,0.307,0.199,1
"CSNK1E",0.0165441220169165,-1.00109244463952,0.137,0.166,1
"OAT",0.0166840517130374,-0.748238299322291,0.227,0.143,1
"ECHS1",0.0183277941114697,-0.258845850046889,0.126,0.076,1
"RAD21",0.0184684749940319,-0.639022743560625,0.271,0.174,1
"PWRN1",0.018487684709342,-0.434279783952731,0.07,0.101,1
"RHOB",0.0185810915426276,-0.655039552635569,0.276,0.18,1
"PFDN2",0.0188344461279334,-0.593238504362991,0.22,0.14,1
"BANF1",0.0190262898372146,-0.520996204010239,0.151,0.093,1
"PIDD1",0.0194401560936658,-0.434966432547892,0.119,0.07,1
"LDHB",0.0198414502144014,-0.542234010987245,0.213,0.138,1
"UQCRH",0.0198950936386649,-0.492458104619075,0.141,0.087,1
"TM7SF2",0.0199160702423335,-0.336443110554472,0.128,0.079,1
"ANKRA2",0.0206025110583378,-0.31293108608507,0.113,0.067,1
"UQCR10",0.0207024582830178,-0.36931652098062,0.19,0.124,1
"NCL",0.0209044782831303,-0.298179387947964,0.139,0.087,1
"RASGRF1",0.0220487518392084,-0.375344953508074,0.213,0.14,1
"RAB5B",0.0220976377214929,-0.646523333392474,0.16,0.101,1
"ABCA6",0.0228697539055168,-1.17223280232638,0.172,0.194,1
"LAMTOR5",0.0230120432912214,-0.333907876474716,0.166,0.107,1
"MPST",0.02360943918707,-0.462021780222274,0.167,0.107,1
"BNIP2",0.024301640054017,-0.401718615820882,0.126,0.079,1
"LAPTM4A",0.0248475411481099,-0.413238732761117,0.115,0.07,1
"EIF5B",0.0249307687695258,-0.419189266053251,0.257,0.171,1
"LGR4",0.0249345036389004,-0.299360771701512,0.119,0.073,1
"CARNS1",0.0263913440946754,-0.719468732051825,0.466,0.295,1
"GPR62",0.0266283356635464,-0.264085883433389,0.111,0.067,1
"MRPL24",0.0268245085874428,-0.51063040854946,0.078,0.107,1
"PFN1",0.0271754103022514,-0.668309643956683,0.279,0.183,1
"POMP",0.0275055124189622,-0.322028933158959,0.167,0.11,1
"TOB1",0.0276381549683472,-0.418242228694797,0.116,0.07,1
"ELOVL1",0.0283176653379333,-0.712469997137967,0.303,0.197,1
"RASGEF1B",0.0283742869453984,-2.00609118909544,0.163,0.183,1
"GPR37",0.0287380284198431,-0.742037293386863,0.566,0.343,1
"LSM4",0.028822899673634,-0.383545114107761,0.117,0.073,1
"PDE4D",0.0288690772839257,-0.343781637373145,0.288,0.205,1
"MT-ND1",0.0292877790992119,-1.10835589508309,0.46,0.382,1
"KAT2A",0.0292972621413167,-0.540211910586459,0.145,0.093,1
"TMED9",0.0294074160213862,-0.39027964004623,0.131,0.081,1
"MT-ND5",0.0297295823748022,-0.636992875721752,0.278,0.185,1
"TPI1",0.030086562475321,-0.613754097192872,0.249,0.166,1
"COA4",0.0305975983188356,-0.383056555108022,0.144,0.093,1
"CCT2",0.0308200988114095,-0.264165235793153,0.114,0.07,1
"YIPF6",0.0312061578125445,-0.464324808777624,0.142,0.09,1
"CALM3",0.0312200161830452,-0.482141402194033,0.21,0.138,1
"LMO7",0.0313126175948017,-0.320306965451861,0.105,0.065,1
"HSP90B1",0.0313288791934191,-0.657999051966917,0.252,0.169,1
"GPM6A",0.0327635479480792,-0.296678467392687,0.126,0.081,1
"TRIM62",0.0330299567444028,-0.266648095769542,0.102,0.062,1
"NDUFV3",0.0337826352548684,-0.586967727316379,0.161,0.104,1
"BMI1",0.0343899016764036,-0.541822064295812,0.121,0.076,1
"TMEM160",0.0346891267150488,-0.370623998462214,0.142,0.093,1
"CWC25",0.0350129666681627,-0.457787100698218,0.1,0.062,1
"ARRDC3",0.0352430218505179,-0.312699379752135,0.17,0.115,1
"NLGN2",0.037234071682961,-0.279675942030078,0.113,0.07,1
"SNRPC",0.0396665259190418,-0.454528598295415,0.108,0.067,1
"ZNF521",0.0405006299214231,-0.464203577009611,0.145,0.096,1
"ANKRD26",0.0407036980746452,-0.623036359791531,0.222,0.152,1
"NDUFS8",0.0437135743003422,-0.339085028822331,0.107,0.067,1
"ATP1B1",0.0437286007561294,-0.360178035514398,0.804,0.475,1
"SH3BGRL3",0.0445005823380801,-0.352415762532423,0.199,0.135,1
"NDUFAF3",0.0454944997337087,-0.350859194067441,0.175,0.118,1
"CDK5RAP3",0.045910074619431,-0.640879135133968,0.169,0.112,1
"LRRC4B",0.0461131673727276,-0.473175897404304,0.184,0.124,1
"KCNJ10",0.0467003740080922,-0.479891840610215,0.252,0.174,1
"C1orf61",0.0475515089183736,-0.541381450964641,0.148,0.098,1
"DAAM2",0.0488676607355469,-0.756791229012812,0.58,0.374,1
"EIF1",0.0498230882622726,-0.732780988442771,0.745,0.444,1
"ADAP1",0.050520618850091,-0.5628732828723,0.171,0.115,1
"HSPA2",0.0515047837754652,-0.810295766769783,0.481,0.303,1
"DBI",0.0530217252165643,-0.781103167626181,0.272,0.185,1
"DYNLL2",0.0532180848883024,-0.510929264807985,0.178,0.121,1
"OLIG1",0.0535642085298741,-0.867360763725264,0.39,0.256,1
"SCOC",0.0548370173550962,-0.557981263394402,0.169,0.115,1
"ACTB",0.0552465075557856,-0.873595876195811,0.778,0.517,1
"GDI1",0.0555282138023688,-0.634605390925145,0.326,0.219,1
"EDF1",0.0562440451903176,-0.624104628685586,0.295,0.199,1
"NOTCH1",0.0567171861316575,-0.425453775889712,0.112,0.073,1
"ESF1",0.0580452519076385,-0.499048327696454,0.221,0.154,1
"OTUD6B-AS1",0.0603044653060315,-0.397015409813432,0.138,0.093,1
"MARCKSL1",0.0605417987715796,-0.613778886182279,0.643,0.396,1
"RPL7",0.061377353940977,-1.0556369665706,0.193,0.202,1
"CUTA",0.0618812908884495,-0.426604516090622,0.21,0.143,1
"HMGCR",0.0623409308845434,-0.695590580917434,0.117,0.076,1
"LINGO1",0.0631074671259941,-0.407657062632848,0.104,0.067,1
"SIN3B",0.064844035043639,-0.570536564448873,0.107,0.07,1
"TMEM94",0.0654241213168024,-0.32999442940135,0.104,0.067,1
"STARD3",0.0657856765945743,-0.321116233879177,0.11,0.073,1
"TMEM258",0.0662877551148877,-1.03682397147539,0.207,0.213,1
"SFT2D1",0.0666262589154282,-0.661226425413608,0.245,0.169,1
"LRRTM4",0.0666693057786961,-0.325369400605766,0.139,0.098,1
"POLR2L",0.0673167610451943,-0.254456542005284,0.118,0.079,1
"MSRB2",0.0683101355936427,-0.344546753108215,0.12,0.081,1
"SRSF11",0.0684870812385154,-0.741561735644942,0.584,0.362,1
"TLE4",0.0710314584328028,-0.716446897499092,0.559,0.374,1
"SNRPB2",0.0715393404293526,-0.292038581560063,0.131,0.09,1
"SYT1",0.074630413865995,-0.596045949475017,0.187,0.129,1
"NDUFB3",0.0767165218764884,-0.250035553736067,0.101,0.067,1
"TCEAL7",0.0769286619958905,-0.48141419597759,0.162,0.112,1
"SCRG1",0.0771730616858803,-0.735831439745446,0.116,0.135,1
"RAC1",0.078925219568171,-0.696098187733833,0.39,0.258,1
"MRPL57",0.0811087811818523,-0.255622839620695,0.105,0.07,1
"CSTB",0.0833795731042022,-0.57791522843685,0.173,0.121,1
"NSMCE1",0.0854131767141327,-0.261994929069433,0.101,0.067,1
"HACD3",0.085735992267045,-0.601349714833852,0.232,0.163,1
"DNAJB1",0.0880496207992303,-0.798529042697474,0.227,0.157,1
"EMC7",0.0886927869533253,-0.498811278255356,0.156,0.11,1
"ERLEC1",0.0887323208488064,-0.347847921667392,0.114,0.079,1
"EIF4A1",0.0904894736782545,-0.359389869380754,0.126,0.087,1
"MAN2A1",0.0939213933846671,-0.469050454022095,0.881,0.64,1
"R3HCC1",0.100947578440158,-0.357354989390652,0.107,0.073,1
"KCNQ1OT1",0.102217019447011,-0.944607187978796,0.48,0.317,1
"MIEN1",0.10801830601816,-0.429781022117773,0.132,0.093,1
"P4HA1",0.114141604958216,-0.713808613101179,0.219,0.157,1
"DDIT4",0.114838410392003,-0.475679660285001,0.154,0.11,1
"BRSK2",0.115678296077271,-0.598496137012393,0.113,0.079,1
"MAP1B",0.118269940061141,-0.622797540061408,0.643,0.41,1
"S100A13",0.118443711398017,-0.484577976860837,0.177,0.126,1
"PFDN5",0.12083108843414,-0.861187118039085,0.135,0.149,1
"ENO2",0.124011449911313,-0.524840912240733,0.199,0.143,1
"TUBA1B",0.124160990775426,-0.84662742653283,0.505,0.329,1
"PPDPF",0.124374781095316,-1.20237970308599,0.247,0.233,1
"DPP7",0.125631182796727,-0.571583225204879,0.154,0.112,1
"MVD",0.128910709142408,-0.43423088700488,0.114,0.081,1
"YIPF3",0.129091647157795,-0.366272076935471,0.115,0.081,1
"S100A1",0.129839912854521,-0.888040007960011,0.231,0.225,1
"NASP",0.13202018510153,-1.08817257814294,0.385,0.261,1
"FEM1B",0.132819554041755,-0.746377479207061,0.167,0.121,1
"TTLL7",0.133402241594922,-0.428517383777722,0.922,0.666,1
"COX7B",0.133696777994417,-0.373014314194662,0.122,0.087,1
"BAIAP2L2",0.139847674811381,-0.385673470158017,0.194,0.143,1
"PEBP1",0.142214203845313,-0.441453846102083,0.818,0.483,1
"TXNIP",0.142533838664213,-0.972679440104302,0.288,0.205,1
"AMER2",0.143966982058642,-0.948405853090705,0.752,0.525,1
"RPL8",0.144387996587678,-1.1301392203822,0.284,0.258,1
"PLEKHB1",0.145797751440586,-0.786684453096309,0.501,0.329,1
"PLPP3",0.151151776506692,-0.433562084491259,0.155,0.115,1
"DRAP1",0.154893612226186,-0.434801431229466,0.169,0.124,1
"ADGRL1",0.156699664441994,-0.518062094421275,0.123,0.09,1
"RWDD1",0.158120273750985,-0.609069007661657,0.115,0.129,1
"CPNE3",0.159910853094274,-0.331647680681259,0.118,0.087,1
"PDCD5",0.162799007332148,-0.257352989146816,0.109,0.079,1
"USP39",0.176989905910541,-0.529346251844211,0.217,0.16,1
"NDUFS6",0.177339603623568,-0.854301512623932,0.18,0.183,1
"TOX3",0.178873345270086,-0.369359238591023,0.108,0.079,1
"RGCC",0.183913530107757,-0.678461156693749,0.427,0.292,1
"DCTN6",0.185589248634519,-0.373927241683092,0.101,0.073,1
"PEA15",0.189173331362584,-0.610837427984831,0.297,0.216,1
"ENPP6",0.189203346254829,-0.387959383428103,0.135,0.101,1
"NDUFA8",0.189455801095791,-0.354861469207437,0.113,0.084,1
"COL16A1",0.190454283210865,-0.802490212895079,0.213,0.157,1
"ECH1",0.196918544850128,-0.283898065609429,0.124,0.093,1
"JTB",0.197792949149378,-0.513906476117007,0.15,0.112,1
"UQCRB",0.201915900812234,-0.700750710454966,0.148,0.154,1
"RAB9A",0.202559409937536,-0.432911153161746,0.145,0.11,1
"EEF1B2",0.203127652779732,-0.250841058472964,0.115,0.087,1
"CHMP2A",0.207057805938887,-0.362291884490809,0.124,0.093,1
"GJB1",0.213077437815376,-0.810559482524918,0.221,0.163,1
"NDUFS5",0.215139079522259,-0.582529477999043,0.223,0.163,1
"ENPP2",0.215927693414272,-0.296971630872294,0.862,0.553,1
"NRXN1",0.218292337572965,-0.497634395732393,0.134,0.101,1
"CHMP2B",0.222852847624254,-0.537199080179672,0.149,0.112,1
"RAB11B",0.223057840438953,-0.674426975436373,0.189,0.143,1
"PSMB6",0.246467226877275,-0.359310932106212,0.127,0.098,1
"MTUS1",0.252907572549652,-0.427813962529091,0.766,0.494,1
"MRPL41",0.257429294920793,-0.522550458884093,0.196,0.149,1
"METTL7A",0.264194344819336,-0.71187321855334,0.089,0.101,1
"PTOV1",0.266302254401946,-0.319684075583652,0.109,0.084,1
"TBCB",0.270443963179958,-0.775092881578758,0.439,0.301,1
"DHCR24",0.271217517542368,-0.671553422781563,0.225,0.169,1
"TUBB4A",0.271410888813575,-0.80730607167171,0.571,0.368,1
"ATP6V1G1",0.278670822205145,-0.316380736689032,0.134,0.104,1
"SON",0.279442766020007,-0.935806164087918,0.53,0.351,1
"TNS1",0.284237150611611,-0.61424574936384,0.164,0.126,1
"CNTN2",0.286149154833379,-0.775624305846125,0.813,0.548,1
"DOHH",0.295958194082293,-0.672760409159991,0.203,0.154,1
"RPL13",0.312565329439609,-0.851644619464309,0.518,0.343,1
"COX7A2",0.316790679462108,-0.567982672132398,0.148,0.152,1
"MT3",0.32095686046289,-0.882683820663908,0.521,0.39,1
"DYNLL1",0.326972389409792,-0.843373937570509,0.444,0.309,1
"ANLN",0.330582092392624,-0.827082129733874,0.517,0.357,1
"ZNHIT1",0.336409153215144,-0.499524157666283,0.152,0.118,1
"DPYSL2",0.346592207131051,-0.571564342580453,0.772,0.489,1
"RPL10A",0.350320790768507,-1.04737237468419,0.182,0.177,1
"MT-ND4L",0.358541150001684,-0.554443040804014,0.092,0.101,1
"KCNQ1",0.364542056938699,-0.375745450664677,0.136,0.107,1
"MBNL2",0.372077265669334,-0.438888177013617,0.791,0.5,1
"MACROD2",0.376050442949113,-0.492550316515208,0.163,0.169,1
"RPL10",0.377832297180797,-0.836251448201397,0.34,0.25,1
"PSRC1",0.386354885907608,-0.467951596060425,0.163,0.129,1
"PDCD7",0.389638339080164,-0.686034336031823,0.158,0.124,1
"COX5B",0.390318832592505,-0.990154766351112,0.319,0.233,1
"DDT",0.392306563000255,-0.460435539792832,0.136,0.11,1
"NDUFB7",0.404152785535033,-0.591129005923374,0.161,0.157,1
"RPL6",0.414829044135547,-0.959717536392375,0.218,0.202,1
"TMEM147",0.416229026420416,-0.61372433416581,0.095,0.101,1
"SAP18",0.422327733958573,-0.574739277528519,0.18,0.143,1
"EMC10",0.4258744536775,-0.763918757900067,0.273,0.211,1
"IFI27L2",0.427762977190367,-0.640416135729639,0.123,0.126,1
"NENF",0.435295715785212,-0.852252790120932,0.357,0.258,1
"AURKAIP1",0.438132398334828,-0.560554041431871,0.11,0.115,1
"LINC00844",0.442906513044658,-1.03412454298581,0.344,0.25,1
"SNRPD2",0.463295792729622,-0.532224516015343,0.106,0.11,1
"UBXN1",0.473704723254325,-0.538907144985867,0.097,0.101,1
"TPPP3",0.476020776899129,-0.751437340453021,0.179,0.169,1
"SNHG25",0.47905061531477,-0.71142344011846,0.116,0.096,1
"RNF220",0.491217902518732,-0.355538717272327,0.92,0.68,1
"NDUFB4",0.493057273497189,-0.433985427712156,0.118,0.121,1
"TOMM7",0.503573493984295,-0.661675700634202,0.19,0.152,1
"NTM",0.513874728444905,-0.362404417246128,0.833,0.596,1
"SEC11C",0.518802872455938,-0.727701477539618,0.148,0.121,1
"CD63",0.519696586003982,-1.02956509073178,0.29,0.219,1
"UBA52",0.526082773079023,-0.822342416372044,0.18,0.169,1
"TUBA1A",0.526093656900444,-0.262729441675794,0.819,0.576,1
"C4orf3",0.527779292539231,-0.40148823324137,0.111,0.093,1
"GRIA3",0.549311132749678,-0.332022637529275,0.112,0.096,1
"ALKBH7",0.557105269120678,-0.403997141128815,0.11,0.093,1
"ATOX1",0.559615841852604,-0.748403899867592,0.224,0.18,1
"RPL5",0.564202778105098,-0.857106181930852,0.252,0.197,1
"CMTM5",0.565004133686458,-0.710300782830611,0.245,0.194,1
"FRYL",0.571253114814884,-0.415827242299695,0.876,0.57,1
"COX6B1",0.589214232174518,-0.763824955608783,0.181,0.169,1
"NUCKS1",0.606392375997165,-0.938859490582435,0.596,0.416,1
"HMGB1",0.624278507054585,-0.648483074186335,0.579,0.399,1
"TMEM219",0.63684948575547,-0.594917346059047,0.133,0.112,1
"CCDC88A",0.656880697016198,-0.360492307957486,0.911,0.61,1
"CWC15",0.667440704269852,-0.463046902462881,0.1,0.087,1
"C6orf48",0.688691889505984,-0.495433335055073,0.102,0.101,1
"COL18A1",0.74912048237482,-0.611925909658729,0.133,0.126,1
"PSMA7",0.753814214412477,-0.734219389481528,0.203,0.183,1
"SRP14",0.756290305523755,-0.896350247650341,0.413,0.315,1
"PAQR6",0.795552955737337,-0.478550590181814,0.139,0.121,1
"RPS4X",0.813922348451167,-0.786814585352848,0.186,0.166,1
"LSM3",0.829576092721673,-0.389033636913541,0.1,0.09,1
"POLR2J",0.846630361272937,-0.476387180983551,0.103,0.098,1
"OAZ2",0.855598506702258,-0.649705186227478,0.132,0.124,1
"MT-CO3",0.858883559446403,-0.915284807375627,0.761,0.48,1
"ETFB",0.859261405715803,-0.738989754975947,0.165,0.14,1
"CNTNAP2",0.866854194208654,-0.508383108833672,0.311,0.278,1
"RAPGEF5",0.893293239359017,-0.520909193322178,0.717,0.486,1
"SF3B6",0.903015431219174,-0.494123980259496,0.112,0.101,1
"TMEM125",0.925400895982301,-0.726799520008661,0.158,0.143,1
"TMA7",0.928211268118913,-0.81535009550024,0.191,0.163,1
"ANKRD18A",0.933936798906205,-0.989489863881264,0.263,0.216,1
"ERMN",0.958770125465588,-1.06402021130751,0.509,0.36,1
"TRIM2",0.966010046211573,-0.434178788859224,0.825,0.542,1
"RPS23",0.969647600881159,-0.81393299357255,0.224,0.191,1
"NDUFB10",0.969724264330926,-0.573602673827578,0.114,0.104,1
"RBX1",0.982107072385922,-0.79097150927693,0.245,0.205,1
"PDK4",0.986289404097473,-0.888148902188832,0.25,0.211,1
